{"type":"FeatureCollection","features":[{"type":"Feature","properties":{"name":"Addis Ababa","iso":"ET-AA"},"geometry":{"type":"Polygon","coordinates":[[[38.8134,8.8411],[38.8183,8.8404],[38.8252,8.8424],[38.8247,8.8538],[38.8302,8.8698],[38.8278,8.8747],[38.8268,8.8812],[38.8338,8.884],[38.8415,8.8809],[38.8479,8.8811],[38.8592,8.8847],[38.8646,8.8839],[38.8696,8.8741],[38.8707,8.8818],[38.8783,8.8968],[38.8742,8.9061],[38.8803,8.9194],[38.8617,8.9332],[38.8564,8.9393],[38.8623,8.9437],[38.8923,8.9354],[38.8976,8.9381],[38.9019,8.9472],[38.8971,8.9559],[38.9036,8.9635],[38.9071,8.9785],[38.9052,8.9932],[38.9069,8.9986],[38.9058,9.0105],[38.902,9.0206],[38.8942,9.0383],[38.8838,9.0531],[38.8828,9.0696],[38.8772,9.0826],[38.8691,9.0859],[38.8576,9.0846],[38.8504,9.0792],[38.8434,9.0797],[38.8256,9.0769],[38.806,9.0834],[38.8008,9.0796],[38.7922,9.0787],[38.779,9.0947],[38.7721,9.0992],[38.7661,9.0992],[38.7517,9.0916],[38.7389,9.0879],[38.7279,9.0868],[38.7175,9.0888],[38.7076,9.0829],[38.7015,9.0815],[38.6862,9.0741],[38.6845,9.0674],[38.6844,9.0511],[38.6734,9.0397],[38.6729,9.0342],[38.6681,9.0273],[38.6679,9.0111],[38.6528,9.0113],[38.6519,9.0035],[38.6586,8.9959],[38.6602,8.9864],[38.6555,8.978],[38.6402,8.9751],[38.6437,8.9669],[38.6771,8.9587],[38.6818,8.9507],[38.6815,8.9421],[38.6887,8.9408],[38.6947,8.9429],[38.6977,8.9338],[38.7028,8.9267],[38.7093,8.922],[38.72,8.9208],[38.7319,8.9061],[38.7374,8.9023],[38.7444,8.9036],[38.7453,8.8932],[38.744,8.8815],[38.7481,8.8782],[38.746,8.8705],[38.7464,8.8645],[38.755,8.8597],[38.7573,8.8543],[38.7624,8.8547],[38.7738,8.8585],[38.7783,8.8535],[38.7792,8.8429],[38.7814,8.837],[38.7929,8.8368],[38.7984,8.8345],[38.8134,8.8411]]]}},{"type":"Feature","properties":{"name":"Afar","iso":"ET-AF"},"geometry":{"type":"Polygon","coordinates":[[[41.7614,10.9828],[41.7647,11.0858],[41.7701,11.1171],[41.7778,11.2865],[41.7735,11.3234],[41.7771,11.4297],[41.7759,11.5397],[41.7888,11.5838],[41.7979,11.6465],[41.8043,11.6678],[41.8269,11.7079],[41.8348,11.7257],[41.8543,11.7427],[41.8673,11.7635],[41.92,11.8033],[41.9431,11.8251],[41.9652,11.857],[41.9811,11.8709],[41.9978,11.8964],[42.0416,11.9801],[42.0642,12.0186],[42.079,12.0409],[42.0906,12.0652],[42.1126,12.0954],[42.1251,12.1078],[42.1813,12.1774],[42.2,12.2078],[42.2121,12.2137],[42.2302,12.2358],[42.2452,12.2614],[42.2671,12.29],[42.2823,12.3173],[42.2958,12.3464],[42.3124,12.3702],[42.3202,12.388],[42.3379,12.4035],[42.3557,12.4456],[42.3419,12.4649],[42.3363,12.4802],[42.3106,12.5219],[42.2812,12.5572],[42.2433,12.6163],[42.2351,12.6243],[42.228,12.634],[42.2199,12.6412],[42.1969,12.6727],[42.1366,12.7466],[42.1144,12.7647],[42.0973,12.7842],[42.0963,12.7942],[42.0512,12.8438],[42.0436,12.856],[42.0111,12.9214],[41.9987,12.9355],[41.9735,12.9839],[41.9314,13.0299],[41.8796,13.0903],[41.7873,13.176],[41.7382,13.2319],[41.6126,13.3482],[41.579,13.3864],[41.4825,13.4814],[41.4406,13.5201],[41.3794,13.5706],[41.3513,13.598],[41.3146,13.6309],[41.2917,13.6629],[41.2513,13.7133],[41.2168,13.7482],[41.1924,13.7685],[41.1695,13.7901],[41.0782,13.8792],[40.8376,14.0847],[40.6514,14.23],[40.5465,14.302],[40.4454,14.364],[40.3856,14.3903],[40.3318,14.4246],[40.2694,14.4538],[40.2235,14.4792],[40.1408,14.4986],[40.0899,14.4908],[40.0762,14.4945],[40.0561,14.4875],[40.0111,14.4402],[39.9851,14.4329],[39.9847,14.4242],[39.9805,14.4105],[39.9826,14.3943],[39.989,14.3887],[39.9917,14.3825],[39.9807,14.3716],[39.9731,14.3707],[39.9512,14.361],[39.9394,14.362],[39.9171,14.3708],[39.9092,14.366],[39.9024,14.3673],[39.8964,14.3712],[39.8908,14.3697],[39.8851,14.3711],[39.8786,14.3694],[39.854,14.3677],[39.8555,14.3737],[39.8483,14.3756],[39.8389,14.3811],[39.8285,14.3833],[39.8209,14.3831],[39.8018,14.3878],[39.7969,14.3866],[39.7885,14.3793],[39.7729,14.3744],[39.7757,14.352],[39.7806,14.3364],[39.7801,14.3311],[39.7722,14.3204],[39.7635,14.3193],[39.7515,14.3134],[39.7462,14.3092],[39.7341,14.3072],[39.7271,14.3035],[39.7277,14.2946],[39.7346,14.2885],[39.7429,14.2819],[39.7585,14.2778],[39.7568,14.2506],[39.7582,14.2404],[39.7539,14.2376],[39.7431,14.2355],[39.7074,14.2427],[39.695,14.2419],[39.6888,14.2319],[39.6866,14.2168],[39.6772,14.2077],[39.6731,14.2009],[39.6648,14.1975],[39.6593,14.1993],[39.6573,14.1934],[39.6508,14.1892],[39.6586,14.183],[39.6744,14.1783],[39.6829,14.1653],[39.7159,14.1569],[39.7218,14.1576],[39.7504,14.1524],[39.768,14.1406],[39.7763,14.1397],[39.7916,14.1431],[39.7987,14.1431],[39.8104,14.1522],[39.8277,14.1555],[39.8385,14.1548],[39.839,14.1271],[39.844,14.11],[39.8428,14.0976],[39.8441,14.0905],[39.8491,14.0786],[39.8454,14.0607],[39.8449,14.0509],[39.8556,14.0316],[39.8615,14.0288],[39.8672,14.0222],[39.8832,14.0167],[39.8868,14.0128],[39.8694,13.9929],[39.8699,13.9835],[39.8595,13.9738],[39.86,13.9664],[39.8365,13.9763],[39.8301,13.9749],[39.8165,13.9689],[39.8136,13.9608],[39.8025,13.9462],[39.8135,13.9455],[39.8185,13.9432],[39.8288,13.9322],[39.8265,13.9272],[39.827,13.922],[39.8342,13.919],[39.8344,13.9085],[39.8303,13.9002],[39.8291,13.8886],[39.8299,13.8691],[39.8387,13.8648],[39.8372,13.8548],[39.8419,13.8477],[39.8431,13.839],[39.8346,13.822],[39.8372,13.812],[39.8424,13.8041],[39.8492,13.8006],[39.8532,13.7955],[39.8546,13.7869],[39.8541,13.7671],[39.8646,13.7557],[39.8751,13.75],[39.8849,13.7489],[39.8769,13.7388],[39.875,13.7228],[39.8754,13.7111],[39.8785,13.7066],[39.8785,13.6894],[39.8771,13.6809],[39.8683,13.6589],[39.8694,13.6442],[39.8673,13.6276],[39.8696,13.6211],[39.8704,13.6101],[39.8658,13.6033],[39.8664,13.591],[39.8684,13.5845],[39.8662,13.5644],[39.8643,13.559],[39.8648,13.5488],[39.8542,13.5547],[39.8443,13.5572],[39.8367,13.556],[39.8171,13.5584],[39.8047,13.5544],[39.7947,13.5564],[39.7844,13.564],[39.7639,13.5719],[39.7454,13.5715],[39.7403,13.5638],[39.7406,13.5479],[39.7348,13.5293],[39.73,13.5247],[39.7291,13.5173],[39.7243,13.5098],[39.7204,13.4763],[39.7269,13.4419],[39.7286,13.4229],[39.7348,13.4037],[39.7392,13.4002],[39.7444,13.3896],[39.7422,13.3829],[39.7466,13.3748],[39.7304,13.3795],[39.7326,13.374],[39.7409,13.3639],[39.7431,13.3582],[39.7426,13.352],[39.7396,13.3336],[39.7373,13.328],[39.7386,13.3218],[39.7359,13.315],[39.7294,13.3095],[39.7206,13.2952],[39.7258,13.289],[39.7309,13.2872],[39.7368,13.2872],[39.7427,13.2833],[39.7595,13.2796],[39.7633,13.2841],[39.7682,13.2859],[39.7783,13.2758],[39.7866,13.2634],[39.786,13.2526],[39.7881,13.2463],[39.7999,13.2282],[39.8015,13.2198],[39.8094,13.2178],[39.8078,13.2032],[39.8046,13.1904],[39.81,13.1774],[39.8128,13.1558],[39.8165,13.1469],[39.8252,13.1326],[39.8321,13.1132],[39.8341,13.0892],[39.8359,13.0837],[39.8488,13.0535],[39.8589,13.0368],[39.8639,13.0204],[39.8613,13.0043],[39.8626,12.9945],[39.8609,12.9703],[39.8632,12.9627],[39.8736,12.9429],[39.8873,12.9316],[39.8991,12.9268],[39.9051,12.9225],[39.9073,12.915],[39.9174,12.9053],[39.9261,12.8945],[39.9301,12.8822],[39.9302,12.8751],[39.9421,12.862],[39.9534,12.8376],[39.9664,12.8226],[39.9704,12.8148],[39.9735,12.7981],[39.9789,12.7929],[39.9642,12.7829],[39.9436,12.7722],[39.9284,12.7678],[39.9205,12.7676],[39.8999,12.763],[39.8895,12.7565],[39.8707,12.7346],[39.8685,12.7245],[39.8403,12.714],[39.827,12.6945],[39.821,12.6596],[39.8242,12.6464],[39.8334,12.6351],[39.8252,12.6233],[39.8196,12.6195],[39.8097,12.6041],[39.8076,12.597],[39.8164,12.5821],[39.8277,12.5727],[39.8268,12.5617],[39.8336,12.5506],[39.8414,12.5475],[39.8532,12.5482],[39.8641,12.5322],[39.8645,12.5245],[39.8626,12.5182],[39.8643,12.507],[39.8691,12.4951],[39.8819,12.4852],[39.8672,12.4734],[39.8721,12.4696],[39.8829,12.4677],[39.8834,12.4584],[39.864,12.4641],[39.8483,12.4499],[39.8342,12.4342],[39.8225,12.4156],[39.8158,12.4078],[39.8218,12.3959],[39.8208,12.3907],[39.8239,12.3847],[39.8261,12.3731],[39.8302,12.3664],[39.8317,12.3582],[39.8184,12.3426],[39.8185,12.3248],[39.8256,12.3185],[39.8245,12.2924],[39.8285,12.2412],[39.8084,12.2396],[39.8045,12.2304],[39.8035,12.2117],[39.8007,12.1957],[39.808,12.1712],[39.8137,12.1574],[39.82,12.1242],[39.8295,12.1006],[39.8626,12.0891],[39.8607,12.0841],[39.8444,12.0661],[39.8421,12.0543],[39.855,12.0299],[39.8623,12.0134],[39.8676,11.996],[39.8713,11.9904],[39.8774,11.9751],[39.888,11.9065],[39.879,11.8834],[39.8788,11.8592],[39.8743,11.7994],[39.8757,11.7796],[39.8801,11.7682],[39.886,11.7626],[39.9031,11.7374],[39.9123,11.7188],[39.9248,11.7016],[39.9509,11.6832],[39.9705,11.6653],[39.995,11.682],[40.0162,11.6464],[39.9983,11.613],[39.9934,11.5982],[39.9942,11.5846],[40.0073,11.5595],[40.0249,11.5317],[40.0558,11.4885],[40.0618,11.475],[40.0679,11.4438],[40.0672,11.4295],[40.0711,11.3745],[40.0681,11.3614],[40.0658,11.3386],[40.0721,11.3265],[40.0799,11.3233],[40.1035,11.3178],[40.1237,11.2969],[40.1465,11.2565],[40.1738,11.2408],[40.2133,11.1098],[40.1947,11.0972],[40.1964,11.0691],[40.1941,11.0487],[40.1878,11.0262],[40.1699,11.0024],[40.145,10.953],[40.1246,10.9385],[40.1338,10.916],[40.1502,10.8967],[40.1814,10.8977],[40.1794,10.8852],[40.1767,10.8787],[40.1708,10.8744],[40.1678,10.8483],[40.1689,10.843],[40.168,10.8349],[40.165,10.8295],[40.1676,10.8059],[40.1413,10.783],[40.1341,10.7795],[40.1229,10.7691],[40.1093,10.7647],[40.1035,10.7559],[40.1034,10.7406],[40.1099,10.7248],[40.1294,10.6184],[40.1515,10.4713],[40.1538,10.4402],[40.1625,10.4363],[40.1645,10.4133],[40.1639,10.3757],[40.16,10.3572],[40.1613,10.3017],[40.1584,10.2863],[40.1475,10.2781],[40.1565,10.2583],[40.1507,10.2343],[40.1299,10.1745],[40.1379,10.146],[40.159,10.0912],[40.1335,10.072],[40.108,10.0721],[40.0699,10.08],[40.0249,10.0753],[39.9944,10.0778],[39.9898,10.0893],[39.981,10.0888],[39.97,10.0859],[39.949,10.0854],[39.9281,10.0909],[39.9377,10.0632],[39.9443,10.0601],[39.9425,10.044],[39.9236,10.0117],[39.9482,9.9943],[39.9933,9.9943],[40.0107,9.9921],[40.0328,9.9954],[40.044,9.992],[40.0598,9.9781],[40.0671,9.9672],[40.0681,9.961],[40.0813,9.9493],[40.0897,9.9358],[40.0787,9.9064],[40.0702,9.9058],[40.0644,9.9034],[40.0593,9.8653],[40.0716,9.8584],[40.0535,9.8432],[40.0361,9.8438],[40.0287,9.8309],[40.0184,9.821],[40.0119,9.8195],[40.0053,9.7962],[40.0085,9.7897],[40.0089,9.7827],[39.9943,9.7646],[39.992,9.7577],[40.0027,9.7489],[40.0068,9.742],[40.0146,9.7385],[40.0102,9.7338],[39.9744,9.7302],[39.9556,9.7312],[39.919,9.7427],[39.8767,9.7538],[39.863,9.7549],[39.8574,9.7536],[39.8506,9.7493],[39.84,9.7245],[39.8493,9.7097],[39.8535,9.6997],[39.8508,9.6887],[39.8585,9.6561],[39.8625,9.6526],[39.8802,9.6252],[39.8847,9.6116],[39.8823,9.594],[39.8787,9.584],[39.878,9.5776],[39.8484,9.5653],[39.8576,9.5575],[39.8582,9.5481],[39.8488,9.5262],[39.848,9.5117],[39.8384,9.5029],[39.8487,9.4822],[39.8734,9.4603],[39.874,9.4478],[39.8723,9.4426],[39.8753,9.4088],[39.8795,9.4014],[39.8738,9.3988],[39.8223,9.4184],[39.8081,9.4138],[39.8007,9.4007],[39.7861,9.3966],[39.7923,9.3708],[39.7507,9.3702],[39.7516,9.3619],[39.7549,9.3557],[39.7711,9.3339],[39.7744,9.3253],[39.79,9.3052],[39.8176,9.3087],[39.8347,9.3158],[39.845,9.3152],[39.8609,9.3081],[39.8869,9.2704],[39.8579,9.2711],[39.8638,9.2433],[39.8741,9.2346],[39.8739,9.2283],[39.8662,9.2206],[39.8544,9.2118],[39.8486,9.2025],[39.837,9.1893],[39.8139,9.1721],[39.8171,9.1626],[39.8161,9.1552],[39.8183,9.1373],[39.8499,9.1392],[39.8785,9.1458],[39.8993,9.14],[39.9099,9.1328],[39.9165,9.0984],[39.9196,9.0694],[39.9293,9.0552],[39.9433,9.0487],[39.9527,9.031],[39.9485,9.0046],[39.969,9.0046],[40.0004,9.0082],[40.0228,9.0033],[40.0357,8.9955],[40.0483,8.9789],[40.052,8.9624],[40.0447,8.9434],[40.0375,8.9076],[40.0201,8.8902],[40.0118,8.8718],[40.0113,8.8571],[40.0251,8.8461],[40.0412,8.8422],[40.0521,8.8417],[40.0678,8.845],[40.0818,8.8524],[40.0954,8.8632],[40.1214,8.8968],[40.1531,8.933],[40.1708,8.9655],[40.1883,8.9754],[40.2232,8.9888],[40.2387,8.9984],[40.2431,9.0142],[40.2469,9.0364],[40.2451,9.0566],[40.2464,9.0759],[40.2552,9.0871],[40.3015,9.1292],[40.3279,9.1557],[40.3704,9.2193],[40.409,9.2822],[40.4266,9.3053],[40.4719,9.3558],[40.4997,9.3761],[40.5293,9.3865],[40.6068,9.3921],[40.6369,9.397],[40.6604,9.4053],[40.6764,9.4185],[40.6944,9.4454],[40.6939,9.4999],[40.6999,9.5338],[40.7154,9.567],[40.7227,9.5912],[40.7314,9.6078],[40.7362,9.6227],[40.7496,9.6523],[40.764,9.6685],[40.8265,9.7644],[40.8482,9.7913],[40.9476,9.8813],[40.9974,9.9297],[41.0148,9.9402],[41.0205,9.9498],[41.0142,9.9609],[40.9998,9.9688],[40.9815,9.97],[40.9667,9.9726],[40.9544,9.9884],[40.9469,10.0023],[40.9374,10.0362],[40.9496,10.0687],[40.9547,10.0967],[40.9756,10.1576],[40.9797,10.1956],[40.9908,10.2408],[41.006,10.3198],[41.0159,10.3441],[41.0313,10.4014],[41.0327,10.4229],[41.048,10.4785],[41.0579,10.5012],[41.0623,10.5176],[41.0722,10.5419],[41.0879,10.6015],[41.0833,10.6334],[41.0788,10.6404],[41.0799,10.6597],[41.0782,10.682],[41.0909,10.6979],[41.1158,10.7212],[41.134,10.745],[41.15,10.7606],[41.1673,10.7806],[41.1918,10.7973],[41.2084,10.8212],[41.221,10.8353],[41.2329,10.8645],[41.2345,10.8921],[41.2416,10.9222],[41.2691,10.9587],[41.3012,10.9649],[41.3495,10.9634],[41.3931,10.9672],[41.411,10.9593],[41.485,10.9678],[41.5831,10.9629],[41.6351,10.9662],[41.6817,10.9647],[41.7005,10.9702],[41.7185,10.9656],[41.7405,10.9692],[41.7614,10.9828]]]}},{"type":"Feature","properties":{"name":"Amhara","iso":"ET-AM"},"geometry":{"type":"Polygon","coordinates":[[[39.8185,12.3248],[39.8012,12.3171],[39.778,12.3116],[39.7624,12.304],[39.7594,12.3207],[39.74,12.3136],[39.7224,12.309],[39.7071,12.307],[39.6802,12.3086],[39.6596,12.3071],[39.6331,12.3084],[39.6218,12.301],[39.626,12.2888],[39.6151,12.2765],[39.6059,12.2713],[39.5978,12.2706],[39.5927,12.2717],[39.5734,12.2567],[39.556,12.2563],[39.5441,12.2658],[39.5394,12.2927],[39.5235,12.3272],[39.5083,12.3336],[39.4714,12.3222],[39.4564,12.3258],[39.4416,12.3163],[39.4284,12.3032],[39.4204,12.2974],[39.4037,12.296],[39.3895,12.3013],[39.3734,12.3021],[39.351,12.2992],[39.3432,12.3015],[39.3347,12.3014],[39.3226,12.3056],[39.3061,12.298],[39.2917,12.2968],[39.2856,12.3004],[39.2643,12.3312],[39.2637,12.3355],[39.252,12.3449],[39.2464,12.3537],[39.2474,12.3607],[39.2453,12.3665],[39.2408,12.3953],[39.2427,12.4043],[39.2423,12.4264],[39.237,12.4497],[39.2372,12.4738],[39.2318,12.4869],[39.2325,12.4939],[39.2306,12.5018],[39.2231,12.5174],[39.2236,12.523],[39.219,12.5308],[39.2184,12.5367],[39.2151,12.5441],[39.2096,12.5503],[39.2101,12.5613],[39.2051,12.5767],[39.1839,12.613],[39.1843,12.631],[39.1753,12.6442],[39.1823,12.6534],[39.1881,12.657],[39.1997,12.6611],[39.2128,12.6624],[39.2316,12.6673],[39.2397,12.6638],[39.2665,12.6778],[39.2813,12.6887],[39.2864,12.7051],[39.2704,12.7239],[39.2747,12.7273],[39.2818,12.7441],[39.2797,12.7593],[39.2685,12.7721],[39.2766,12.7886],[39.2966,12.7862],[39.3045,12.794],[39.3081,12.8124],[39.2785,12.8267],[39.2913,12.8386],[39.311,12.8529],[39.3077,12.867],[39.3039,12.8708],[39.2958,12.8716],[39.2799,12.857],[39.2639,12.8948],[39.2596,12.9154],[39.2517,12.9187],[39.2334,12.9174],[39.2162,12.9228],[39.2042,12.9296],[39.1937,12.9288],[39.1756,12.9389],[39.1643,12.9491],[39.1557,12.9505],[39.1512,12.9539],[39.1427,12.9565],[39.12,12.9616],[39.1014,12.9595],[39.0837,12.96],[39.075,12.9768],[39.0545,12.9914],[39.0454,12.9941],[39.0351,13.0012],[39.0152,13.0023],[39.0105,13.0046],[39.0011,13.0041],[38.9953,13.0124],[39.0052,13.0241],[39.0009,13.0396],[38.9948,13.046],[38.9913,13.0635],[38.9907,13.082],[38.9795,13.0997],[39.0111,13.1147],[39.0211,13.1276],[39.0272,13.1286],[39.0378,13.1349],[39.0434,13.1563],[39.0425,13.1622],[39.0369,13.1706],[39.0176,13.1794],[38.9982,13.2041],[38.9857,13.2034],[38.9656,13.2084],[38.9567,13.2127],[38.9572,13.2199],[38.9542,13.2245],[38.9526,13.2382],[38.9304,13.2364],[38.9194,13.2306],[38.9142,13.2252],[38.8941,13.2241],[38.8771,13.2212],[38.868,13.216],[38.864,13.2102],[38.8511,13.2152],[38.8391,13.2298],[38.8347,13.2326],[38.8199,13.2354],[38.8015,13.248],[38.7905,13.2507],[38.78,13.25],[38.7441,13.2657],[38.7324,13.263],[38.7308,13.2699],[38.7364,13.2826],[38.7409,13.2875],[38.7401,13.2971],[38.736,13.303],[38.7419,13.3081],[38.739,13.313],[38.7378,13.331],[38.7426,13.3342],[38.7427,13.3405],[38.7345,13.3504],[38.731,13.3661],[38.7381,13.3784],[38.7341,13.3848],[38.734,13.3995],[38.7227,13.4087],[38.7196,13.4035],[38.7065,13.39],[38.6968,13.3896],[38.67,13.3925],[38.6495,13.3972],[38.6332,13.4048],[38.6232,13.4119],[38.6187,13.429],[38.6166,13.4521],[38.6341,13.4734],[38.649,13.482],[38.6622,13.4854],[38.6773,13.4841],[38.6741,13.4925],[38.6768,13.4983],[38.6733,13.5099],[38.663,13.5318],[38.6368,13.5069],[38.6233,13.496],[38.6149,13.4913],[38.6062,13.4913],[38.591,13.5068],[38.5804,13.5041],[38.5738,13.4984],[38.5683,13.4871],[38.5629,13.484],[38.546,13.484],[38.5351,13.4825],[38.5126,13.4736],[38.485,13.4704],[38.4618,13.4602],[38.4699,13.4761],[38.4663,13.4804],[38.4682,13.4856],[38.4991,13.4851],[38.4915,13.4964],[38.4977,13.5074],[38.5038,13.5122],[38.5095,13.5119],[38.523,13.5181],[38.5335,13.5193],[38.5433,13.5265],[38.5515,13.5385],[38.5548,13.551],[38.5501,13.5532],[38.5333,13.5539],[38.5023,13.5585],[38.4907,13.5587],[38.4785,13.553],[38.4743,13.5579],[38.4737,13.5648],[38.4661,13.5683],[38.4594,13.5605],[38.4545,13.5576],[38.4436,13.5612],[38.4441,13.5696],[38.4519,13.5852],[38.4417,13.5851],[38.4335,13.5803],[38.4273,13.572],[38.4246,13.562],[38.4074,13.5401],[38.4002,13.5403],[38.4001,13.5461],[38.3921,13.554],[38.3864,13.5522],[38.3807,13.5451],[38.3663,13.5528],[38.3608,13.5537],[38.3503,13.5431],[38.342,13.5383],[38.3287,13.551],[38.3259,13.544],[38.3269,13.5351],[38.3209,13.5245],[38.3239,13.5102],[38.3207,13.5028],[38.2798,13.4862],[38.2685,13.4885],[38.26,13.4869],[38.2506,13.4968],[38.2488,13.5023],[38.244,13.4974],[38.2282,13.4899],[38.221,13.4899],[38.2122,13.4875],[38.2017,13.4808],[38.1893,13.485],[38.1746,13.4941],[38.1594,13.4835],[38.156,13.4772],[38.146,13.4723],[38.1361,13.4793],[38.1307,13.4854],[38.1292,13.493],[38.1252,13.4986],[38.1218,13.507],[38.1162,13.4949],[38.0837,13.4843],[38.0715,13.4771],[38.0667,13.4719],[38.0603,13.4679],[38.0528,13.4686],[38.0464,13.4808],[38.0378,13.4835],[38.0307,13.4834],[38.0253,13.4863],[38.0216,13.4819],[38.0158,13.4872],[38.0089,13.5015],[38.002,13.5018],[37.9692,13.4944],[37.9633,13.4903],[37.9473,13.4671],[37.9049,13.4477],[37.888,13.454],[37.876,13.4684],[37.8672,13.4758],[37.8177,13.4638],[37.8128,13.4803],[37.8098,13.5198],[37.7935,13.5213],[37.7858,13.5399],[37.7699,13.5633],[37.7747,13.575],[37.785,13.5884],[37.7855,13.598],[37.7756,13.6123],[37.7769,13.6342],[37.7702,13.6286],[37.7652,13.619],[37.7659,13.6028],[37.7616,13.5972],[37.7608,13.5916],[37.7547,13.5918],[37.7466,13.5788],[37.747,13.5716],[37.7366,13.5727],[37.7279,13.5641],[37.7253,13.5552],[37.721,13.5469],[37.7153,13.5427],[37.7163,13.5352],[37.7104,13.5309],[37.7087,13.5219],[37.7014,13.504],[37.6996,13.4961],[37.6957,13.489],[37.6917,13.4853],[37.695,13.4731],[37.6862,13.4659],[37.6842,13.4604],[37.6798,13.4571],[37.6776,13.4514],[37.6666,13.4471],[37.663,13.4428],[37.6574,13.442],[37.6565,13.4354],[37.6379,13.4146],[37.6262,13.4088],[37.6184,13.4086],[37.6118,13.4117],[37.6053,13.4096],[37.591,13.3983],[37.5831,13.3977],[37.568,13.3888],[37.5623,13.3878],[37.558,13.391],[37.5528,13.3893],[37.5326,13.3783],[37.5268,13.3719],[37.5186,13.3671],[37.5115,13.3666],[37.5036,13.3685],[37.4957,13.3685],[37.4909,13.3639],[37.4837,13.3649],[37.4774,13.3684],[37.4723,13.3676],[37.4628,13.3602],[37.451,13.3555],[37.4413,13.3548],[37.4384,13.3589],[37.4322,13.3602],[37.4257,13.3642],[37.4204,13.3688],[37.4166,13.3746],[37.4103,13.3708],[37.4039,13.3624],[37.3966,13.3584],[37.3895,13.357],[37.3661,13.3605],[37.3598,13.3582],[37.3562,13.352],[37.3527,13.3433],[37.3533,13.335],[37.3512,13.3274],[37.3451,13.3251],[37.3398,13.3192],[37.3363,13.3111],[37.3226,13.2979],[37.3136,13.2982],[37.2815,13.2856],[37.2767,13.289],[37.2647,13.2907],[37.2567,13.2956],[37.2513,13.2957],[37.247,13.2929],[37.2422,13.2841],[37.2406,13.2776],[37.2252,13.2754],[37.2149,13.2665],[37.2119,13.2601],[37.2055,13.2564],[37.1865,13.2832],[37.1763,13.2892],[37.1643,13.2932],[37.1586,13.2985],[37.1511,13.3014],[37.1283,13.3058],[37.1165,13.3123],[37.0996,13.317],[37.0847,13.3154],[37.0792,13.3125],[37.0772,13.3187],[37.0701,13.3181],[37.0664,13.3305],[37.0533,13.3336],[37.0405,13.3517],[37.0358,13.3539],[37.0261,13.3553],[37.0138,13.3612],[37.0027,13.3574],[36.9976,13.3597],[36.9829,13.362],[36.977,13.3654],[36.9712,13.366],[36.9653,13.3703],[36.9606,13.3679],[36.9577,13.3631],[36.9524,13.3655],[36.9469,13.3705],[36.9394,13.3807],[36.9305,13.3728],[36.9278,13.3783],[36.92,13.3775],[36.9162,13.3834],[36.9098,13.3851],[36.9059,13.3888],[36.9047,13.3952],[36.8963,13.4076],[36.882,13.4082],[36.8746,13.4139],[36.872,13.4197],[36.8616,13.4261],[36.855,13.4321],[36.8455,13.436],[36.8445,13.4416],[36.8387,13.4453],[36.8256,13.4489],[36.818,13.4472],[36.8134,13.4358],[36.8094,13.4192],[36.8033,13.4141],[36.7892,13.4083],[36.784,13.4036],[36.7732,13.3896],[36.7713,13.3826],[36.7678,13.3788],[36.763,13.3748],[36.7502,13.3721],[36.7456,13.3677],[36.7355,13.3637],[36.7322,13.3694],[36.7228,13.3673],[36.7156,13.3678],[36.7062,13.3727],[36.6859,13.3755],[36.6732,13.3694],[36.6654,13.3672],[36.657,13.3697],[36.6499,13.3809],[36.6447,13.3787],[36.6366,13.3831],[36.6289,13.3825],[36.6103,13.3759],[36.6056,13.3783],[36.6028,13.3828],[36.5935,13.3897],[36.5895,13.4035],[36.5801,13.4123],[36.5771,13.4182],[36.5703,13.4259],[36.5672,13.4469],[36.5718,13.4504],[36.5737,13.4568],[36.5718,13.4675],[36.5751,13.4785],[36.5796,13.4829],[36.5972,13.4898],[36.6019,13.4991],[36.5989,13.5054],[36.5805,13.521],[36.5732,13.5229],[36.5655,13.5337],[36.5673,13.5398],[36.5648,13.5481],[36.5593,13.5522],[36.5625,13.5562],[36.5611,13.564],[36.5555,13.5719],[36.5407,13.5762],[36.5386,13.5826],[36.5324,13.5823],[36.5204,13.5862],[36.5269,13.6071],[36.5136,13.632],[36.511,13.6503],[36.5066,13.6531],[36.5052,13.6658],[36.4992,13.6664],[36.495,13.6706],[36.4832,13.6892],[36.4785,13.6941],[36.4766,13.7011],[36.4794,13.7054],[36.4786,13.7215],[36.4846,13.7277],[36.4815,13.7354],[36.4684,13.7438],[36.4563,13.755],[36.452,13.7693],[36.4463,13.7647],[36.4399,13.7423],[36.4032,13.644],[36.4002,13.6279],[36.3846,13.5679],[36.3821,13.5459],[36.3785,13.5385],[36.3651,13.5253],[36.3508,13.5007],[36.3114,13.4269],[36.2888,13.3885],[36.2788,13.3667],[36.2609,13.2986],[36.2578,13.2812],[36.2381,13.2157],[36.1995,13.0704],[36.1801,13.0087],[36.1769,13.0042],[36.1686,12.9794],[36.1579,12.9637],[36.1582,12.956],[36.1536,12.9411],[36.1538,12.9341],[36.158,12.9223],[36.1619,12.9164],[36.1798,12.8964],[36.1818,12.8741],[36.1765,12.8089],[36.1768,12.7783],[36.1699,12.7412],[36.1571,12.7072],[36.1565,12.6994],[36.1581,12.6874],[36.1525,12.6833],[36.1087,12.6866],[36.1064,12.6977],[36.1025,12.7042],[36.0973,12.7089],[36.0736,12.7197],[36.0599,12.723],[36.0519,12.7228],[36.0344,12.7184],[36.0158,12.7199],[36.009,12.7185],[36.0033,12.7145],[36.0024,12.7089],[35.7732,12.6613],[35.7712,12.6661],[35.7625,12.6697],[35.7485,12.658],[35.737,12.6599],[35.7298,12.6676],[35.7218,12.671],[35.6996,12.6685],[35.686,12.6494],[35.691,12.6395],[35.6924,12.6319],[35.6916,12.6247],[35.6845,12.6105],[35.6671,12.6017],[35.6614,12.601],[35.6483,12.6059],[35.4305,12.2372],[35.4347,12.2342],[35.439,12.2285],[35.442,12.2213],[35.4433,12.2124],[35.4423,12.2057],[35.4384,12.198],[35.4341,12.1919],[35.4244,12.1861],[35.4102,12.1845],[35.4014,12.1865],[35.3326,12.0675],[35.338,12.0636],[35.341,12.0585],[35.344,12.048],[35.3444,12.0353],[35.3405,12.0242],[35.3365,12.0196],[35.324,12.0139],[35.3085,12.0168],[35.3032,12.0163],[35.2761,11.9408],[35.2579,11.935],[35.2761,11.9051],[35.2851,11.8853],[35.2881,11.8709],[35.2884,11.8567],[35.2855,11.8473],[35.2889,11.8307],[35.2975,11.8203],[35.2983,11.808],[35.2967,11.8],[35.304,11.8036],[35.3144,11.793],[35.3265,11.7953],[35.3357,11.7828],[35.3382,11.7738],[35.3645,11.7538],[35.3954,11.747],[35.4226,11.7302],[35.4418,11.7308],[35.4624,11.7359],[35.4741,11.737],[35.5177,11.7188],[35.5353,11.7305],[35.5774,11.7682],[35.5906,11.7739],[35.6243,11.7766],[35.6457,11.7823],[35.6625,11.7942],[35.6674,11.8267],[35.684,11.8262],[35.6952,11.8321],[35.7063,11.8232],[35.7204,11.8299],[35.7375,11.8336],[35.7569,11.8321],[35.7636,11.8381],[35.7747,11.8344],[35.8044,11.8388],[35.8156,11.8292],[35.8238,11.8277],[35.849,11.8411],[35.8609,11.8507],[35.8691,11.8604],[35.8713,11.8656],[35.8752,11.8867],[35.8884,11.8916],[35.9121,11.9063],[35.9185,11.9058],[35.9255,11.9134],[35.9372,11.9216],[35.9437,11.9374],[35.9408,11.9552],[35.934,11.9608],[35.9361,11.9669],[35.9402,11.971],[35.9666,11.9854],[35.9731,11.9711],[35.9698,11.9592],[35.9788,11.9613],[35.9968,11.9277],[36.022,11.9146],[36.0434,11.8959],[36.0346,11.8926],[36.0389,11.8863],[36.0514,11.8838],[36.0459,11.8772],[36.0572,11.8751],[36.0499,11.8668],[36.0518,11.8577],[36.0553,11.8501],[36.0671,11.8524],[36.0851,11.8359],[36.0822,11.8252],[36.0959,11.8137],[36.106,11.8167],[36.118,11.775],[36.124,11.7352],[36.1174,11.7243],[36.1263,11.72],[36.1191,11.7066],[36.1456,11.6864],[36.1579,11.6867],[36.1658,11.679],[36.177,11.6851],[36.1865,11.6908],[36.2016,11.7067],[36.2079,11.7222],[36.2324,11.7229],[36.2367,11.7378],[36.2618,11.7543],[36.2837,11.7735],[36.3096,11.804],[36.3299,11.7975],[36.3421,11.7816],[36.3384,11.7738],[36.342,11.7686],[36.3395,11.7619],[36.3411,11.7494],[36.3396,11.7443],[36.3404,11.7383],[36.3346,11.724],[36.3353,11.718],[36.3329,11.7049],[36.3483,11.6974],[36.3332,11.6669],[36.3391,11.6517],[36.3492,11.6062],[36.3661,11.6012],[36.3759,11.6085],[36.3802,11.597],[36.3922,11.5841],[36.3911,11.5722],[36.4042,11.5468],[36.4153,11.546],[36.4139,11.5328],[36.4348,11.5116],[36.4396,11.5052],[36.4451,11.4936],[36.4392,11.4927],[36.4364,11.4875],[36.4259,11.4775],[36.4205,11.4681],[36.4103,11.4591],[36.4107,11.4148],[36.4488,11.4277],[36.4679,11.4295],[36.4723,11.4371],[36.4897,11.4409],[36.4986,11.4445],[36.5043,11.459],[36.513,11.4591],[36.5219,11.4453],[36.5307,11.4354],[36.5339,11.3949],[36.5418,11.395],[36.5521,11.3875],[36.5647,11.3722],[36.5644,11.3589],[36.5596,11.3552],[36.5395,11.3465],[36.5353,11.3361],[36.5483,11.3381],[36.5572,11.3303],[36.5632,11.3192],[36.5629,11.3126],[36.5577,11.303],[36.5462,11.3057],[36.5381,11.3056],[36.5304,11.3033],[36.5156,11.2905],[36.5058,11.2858],[36.4958,11.2898],[36.4911,11.28],[36.484,11.2726],[36.4679,11.2658],[36.4766,11.2455],[36.4716,11.2342],[36.461,11.2273],[36.4684,11.2162],[36.4693,11.1981],[36.4667,11.1872],[36.469,11.1791],[36.4684,11.1563],[36.4764,11.1578],[36.4841,11.1537],[36.49,11.1471],[36.5037,11.1384],[36.5122,11.1383],[36.5312,11.1425],[36.5501,11.1387],[36.5536,11.1331],[36.5536,11.1279],[36.5567,11.1206],[36.561,11.1141],[36.5674,11.1123],[36.5741,11.1133],[36.5788,11.1114],[36.5758,11.1016],[36.5681,11.1026],[36.5602,11.1007],[36.5557,11.0941],[36.5348,11.0988],[36.5334,11.1141],[36.5259,11.1136],[36.5158,11.1057],[36.5014,11.0862],[36.4921,11.0768],[36.4905,11.0696],[36.4857,11.0672],[36.4791,11.068],[36.4706,11.0561],[36.452,11.0543],[36.445,11.0513],[36.437,11.0399],[36.4281,11.0364],[36.4234,11.0322],[36.4185,11.0016],[36.3666,10.9465],[36.3548,10.9379],[36.3514,10.9309],[36.3539,10.9221],[36.3479,10.9181],[36.3463,10.9116],[36.3324,10.8986],[36.3308,10.893],[36.3329,10.8883],[36.3284,10.8827],[36.3234,10.8796],[36.3099,10.8634],[36.3101,10.8555],[36.3145,10.8517],[36.3104,10.8367],[36.3109,10.828],[36.3055,10.8208],[36.2957,10.8159],[36.3003,10.8109],[36.2929,10.8066],[36.283,10.8048],[36.2835,10.7969],[36.2892,10.7733],[36.2859,10.7522],[36.286,10.7455],[36.2945,10.7443],[36.3116,10.7482],[36.3143,10.7538],[36.3255,10.7641],[36.326,10.7696],[36.3321,10.7712],[36.3424,10.7897],[36.3503,10.7911],[36.3584,10.7905],[36.378,10.7867],[36.3736,10.7736],[36.3768,10.7662],[36.3747,10.7593],[36.3635,10.7491],[36.3601,10.7425],[36.3534,10.7409],[36.3321,10.7271],[36.3273,10.7147],[36.3184,10.7045],[36.3174,10.6981],[36.3225,10.6862],[36.3187,10.6802],[36.3121,10.6797],[36.3133,10.6747],[36.3213,10.6683],[36.325,10.6626],[36.3191,10.6529],[36.3117,10.6499],[36.307,10.6453],[36.3038,10.6388],[36.3084,10.6251],[36.3019,10.6237],[36.2981,10.6212],[36.2924,10.6209],[36.2871,10.616],[36.2824,10.6055],[36.2845,10.5996],[36.2943,10.598],[36.3067,10.5789],[36.3028,10.5721],[36.3028,10.5549],[36.309,10.5533],[36.312,10.5489],[36.3117,10.543],[36.319,10.5289],[36.3269,10.5242],[36.3444,10.5218],[36.3493,10.5252],[36.356,10.5275],[36.3599,10.5312],[36.3644,10.519],[36.3655,10.5071],[36.3723,10.5057],[36.383,10.4905],[36.3916,10.4689],[36.4027,10.4601],[36.4098,10.4562],[36.4177,10.4547],[36.4227,10.4572],[36.4361,10.4534],[36.4464,10.4566],[36.4503,10.4604],[36.4565,10.4756],[36.4635,10.4801],[36.4862,10.4837],[36.5117,10.4797],[36.5194,10.4798],[36.5276,10.4838],[36.538,10.474],[36.547,10.4578],[36.544,10.4496],[36.5334,10.432],[36.5244,10.4109],[36.5212,10.4069],[36.5213,10.4005],[36.5237,10.3951],[36.532,10.383],[36.5333,10.3769],[36.54,10.3659],[36.5493,10.3618],[36.5575,10.3636],[36.5737,10.3638],[36.5903,10.3698],[36.6063,10.3657],[36.6184,10.3559],[36.6378,10.3476],[36.6562,10.3229],[36.6626,10.3175],[36.6691,10.3148],[36.6862,10.3185],[36.6867,10.3241],[36.6817,10.3355],[36.6889,10.3459],[36.6924,10.3583],[36.7188,10.3589],[36.7243,10.3617],[36.7322,10.3623],[36.7465,10.3609],[36.7532,10.3669],[36.7626,10.3682],[36.7674,10.3633],[36.7774,10.3469],[36.7928,10.3443],[36.7995,10.3388],[36.8074,10.3363],[36.8126,10.3382],[36.8178,10.3427],[36.8255,10.3434],[36.8344,10.3434],[36.8404,10.3417],[36.87,10.3416],[36.8766,10.3347],[36.8839,10.3216],[36.8895,10.3165],[36.8988,10.3138],[36.92,10.3151],[36.9254,10.3147],[36.9316,10.3119],[36.9545,10.3134],[36.9655,10.3128],[36.9725,10.316],[36.9807,10.315],[36.9979,10.3039],[37.008,10.2898],[37.0141,10.2859],[37.0409,10.2863],[37.0467,10.2893],[37.0516,10.2845],[37.0626,10.2827],[37.0705,10.277],[37.0752,10.2717],[37.0789,10.2643],[37.0879,10.2604],[37.095,10.2592],[37.1154,10.2516],[37.1356,10.2469],[37.1753,10.2442],[37.1826,10.2422],[37.1912,10.2372],[37.1968,10.2319],[37.2007,10.2242],[37.1983,10.2148],[37.1942,10.207],[37.1833,10.189],[37.1718,10.1749],[37.1691,10.1694],[37.1685,10.1642],[37.1806,10.1453],[37.1915,10.1125],[37.1963,10.1055],[37.2141,10.0889],[37.2416,10.0766],[37.2627,10.0776],[37.2724,10.0746],[37.2833,10.0658],[37.2885,10.0638],[37.2973,10.0538],[37.3005,10.0397],[37.3064,10.0276],[37.3186,10.019],[37.3241,10.0091],[37.3303,10.0068],[37.3401,10.0055],[37.3456,10.0068],[37.3501,10.0129],[37.3578,10.0412],[37.363,10.0441],[37.3744,10.0432],[37.3812,10.0441],[37.3881,10.0475],[37.3991,10.0471],[37.4252,10.0347],[37.4453,10.0155],[37.454,10.0133],[37.4621,10.0131],[37.4766,10.0159],[37.4789,10.0101],[37.4839,10.0045],[37.4894,10.004],[37.5024,9.9989],[37.5205,10.0009],[37.5301,9.9971],[37.547,9.9784],[37.5522,9.9744],[37.5537,9.9595],[37.558,9.9548],[37.5751,9.9429],[37.5877,9.9404],[37.5914,9.9339],[37.5905,9.9278],[37.5932,9.9197],[37.6001,9.9188],[37.6136,9.9104],[37.6183,9.9027],[37.619,9.8949],[37.6244,9.89],[37.6374,9.8865],[37.6422,9.8835],[37.6524,9.8701],[37.6627,9.8615],[37.6677,9.8604],[37.6812,9.8633],[37.6859,9.8585],[37.6954,9.8437],[37.7015,9.8377],[37.7115,9.8436],[37.7178,9.8435],[37.7252,9.8455],[37.7315,9.8458],[37.7368,9.8418],[37.7437,9.8416],[37.749,9.8476],[37.7493,9.8569],[37.7548,9.858],[37.7618,9.8529],[37.7699,9.8524],[37.7754,9.8575],[37.8014,9.8628],[37.8078,9.8663],[37.8168,9.8681],[37.8241,9.8749],[37.8316,9.8856],[37.8372,9.8889],[37.8435,9.8977],[37.8492,9.8985],[37.8568,9.8969],[37.86,9.9012],[37.8596,9.9068],[37.8612,9.9138],[37.8653,9.9138],[37.8708,9.9085],[37.8753,9.9121],[37.8768,9.9173],[37.881,9.9225],[37.8939,9.9282],[37.9022,9.9313],[37.9101,9.9314],[37.9242,9.9157],[37.9309,9.9156],[37.9359,9.92],[37.9361,9.9269],[37.9316,9.9315],[37.9337,9.9422],[37.9396,9.945],[37.9528,9.9394],[37.9579,9.9396],[37.9792,9.95],[37.9942,9.95],[38.0001,9.9545],[38.0034,9.9606],[38.0093,9.9651],[38.0168,9.9677],[38.0264,9.9693],[38.0347,9.9685],[38.0444,9.9707],[38.0489,9.9825],[38.0608,9.9828],[38.0651,9.9989],[38.0706,10.0025],[38.082,10.0031],[38.0835,10.0085],[38.0811,10.0162],[38.0884,10.0212],[38.0949,10.0212],[38.1015,10.0232],[38.114,10.0169],[38.1191,10.0187],[38.1179,10.0246],[38.1192,10.0299],[38.1261,10.0441],[38.1318,10.0484],[38.1378,10.0484],[38.143,10.0442],[38.146,10.0376],[38.1514,10.0361],[38.1612,10.0451],[38.1682,10.047],[38.1707,10.0516],[38.1714,10.0587],[38.1775,10.0641],[38.1851,10.0678],[38.2046,10.0827],[38.2172,10.0873],[38.2228,10.0932],[38.2413,10.1036],[38.2486,10.1029],[38.2523,10.0974],[38.2532,10.0894],[38.2589,10.0886],[38.2726,10.0928],[38.2816,10.0919],[38.287,10.0895],[38.2961,10.0902],[38.3012,10.0964],[38.3031,10.1044],[38.3094,10.1089],[38.3226,10.1081],[38.3273,10.1155],[38.3245,10.1244],[38.3268,10.1341],[38.3342,10.1523],[38.3409,10.1572],[38.3491,10.1598],[38.3549,10.156],[38.3578,10.1518],[38.3589,10.1453],[38.3671,10.1414],[38.3765,10.1413],[38.3983,10.1452],[38.4018,10.1496],[38.4029,10.1556],[38.4071,10.1613],[38.4266,10.1727],[38.4267,10.1788],[38.4219,10.1817],[38.4309,10.1941],[38.4202,10.2142],[38.4202,10.2208],[38.425,10.2236],[38.4316,10.2326],[38.4489,10.2412],[38.455,10.2476],[38.4566,10.2548],[38.4562,10.2621],[38.4635,10.2686],[38.4617,10.2769],[38.4587,10.2829],[38.4609,10.2909],[38.4734,10.2927],[38.4669,10.3062],[38.4688,10.312],[38.4746,10.3155],[38.4761,10.3233],[38.4759,10.3316],[38.482,10.3453],[38.4804,10.3521],[38.4769,10.3572],[38.4775,10.3642],[38.4843,10.3664],[38.5037,10.3642],[38.5161,10.3679],[38.5246,10.3687],[38.5352,10.3674],[38.542,10.3712],[38.561,10.3768],[38.5668,10.3752],[38.5788,10.3781],[38.593,10.3753],[38.6055,10.3755],[38.6247,10.3793],[38.6311,10.3831],[38.6573,10.3745],[38.665,10.3737],[38.6722,10.375],[38.6769,10.3783],[38.6831,10.38],[38.6982,10.3803],[38.7135,10.3878],[38.7391,10.3865],[38.747,10.3847],[38.7621,10.3765],[38.773,10.3671],[38.7915,10.3674],[38.8073,10.3698],[38.8165,10.3652],[38.8466,10.3619],[38.8459,10.3557],[38.8541,10.3347],[38.8565,10.2957],[38.8603,10.287],[38.8617,10.2789],[38.8454,10.257],[38.8453,10.2516],[38.8485,10.2453],[38.8455,10.2391],[38.8361,10.2267],[38.8335,10.2131],[38.8345,10.2049],[38.8389,10.199],[38.8352,10.1802],[38.8346,10.1628],[38.8401,10.1499],[38.8452,10.1453],[38.8481,10.1397],[38.8494,10.1248],[38.8534,10.119],[38.8435,10.1109],[38.8399,10.1153],[38.8298,10.1106],[38.8245,10.1106],[38.8118,10.0954],[38.8061,10.0944],[38.8004,10.0912],[38.7928,10.0903],[38.7781,10.0838],[38.7658,10.0718],[38.7588,10.0692],[38.7521,10.0643],[38.7418,10.062],[38.7347,10.0573],[38.7222,10.0524],[38.7065,10.054],[38.7023,10.0503],[38.6966,10.0519],[38.6895,10.0512],[38.6635,10.0583],[38.6581,10.0524],[38.6613,10.0464],[38.6617,10.0348],[38.6703,10.0201],[38.6747,10.0161],[38.682,10.0144],[38.6873,10.009],[38.695,10.0088],[38.7107,9.9994],[38.7195,9.997],[38.7263,9.9923],[38.7344,9.9938],[38.7411,9.9885],[38.753,9.9857],[38.7589,9.9816],[38.7657,9.9816],[38.7721,9.9791],[38.7802,9.9833],[38.7856,9.9793],[38.7904,9.9729],[38.7977,9.9687],[38.8014,9.9632],[38.8035,9.9545],[38.8023,9.9475],[38.7982,9.9417],[38.7972,9.9347],[38.7987,9.9287],[38.8022,9.9231],[38.8033,9.9104],[38.7968,9.89],[38.7917,9.8836],[38.7944,9.8772],[38.8039,9.8631],[38.8063,9.8554],[38.8092,9.8363],[38.8086,9.8205],[38.8145,9.8072],[38.8191,9.8037],[38.8223,9.7855],[38.8297,9.7701],[38.8411,9.758],[38.8593,9.7459],[38.8674,9.7346],[38.8976,9.7153],[38.9102,9.7097],[38.9186,9.7125],[38.929,9.7261],[38.9356,9.7289],[38.9411,9.7261],[38.9547,9.7148],[38.9611,9.7117],[38.9599,9.7195],[38.9536,9.7337],[38.9529,9.7396],[38.965,9.75],[38.9688,9.7571],[38.9753,9.7621],[38.9816,9.753],[38.9909,9.7469],[39.013,9.7532],[39.0174,9.7587],[39.0245,9.7588],[39.0314,9.7565],[39.0358,9.7538],[39.0368,9.748],[39.0513,9.7544],[39.0697,9.7539],[39.0774,9.7556],[39.0829,9.758],[39.088,9.7625],[39.0931,9.7641],[39.1026,9.756],[39.1054,9.7496],[39.0983,9.7448],[39.0985,9.7364],[39.1105,9.7335],[39.1178,9.7343],[39.1235,9.7359],[39.1343,9.7424],[39.1402,9.7416],[39.1439,9.7363],[39.1457,9.7296],[39.1452,9.7217],[39.1486,9.7163],[39.1468,9.7094],[39.1462,9.6943],[39.1565,9.6897],[39.1626,9.6898],[39.1671,9.6937],[39.1751,9.6958],[39.1795,9.6903],[39.1849,9.6867],[39.185,9.721],[39.1982,9.7173],[39.201,9.7097],[39.2057,9.7075],[39.2095,9.7119],[39.2122,9.7057],[39.2176,9.7094],[39.2243,9.7062],[39.2259,9.6999],[39.2289,9.6947],[39.2337,9.7001],[39.2399,9.7034],[39.2456,9.7028],[39.2508,9.7059],[39.2609,9.7303],[39.269,9.7407],[39.2812,9.7342],[39.2884,9.7349],[39.2926,9.7461],[39.2987,9.749],[39.309,9.745],[39.3142,9.7324],[39.3213,9.7251],[39.3296,9.7253],[39.3426,9.7284],[39.3476,9.7261],[39.3416,9.7181],[39.3389,9.7112],[39.3402,9.7049],[39.3453,9.7],[39.365,9.7024],[39.371,9.7004],[39.3706,9.6905],[39.3618,9.6813],[39.3722,9.671],[39.369,9.664],[39.363,9.6625],[39.3586,9.6578],[39.3581,9.6488],[39.3542,9.6351],[39.3529,9.623],[39.3552,9.6187],[39.3625,9.6199],[39.3763,9.6302],[39.3867,9.6318],[39.3897,9.6167],[39.3862,9.6117],[39.385,9.6039],[39.3805,9.5973],[39.3742,9.593],[39.3741,9.5839],[39.3788,9.5812],[39.3794,9.5741],[39.3773,9.5683],[39.3735,9.565],[39.3615,9.5471],[39.3537,9.5502],[39.3423,9.5464],[39.3305,9.5276],[39.3238,9.5267],[39.3138,9.5366],[39.303,9.5237],[39.3034,9.513],[39.306,9.5062],[39.2945,9.5016],[39.2949,9.4927],[39.3019,9.4888],[39.3064,9.4747],[39.3105,9.4687],[39.3157,9.468],[39.3394,9.4758],[39.3446,9.4733],[39.3512,9.473],[39.3565,9.4752],[39.3639,9.4749],[39.3759,9.4681],[39.3778,9.4643],[39.3742,9.459],[39.3736,9.4478],[39.3793,9.4471],[39.3888,9.4508],[39.3948,9.4561],[39.4121,9.4485],[39.4312,9.4349],[39.4486,9.4335],[39.4502,9.4263],[39.4485,9.4198],[39.4439,9.4154],[39.4504,9.4057],[39.4547,9.4022],[39.4531,9.3949],[39.4465,9.3849],[39.4413,9.3824],[39.4268,9.3804],[39.4213,9.3725],[39.4127,9.3755],[39.4047,9.3814],[39.3957,9.3929],[39.3771,9.385],[39.3739,9.3767],[39.3576,9.37],[39.3475,9.3795],[39.338,9.3815],[39.326,9.3815],[39.3209,9.3751],[39.3204,9.3666],[39.3074,9.3671],[39.3039,9.3576],[39.2938,9.3502],[39.2923,9.3327],[39.2863,9.3168],[39.2791,9.3133],[39.2653,9.3252],[39.2671,9.2895],[39.2856,9.2786],[39.267,9.2455],[39.2613,9.2513],[39.2345,9.2946],[39.208,9.293],[39.1786,9.2721],[39.1949,9.2534],[39.2006,9.251],[39.2145,9.2291],[39.1894,9.2103],[39.2155,9.1744],[39.2345,9.159],[39.2504,9.1366],[39.295,9.1503],[39.324,9.1498],[39.321,9.1413],[39.3297,9.1382],[39.3438,9.1007],[39.3495,9.0891],[39.3493,9.0776],[39.3551,9.0718],[39.3579,9.0631],[39.3479,9.0652],[39.3162,9.0613],[39.2976,9.0543],[39.289,9.0],[39.2705,8.9816],[39.2594,8.9637],[39.2662,8.9234],[39.2599,8.9111],[39.2419,8.89],[39.2383,8.8631],[39.2614,8.8516],[39.2664,8.8441],[39.2448,8.8377],[39.2447,8.8287],[39.2553,8.8143],[39.2728,8.7841],[39.2738,8.7679],[39.2628,8.748],[39.2713,8.7256],[39.2867,8.7189],[39.2998,8.7196],[39.3062,8.7228],[39.3254,8.748],[39.3324,8.742],[39.3429,8.728],[39.3619,8.722],[39.378,8.732],[39.3745,8.7678],[39.3755,8.7808],[39.379,8.7922],[39.387,8.7997],[39.4063,8.811],[39.4186,8.8156],[39.4321,8.7912],[39.4406,8.7688],[39.4501,8.7533],[39.4711,8.7428],[39.4931,8.7264],[39.5016,8.7159],[39.5346,8.759],[39.5526,8.7698],[39.5628,8.8189],[39.5924,8.7979],[39.5999,8.7939],[39.6179,8.7879],[39.6349,8.7999],[39.651,8.8038],[39.663,8.8143],[39.68,8.8167],[39.7176,8.8171],[39.7341,8.8273],[39.7322,8.8452],[39.7377,8.8583],[39.7394,8.8731],[39.7489,8.9113],[39.7474,9.0108],[39.747,9.0163],[39.742,9.0241],[39.7411,9.0406],[39.747,9.0562],[39.7484,9.0642],[39.7433,9.0923],[39.7648,9.0962],[39.7811,9.1054],[39.7947,9.1138],[39.798,9.1225],[39.8028,9.1271],[39.8086,9.1365],[39.8183,9.1373],[39.8161,9.1552],[39.8171,9.1626],[39.8139,9.1721],[39.837,9.1893],[39.8486,9.2025],[39.8544,9.2118],[39.8662,9.2206],[39.8739,9.2283],[39.8741,9.2346],[39.8638,9.2433],[39.8579,9.2711],[39.8869,9.2704],[39.8609,9.3081],[39.845,9.3152],[39.8347,9.3158],[39.8176,9.3087],[39.79,9.3052],[39.7744,9.3253],[39.7711,9.3339],[39.7549,9.3557],[39.7516,9.3619],[39.7507,9.3702],[39.7923,9.3708],[39.7861,9.3966],[39.8007,9.4007],[39.8081,9.4138],[39.8223,9.4184],[39.8738,9.3988],[39.8795,9.4014],[39.8753,9.4088],[39.8723,9.4426],[39.874,9.4478],[39.8734,9.4603],[39.8487,9.4822],[39.8384,9.5029],[39.848,9.5117],[39.8488,9.5262],[39.8582,9.5481],[39.8576,9.5575],[39.8484,9.5653],[39.878,9.5776],[39.8787,9.584],[39.8823,9.594],[39.8847,9.6116],[39.8802,9.6252],[39.8625,9.6526],[39.8585,9.6561],[39.8508,9.6887],[39.8535,9.6997],[39.8493,9.7097],[39.84,9.7245],[39.8506,9.7493],[39.8574,9.7536],[39.863,9.7549],[39.8767,9.7538],[39.919,9.7427],[39.9556,9.7312],[39.9744,9.7302],[40.0102,9.7338],[40.0146,9.7385],[40.0068,9.742],[40.0027,9.7489],[39.992,9.7577],[39.9943,9.7646],[40.0089,9.7827],[40.0085,9.7897],[40.0053,9.7962],[40.0119,9.8195],[40.0184,9.821],[40.0287,9.8309],[40.0361,9.8438],[40.0535,9.8432],[40.0716,9.8584],[40.0593,9.8653],[40.0644,9.9034],[40.0702,9.9058],[40.0787,9.9064],[40.0897,9.9358],[40.0813,9.9493],[40.0681,9.961],[40.0671,9.9672],[40.0598,9.9781],[40.044,9.992],[40.0328,9.9954],[40.0107,9.9921],[39.9933,9.9943],[39.9482,9.9943],[39.9236,10.0117],[39.9425,10.044],[39.9443,10.0601],[39.9377,10.0632],[39.9281,10.0909],[39.949,10.0854],[39.97,10.0859],[39.981,10.0888],[39.9898,10.0893],[39.9944,10.0778],[40.0249,10.0753],[40.0699,10.08],[40.108,10.0721],[40.1335,10.072],[40.159,10.0912],[40.1379,10.146],[40.1299,10.1745],[40.1507,10.2343],[40.1565,10.2583],[40.1475,10.2781],[40.1584,10.2863],[40.1613,10.3017],[40.16,10.3572],[40.1639,10.3757],[40.1645,10.4133],[40.1625,10.4363],[40.1538,10.4402],[40.1515,10.4713],[40.1294,10.6184],[40.1099,10.7248],[40.1034,10.7406],[40.1035,10.7559],[40.1093,10.7647],[40.1229,10.7691],[40.1341,10.7795],[40.1413,10.783],[40.1676,10.8059],[40.165,10.8295],[40.168,10.8349],[40.1689,10.843],[40.1678,10.8483],[40.1708,10.8744],[40.1767,10.8787],[40.1794,10.8852],[40.1814,10.8977],[40.1502,10.8967],[40.1338,10.916],[40.1246,10.9385],[40.145,10.953],[40.1699,11.0024],[40.1878,11.0262],[40.1941,11.0487],[40.1964,11.0691],[40.1947,11.0972],[40.2133,11.1098],[40.1738,11.2408],[40.1465,11.2565],[40.1237,11.2969],[40.1035,11.3178],[40.0799,11.3233],[40.0721,11.3265],[40.0658,11.3386],[40.0681,11.3614],[40.0711,11.3745],[40.0672,11.4295],[40.0679,11.4438],[40.0618,11.475],[40.0558,11.4885],[40.0249,11.5317],[40.0073,11.5595],[39.9942,11.5846],[39.9934,11.5982],[39.9983,11.613],[40.0162,11.6464],[39.995,11.682],[39.9705,11.6653],[39.9509,11.6832],[39.9248,11.7016],[39.9123,11.7188],[39.9031,11.7374],[39.886,11.7626],[39.8801,11.7682],[39.8757,11.7796],[39.8743,11.7994],[39.8788,11.8592],[39.879,11.8834],[39.888,11.9065],[39.8774,11.9751],[39.8713,11.9904],[39.8676,11.996],[39.8623,12.0134],[39.855,12.0299],[39.8421,12.0543],[39.8444,12.0661],[39.8607,12.0841],[39.8626,12.0891],[39.8295,12.1006],[39.82,12.1242],[39.8137,12.1574],[39.808,12.1712],[39.8007,12.1957],[39.8035,12.2117],[39.8045,12.2304],[39.8084,12.2396],[39.8285,12.2412],[39.8245,12.2924],[39.8256,12.3185],[39.8185,12.3248]],[[37.4396,12.282],[37.4459,12.286],[37.4637,12.2916],[37.4803,12.3002],[37.4845,12.2971],[37.4916,12.2952],[37.4988,12.2877],[37.5011,12.2808],[37.507,12.2782],[37.5193,12.2644],[37.5211,12.2562],[37.5257,12.2507],[37.527,12.2447],[37.5392,12.2385],[37.541,12.2337],[37.5461,12.2304],[37.5545,12.2284],[37.5589,12.2245],[37.5619,12.2116],[37.5622,12.2053],[37.5602,12.1971],[37.5665,12.1937],[37.5694,12.1851],[37.5752,12.1761],[37.5763,12.1595],[37.5846,12.1559],[37.5925,12.1432],[37.5952,12.1303],[37.6081,12.1193],[37.6145,12.1105],[37.6181,12.1006],[37.6174,12.0905],[37.615,12.083],[37.6011,12.0524],[37.6013,12.0449],[37.5906,12.0346],[37.5915,12.0272],[37.5882,12.0137],[37.5801,11.9954],[37.5738,11.9887],[37.5715,11.9813],[37.5727,11.9739],[37.5712,11.9682],[37.5486,11.9223],[37.5412,11.9129],[37.5228,11.8965],[37.5153,11.897],[37.5133,11.9039],[37.499,11.8939],[37.5032,11.8844],[37.5008,11.8761],[37.5012,11.8698],[37.5067,11.8639],[37.5103,11.8521],[37.5158,11.8534],[37.5146,11.8375],[37.5077,11.8312],[37.4997,11.8326],[37.4965,11.8268],[37.4822,11.8265],[37.4786,11.8201],[37.4734,11.8298],[37.4696,11.8209],[37.4698,11.8147],[37.4603,11.8079],[37.4615,11.8012],[37.4537,11.7991],[37.4496,11.7946],[37.4556,11.7905],[37.4574,11.7746],[37.4547,11.7698],[37.4495,11.7663],[37.4471,11.7527],[37.4405,11.7525],[37.4362,11.7478],[37.4365,11.7416],[37.4261,11.7309],[37.4249,11.7229],[37.4336,11.7125],[37.4341,11.707],[37.4323,11.7012],[37.4209,11.6873],[37.4177,11.6804],[37.4174,11.6735],[37.422,11.6663],[37.4219,11.6556],[37.4195,11.6496],[37.412,11.6407],[37.4102,11.6355],[37.4114,11.6273],[37.4048,11.6135],[37.4083,11.6083],[37.4069,11.6027],[37.4079,11.5959],[37.4073,11.578],[37.4044,11.5712],[37.3994,11.5743],[37.392,11.5732],[37.3853,11.5747],[37.3799,11.5777],[37.3765,11.5834],[37.3807,11.5951],[37.3763,11.6033],[37.374,11.6126],[37.3706,11.6081],[37.366,11.6131],[37.3603,11.6166],[37.3464,11.6143],[37.3359,11.6299],[37.329,11.6341],[37.3245,11.6406],[37.318,11.6434],[37.3098,11.6531],[37.3044,11.649],[37.2934,11.6515],[37.2922,11.6601],[37.2978,11.663],[37.3037,11.6735],[37.3123,11.6737],[37.314,11.6869],[37.3188,11.6889],[37.3242,11.6795],[37.3434,11.6868],[37.3487,11.6849],[37.3537,11.689],[37.3566,11.6937],[37.3533,11.7041],[37.3425,11.7132],[37.3321,11.7142],[37.3253,11.711],[37.3199,11.7111],[37.3205,11.7168],[37.318,11.7244],[37.3141,11.7284],[37.307,11.7307],[37.3022,11.7364],[37.3054,11.7434],[37.3048,11.771],[37.3109,11.7678],[37.3115,11.7755],[37.31,11.7805],[37.2929,11.798],[37.2812,11.8045],[37.277,11.8099],[37.2708,11.813],[37.2524,11.8143],[37.2399,11.8254],[37.2343,11.8283],[37.2072,11.8133],[37.1793,11.8033],[37.1695,11.8032],[37.1596,11.801],[37.1361,11.8007],[37.1239,11.8082],[37.1199,11.8129],[37.1173,11.8248],[37.12,11.8324],[37.1263,11.8347],[37.1276,11.8409],[37.1263,11.8469],[37.1191,11.839],[37.1115,11.8348],[37.1071,11.8388],[37.1027,11.831],[37.1032,11.823],[37.1063,11.8161],[37.1052,11.8055],[37.1119,11.8079],[37.1094,11.8012],[37.0992,11.7958],[37.092,11.799],[37.0882,11.8045],[37.0814,11.8064],[37.0795,11.8224],[37.0742,11.8272],[37.0554,11.8311],[37.0477,11.8361],[37.0459,11.8512],[37.0474,11.8583],[37.0352,11.8702],[37.0302,11.8809],[37.0188,11.8869],[37.0128,11.8832],[37.0048,11.8827],[36.9977,11.8862],[36.9934,11.8977],[36.9977,11.9075],[36.9998,11.9018],[37.021,11.9299],[37.0214,11.9379],[37.0159,11.9572],[37.0213,11.9703],[37.0194,11.9799],[37.0161,11.9878],[37.0169,11.9933],[37.0199,11.9982],[37.0206,12.0051],[37.0194,12.0105],[37.013,12.0162],[37.0232,12.0752],[37.0334,12.0875],[37.0276,12.0918],[37.0256,12.0975],[37.029,12.1092],[37.0342,12.1185],[37.0318,12.1255],[37.0343,12.1364],[37.0338,12.1493],[37.0489,12.1822],[37.053,12.1874],[37.065,12.2115],[37.0708,12.217],[37.1129,12.2456],[37.1184,12.2427],[37.1248,12.2522],[37.1439,12.2658],[37.1555,12.2681],[37.1606,12.2654],[37.1608,12.2598],[37.1583,12.2537],[37.1614,12.2479],[37.1682,12.2434],[37.1733,12.233],[37.1715,12.2189],[37.1739,12.2137],[37.1732,12.2025],[37.1819,12.194],[37.1884,12.1906],[37.1929,12.194],[37.1989,12.1944],[37.2079,12.1918],[37.2048,12.2033],[37.213,12.2073],[37.2241,12.2061],[37.2304,12.2107],[37.2432,12.2082],[37.2492,12.204],[37.2542,12.1957],[37.2625,12.1969],[37.277,12.2018],[37.2822,12.2009],[37.2873,12.2055],[37.2887,12.2142],[37.3015,12.2311],[37.2955,12.2467],[37.304,12.2629],[37.3147,12.2698],[37.327,12.2745],[37.3412,12.2779],[37.3459,12.2744],[37.3577,12.2702],[37.3621,12.2648],[37.3603,12.2599],[37.3745,12.2579],[37.3775,12.2636],[37.3828,12.2659],[37.3826,12.2736],[37.3849,12.2784],[37.3895,12.2752],[37.4029,12.2735],[37.4147,12.2808],[37.4198,12.28],[37.4273,12.2754],[37.4396,12.282]]]}},{"type":"Feature","properties":{"name":"Beneshangul Gumu","iso":"ET-BE"},"geometry":{"type":"MultiPolygon","coordinates":[[[[36.2487,8.9746],[36.2218,8.9896],[36.1798,8.9874],[36.1751,8.9805],[36.2229,8.9512],[36.2487,8.9746]]],[[[35.2579,11.935],[35.2029,11.8915],[35.158,11.8616],[35.0982,11.8153],[35.0474,11.736],[35.0563,11.6927],[35.0773,11.6464],[35.0803,11.594],[35.0788,11.5223],[35.0672,11.5004],[35.0395,11.4165],[35.0249,11.3863],[35.0055,11.3624],[34.9906,11.338],[34.9771,11.31],[34.9636,11.2861],[34.9491,11.2767],[34.9379,11.2519],[34.9265,11.2441],[34.9304,11.2366],[34.9621,11.2368],[34.9853,11.2144],[34.9973,11.1995],[35.001,11.1815],[34.9846,11.0993],[34.9715,11.0492],[34.9607,10.9921],[34.9573,10.9579],[34.9831,10.8994],[34.9584,10.8782],[34.928,10.8569],[34.8904,10.8228],[34.868,10.8093],[34.8676,10.7764],[34.8583,10.7573],[34.8012,10.7224],[34.786,10.7108],[34.7783,10.7107],[34.7913,10.7412],[34.7911,10.7564],[34.7662,10.756],[34.7506,10.771],[34.7291,10.7954],[34.6884,10.8252],[34.6105,10.8981],[34.599,10.9017],[34.5838,10.8882],[34.5551,10.884],[34.5457,10.8687],[34.5325,10.8533],[34.5057,10.8453],[34.4658,10.822],[34.4523,10.7929],[34.4314,10.763],[34.4075,10.7136],[34.3835,10.6785],[34.3459,10.6305],[34.2983,10.5866],[34.2938,10.5612],[34.2802,10.5328],[34.2805,10.5157],[34.3075,10.5085],[34.3271,10.4766],[34.3122,10.4479],[34.2938,10.4072],[34.3056,10.3738],[34.3241,10.2944],[34.3521,10.2219],[34.3432,10.2024],[34.347,10.1696],[34.3339,10.1428],[34.3344,10.1144],[34.2984,10.0873],[34.2603,10.0716],[34.2339,10.0485],[34.2267,10.0142],[34.2191,9.9618],[34.2176,9.9035],[34.2041,9.8646],[34.1697,9.7824],[34.1468,9.7191],[34.1452,9.702],[34.1327,9.6412],[34.1179,9.6068],[34.1015,9.5516],[34.1092,9.4095],[34.1178,9.3451],[34.1228,9.258],[34.1354,9.1728],[34.1454,8.9633],[34.4314,8.9685],[34.5045,9.0052],[34.4844,9.0482],[34.4591,9.0742],[34.4276,9.0728],[34.394,9.1174],[34.3416,9.1698],[34.4025,9.1877],[34.4403,9.2166],[34.4531,9.2585],[34.4525,9.3097],[34.467,9.3668],[34.4525,9.4501],[34.5137,9.449],[34.4995,9.5152],[34.524,9.5421],[34.5329,9.5916],[34.5492,9.6307],[34.5861,9.6314],[34.6328,9.589],[34.6867,9.5647],[34.7359,9.5463],[34.7837,9.5543],[34.7928,9.6043],[34.8116,9.6311],[34.8107,9.7032],[34.7969,9.7372],[34.8081,9.762],[34.8324,9.8041],[34.8552,9.8177],[34.8705,9.8216],[34.8778,9.8464],[34.8929,9.8656],[34.8984,9.8827],[34.8675,9.9032],[34.8885,9.9092],[34.9052,9.9568],[34.9284,9.9363],[34.9438,9.9345],[34.9889,9.9977],[35.0158,9.9962],[35.0204,9.9298],[35.0493,9.9187],[35.0818,9.9229],[35.0816,9.94],[35.0891,9.9515],[35.1603,9.9494],[35.2216,9.9264],[35.2236,9.9112],[35.2315,9.8942],[35.2792,9.9081],[35.2982,9.9235],[35.3118,9.9122],[35.3255,9.8858],[35.3506,9.8671],[35.3646,9.814],[35.3877,9.8029],[35.4088,9.7955],[35.4204,9.7861],[35.3796,9.7664],[35.3838,9.76],[35.3761,9.7509],[35.3658,9.7285],[35.3692,9.7203],[35.3902,9.721],[35.4115,9.7147],[35.4561,9.6732],[35.4692,9.6714],[35.5059,9.6897],[35.534,9.6914],[35.5347,9.6974],[35.5402,9.6986],[35.5545,9.6971],[35.5619,9.693],[35.5793,9.6665],[35.5952,9.657],[35.6255,9.6522],[35.6355,9.6525],[35.6542,9.6359],[35.6513,9.614],[35.6443,9.5955],[35.6483,9.5543],[35.6722,9.5182],[35.6873,9.5114],[35.7115,9.4878],[35.7326,9.4825],[35.7537,9.4827],[35.7658,9.4744],[35.7781,9.4412],[35.7792,9.4317],[35.7667,9.4286],[35.7548,9.4176],[35.7509,9.4041],[35.756,9.3658],[35.75,9.3496],[35.7513,9.3322],[35.7575,9.3247],[35.7747,9.3253],[35.798,9.3096],[35.8092,9.3099],[35.8606,9.326],[35.9119,9.317],[35.9186,9.2867],[35.9315,9.2683],[35.9501,9.2502],[35.9762,9.2439],[36.0324,9.2345],[36.0447,9.1961],[36.0544,9.1205],[36.0348,9.1085],[36.0289,9.057],[36.0432,9.0332],[36.0429,9.0161],[36.0647,9.021],[36.0873,9.0137],[36.0978,9.0335],[36.0763,9.0637],[36.085,9.0595],[36.0954,9.066],[36.1093,9.0811],[36.1295,9.0522],[36.1322,9.0218],[36.1604,9.0217],[36.1679,9.029],[36.1776,9.0456],[36.2267,9.032],[36.2473,9.042],[36.2366,9.052],[36.2084,9.0682],[36.1854,9.073],[36.1623,9.1064],[36.1727,9.1093],[36.2047,9.1584],[36.2297,9.2301],[36.2271,9.2728],[36.1957,9.29],[36.1954,9.3273],[36.2067,9.3558],[36.2351,9.348],[36.2154,9.3334],[36.2155,9.3159],[36.2192,9.2981],[36.254,9.3028],[36.271,9.3294],[36.2759,9.3449],[36.2904,9.3226],[36.2963,9.3027],[36.3198,9.3069],[36.327,9.3318],[36.3346,9.3408],[36.35,9.3459],[36.3755,9.359],[36.4622,9.3582],[36.4849,9.3689],[36.476,9.3957],[36.4844,9.4062],[36.5081,9.4204],[36.5157,9.4451],[36.4995,9.4739],[36.4952,9.5104],[36.462,9.5291],[36.4014,9.512],[36.3811,9.4815],[36.3559,9.4957],[36.3367,9.513],[36.315,9.5417],[36.3018,9.5565],[36.267,9.5697],[36.2326,9.5713],[36.2299,9.5808],[36.2016,9.6159],[36.1934,9.6595],[36.1926,9.6889],[36.1783,9.7023],[36.1627,9.7315],[36.1598,9.7479],[36.1442,9.7587],[36.1061,9.7743],[36.1373,9.8084],[36.129,9.8532],[36.1531,9.8499],[36.153,9.8673],[36.1348,9.9169],[36.1206,9.9623],[36.1214,9.9725],[36.1407,10.0107],[36.1854,10.0506],[36.2197,10.0542],[36.2597,10.0794],[36.2687,10.0894],[36.2727,10.114],[36.3331,10.1393],[36.3702,10.1626],[36.3961,10.188],[36.417,10.2177],[36.4461,10.2468],[36.4917,10.2352],[36.5163,10.2409],[36.5232,10.2514],[36.5459,10.2702],[36.5501,10.2798],[36.5553,10.286],[36.5766,10.2802],[36.5755,10.2651],[36.6114,10.2602],[36.6605,10.278],[36.693,10.2972],[36.6895,10.3124],[36.6862,10.3185],[36.6691,10.3148],[36.6626,10.3175],[36.6562,10.3229],[36.6378,10.3476],[36.6184,10.3559],[36.6063,10.3657],[36.5903,10.3698],[36.5737,10.3638],[36.5575,10.3636],[36.5493,10.3618],[36.54,10.3659],[36.5333,10.3769],[36.532,10.383],[36.5237,10.3951],[36.5213,10.4005],[36.5212,10.4069],[36.5244,10.4109],[36.5334,10.432],[36.544,10.4496],[36.547,10.4578],[36.538,10.474],[36.5276,10.4838],[36.5194,10.4798],[36.5117,10.4797],[36.4862,10.4837],[36.4635,10.4801],[36.4565,10.4756],[36.4503,10.4604],[36.4464,10.4566],[36.4361,10.4534],[36.4227,10.4572],[36.4177,10.4547],[36.4098,10.4562],[36.4027,10.4601],[36.3916,10.4689],[36.383,10.4905],[36.3723,10.5057],[36.3655,10.5071],[36.3644,10.519],[36.3599,10.5312],[36.356,10.5275],[36.3493,10.5252],[36.3444,10.5218],[36.3269,10.5242],[36.319,10.5289],[36.3117,10.543],[36.312,10.5489],[36.309,10.5533],[36.3028,10.5549],[36.3028,10.5721],[36.3067,10.5789],[36.2943,10.598],[36.2845,10.5996],[36.2824,10.6055],[36.2871,10.616],[36.2924,10.6209],[36.2981,10.6212],[36.3019,10.6237],[36.3084,10.6251],[36.3038,10.6388],[36.307,10.6453],[36.3117,10.6499],[36.3191,10.6529],[36.325,10.6626],[36.3213,10.6683],[36.3133,10.6747],[36.3121,10.6797],[36.3187,10.6802],[36.3225,10.6862],[36.3174,10.6981],[36.3184,10.7045],[36.3273,10.7147],[36.3321,10.7271],[36.3534,10.7409],[36.3601,10.7425],[36.3635,10.7491],[36.3747,10.7593],[36.3768,10.7662],[36.3736,10.7736],[36.378,10.7867],[36.3584,10.7905],[36.3503,10.7911],[36.3424,10.7897],[36.3321,10.7712],[36.326,10.7696],[36.3255,10.7641],[36.3143,10.7538],[36.3116,10.7482],[36.2945,10.7443],[36.286,10.7455],[36.2859,10.7522],[36.2892,10.7733],[36.2835,10.7969],[36.283,10.8048],[36.2929,10.8066],[36.3003,10.8109],[36.2957,10.8159],[36.3055,10.8208],[36.3109,10.828],[36.3104,10.8367],[36.3145,10.8517],[36.3101,10.8555],[36.3099,10.8634],[36.3234,10.8796],[36.3284,10.8827],[36.3329,10.8883],[36.3308,10.893],[36.3324,10.8986],[36.3463,10.9116],[36.3479,10.9181],[36.3539,10.9221],[36.3514,10.9309],[36.3548,10.9379],[36.3666,10.9465],[36.4185,11.0016],[36.4234,11.0322],[36.4281,11.0364],[36.437,11.0399],[36.445,11.0513],[36.452,11.0543],[36.4706,11.0561],[36.4791,11.068],[36.4857,11.0672],[36.4905,11.0696],[36.4921,11.0768],[36.5014,11.0862],[36.5158,11.1057],[36.5259,11.1136],[36.5334,11.1141],[36.5348,11.0988],[36.5557,11.0941],[36.5602,11.1007],[36.5681,11.1026],[36.5758,11.1016],[36.5788,11.1114],[36.5741,11.1133],[36.5674,11.1123],[36.561,11.1141],[36.5567,11.1206],[36.5536,11.1279],[36.5536,11.1331],[36.5501,11.1387],[36.5312,11.1425],[36.5122,11.1383],[36.5037,11.1384],[36.49,11.1471],[36.4841,11.1537],[36.4764,11.1578],[36.4684,11.1563],[36.469,11.1791],[36.4667,11.1872],[36.4693,11.1981],[36.4684,11.2162],[36.461,11.2273],[36.4716,11.2342],[36.4766,11.2455],[36.4679,11.2658],[36.484,11.2726],[36.4911,11.28],[36.4958,11.2898],[36.5058,11.2858],[36.5156,11.2905],[36.5304,11.3033],[36.5381,11.3056],[36.5462,11.3057],[36.5577,11.303],[36.5629,11.3126],[36.5632,11.3192],[36.5572,11.3303],[36.5483,11.3381],[36.5353,11.3361],[36.5395,11.3465],[36.5596,11.3552],[36.5644,11.3589],[36.5647,11.3722],[36.5521,11.3875],[36.5418,11.395],[36.5339,11.3949],[36.5307,11.4354],[36.5219,11.4453],[36.513,11.4591],[36.5043,11.459],[36.4986,11.4445],[36.4897,11.4409],[36.4723,11.4371],[36.4679,11.4295],[36.4488,11.4277],[36.4107,11.4148],[36.4103,11.4591],[36.4205,11.4681],[36.4259,11.4775],[36.4364,11.4875],[36.4392,11.4927],[36.4451,11.4936],[36.4396,11.5052],[36.4348,11.5116],[36.4139,11.5328],[36.4153,11.546],[36.4042,11.5468],[36.3911,11.5722],[36.3922,11.5841],[36.3802,11.597],[36.3759,11.6085],[36.3661,11.6012],[36.3492,11.6062],[36.3391,11.6517],[36.3332,11.6669],[36.3483,11.6974],[36.3329,11.7049],[36.3353,11.718],[36.3346,11.724],[36.3404,11.7383],[36.3396,11.7443],[36.3411,11.7494],[36.3395,11.7619],[36.342,11.7686],[36.3384,11.7738],[36.3421,11.7816],[36.3299,11.7975],[36.3096,11.804],[36.2837,11.7735],[36.2618,11.7543],[36.2367,11.7378],[36.2324,11.7229],[36.2079,11.7222],[36.2016,11.7067],[36.1865,11.6908],[36.177,11.6851],[36.1658,11.679],[36.1579,11.6867],[36.1456,11.6864],[36.1191,11.7066],[36.1263,11.72],[36.1174,11.7243],[36.124,11.7352],[36.118,11.775],[36.106,11.8167],[36.0959,11.8137],[36.0822,11.8252],[36.0851,11.8359],[36.0671,11.8524],[36.0553,11.8501],[36.0518,11.8577],[36.0499,11.8668],[36.0572,11.8751],[36.0459,11.8772],[36.0514,11.8838],[36.0389,11.8863],[36.0346,11.8926],[36.0434,11.8959],[36.022,11.9146],[35.9968,11.9277],[35.9788,11.9613],[35.9698,11.9592],[35.9731,11.9711],[35.9666,11.9854],[35.9402,11.971],[35.9361,11.9669],[35.934,11.9608],[35.9408,11.9552],[35.9437,11.9374],[35.9372,11.9216],[35.9255,11.9134],[35.9185,11.9058],[35.9121,11.9063],[35.8884,11.8916],[35.8752,11.8867],[35.8713,11.8656],[35.8691,11.8604],[35.8609,11.8507],[35.849,11.8411],[35.8238,11.8277],[35.8156,11.8292],[35.8044,11.8388],[35.7747,11.8344],[35.7636,11.8381],[35.7569,11.8321],[35.7375,11.8336],[35.7204,11.8299],[35.7063,11.8232],[35.6952,11.8321],[35.684,11.8262],[35.6674,11.8267],[35.6625,11.7942],[35.6457,11.7823],[35.6243,11.7766],[35.5906,11.7739],[35.5774,11.7682],[35.5353,11.7305],[35.5177,11.7188],[35.4741,11.737],[35.4624,11.7359],[35.4418,11.7308],[35.4226,11.7302],[35.3954,11.747],[35.3645,11.7538],[35.3382,11.7738],[35.3357,11.7828],[35.3265,11.7953],[35.3144,11.793],[35.304,11.8036],[35.2967,11.8],[35.2983,11.808],[35.2975,11.8203],[35.2889,11.8307],[35.2855,11.8473],[35.2884,11.8567],[35.2881,11.8709],[35.2851,11.8853],[35.2761,11.9051],[35.2579,11.935]]]]}},{"type":"Feature","properties":{"name":"Dire Dawa","iso":"ET-DD"},"geometry":{"type":"Polygon","coordinates":[[[42.1432,9.6213],[42.1813,9.6453],[42.2014,9.6541],[42.2214,9.6571],[42.2417,9.6576],[42.2596,9.6526],[42.2728,9.6679],[42.2869,9.6771],[42.3191,9.7066],[42.3293,9.7144],[42.3407,9.7206],[42.2944,9.7585],[42.2519,9.7845],[42.2143,9.7847],[42.1867,9.7745],[42.0317,9.6195],[42.0198,9.6189],[42.0093,9.6231],[41.9973,9.6321],[41.907,9.6803],[41.8741,9.6849],[41.8542,9.6747],[41.8096,9.6415],[41.8019,9.6434],[41.7919,9.65],[41.7747,9.6547],[41.7495,9.6373],[41.75,9.6015],[41.7289,9.49],[41.7355,9.4725],[41.7554,9.4856],[41.7739,9.492],[41.7935,9.4905],[41.8161,9.4777],[41.8396,9.4789],[41.8606,9.489],[41.9143,9.4735],[41.9397,9.4805],[41.9834,9.5095],[41.9909,9.5076],[41.9963,9.5075],[42.02,9.5092],[42.0326,9.5054],[42.0448,9.4993],[42.0531,9.4929],[42.0685,9.4758],[42.0757,9.4747],[42.082,9.4892],[42.0972,9.5023],[42.1106,9.509],[42.1398,9.5357],[42.1535,9.5574],[42.147,9.5716],[42.1343,9.5835],[42.1288,9.5994],[42.1258,9.6155],[42.1432,9.6213]]]}},{"type":"Feature","properties":{"name":"Gambela","iso":"ET-GA"},"geometry":{"type":"Polygon","coordinates":[[[35.1168,7.6463],[35.0778,7.7322],[34.9962,7.7491],[34.9327,7.7293],[34.9379,7.766],[34.933,7.8291],[34.945,7.8805],[34.9514,7.8914],[35.0014,7.8635],[35.0139,7.8836],[35.0092,7.9246],[35.0491,7.9556],[35.1093,7.9583],[35.1418,7.9902],[35.1415,8.0228],[35.1187,8.0837],[35.0898,8.1151],[35.1046,8.1162],[35.144,8.144],[35.1584,8.1378],[35.1389,8.183],[35.1197,8.2017],[35.074,8.2213],[35.019,8.2208],[34.9655,8.2485],[34.8833,8.252],[34.8558,8.2518],[34.8272,8.2631],[34.7866,8.3048],[34.7958,8.328],[34.786,8.3564],[34.7684,8.3645],[34.7295,8.3911],[34.6682,8.3961],[34.6311,8.4031],[34.575,8.4046],[34.5573,8.4562],[34.5234,8.4766],[34.4719,8.4487],[34.4371,8.4229],[34.348,8.3778],[34.3299,8.3881],[34.314,8.391],[34.3159,8.4079],[34.3356,8.4397],[34.3448,8.4703],[34.3582,8.501],[34.359,8.5231],[34.3462,8.6012],[34.3132,8.6832],[34.2801,8.7099],[34.2565,8.7037],[34.2359,8.6872],[34.2243,8.6709],[34.1904,8.6527],[34.1423,8.653],[34.1428,8.612],[34.1219,8.5761],[34.0971,8.5511],[34.082,8.5499],[34.0712,8.5432],[34.062,8.5323],[34.0338,8.5115],[34.0281,8.4976],[34.0212,8.4898],[34.0157,8.488],[34.0012,8.494],[33.9922,8.489],[33.986,8.4898],[33.9729,8.4995],[33.957,8.4935],[33.9468,8.4988],[33.9362,8.496],[33.926,8.488],[33.899,8.4817],[33.8937,8.4743],[33.8896,8.4634],[33.8822,8.4614],[33.8822,8.4544],[33.8757,8.4466],[33.878,8.4375],[33.8659,8.4364],[33.8528,8.4327],[33.841,8.4319],[33.8381,8.427],[33.8279,8.4213],[33.8214,8.4074],[33.8144,8.4009],[33.8083,8.3956],[33.8001,8.3952],[33.7732,8.3707],[33.756,8.3727],[33.7501,8.376],[33.7385,8.3666],[33.7331,8.365],[33.7262,8.365],[33.7172,8.3666],[33.7104,8.3716],[33.7013,8.3735],[33.695,8.3805],[33.6927,8.3927],[33.6894,8.4005],[33.6837,8.407],[33.6786,8.4309],[33.6809,8.4417],[33.6498,8.4589],[33.6208,8.4697],[33.611,8.4626],[33.5981,8.4475],[33.5766,8.4484],[33.5694,8.4548],[33.5627,8.4694],[33.5571,8.4703],[33.5424,8.4687],[33.5343,8.4699],[33.5255,8.4685],[33.5202,8.4687],[33.5117,8.4721],[33.4989,8.472],[33.4899,8.4701],[33.4835,8.4578],[33.4755,8.4535],[33.4614,8.4505],[33.4486,8.4387],[33.4382,8.4408],[33.4245,8.4476],[33.4124,8.4402],[33.3961,8.4247],[33.3879,8.4262],[33.3813,8.4328],[33.3732,8.432],[33.3676,8.4421],[33.3615,8.4412],[33.3503,8.4461],[33.3355,8.4444],[33.3212,8.4501],[33.3146,8.4606],[33.3059,8.4565],[33.3003,8.4428],[33.2964,8.4378],[33.2896,8.4376],[33.2809,8.4487],[33.2752,8.4537],[33.2493,8.4451],[33.2475,8.4365],[33.2348,8.4239],[33.2179,8.4335],[33.2155,8.4281],[33.2176,8.4158],[33.2172,8.4091],[33.2087,8.4063],[33.1934,8.408],[33.1905,8.4029],[33.1958,8.3929],[33.1905,8.3876],[33.1898,8.381],[33.1941,8.3523],[33.2009,8.3507],[33.2172,8.3564],[33.2155,8.3431],[33.2113,8.336],[33.2053,8.3341],[33.1927,8.334],[33.1939,8.3274],[33.2017,8.3138],[33.2024,8.3071],[33.1958,8.299],[33.1707,8.2971],[33.1765,8.285],[33.1738,8.2644],[33.1763,8.2556],[33.1809,8.2492],[33.19,8.2502],[33.1989,8.2487],[33.2033,8.235],[33.1974,8.2191],[33.1913,8.2118],[33.1759,8.2034],[33.1665,8.1957],[33.1678,8.1889],[33.1734,8.1892],[33.1777,8.1674],[33.1849,8.1614],[33.1847,8.146],[33.1901,8.1356],[33.1869,8.1247],[33.1735,8.1283],[33.1671,8.1241],[33.1641,8.1152],[33.1594,8.1118],[33.1372,8.1134],[33.1207,8.1079],[33.1175,8.1015],[33.1171,8.0881],[33.1193,8.064],[33.1122,8.0726],[33.1052,8.0766],[33.0865,8.0762],[33.0841,8.0711],[33.0874,8.0622],[33.0795,8.0549],[33.0815,8.049],[33.0782,8.0258],[33.0739,8.0212],[33.0596,8.0153],[33.047,8.0157],[33.0371,8.0061],[33.0312,7.9916],[33.037,7.9754],[33.0291,7.9621],[33.0098,7.9497],[33.0028,7.9413],[33.0057,7.9275],[33.0028,7.917],[33.0051,7.9071],[33.0144,7.8898],[33.0046,7.8863],[33.0022,7.8805],[33.0109,7.8591],[33.0376,7.8209],[33.045,7.8129],[33.0459,7.8029],[33.0508,7.7884],[33.0572,7.7923],[33.0629,7.7872],[33.0738,7.7923],[33.0853,7.7936],[33.0891,7.8012],[33.096,7.7972],[33.1057,7.7884],[33.1025,7.7814],[33.1095,7.7801],[33.1157,7.7856],[33.1238,7.7844],[33.1342,7.7891],[33.1383,7.7853],[33.1459,7.7911],[33.1568,7.7929],[33.158,7.7983],[33.1661,7.7966],[33.1846,7.785],[33.2002,7.7804],[33.2176,7.7723],[33.2251,7.7706],[33.239,7.7746],[33.2483,7.7647],[33.282,7.7427],[33.2957,7.7468],[33.293,7.7359],[33.3002,7.7409],[33.3044,7.7348],[33.3041,7.7265],[33.316,7.7225],[33.32,7.7132],[33.3209,7.7074],[33.3432,7.7125],[33.3522,7.7246],[33.3605,7.7208],[33.375,7.7312],[33.382,7.7312],[33.3912,7.7289],[33.408,7.7358],[33.4173,7.7416],[33.4249,7.7491],[33.4323,7.7526],[33.4485,7.741],[33.4619,7.7423],[33.465,7.7481],[33.4741,7.745],[33.4914,7.7316],[33.5009,7.7361],[33.5035,7.7284],[33.5156,7.7329],[33.5412,7.7048],[33.5507,7.7029],[33.563,7.6949],[33.5809,7.6878],[33.5867,7.6982],[33.5999,7.7067],[33.6132,7.7029],[33.6235,7.7089],[33.631,7.7017],[33.637,7.6929],[33.6651,7.6918],[33.6731,7.6934],[33.6844,7.6832],[33.6824,7.6747],[33.6909,7.6704],[33.695,7.6612],[33.713,7.6577],[33.7207,7.6526],[33.7337,7.641],[33.7377,7.6288],[33.7532,7.6177],[33.77,7.6126],[33.7785,7.605],[33.7938,7.6058],[33.8346,7.5693],[33.8411,7.5597],[33.8567,7.5429],[33.872,7.5191],[33.8881,7.5132],[33.9043,7.5191],[33.9273,7.5132],[33.9484,7.5035],[33.9443,7.4936],[33.9437,7.4823],[33.9459,7.4692],[33.9574,7.4644],[33.9585,7.4485],[33.9855,7.4374],[33.9929,7.4252],[33.9988,7.4196],[34.0132,7.3937],[34.0295,7.3708],[34.0339,7.3552],[34.0314,7.3377],[34.0321,7.3168],[34.0358,7.295],[34.0336,7.2765],[34.0276,7.2672],[34.011,7.2709],[34.0125,7.2609],[34.0199,7.2506],[34.0347,7.2365],[34.0447,7.2225],[34.055,7.2217],[34.0772,7.2114],[34.0928,7.1977],[34.0998,7.1869],[34.0998,7.1807],[34.1292,7.1765],[34.1456,7.1575],[34.1663,7.1577],[34.1931,7.1388],[34.194,7.0561],[34.2162,7.0475],[34.2328,7.0167],[34.2564,7.0228],[34.2876,6.9981],[34.3233,6.9748],[34.3604,6.9648],[34.384,6.9651],[34.4107,6.9535],[34.485,6.9055],[34.5209,6.8645],[34.5314,6.844],[34.5346,6.813],[34.5367,6.7539],[34.5619,6.7409],[34.6137,6.734],[34.6298,6.7504],[34.6506,6.7343],[34.6819,6.7036],[34.7085,6.6979],[34.7162,6.6655],[34.7311,6.6494],[34.7475,6.6259],[34.7729,6.598],[34.7892,6.5849],[34.8068,6.6013],[34.8452,6.6001],[34.857,6.6091],[34.8896,6.5975],[34.8853,6.5783],[34.906,6.5726],[34.9209,6.5579],[34.9402,6.5477],[34.9552,6.5198],[34.9568,6.505],[34.985,6.4905],[35.0073,6.4655],[35.0145,6.4462],[35.0043,6.4159],[35.0037,6.4036],[34.9991,6.3964],[34.9873,6.3877],[34.9887,6.347],[34.9857,6.3001],[35.012,6.2816],[35.039,6.3059],[35.0742,6.3087],[35.0842,6.3193],[35.1069,6.3202],[35.1197,6.3477],[35.1323,6.3968],[35.1442,6.399],[35.1655,6.3841],[35.1793,6.3806],[35.2002,6.4122],[35.1874,6.4456],[35.1746,6.4678],[35.1863,6.491],[35.1875,6.5587],[35.1961,6.5987],[35.187,6.6282],[35.1883,6.6578],[35.1984,6.6815],[35.179,6.7109],[35.1803,6.7286],[35.1475,6.7623],[35.0806,6.812],[35.0437,6.8117],[34.9861,6.7994],[34.9344,6.7975],[34.9464,6.8278],[34.9697,6.8605],[34.9931,6.8653],[34.9986,6.8941],[34.9747,6.9264],[34.9465,6.9454],[34.9121,6.9894],[34.9028,7.0321],[34.8851,7.032],[34.8778,7.071],[34.8934,7.0927],[34.8913,7.1606],[34.8988,7.186],[34.9432,7.1941],[34.9664,7.2163],[34.9709,7.2352],[34.9786,7.2145],[35.0116,7.1959],[35.0216,7.187],[35.0547,7.1855],[35.0845,7.1261],[35.115,7.1034],[35.2053,7.1008],[35.2192,7.1093],[35.2352,7.1391],[35.2654,7.1374],[35.2806,7.1306],[35.3006,7.117],[35.3144,7.1165],[35.3315,7.1283],[35.3553,7.1197],[35.3725,7.1182],[35.3811,7.124],[35.3695,7.1454],[35.3538,7.1551],[35.3347,7.1811],[35.3352,7.1895],[35.3408,7.1884],[35.3736,7.2322],[35.3466,7.2402],[35.3541,7.2636],[35.3711,7.2786],[35.3757,7.2912],[35.3835,7.3355],[35.3883,7.3519],[35.3931,7.3974],[35.3686,7.4158],[35.3744,7.4292],[35.3566,7.4379],[35.3461,7.4541],[35.3297,7.4628],[35.3208,7.4642],[35.3103,7.4804],[35.2734,7.4727],[35.2631,7.4814],[35.2545,7.4796],[35.2447,7.4749],[35.2103,7.4731],[35.19,7.4568],[35.1622,7.4725],[35.1232,7.4798],[35.1215,7.4847],[35.1275,7.4968],[35.1388,7.5133],[35.147,7.5207],[35.1727,7.5339],[35.1709,7.5563],[35.1655,7.5816],[35.1671,7.616],[35.1464,7.6314],[35.1164,7.632],[35.1168,7.6463]]]}},{"type":"Feature","properties":{"name":"Hareri","iso":"ET-HA"},"geometry":{"type":"Polygon","coordinates":[[[42.2538,9.1907],[42.2604,9.1933],[42.2656,9.1989],[42.273,9.2167],[42.2696,9.2306],[42.2632,9.2446],[42.2572,9.2536],[42.2503,9.271],[42.2512,9.2865],[42.267,9.3108],[42.2659,9.3223],[42.2594,9.3354],[42.2712,9.3627],[42.2539,9.3848],[42.239,9.3859],[42.2228,9.3805],[42.1884,9.3627],[42.1695,9.3638],[42.1475,9.3885],[42.1301,9.3897],[42.1151,9.3735],[42.0862,9.3301],[42.0714,9.305],[42.0614,9.2669],[42.0598,9.2504],[42.0622,9.2275],[42.0746,9.222],[42.1133,9.2318],[42.1215,9.2295],[42.1283,9.2276],[42.1495,9.2073],[42.1666,9.2114],[42.1831,9.2179],[42.1984,9.2209],[42.2094,9.213],[42.2217,9.1974],[42.2346,9.1869],[42.2469,9.188],[42.2538,9.1907]]]}},{"type":"Feature","properties":{"name":"Oromia","iso":"ET-OR"},"geometry":{"type":"Polygon","coordinates":[[[39.8183,9.1373],[39.8086,9.1365],[39.8028,9.1271],[39.798,9.1225],[39.7947,9.1138],[39.7811,9.1054],[39.7648,9.0962],[39.7433,9.0923],[39.7484,9.0642],[39.747,9.0562],[39.7411,9.0406],[39.742,9.0241],[39.747,9.0163],[39.7474,9.0108],[39.7489,8.9113],[39.7394,8.8731],[39.7377,8.8583],[39.7322,8.8452],[39.7341,8.8273],[39.7176,8.8171],[39.68,8.8167],[39.663,8.8143],[39.651,8.8038],[39.6349,8.7999],[39.6179,8.7879],[39.5999,8.7939],[39.5924,8.7979],[39.5628,8.8189],[39.5526,8.7698],[39.5346,8.759],[39.5016,8.7159],[39.4931,8.7264],[39.4711,8.7428],[39.4501,8.7533],[39.4406,8.7688],[39.4321,8.7912],[39.4186,8.8156],[39.4063,8.811],[39.387,8.7997],[39.379,8.7922],[39.3755,8.7808],[39.3745,8.7678],[39.378,8.732],[39.3619,8.722],[39.3429,8.728],[39.3324,8.742],[39.3254,8.748],[39.3062,8.7228],[39.2998,8.7196],[39.2867,8.7189],[39.2713,8.7256],[39.2628,8.748],[39.2738,8.7679],[39.2728,8.7841],[39.2553,8.8143],[39.2447,8.8287],[39.2448,8.8377],[39.2664,8.8441],[39.2614,8.8516],[39.2383,8.8631],[39.2419,8.89],[39.2599,8.9111],[39.2662,8.9234],[39.2594,8.9637],[39.2705,8.9816],[39.289,9.0],[39.2976,9.0543],[39.3162,9.0613],[39.3479,9.0652],[39.3579,9.0631],[39.3551,9.0718],[39.3493,9.0776],[39.3495,9.0891],[39.3438,9.1007],[39.3297,9.1382],[39.321,9.1413],[39.324,9.1498],[39.295,9.1503],[39.2504,9.1366],[39.2345,9.159],[39.2155,9.1744],[39.1894,9.2103],[39.2145,9.2291],[39.2006,9.251],[39.1949,9.2534],[39.1786,9.2721],[39.208,9.293],[39.2345,9.2946],[39.2613,9.2513],[39.267,9.2455],[39.2856,9.2786],[39.2671,9.2895],[39.2653,9.3252],[39.2791,9.3133],[39.2863,9.3168],[39.2923,9.3327],[39.2938,9.3502],[39.3039,9.3576],[39.3074,9.3671],[39.3204,9.3666],[39.3209,9.3751],[39.326,9.3815],[39.338,9.3815],[39.3475,9.3795],[39.3576,9.37],[39.3739,9.3767],[39.3771,9.385],[39.3957,9.3929],[39.4047,9.3814],[39.4127,9.3755],[39.4213,9.3725],[39.4268,9.3804],[39.4413,9.3824],[39.4465,9.3849],[39.4531,9.3949],[39.4547,9.4022],[39.4504,9.4057],[39.4439,9.4154],[39.4485,9.4198],[39.4502,9.4263],[39.4486,9.4335],[39.4312,9.4349],[39.4121,9.4485],[39.3948,9.4561],[39.3888,9.4508],[39.3793,9.4471],[39.3736,9.4478],[39.3742,9.459],[39.3778,9.4643],[39.3759,9.4681],[39.3639,9.4749],[39.3565,9.4752],[39.3512,9.473],[39.3446,9.4733],[39.3394,9.4758],[39.3157,9.468],[39.3105,9.4687],[39.3064,9.4747],[39.3019,9.4888],[39.2949,9.4927],[39.2945,9.5016],[39.306,9.5062],[39.3034,9.513],[39.303,9.5237],[39.3138,9.5366],[39.3238,9.5267],[39.3305,9.5276],[39.3423,9.5464],[39.3537,9.5502],[39.3615,9.5471],[39.3735,9.565],[39.3773,9.5683],[39.3794,9.5741],[39.3788,9.5812],[39.3741,9.5839],[39.3742,9.593],[39.3805,9.5973],[39.385,9.6039],[39.3862,9.6117],[39.3897,9.6167],[39.3867,9.6318],[39.3763,9.6302],[39.3625,9.6199],[39.3552,9.6187],[39.3529,9.623],[39.3542,9.6351],[39.3581,9.6488],[39.3586,9.6578],[39.363,9.6625],[39.369,9.664],[39.3722,9.671],[39.3618,9.6813],[39.3706,9.6905],[39.371,9.7004],[39.365,9.7024],[39.3453,9.7],[39.3402,9.7049],[39.3389,9.7112],[39.3416,9.7181],[39.3476,9.7261],[39.3426,9.7284],[39.3296,9.7253],[39.3213,9.7251],[39.3142,9.7324],[39.309,9.745],[39.2987,9.749],[39.2926,9.7461],[39.2884,9.7349],[39.2812,9.7342],[39.269,9.7407],[39.2609,9.7303],[39.2508,9.7059],[39.2456,9.7028],[39.2399,9.7034],[39.2337,9.7001],[39.2289,9.6947],[39.2259,9.6999],[39.2243,9.7062],[39.2176,9.7094],[39.2122,9.7057],[39.2095,9.7119],[39.2057,9.7075],[39.201,9.7097],[39.1982,9.7173],[39.185,9.721],[39.1849,9.6867],[39.1795,9.6903],[39.1751,9.6958],[39.1671,9.6937],[39.1626,9.6898],[39.1565,9.6897],[39.1462,9.6943],[39.1468,9.7094],[39.1486,9.7163],[39.1452,9.7217],[39.1457,9.7296],[39.1439,9.7363],[39.1402,9.7416],[39.1343,9.7424],[39.1235,9.7359],[39.1178,9.7343],[39.1105,9.7335],[39.0985,9.7364],[39.0983,9.7448],[39.1054,9.7496],[39.1026,9.756],[39.0931,9.7641],[39.088,9.7625],[39.0829,9.758],[39.0774,9.7556],[39.0697,9.7539],[39.0513,9.7544],[39.0368,9.748],[39.0358,9.7538],[39.0314,9.7565],[39.0245,9.7588],[39.0174,9.7587],[39.013,9.7532],[38.9909,9.7469],[38.9816,9.753],[38.9753,9.7621],[38.9688,9.7571],[38.965,9.75],[38.9529,9.7396],[38.9536,9.7337],[38.9599,9.7195],[38.9611,9.7117],[38.9547,9.7148],[38.9411,9.7261],[38.9356,9.7289],[38.929,9.7261],[38.9186,9.7125],[38.9102,9.7097],[38.8976,9.7153],[38.8674,9.7346],[38.8593,9.7459],[38.8411,9.758],[38.8297,9.7701],[38.8223,9.7855],[38.8191,9.8037],[38.8145,9.8072],[38.8086,9.8205],[38.8092,9.8363],[38.8063,9.8554],[38.8039,9.8631],[38.7944,9.8772],[38.7917,9.8836],[38.7968,9.89],[38.8033,9.9104],[38.8022,9.9231],[38.7987,9.9287],[38.7972,9.9347],[38.7982,9.9417],[38.8023,9.9475],[38.8035,9.9545],[38.8014,9.9632],[38.7977,9.9687],[38.7904,9.9729],[38.7856,9.9793],[38.7802,9.9833],[38.7721,9.9791],[38.7657,9.9816],[38.7589,9.9816],[38.753,9.9857],[38.7411,9.9885],[38.7344,9.9938],[38.7263,9.9923],[38.7195,9.997],[38.7107,9.9994],[38.695,10.0088],[38.6873,10.009],[38.682,10.0144],[38.6747,10.0161],[38.6703,10.0201],[38.6617,10.0348],[38.6613,10.0464],[38.6581,10.0524],[38.6635,10.0583],[38.6895,10.0512],[38.6966,10.0519],[38.7023,10.0503],[38.7065,10.054],[38.7222,10.0524],[38.7347,10.0573],[38.7418,10.062],[38.7521,10.0643],[38.7588,10.0692],[38.7658,10.0718],[38.7781,10.0838],[38.7928,10.0903],[38.8004,10.0912],[38.8061,10.0944],[38.8118,10.0954],[38.8245,10.1106],[38.8298,10.1106],[38.8399,10.1153],[38.8435,10.1109],[38.8534,10.119],[38.8494,10.1248],[38.8481,10.1397],[38.8452,10.1453],[38.8401,10.1499],[38.8346,10.1628],[38.8352,10.1802],[38.8389,10.199],[38.8345,10.2049],[38.8335,10.2131],[38.8361,10.2267],[38.8455,10.2391],[38.8485,10.2453],[38.8453,10.2516],[38.8454,10.257],[38.8617,10.2789],[38.8603,10.287],[38.8565,10.2957],[38.8541,10.3347],[38.8459,10.3557],[38.8466,10.3619],[38.8165,10.3652],[38.8073,10.3698],[38.7915,10.3674],[38.773,10.3671],[38.7621,10.3765],[38.747,10.3847],[38.7391,10.3865],[38.7135,10.3878],[38.6982,10.3803],[38.6831,10.38],[38.6769,10.3783],[38.6722,10.375],[38.665,10.3737],[38.6573,10.3745],[38.6311,10.3831],[38.6247,10.3793],[38.6055,10.3755],[38.593,10.3753],[38.5788,10.3781],[38.5668,10.3752],[38.561,10.3768],[38.542,10.3712],[38.5352,10.3674],[38.5246,10.3687],[38.5161,10.3679],[38.5037,10.3642],[38.4843,10.3664],[38.4775,10.3642],[38.4769,10.3572],[38.4804,10.3521],[38.482,10.3453],[38.4759,10.3316],[38.4761,10.3233],[38.4746,10.3155],[38.4688,10.312],[38.4669,10.3062],[38.4734,10.2927],[38.4609,10.2909],[38.4587,10.2829],[38.4617,10.2769],[38.4635,10.2686],[38.4562,10.2621],[38.4566,10.2548],[38.455,10.2476],[38.4489,10.2412],[38.4316,10.2326],[38.425,10.2236],[38.4202,10.2208],[38.4202,10.2142],[38.4309,10.1941],[38.4219,10.1817],[38.4267,10.1788],[38.4266,10.1727],[38.4071,10.1613],[38.4029,10.1556],[38.4018,10.1496],[38.3983,10.1452],[38.3765,10.1413],[38.3671,10.1414],[38.3589,10.1453],[38.3578,10.1518],[38.3549,10.156],[38.3491,10.1598],[38.3409,10.1572],[38.3342,10.1523],[38.3268,10.1341],[38.3245,10.1244],[38.3273,10.1155],[38.3226,10.1081],[38.3094,10.1089],[38.3031,10.1044],[38.3012,10.0964],[38.2961,10.0902],[38.287,10.0895],[38.2816,10.0919],[38.2726,10.0928],[38.2589,10.0886],[38.2532,10.0894],[38.2523,10.0974],[38.2486,10.1029],[38.2413,10.1036],[38.2228,10.0932],[38.2172,10.0873],[38.2046,10.0827],[38.1851,10.0678],[38.1775,10.0641],[38.1714,10.0587],[38.1707,10.0516],[38.1682,10.047],[38.1612,10.0451],[38.1514,10.0361],[38.146,10.0376],[38.143,10.0442],[38.1378,10.0484],[38.1318,10.0484],[38.1261,10.0441],[38.1192,10.0299],[38.1179,10.0246],[38.1191,10.0187],[38.114,10.0169],[38.1015,10.0232],[38.0949,10.0212],[38.0884,10.0212],[38.0811,10.0162],[38.0835,10.0085],[38.082,10.0031],[38.0706,10.0025],[38.0651,9.9989],[38.0608,9.9828],[38.0489,9.9825],[38.0444,9.9707],[38.0347,9.9685],[38.0264,9.9693],[38.0168,9.9677],[38.0093,9.9651],[38.0034,9.9606],[38.0001,9.9545],[37.9942,9.95],[37.9792,9.95],[37.9579,9.9396],[37.9528,9.9394],[37.9396,9.945],[37.9337,9.9422],[37.9316,9.9315],[37.9361,9.9269],[37.9359,9.92],[37.9309,9.9156],[37.9242,9.9157],[37.9101,9.9314],[37.9022,9.9313],[37.8939,9.9282],[37.881,9.9225],[37.8768,9.9173],[37.8753,9.9121],[37.8708,9.9085],[37.8653,9.9138],[37.8612,9.9138],[37.8596,9.9068],[37.86,9.9012],[37.8568,9.8969],[37.8492,9.8985],[37.8435,9.8977],[37.8372,9.8889],[37.8316,9.8856],[37.8241,9.8749],[37.8168,9.8681],[37.8078,9.8663],[37.8014,9.8628],[37.7754,9.8575],[37.7699,9.8524],[37.7618,9.8529],[37.7548,9.858],[37.7493,9.8569],[37.749,9.8476],[37.7437,9.8416],[37.7368,9.8418],[37.7315,9.8458],[37.7252,9.8455],[37.7178,9.8435],[37.7115,9.8436],[37.7015,9.8377],[37.6954,9.8437],[37.6859,9.8585],[37.6812,9.8633],[37.6677,9.8604],[37.6627,9.8615],[37.6524,9.8701],[37.6422,9.8835],[37.6374,9.8865],[37.6244,9.89],[37.619,9.8949],[37.6183,9.9027],[37.6136,9.9104],[37.6001,9.9188],[37.5932,9.9197],[37.5905,9.9278],[37.5914,9.9339],[37.5877,9.9404],[37.5751,9.9429],[37.558,9.9548],[37.5537,9.9595],[37.5522,9.9744],[37.547,9.9784],[37.5301,9.9971],[37.5205,10.0009],[37.5024,9.9989],[37.4894,10.004],[37.4839,10.0045],[37.4789,10.0101],[37.4766,10.0159],[37.4621,10.0131],[37.454,10.0133],[37.4453,10.0155],[37.4252,10.0347],[37.3991,10.0471],[37.3881,10.0475],[37.3812,10.0441],[37.3744,10.0432],[37.363,10.0441],[37.3578,10.0412],[37.3501,10.0129],[37.3456,10.0068],[37.3401,10.0055],[37.3303,10.0068],[37.3241,10.0091],[37.3186,10.019],[37.3064,10.0276],[37.3005,10.0397],[37.2973,10.0538],[37.2885,10.0638],[37.2833,10.0658],[37.2724,10.0746],[37.2627,10.0776],[37.2416,10.0766],[37.2141,10.0889],[37.1963,10.1055],[37.1915,10.1125],[37.1806,10.1453],[37.1685,10.1642],[37.1691,10.1694],[37.1718,10.1749],[37.1833,10.189],[37.1942,10.207],[37.1983,10.2148],[37.2007,10.2242],[37.1968,10.2319],[37.1912,10.2372],[37.1826,10.2422],[37.1753,10.2442],[37.1356,10.2469],[37.1154,10.2516],[37.095,10.2592],[37.0879,10.2604],[37.0789,10.2643],[37.0752,10.2717],[37.0705,10.277],[37.0626,10.2827],[37.0516,10.2845],[37.0467,10.2893],[37.0409,10.2863],[37.0141,10.2859],[37.008,10.2898],[36.9979,10.3039],[36.9807,10.315],[36.9725,10.316],[36.9655,10.3128],[36.9545,10.3134],[36.9316,10.3119],[36.9254,10.3147],[36.92,10.3151],[36.8988,10.3138],[36.8895,10.3165],[36.8839,10.3216],[36.8766,10.3347],[36.87,10.3416],[36.8404,10.3417],[36.8344,10.3434],[36.8255,10.3434],[36.8178,10.3427],[36.8126,10.3382],[36.8074,10.3363],[36.7995,10.3388],[36.7928,10.3443],[36.7774,10.3469],[36.7674,10.3633],[36.7626,10.3682],[36.7532,10.3669],[36.7465,10.3609],[36.7322,10.3623],[36.7243,10.3617],[36.7188,10.3589],[36.6924,10.3583],[36.6889,10.3459],[36.6817,10.3355],[36.6867,10.3241],[36.6862,10.3185],[36.6895,10.3124],[36.693,10.2972],[36.6605,10.278],[36.6114,10.2602],[36.5755,10.2651],[36.5766,10.2802],[36.5553,10.286],[36.5501,10.2798],[36.5459,10.2702],[36.5232,10.2514],[36.5163,10.2409],[36.4917,10.2352],[36.4461,10.2468],[36.417,10.2177],[36.3961,10.188],[36.3702,10.1626],[36.3331,10.1393],[36.2727,10.114],[36.2687,10.0894],[36.2597,10.0794],[36.2197,10.0542],[36.1854,10.0506],[36.1407,10.0107],[36.1214,9.9725],[36.1206,9.9623],[36.1348,9.9169],[36.153,9.8673],[36.1531,9.8499],[36.129,9.8532],[36.1373,9.8084],[36.1061,9.7743],[36.1442,9.7587],[36.1598,9.7479],[36.1627,9.7315],[36.1783,9.7023],[36.1926,9.6889],[36.1934,9.6595],[36.2016,9.6159],[36.2299,9.5808],[36.2326,9.5713],[36.267,9.5697],[36.3018,9.5565],[36.315,9.5417],[36.3367,9.513],[36.3559,9.4957],[36.3811,9.4815],[36.4014,9.512],[36.462,9.5291],[36.4952,9.5104],[36.4995,9.4739],[36.5157,9.4451],[36.5081,9.4204],[36.4844,9.4062],[36.476,9.3957],[36.4849,9.3689],[36.4622,9.3582],[36.3755,9.359],[36.35,9.3459],[36.3346,9.3408],[36.327,9.3318],[36.3198,9.3069],[36.2963,9.3027],[36.2904,9.3226],[36.2759,9.3449],[36.271,9.3294],[36.254,9.3028],[36.2192,9.2981],[36.2155,9.3159],[36.2154,9.3334],[36.2351,9.348],[36.2067,9.3558],[36.1954,9.3273],[36.1957,9.29],[36.2271,9.2728],[36.2297,9.2301],[36.2047,9.1584],[36.1727,9.1093],[36.1623,9.1064],[36.1854,9.073],[36.2084,9.0682],[36.2366,9.052],[36.2473,9.042],[36.2267,9.032],[36.1776,9.0456],[36.1679,9.029],[36.1604,9.0217],[36.1322,9.0218],[36.1295,9.0522],[36.1093,9.0811],[36.0954,9.066],[36.085,9.0595],[36.0763,9.0637],[36.0978,9.0335],[36.0873,9.0137],[36.0647,9.021],[36.0429,9.0161],[36.0432,9.0332],[36.0289,9.057],[36.0348,9.1085],[36.0544,9.1205],[36.0447,9.1961],[36.0324,9.2345],[35.9762,9.2439],[35.9501,9.2502],[35.9315,9.2683],[35.9186,9.2867],[35.9119,9.317],[35.8606,9.326],[35.8092,9.3099],[35.798,9.3096],[35.7747,9.3253],[35.7575,9.3247],[35.7513,9.3322],[35.75,9.3496],[35.756,9.3658],[35.7509,9.4041],[35.7548,9.4176],[35.7667,9.4286],[35.7792,9.4317],[35.7781,9.4412],[35.7658,9.4744],[35.7537,9.4827],[35.7326,9.4825],[35.7115,9.4878],[35.6873,9.5114],[35.6722,9.5182],[35.6483,9.5543],[35.6443,9.5955],[35.6513,9.614],[35.6542,9.6359],[35.6355,9.6525],[35.6255,9.6522],[35.5952,9.657],[35.5793,9.6665],[35.5619,9.693],[35.5545,9.6971],[35.5402,9.6986],[35.5347,9.6974],[35.534,9.6914],[35.5059,9.6897],[35.4692,9.6714],[35.4561,9.6732],[35.4115,9.7147],[35.3902,9.721],[35.3692,9.7203],[35.3658,9.7285],[35.3761,9.7509],[35.3838,9.76],[35.3796,9.7664],[35.4204,9.7861],[35.4088,9.7955],[35.3877,9.8029],[35.3646,9.814],[35.3506,9.8671],[35.3255,9.8858],[35.3118,9.9122],[35.2982,9.9235],[35.2792,9.9081],[35.2315,9.8942],[35.2236,9.9112],[35.2216,9.9264],[35.1603,9.9494],[35.0891,9.9515],[35.0816,9.94],[35.0818,9.9229],[35.0493,9.9187],[35.0204,9.9298],[35.0158,9.9962],[34.9889,9.9977],[34.9438,9.9345],[34.9284,9.9363],[34.9052,9.9568],[34.8885,9.9092],[34.8675,9.9032],[34.8984,9.8827],[34.8929,9.8656],[34.8778,9.8464],[34.8705,9.8216],[34.8552,9.8177],[34.8324,9.8041],[34.8081,9.762],[34.7969,9.7372],[34.8107,9.7032],[34.8116,9.6311],[34.7928,9.6043],[34.7837,9.5543],[34.7359,9.5463],[34.6867,9.5647],[34.6328,9.589],[34.5861,9.6314],[34.5492,9.6307],[34.5329,9.5916],[34.524,9.5421],[34.4995,9.5152],[34.5137,9.449],[34.4525,9.4501],[34.467,9.3668],[34.4525,9.3097],[34.4531,9.2585],[34.4403,9.2166],[34.4025,9.1877],[34.3416,9.1698],[34.394,9.1174],[34.4276,9.0728],[34.4591,9.0742],[34.4844,9.0482],[34.5045,9.0052],[34.4314,8.9685],[34.1454,8.9633],[34.1413,8.912],[34.1423,8.8109],[34.1402,8.7722],[34.1423,8.7371],[34.1408,8.7241],[34.1452,8.6709],[34.1423,8.653],[34.1904,8.6527],[34.2243,8.6709],[34.2359,8.6872],[34.2565,8.7037],[34.2801,8.7099],[34.3132,8.6832],[34.3462,8.6012],[34.359,8.5231],[34.3582,8.501],[34.3448,8.4703],[34.3356,8.4397],[34.3159,8.4079],[34.314,8.391],[34.3299,8.3881],[34.348,8.3778],[34.4371,8.4229],[34.4719,8.4487],[34.5234,8.4766],[34.5573,8.4562],[34.575,8.4046],[34.6311,8.4031],[34.6682,8.3961],[34.7295,8.3911],[34.7684,8.3645],[34.786,8.3564],[34.7958,8.328],[34.7866,8.3048],[34.8272,8.2631],[34.8558,8.2518],[34.8833,8.252],[34.9655,8.2485],[35.019,8.2208],[35.074,8.2213],[35.1197,8.2017],[35.1389,8.183],[35.1584,8.1378],[35.144,8.144],[35.1046,8.1162],[35.0898,8.1151],[35.1187,8.0837],[35.1415,8.0228],[35.1418,7.9902],[35.1093,7.9583],[35.0491,7.9556],[35.0092,7.9246],[35.0139,7.8836],[35.0014,7.8635],[34.9514,7.8914],[34.945,7.8805],[34.933,7.8291],[34.9379,7.766],[34.9327,7.7293],[34.9962,7.7491],[35.0778,7.7322],[35.1168,7.6463],[35.1737,7.6554],[35.2131,7.6527],[35.2211,7.6638],[35.2209,7.6814],[35.2235,7.7043],[35.2487,7.7277],[35.2763,7.7472],[35.2906,7.7484],[35.2938,7.7531],[35.3116,7.7621],[35.3257,7.7665],[35.3416,7.7778],[35.3428,7.8225],[35.3506,7.836],[35.3588,7.8441],[35.3728,7.8336],[35.3899,7.8282],[35.4013,7.8307],[35.4102,7.8445],[35.4192,7.8653],[35.4295,7.882],[35.4343,7.8839],[35.4605,7.8737],[35.4751,7.8747],[35.491,7.8837],[35.498,7.8814],[35.5056,7.8859],[35.5129,7.8935],[35.5215,7.8968],[35.5313,7.8811],[35.537,7.8505],[35.5452,7.8321],[35.5554,7.8214],[35.5709,7.8141],[35.5904,7.8098],[35.607,7.8107],[35.619,7.8159],[35.6677,7.846],[35.6772,7.8546],[35.6945,7.8655],[35.7042,7.8603],[35.7172,7.8566],[35.7403,7.8678],[35.7629,7.8838],[35.7768,7.9003],[35.8005,7.9338],[35.8007,7.9418],[35.796,7.9492],[35.7833,7.9551],[35.7721,7.964],[35.7682,7.9703],[35.7393,7.99],[35.7236,8.0236],[35.7288,8.0407],[35.7448,8.0521],[35.7541,8.069],[35.7665,8.0824],[35.7988,8.0803],[35.8171,8.0836],[35.8616,8.0784],[35.8735,8.0599],[35.8888,8.0017],[35.8996,7.9722],[35.9059,7.9472],[35.9032,7.9274],[35.8876,7.8937],[35.875,7.8769],[35.8599,7.8613],[35.8519,7.8491],[35.8494,7.8401],[35.8608,7.8305],[35.8758,7.8229],[35.8986,7.8081],[35.9233,7.7879],[35.9424,7.7751],[35.9871,7.7558],[35.998,7.7463],[36.0213,7.6932],[36.0427,7.6755],[36.0527,7.6551],[36.0479,7.6355],[36.0333,7.5926],[36.0361,7.5738],[36.0458,7.5667],[36.063,7.5587],[36.0877,7.5551],[36.1284,7.5568],[36.1573,7.5438],[36.1817,7.5248],[36.2014,7.5048],[36.2255,7.4856],[36.2803,7.4645],[36.3025,7.4511],[36.3494,7.4466],[36.3754,7.4168],[36.4071,7.4097],[36.4539,7.4186],[36.4709,7.4166],[36.4847,7.4172],[36.5991,7.3702],[36.6068,7.3696],[36.6236,7.3804],[36.6337,7.3791],[36.6388,7.3724],[36.6525,7.3462],[36.6734,7.3292],[36.6949,7.3143],[36.715,7.3033],[36.7402,7.2859],[36.7633,7.2671],[36.7919,7.2535],[36.8417,7.3272],[36.8799,7.3309],[36.9149,7.2994],[36.9563,7.2617],[36.9666,7.2431],[36.9654,7.2259],[37.0041,7.2356],[37.0403,7.2412],[37.0689,7.2365],[37.1056,7.2257],[37.1294,7.2297],[37.155,7.2419],[37.1836,7.2661],[37.2124,7.2939],[37.2386,7.3133],[37.2631,7.3266],[37.2884,7.3356],[37.332,7.3446],[37.332,7.3509],[37.3574,7.3621],[37.3805,7.3812],[37.3911,7.4036],[37.408,7.4934],[37.4395,7.5473],[37.4459,7.5655],[37.4362,7.5852],[37.4206,7.635],[37.4078,7.6588],[37.402,7.6838],[37.4025,7.7107],[37.4008,7.7422],[37.4057,7.8284],[37.4126,7.8551],[37.4251,7.8788],[37.4352,7.8992],[37.4375,7.9197],[37.4297,7.9319],[37.4174,7.9447],[37.3998,7.9552],[37.3906,7.9631],[37.3885,7.9755],[37.3906,7.9859],[37.3926,7.994],[37.4049,7.9947],[37.4103,7.9994],[37.4253,8.004],[37.4605,8.0088],[37.4784,8.0153],[37.4916,8.0182],[37.5025,8.013],[37.5148,8.0008],[37.5192,7.993],[37.5225,7.9782],[37.5336,7.9607],[37.5401,7.955],[37.5502,7.9504],[37.5583,7.9495],[37.5736,7.9534],[37.6036,7.966],[37.6019,7.9752],[37.6024,8.0118],[37.5926,8.0751],[37.5929,8.0943],[37.5962,8.1129],[37.6066,8.1515],[37.6178,8.1783],[37.6247,8.2012],[37.6225,8.2102],[37.5743,8.226],[37.5181,8.2375],[37.489,8.2535],[37.4728,8.2672],[37.4649,8.2835],[37.4634,8.307],[37.467,8.3324],[37.4722,8.3518],[37.4994,8.4047],[37.513,8.4181],[37.5357,8.4247],[37.5588,8.4266],[37.5769,8.4152],[37.5989,8.3664],[37.6128,8.3552],[37.6669,8.3846],[37.6795,8.3788],[37.693,8.3547],[37.7054,8.3381],[37.7179,8.3352],[37.7317,8.3443],[37.7488,8.3529],[37.7663,8.3482],[37.7798,8.3408],[37.7974,8.3358],[37.8171,8.3329],[37.84,8.3333],[37.8638,8.3368],[37.8884,8.351],[37.9108,8.3716],[37.9288,8.3793],[37.9492,8.3685],[37.989,8.3606],[38.0091,8.3736],[38.0289,8.3914],[38.0397,8.3903],[38.0675,8.3771],[38.0779,8.3817],[38.0874,8.3912],[38.1038,8.3901],[38.1108,8.3915],[38.1234,8.4077],[38.1398,8.4105],[38.165,8.4091],[38.1809,8.394],[38.2184,8.4099],[38.2392,8.4104],[38.2671,8.4077],[38.2829,8.4007],[38.2901,8.3818],[38.3017,8.3775],[38.3123,8.371],[38.313,8.3535],[38.3087,8.331],[38.3079,8.3008],[38.3227,8.2735],[38.334,8.2597],[38.3482,8.2554],[38.3763,8.267],[38.3832,8.2746],[38.4017,8.2806],[38.4225,8.2901],[38.431,8.2999],[38.4333,8.3133],[38.4416,8.3364],[38.4525,8.3861],[38.4624,8.4009],[38.4691,8.4361],[38.4787,8.4485],[38.5023,8.4451],[38.5277,8.4587],[38.5489,8.4542],[38.5766,8.446],[38.585,8.4338],[38.5917,8.4271],[38.6051,8.4327],[38.6176,8.4322],[38.6405,8.4132],[38.6553,8.3957],[38.6625,8.3771],[38.6681,8.3516],[38.6669,8.3281],[38.6518,8.2862],[38.6629,8.272],[38.7029,8.2456],[38.7168,8.2323],[38.7169,8.2206],[38.694,8.2045],[38.683,8.1915],[38.6795,8.1723],[38.6853,8.1236],[38.6801,8.0969],[38.6737,8.091],[38.6674,8.0967],[38.6549,8.1149],[38.636,8.1335],[38.6309,8.1452],[38.6044,8.224],[38.6016,8.2507],[38.5944,8.2613],[38.5616,8.2672],[38.5501,8.2638],[38.5429,8.2472],[38.5434,8.227],[38.5524,8.2141],[38.5689,8.195],[38.5823,8.173],[38.5881,8.1574],[38.5888,8.1435],[38.5893,8.1284],[38.5848,8.1092],[38.5942,8.092],[38.6227,8.0695],[38.6169,8.0578],[38.6135,8.0444],[38.6285,8.0347],[38.6254,8.0273],[38.6108,8.0127],[38.613,8.008],[38.5982,7.9917],[38.5895,7.9622],[38.5873,7.9394],[38.5766,7.9254],[38.5674,7.9065],[38.5639,7.8863],[38.5503,7.872],[38.5137,7.8501],[38.5043,7.8321],[38.5008,7.8124],[38.4933,7.7965],[38.4457,7.7607],[38.4435,7.74],[38.4395,7.72],[38.4266,7.6979],[38.4133,7.6827],[38.4117,7.6634],[38.4191,7.6436],[38.4211,7.6255],[38.4094,7.6063],[38.4017,7.5965],[38.4019,7.5799],[38.4197,7.5706],[38.4265,7.555],[38.4304,7.5351],[38.4276,7.5159],[38.4147,7.5053],[38.3926,7.5031],[38.3792,7.496],[38.3421,7.4798],[38.3281,7.4629],[38.329,7.4576],[38.326,7.4351],[38.3197,7.4154],[38.3097,7.4027],[38.2933,7.3926],[38.2803,7.3818],[38.278,7.3624],[38.2824,7.3399],[38.2765,7.3201],[38.266,7.3079],[38.2474,7.2978],[38.2345,7.2891],[38.2209,7.2767],[38.1994,7.2627],[38.1819,7.2591],[38.1448,7.2334],[38.1257,7.2231],[38.1052,7.2121],[38.0878,7.1961],[38.0788,7.1815],[38.0772,7.1553],[38.0703,7.1236],[38.0673,7.0889],[38.0622,7.0734],[38.0638,7.0667],[38.065,7.0446],[38.0742,7.0308],[38.0887,7.0242],[38.1027,7.012],[38.1098,7.0009],[38.1179,6.9821],[38.1301,6.9751],[38.1474,6.9787],[38.1709,7.0021],[38.1946,7.0136],[38.2172,7.0156],[38.2387,7.0213],[38.2553,7.0611],[38.29,7.1083],[38.3061,7.1228],[38.3143,7.1483],[38.3227,7.163],[38.343,7.1657],[38.3577,7.1471],[38.3789,7.131],[38.4015,7.1227],[38.4217,7.1237],[38.4434,7.128],[38.4609,7.1194],[38.4647,7.101],[38.4809,7.0916],[38.5059,7.0891],[38.529,7.0922],[38.5469,7.0921],[38.5672,7.1135],[38.5845,7.1275],[38.6123,7.1254],[38.6312,7.1121],[38.647,7.0968],[38.6378,7.0673],[38.6543,7.0629],[38.6688,7.0611],[38.6817,7.0496],[38.6853,7.0352],[38.6789,7.03],[38.6752,7.0177],[38.6782,7.0066],[38.6902,7.0021],[38.6985,7.0151],[38.7113,7.0142],[38.7152,6.9926],[38.712,6.975],[38.7014,6.9699],[38.6956,6.9587],[38.702,6.9463],[38.7055,6.9319],[38.7006,6.9046],[38.7056,6.8867],[38.7149,6.8618],[38.6992,6.8498],[38.6684,6.8335],[38.6407,6.8139],[38.6372,6.8009],[38.6365,6.773],[38.6443,6.77],[38.659,6.7709],[38.6728,6.7635],[38.6793,6.7502],[38.6894,6.7456],[38.7064,6.7433],[38.7218,6.7313],[38.7282,6.7132],[38.7431,6.7022],[38.7551,6.6983],[38.7801,6.7015],[38.8107,6.7026],[38.8188,6.7049],[38.8344,6.6929],[38.8386,6.6762],[38.856,6.67],[38.8778,6.6695],[38.9026,6.6669],[38.9187,6.6605],[38.9353,6.6569],[38.9503,6.6451],[38.9453,6.6315],[38.9425,6.6116],[38.9605,6.6021],[39.033,6.6131],[39.0601,6.61],[39.0654,6.6001],[39.0538,6.5853],[39.0493,6.5711],[39.0534,6.5582],[39.0706,6.5546],[39.0871,6.5464],[39.0975,6.5229],[39.0962,6.4734],[39.1008,6.4568],[39.1084,6.439],[39.1221,6.3819],[39.1282,6.3456],[39.1266,6.3232],[39.1204,6.3003],[39.1103,6.2886],[39.0917,6.2721],[39.0868,6.2533],[39.1005,6.2198],[39.1044,6.2035],[39.114,6.1779],[39.1313,6.1673],[39.1327,6.1601],[39.1037,6.1586],[39.0806,6.1543],[39.0565,6.1472],[39.0353,6.1387],[38.989,6.1484],[38.9614,6.1606],[38.9509,6.1817],[38.9373,6.2016],[38.9218,6.2298],[38.8986,6.2599],[38.8864,6.2861],[38.8749,6.3021],[38.8534,6.3216],[38.8329,6.3445],[38.813,6.3572],[38.7723,6.401],[38.7588,6.4103],[38.7395,6.4102],[38.708,6.3937],[38.6915,6.4075],[38.6728,6.4103],[38.6623,6.4204],[38.6458,6.4245],[38.6276,6.4183],[38.6071,6.4241],[38.5841,6.4383],[38.5674,6.4417],[38.5384,6.4381],[38.5046,6.4376],[38.4761,6.4316],[38.4541,6.418],[38.4419,6.4066],[38.4285,6.3872],[38.4246,6.3668],[38.4226,6.3495],[38.4258,6.3079],[38.4283,6.3015],[38.4262,6.2914],[38.4338,6.2668],[38.4398,6.2182],[38.4355,6.2001],[38.395,6.1831],[38.3778,6.1658],[38.3661,6.1441],[38.3633,6.1215],[38.3523,6.0975],[38.3207,6.0487],[38.3147,6.0291],[38.2801,6.0076],[38.2725,5.9879],[38.2831,5.972],[38.294,5.9747],[38.3054,5.9813],[38.3198,5.9764],[38.3284,5.9567],[38.3391,5.9569],[38.3756,5.9444],[38.3893,5.9343],[38.3969,5.9214],[38.3817,5.9053],[38.359,5.9035],[38.3262,5.8701],[38.3046,5.8628],[38.2713,5.8698],[38.2553,5.8598],[38.2401,5.8457],[38.2242,5.8399],[38.2088,5.8415],[38.1992,5.8508],[38.2005,5.8661],[38.2097,5.8804],[38.2156,5.8946],[38.2126,5.918],[38.2046,5.9363],[38.1818,5.943],[38.171,5.9583],[38.1601,5.9863],[38.1512,6.0017],[38.1397,6.0116],[38.1224,6.018],[38.1173,6.0515],[38.1058,6.0673],[38.101,6.0786],[38.0994,6.0884],[38.0807,6.1183],[38.0875,6.1623],[38.1031,6.1817],[38.1178,6.1684],[38.1259,6.1564],[38.1422,6.1558],[38.1592,6.1608],[38.1719,6.1682],[38.1882,6.1835],[38.1987,6.2077],[38.1941,6.2275],[38.1799,6.2396],[38.1727,6.2566],[38.1746,6.2681],[38.1826,6.2856],[38.1892,6.3055],[38.1984,6.3203],[38.2147,6.3315],[38.2322,6.3324],[38.2494,6.3376],[38.2733,6.3492],[38.2891,6.3611],[38.2941,6.3733],[38.2936,6.3972],[38.2974,6.417],[38.2837,6.4387],[38.2609,6.4534],[38.2464,6.4695],[38.2223,6.4624],[38.2163,6.4647],[38.1714,6.4511],[38.156,6.4405],[38.1443,6.4595],[38.1505,6.4979],[38.1401,6.5073],[38.1153,6.5008],[38.102,6.514],[38.0916,6.5273],[38.0524,6.536],[38.0343,6.5628],[38.0167,6.5769],[37.9977,6.5769],[37.9842,6.5582],[37.9696,6.5502],[37.9535,6.5509],[37.9335,6.5585],[37.9193,6.5756],[37.9134,6.5919],[37.8936,6.5973],[37.8723,6.5835],[37.8433,6.5429],[37.8154,6.5118],[37.8086,6.5019],[37.8007,6.4795],[37.7971,6.4507],[37.7983,6.4305],[37.8086,6.4115],[37.8204,6.3947],[37.8409,6.38],[37.849,6.3329],[37.8511,6.3281],[37.853,6.3061],[37.8489,6.2801],[37.8411,6.2495],[37.8264,6.222],[37.8106,6.1974],[37.7913,6.1738],[37.7789,6.1509],[37.7755,6.1252],[37.7765,6.1149],[37.7785,6.0994],[37.7859,6.0739],[37.7906,6.0507],[37.784,6.0119],[37.7923,5.9972],[37.8045,5.9945],[37.8141,5.9991],[37.8279,6.0113],[37.8438,6.0123],[37.8574,6.0003],[37.8663,5.9879],[37.8813,5.9864],[37.8958,5.9758],[37.9048,5.9618],[37.9236,5.9614],[37.9535,5.9647],[37.9694,5.9573],[37.9784,5.9291],[37.9798,5.9089],[37.9833,5.8891],[38.008,5.8506],[38.0131,5.8056],[38.0207,5.7914],[38.04,5.7737],[38.055,5.7655],[38.0729,5.7639],[38.0897,5.7469],[38.0879,5.7226],[38.076,5.6903],[38.0416,5.675],[38.0249,5.6614],[38.0088,5.6515],[37.9783,5.6507],[37.9443,5.6408],[37.931,5.618],[37.9419,5.5865],[37.9423,5.5698],[37.9486,5.539],[37.9501,5.509],[37.9476,5.4756],[37.941,5.4513],[37.936,5.4244],[37.9201,5.3973],[37.902,5.3746],[37.8972,5.3512],[37.9056,5.3053],[37.9052,5.2808],[37.9016,5.2462],[37.8859,5.2357],[37.8535,5.236],[37.8279,5.2511],[37.8109,5.2697],[37.7934,5.2756],[37.7736,5.2847],[37.7479,5.278],[37.7297,5.2936],[37.7017,5.3073],[37.675,5.309],[37.6475,5.3007],[37.6381,5.2845],[37.6305,5.2674],[37.5806,5.2491],[37.5787,5.2438],[37.5522,5.2353],[37.5187,5.2219],[37.4921,5.2043],[37.4664,5.1946],[37.418,5.1679],[37.368,5.1565],[37.3415,5.161],[37.318,5.1749],[37.2932,5.1957],[37.2389,5.2008],[37.2177,5.2141],[37.198,5.2117],[37.1826,5.1953],[37.1461,5.1903],[37.113,5.1877],[37.0829,5.1878],[37.0041,5.2005],[36.9839,5.1938],[36.9498,5.1961],[36.922,5.1465],[36.8938,5.1112],[36.883,5.0764],[36.8615,4.9802],[36.8656,4.9456],[36.8616,4.9365],[36.8643,4.7945],[36.8555,4.7375],[36.8293,4.7106],[36.6472,4.7122],[36.6816,4.6057],[36.6583,4.5818],[36.7134,4.4407],[36.8396,4.4454],[36.8673,4.4332],[36.8963,4.4264],[36.9505,4.4057],[36.9569,4.3981],[36.9705,4.396],[36.9822,4.3907],[36.9862,4.3867],[36.9978,4.3804],[37.0402,4.3632],[37.0593,4.3445],[37.0856,4.327],[37.105,4.3003],[37.1245,4.2842],[37.1622,4.2717],[37.1912,4.2556],[37.2489,4.219],[37.2682,4.2052],[37.3303,4.1657],[37.3544,4.1483],[37.4019,4.1197],[37.5105,4.0481],[37.5168,4.0409],[37.5313,4.0328],[37.5545,4.0138],[37.5778,4.0001],[37.5862,3.9921],[37.598,3.9865],[37.6318,3.964],[37.6379,3.9546],[37.6705,3.9345],[37.7107,3.9064],[37.7408,3.8884],[37.7835,3.8571],[37.8345,3.8248],[37.901,3.7792],[37.9174,3.77],[37.9302,3.7606],[37.967,3.74],[37.986,3.7306],[37.9967,3.7278],[38.0034,3.7237],[38.0061,3.7168],[38.0138,3.7101],[38.0147,3.7037],[38.0457,3.6711],[38.0516,3.669],[38.0976,3.6329],[38.1211,3.61],[38.127,3.6084],[38.1338,3.6108],[38.1447,3.6109],[38.1818,3.619],[38.1893,3.6195],[38.2542,3.6135],[38.2784,3.6134],[38.3232,3.6107],[38.3425,3.6077],[38.438,3.6028],[38.4496,3.628],[38.477,3.6124],[38.5118,3.6244],[38.5182,3.6278],[38.5177,3.6413],[38.5144,3.6485],[38.5223,3.6519],[38.5336,3.6542],[38.5447,3.6405],[38.5528,3.625],[38.5521,3.619],[38.554,3.6141],[38.5691,3.6083],[38.5733,3.6049],[38.597,3.606],[38.6106,3.6127],[38.6112,3.6054],[38.656,3.5955],[38.6632,3.5964],[38.6695,3.6054],[38.6714,3.6107],[38.6701,3.6162],[38.6712,3.6213],[38.6787,3.6231],[38.6844,3.6188],[38.6914,3.6051],[38.7066,3.584],[38.7093,3.5765],[38.7132,3.5706],[38.8297,3.5337],[38.8371,3.5333],[38.8577,3.5274],[38.8967,3.5131],[38.9085,3.5112],[38.9477,3.5144],[38.9635,3.5298],[38.9841,3.5219],[39.0025,3.5225],[39.0161,3.5143],[39.0251,3.5235],[39.0322,3.5261],[39.0477,3.5231],[39.0665,3.5294],[39.0817,3.5402],[39.0937,3.5355],[39.2213,3.604],[39.2855,3.6246],[39.4005,3.7972],[39.4837,3.9435],[39.5005,3.9672],[39.4791,4.0418],[39.5099,4.1159],[39.5296,4.1682],[39.5405,4.2366],[39.5678,4.2661],[39.5866,4.298],[39.6197,4.3699],[39.6429,4.4374],[39.6564,4.4703],[39.6755,4.5066],[39.691,4.5447],[39.7041,4.5696],[39.7107,4.5988],[39.7179,4.6171],[39.726,4.6345],[39.7406,4.6562],[39.7468,4.668],[39.7444,4.7249],[39.7594,4.8025],[39.7659,4.8483],[39.7848,4.892],[39.8053,4.9529],[39.8137,5.0035],[39.8344,5.0342],[39.8793,5.1417],[39.9082,5.221],[39.9431,5.2864],[40.0345,5.3982],[40.0643,5.3799],[40.0988,5.3662],[40.1355,5.3592],[40.1753,5.3547],[40.2092,5.3569],[40.2415,5.3674],[40.2775,5.3695],[40.3112,5.3777],[40.3704,5.3878],[40.5338,5.412],[40.5499,5.429],[40.5644,5.4553],[40.5819,5.4773],[40.6063,5.4916],[40.6339,5.5314],[40.6805,5.542],[40.6952,5.5685],[40.7538,5.5957],[40.8124,5.6362],[40.8331,5.6572],[40.8659,5.6704],[40.9232,5.6847],[40.8757,5.8092],[40.8793,5.9888],[40.8721,6.0571],[40.8676,6.0779],[40.8704,6.0958],[40.8673,6.1151],[40.8673,6.1349],[40.8688,6.1526],[40.8789,6.189],[40.8825,6.2456],[40.8806,6.2678],[40.8654,6.3215],[40.8628,6.347],[40.8653,6.3536],[40.8619,6.3624],[40.8576,6.3872],[40.8612,6.4375],[40.8865,6.4734],[40.9009,6.5129],[40.937,6.5524],[40.9908,6.6055],[41.0164,6.6458],[41.0721,6.6891],[41.073,6.6956],[41.1319,6.6925],[41.1572,6.6781],[41.1752,6.6602],[41.2294,6.6243],[41.3593,6.5668],[41.3809,6.5668],[41.4387,6.5452],[41.5289,6.4662],[41.6206,6.363],[41.6342,6.3927],[41.657,6.4104],[41.6851,6.4254],[41.6912,6.4307],[41.7054,6.4537],[41.7398,6.5212],[41.7588,6.5418],[41.7997,6.5587],[41.8206,6.5717],[41.8546,6.5702],[41.8616,6.5366],[41.8889,6.5366],[41.9373,6.5544],[42.0004,6.5911],[42.0049,6.5989],[42.0074,6.6156],[42.0013,6.6299],[42.0001,6.6429],[42.0144,6.6599],[42.0155,6.6817],[42.0264,6.7077],[42.0564,6.75],[42.0638,6.8272],[42.0678,6.8423],[42.0764,6.8652],[42.0771,6.888],[42.0996,6.917],[42.107,6.9314],[42.1351,6.9554],[42.1408,6.9685],[42.1636,7.0083],[42.1585,7.0525],[42.1879,7.0976],[42.2056,7.1422],[42.2044,7.1958],[42.2108,7.2281],[42.2108,7.2652],[42.2,7.2926],[41.897,7.4124],[41.868,7.5339],[41.8687,7.5393],[41.879,7.5638],[41.9057,7.6371],[41.9434,7.7286],[41.958,7.7759],[41.9133,7.8455],[41.9231,7.9792],[41.9272,8.0817],[41.9493,8.202],[42.028,8.3241],[42.0269,8.4269],[42.0422,8.4486],[42.0706,8.4951],[42.0987,8.5201],[42.2165,8.6123],[42.2336,8.6361],[42.2406,8.641],[42.264,8.637],[42.2759,8.6162],[42.2956,8.5871],[42.3081,8.5607],[42.324,8.5379],[42.5035,8.4932],[42.5211,8.4798],[42.5307,8.4559],[42.5396,8.3983],[42.551,8.3516],[42.5679,8.2567],[42.579,8.2296],[42.6169,8.1607],[42.6315,8.1415],[42.6523,8.1308],[42.6623,8.1314],[42.6794,8.1484],[42.7025,8.1807],[42.7121,8.2079],[42.7201,8.2468],[42.7358,8.2955],[42.7549,8.3382],[42.7691,8.3643],[42.7803,8.3744],[42.7991,8.3712],[42.859,8.3928],[42.8853,8.3996],[42.8998,8.4102],[42.898,8.4588],[42.9118,8.4999],[42.9133,8.5232],[42.9085,8.5501],[42.9062,8.5833],[42.8997,8.6037],[42.8608,8.6374],[42.8393,8.6655],[42.8329,8.6963],[42.8381,8.7289],[42.8448,8.759],[42.8585,8.7862],[42.8663,8.8054],[42.8663,8.8262],[42.8505,8.8453],[42.8061,8.8711],[42.7621,8.9188],[42.7316,8.9491],[42.704,8.9819],[42.6811,9.0161],[42.6632,9.05],[42.6453,9.074],[42.6202,9.0903],[42.6003,9.1072],[42.6104,9.1195],[42.6269,9.1331],[42.636,9.145],[42.6356,9.1595],[42.6152,9.175],[42.5964,9.1946],[42.5845,9.2164],[42.5805,9.2385],[42.5719,9.2592],[42.562,9.2713],[42.5523,9.2876],[42.5479,9.3062],[42.5572,9.3221],[42.5525,9.3462],[42.5384,9.374],[42.5531,9.3831],[42.568,9.3971],[42.5858,9.4102],[42.6045,9.4176],[42.6185,9.4279],[42.6418,9.4485],[42.6568,9.4569],[42.667,9.4597],[42.6829,9.4709],[42.7156,9.4755],[42.7296,9.4839],[42.7371,9.4961],[42.7483,9.5026],[42.7772,9.5129],[42.7884,9.5241],[42.8146,9.5736],[42.8416,9.5838],[42.865,9.5876],[42.8809,9.5857],[42.893,9.5754],[42.9098,9.5642],[42.9219,9.5661],[42.9444,9.5885],[42.9696,9.5932],[42.9808,9.6081],[42.9789,9.6296],[42.9649,9.6567],[42.9518,9.6735],[42.936,9.6809],[42.9266,9.6735],[42.9182,9.6585],[42.9089,9.6511],[42.8986,9.6511],[42.8547,9.6632],[42.8239,9.6753],[42.7912,9.694],[42.7511,9.7118],[42.7315,9.722],[42.7147,9.7416],[42.7044,9.7594],[42.695,9.7696],[42.682,9.7752],[42.6647,9.7775],[42.6484,9.7762],[42.6194,9.7594],[42.569,9.7379],[42.4999,9.722],[42.4495,9.723],[42.3775,9.7148],[42.3567,9.7188],[42.3471,9.7223],[42.3407,9.7206],[42.3293,9.7144],[42.3191,9.7066],[42.2869,9.6771],[42.2728,9.6679],[42.2596,9.6526],[42.2417,9.6576],[42.2214,9.6571],[42.2014,9.6541],[42.1813,9.6453],[42.1432,9.6213],[42.1258,9.6155],[42.1288,9.5994],[42.1343,9.5835],[42.147,9.5716],[42.1535,9.5574],[42.1398,9.5357],[42.1106,9.509],[42.0972,9.5023],[42.082,9.4892],[42.0757,9.4747],[42.0685,9.4758],[42.0531,9.4929],[42.0448,9.4993],[42.0326,9.5054],[42.02,9.5092],[41.9963,9.5075],[41.9909,9.5076],[41.9834,9.5095],[41.9397,9.4805],[41.9143,9.4735],[41.8606,9.489],[41.8396,9.4789],[41.8161,9.4777],[41.7935,9.4905],[41.7739,9.492],[41.7554,9.4856],[41.7355,9.4725],[41.7229,9.4685],[41.7032,9.4677],[41.6711,9.4716],[41.6551,9.4822],[41.6435,9.5161],[41.6336,9.5143],[41.5986,9.5124],[41.5651,9.5079],[41.5415,9.5006],[41.523,9.4863],[41.4919,9.4584],[41.4799,9.461],[41.4335,9.4769],[41.394,9.4868],[41.3599,9.4911],[41.3374,9.4956],[41.3096,9.5041],[41.2806,9.5025],[41.2685,9.5004],[41.2531,9.5014],[41.2402,9.4998],[41.2208,9.4917],[41.1957,9.4633],[41.1713,9.4424],[41.1463,9.4256],[41.0844,9.4054],[41.0574,9.3921],[41.031,9.3735],[41.015,9.3582],[40.9716,9.3525],[40.9544,9.3366],[40.9279,9.3241],[40.9038,9.3192],[40.875,9.3105],[40.845,9.3058],[40.8256,9.3064],[40.8134,9.3119],[40.8094,9.3278],[40.8012,9.3461],[40.7935,9.3684],[40.7897,9.3879],[40.7985,9.3966],[40.8289,9.3941],[40.8591,9.3864],[40.8921,9.3905],[40.9147,9.3982],[40.9284,9.4061],[40.9184,9.4228],[40.8909,9.4496],[40.8631,9.464],[40.8432,9.4646],[40.8166,9.4537],[40.7841,9.4489],[40.7204,9.4449],[40.6994,9.4486],[40.6944,9.4454],[40.6764,9.4185],[40.6604,9.4053],[40.6369,9.397],[40.6068,9.3921],[40.5293,9.3865],[40.4997,9.3761],[40.4719,9.3558],[40.4266,9.3053],[40.409,9.2822],[40.3704,9.2193],[40.3279,9.1557],[40.3015,9.1292],[40.2552,9.0871],[40.2464,9.0759],[40.2451,9.0566],[40.2469,9.0364],[40.2431,9.0142],[40.2387,8.9984],[40.2232,8.9888],[40.1883,8.9754],[40.1708,8.9655],[40.1531,8.933],[40.1214,8.8968],[40.0954,8.8632],[40.0818,8.8524],[40.0678,8.845],[40.0521,8.8417],[40.0412,8.8422],[40.0251,8.8461],[40.0113,8.8571],[40.0118,8.8718],[40.0201,8.8902],[40.0375,8.9076],[40.0447,8.9434],[40.052,8.9624],[40.0483,8.9789],[40.0357,8.9955],[40.0228,9.0033],[40.0004,9.0082],[39.969,9.0046],[39.9485,9.0046],[39.9527,9.031],[39.9433,9.0487],[39.9293,9.0552],[39.9196,9.0694],[39.9165,9.0984],[39.9099,9.1328],[39.8993,9.14],[39.8785,9.1458],[39.8499,9.1392],[39.8183,9.1373]],[[38.8134,8.8411],[38.7984,8.8345],[38.7929,8.8368],[38.7814,8.837],[38.7792,8.8429],[38.7783,8.8535],[38.7738,8.8585],[38.7624,8.8547],[38.7573,8.8543],[38.755,8.8597],[38.7464,8.8645],[38.746,8.8705],[38.7481,8.8782],[38.744,8.8815],[38.7453,8.8932],[38.7444,8.9036],[38.7374,8.9023],[38.7319,8.9061],[38.72,8.9208],[38.7093,8.922],[38.7028,8.9267],[38.6977,8.9338],[38.6947,8.9429],[38.6887,8.9408],[38.6815,8.9421],[38.6818,8.9507],[38.6771,8.9587],[38.6437,8.9669],[38.6402,8.9751],[38.6555,8.978],[38.6602,8.9864],[38.6586,8.9959],[38.6519,9.0035],[38.6528,9.0113],[38.6679,9.0111],[38.6681,9.0273],[38.6729,9.0342],[38.6734,9.0397],[38.6844,9.0511],[38.6845,9.0674],[38.6862,9.0741],[38.7015,9.0815],[38.7076,9.0829],[38.7175,9.0888],[38.7279,9.0868],[38.7389,9.0879],[38.7517,9.0916],[38.7661,9.0992],[38.7721,9.0992],[38.779,9.0947],[38.7922,9.0787],[38.8008,9.0796],[38.806,9.0834],[38.8256,9.0769],[38.8434,9.0797],[38.8504,9.0792],[38.8576,9.0846],[38.8691,9.0859],[38.8772,9.0826],[38.8828,9.0696],[38.8838,9.0531],[38.8942,9.0383],[38.902,9.0206],[38.9058,9.0105],[38.9069,8.9986],[38.9052,8.9932],[38.9071,8.9785],[38.9036,8.9635],[38.8971,8.9559],[38.9019,8.9472],[38.8976,8.9381],[38.8923,8.9354],[38.8623,8.9437],[38.8564,8.9393],[38.8617,8.9332],[38.8803,8.9194],[38.8742,8.9061],[38.8783,8.8968],[38.8707,8.8818],[38.8696,8.8741],[38.8646,8.8839],[38.8592,8.8847],[38.8479,8.8811],[38.8415,8.8809],[38.8338,8.884],[38.8268,8.8812],[38.8278,8.8747],[38.8302,8.8698],[38.8247,8.8538],[38.8252,8.8424],[38.8183,8.8404],[38.8134,8.8411]],[[36.2487,8.9746],[36.2229,8.9512],[36.1751,8.9805],[36.1798,8.9874],[36.2218,8.9896],[36.2487,8.9746]],[[42.2538,9.1907],[42.2469,9.188],[42.2346,9.1869],[42.2217,9.1974],[42.2094,9.213],[42.1984,9.2209],[42.1831,9.2179],[42.1666,9.2114],[42.1495,9.2073],[42.1283,9.2276],[42.1215,9.2295],[42.1133,9.2318],[42.0746,9.222],[42.0622,9.2275],[42.0598,9.2504],[42.0614,9.2669],[42.0714,9.305],[42.0862,9.3301],[42.1151,9.3735],[42.1301,9.3897],[42.1475,9.3885],[42.1695,9.3638],[42.1884,9.3627],[42.2228,9.3805],[42.239,9.3859],[42.2539,9.3848],[42.2712,9.3627],[42.2594,9.3354],[42.2659,9.3223],[42.267,9.3108],[42.2512,9.2865],[42.2503,9.271],[42.2572,9.2536],[42.2632,9.2446],[42.2696,9.2306],[42.273,9.2167],[42.2656,9.1989],[42.2604,9.1933],[42.2538,9.1907]]]}},{"type":"Feature","properties":{"name":"SNNPR","iso":"ET-SN"},"geometry":{"type":"Polygon","coordinates":[[[34.9857,6.3001],[34.9519,6.2691],[34.9497,6.2533],[34.9531,6.2389],[34.9648,6.2135],[34.9668,6.2022],[34.9665,6.1853],[34.9697,6.1557],[34.9663,6.1458],[34.9607,6.1366],[34.9582,6.1286],[34.9587,6.1212],[34.9661,6.0915],[34.9729,6.086],[34.988,6.0689],[34.9927,6.0551],[34.9934,6.0198],[35.0027,6.0039],[34.9986,5.9833],[34.9918,5.9715],[34.9883,5.9556],[34.9876,5.9466],[34.998,5.9259],[34.9918,5.9026],[34.9916,5.8967],[35.047,5.8188],[35.0963,5.7315],[35.1095,5.7093],[35.1218,5.6921],[35.1256,5.684],[35.1257,5.675],[35.1214,5.6293],[35.122,5.6216],[35.1269,5.6165],[35.2268,5.5504],[35.2646,5.5237],[35.2841,5.512],[35.301,5.4977],[35.3003,5.4919],[35.3048,5.4777],[35.304,5.4665],[35.305,5.459],[35.3006,5.4467],[35.2999,5.4388],[35.2913,5.4266],[35.2879,5.4037],[35.2879,5.3915],[35.2858,5.3841],[35.2863,5.3772],[35.3009,5.3338],[35.3088,5.3309],[35.3166,5.3303],[35.3354,5.3341],[35.3601,5.3487],[35.3676,5.3502],[35.3748,5.3542],[35.4073,5.3611],[35.4111,5.3654],[35.4271,5.3739],[35.4554,5.3926],[35.4695,5.4072],[35.4804,5.4124],[35.4877,5.4145],[35.4933,5.4135],[35.5058,5.4191],[35.5109,5.4187],[35.5166,5.4151],[35.5341,5.4188],[35.5399,5.4158],[35.5794,5.4158],[35.6565,5.3823],[35.7412,5.3711],[35.7633,5.3533],[35.786,5.3441],[35.8087,5.3412],[35.814,5.3385],[35.8198,5.3327],[35.8295,5.333],[35.8359,5.3288],[35.8395,5.322],[35.8476,5.3202],[35.855,5.316],[35.8584,5.3108],[35.8601,5.3036],[35.8584,5.2957],[35.8536,5.2853],[35.8466,5.2822],[35.8426,5.2752],[35.8328,5.2679],[35.8279,5.2624],[35.8245,5.2572],[35.823,5.2494],[35.8227,5.2378],[35.8247,5.2292],[35.8284,5.2241],[35.8368,5.204],[35.8496,5.1966],[35.8535,5.1904],[35.8591,5.1764],[35.8586,5.1659],[35.8554,5.1503],[35.8464,5.1425],[35.8334,5.121],[35.8149,5.1051],[35.8101,5.0949],[35.8085,5.0879],[35.8106,5.0714],[35.8099,4.9952],[35.8052,4.9469],[35.8054,4.9235],[35.7994,4.8798],[35.7941,4.8047],[35.787,4.7515],[35.7871,4.7329],[35.8268,4.6823],[35.8467,4.6527],[35.8739,4.6255],[35.9037,4.591],[35.9661,4.513],[35.9977,4.4928],[36.0399,4.4555],[36.0498,4.4508],[36.0892,4.4503],[36.1149,4.4515],[36.1563,4.4477],[36.2102,4.4463],[36.2449,4.4562],[36.2659,4.4451],[36.3535,4.4442],[36.398,4.4406],[36.4547,4.4445],[36.5436,4.4411],[36.6176,4.4513],[36.6411,4.4513],[36.6572,4.4415],[36.7134,4.4407],[36.6583,4.5818],[36.6816,4.6057],[36.6472,4.7122],[36.8293,4.7106],[36.8555,4.7375],[36.8643,4.7945],[36.8616,4.9365],[36.8656,4.9456],[36.8615,4.9802],[36.883,5.0764],[36.8938,5.1112],[36.922,5.1465],[36.9498,5.1961],[36.9839,5.1938],[37.0041,5.2005],[37.0829,5.1878],[37.113,5.1877],[37.1461,5.1903],[37.1826,5.1953],[37.198,5.2117],[37.2177,5.2141],[37.2389,5.2008],[37.2932,5.1957],[37.318,5.1749],[37.3415,5.161],[37.368,5.1565],[37.418,5.1679],[37.4664,5.1946],[37.4921,5.2043],[37.5187,5.2219],[37.5522,5.2353],[37.5787,5.2438],[37.5806,5.2491],[37.6305,5.2674],[37.6381,5.2845],[37.6475,5.3007],[37.675,5.309],[37.7017,5.3073],[37.7297,5.2936],[37.7479,5.278],[37.7736,5.2847],[37.7934,5.2756],[37.8109,5.2697],[37.8279,5.2511],[37.8535,5.236],[37.8859,5.2357],[37.9016,5.2462],[37.9052,5.2808],[37.9056,5.3053],[37.8972,5.3512],[37.902,5.3746],[37.9201,5.3973],[37.936,5.4244],[37.941,5.4513],[37.9476,5.4756],[37.9501,5.509],[37.9486,5.539],[37.9423,5.5698],[37.9419,5.5865],[37.931,5.618],[37.9443,5.6408],[37.9783,5.6507],[38.0088,5.6515],[38.0249,5.6614],[38.0416,5.675],[38.076,5.6903],[38.0879,5.7226],[38.0897,5.7469],[38.0729,5.7639],[38.055,5.7655],[38.04,5.7737],[38.0207,5.7914],[38.0131,5.8056],[38.008,5.8506],[37.9833,5.8891],[37.9798,5.9089],[37.9784,5.9291],[37.9694,5.9573],[37.9535,5.9647],[37.9236,5.9614],[37.9048,5.9618],[37.8958,5.9758],[37.8813,5.9864],[37.8663,5.9879],[37.8574,6.0003],[37.8438,6.0123],[37.8279,6.0113],[37.8141,5.9991],[37.8045,5.9945],[37.7923,5.9972],[37.784,6.0119],[37.7906,6.0507],[37.7859,6.0739],[37.7785,6.0994],[37.7765,6.1149],[37.7755,6.1252],[37.7789,6.1509],[37.7913,6.1738],[37.8106,6.1974],[37.8264,6.222],[37.8411,6.2495],[37.8489,6.2801],[37.853,6.3061],[37.8511,6.3281],[37.849,6.3329],[37.8409,6.38],[37.8204,6.3947],[37.8086,6.4115],[37.7983,6.4305],[37.7971,6.4507],[37.8007,6.4795],[37.8086,6.5019],[37.8154,6.5118],[37.8433,6.5429],[37.8723,6.5835],[37.8936,6.5973],[37.9134,6.5919],[37.9193,6.5756],[37.9335,6.5585],[37.9535,6.5509],[37.9696,6.5502],[37.9842,6.5582],[37.9977,6.5769],[38.0167,6.5769],[38.0343,6.5628],[38.0524,6.536],[38.0916,6.5273],[38.102,6.514],[38.1153,6.5008],[38.1401,6.5073],[38.1505,6.4979],[38.1443,6.4595],[38.156,6.4405],[38.1714,6.4511],[38.2163,6.4647],[38.2223,6.4624],[38.2464,6.4695],[38.2609,6.4534],[38.2837,6.4387],[38.2974,6.417],[38.2936,6.3972],[38.2941,6.3733],[38.2891,6.3611],[38.2733,6.3492],[38.2494,6.3376],[38.2322,6.3324],[38.2147,6.3315],[38.1984,6.3203],[38.1892,6.3055],[38.1826,6.2856],[38.1746,6.2681],[38.1727,6.2566],[38.1799,6.2396],[38.1941,6.2275],[38.1987,6.2077],[38.1882,6.1835],[38.1719,6.1682],[38.1592,6.1608],[38.1422,6.1558],[38.1259,6.1564],[38.1178,6.1684],[38.1031,6.1817],[38.0875,6.1623],[38.0807,6.1183],[38.0994,6.0884],[38.101,6.0786],[38.1058,6.0673],[38.1173,6.0515],[38.1224,6.018],[38.1397,6.0116],[38.1512,6.0017],[38.1601,5.9863],[38.171,5.9583],[38.1818,5.943],[38.2046,5.9363],[38.2126,5.918],[38.2156,5.8946],[38.2097,5.8804],[38.2005,5.8661],[38.1992,5.8508],[38.2088,5.8415],[38.2242,5.8399],[38.2401,5.8457],[38.2553,5.8598],[38.2713,5.8698],[38.3046,5.8628],[38.3262,5.8701],[38.359,5.9035],[38.3817,5.9053],[38.3969,5.9214],[38.3893,5.9343],[38.3756,5.9444],[38.3391,5.9569],[38.3284,5.9567],[38.3198,5.9764],[38.3054,5.9813],[38.294,5.9747],[38.2831,5.972],[38.2725,5.9879],[38.2801,6.0076],[38.3147,6.0291],[38.3207,6.0487],[38.3523,6.0975],[38.3633,6.1215],[38.3661,6.1441],[38.3778,6.1658],[38.395,6.1831],[38.4355,6.2001],[38.4398,6.2182],[38.4338,6.2668],[38.4262,6.2914],[38.4283,6.3015],[38.4258,6.3079],[38.4226,6.3495],[38.4246,6.3668],[38.4285,6.3872],[38.4419,6.4066],[38.4541,6.418],[38.4761,6.4316],[38.5046,6.4376],[38.5384,6.4381],[38.5674,6.4417],[38.5841,6.4383],[38.6071,6.4241],[38.6276,6.4183],[38.6458,6.4245],[38.6623,6.4204],[38.6728,6.4103],[38.6915,6.4075],[38.708,6.3937],[38.7395,6.4102],[38.7588,6.4103],[38.7723,6.401],[38.813,6.3572],[38.8329,6.3445],[38.8534,6.3216],[38.8749,6.3021],[38.8864,6.2861],[38.8986,6.2599],[38.9218,6.2298],[38.9373,6.2016],[38.9509,6.1817],[38.9614,6.1606],[38.989,6.1484],[39.0353,6.1387],[39.0565,6.1472],[39.0806,6.1543],[39.1037,6.1586],[39.1327,6.1601],[39.1313,6.1673],[39.114,6.1779],[39.1044,6.2035],[39.1005,6.2198],[39.0868,6.2533],[39.0917,6.2721],[39.1103,6.2886],[39.1204,6.3003],[39.1266,6.3232],[39.1282,6.3456],[39.1221,6.3819],[39.1084,6.439],[39.1008,6.4568],[39.0962,6.4734],[39.0975,6.5229],[39.0871,6.5464],[39.0706,6.5546],[39.0534,6.5582],[39.0493,6.5711],[39.0538,6.5853],[39.0654,6.6001],[39.0601,6.61],[39.033,6.6131],[38.9605,6.6021],[38.9425,6.6116],[38.9453,6.6315],[38.9503,6.6451],[38.9353,6.6569],[38.9187,6.6605],[38.9026,6.6669],[38.8778,6.6695],[38.856,6.67],[38.8386,6.6762],[38.8344,6.6929],[38.8188,6.7049],[38.8107,6.7026],[38.7801,6.7015],[38.7551,6.6983],[38.7431,6.7022],[38.7282,6.7132],[38.7218,6.7313],[38.7064,6.7433],[38.6894,6.7456],[38.6793,6.7502],[38.6728,6.7635],[38.659,6.7709],[38.6443,6.77],[38.6365,6.773],[38.6372,6.8009],[38.6407,6.8139],[38.6684,6.8335],[38.6992,6.8498],[38.7149,6.8618],[38.7056,6.8867],[38.7006,6.9046],[38.7055,6.9319],[38.702,6.9463],[38.6956,6.9587],[38.7014,6.9699],[38.712,6.975],[38.7152,6.9926],[38.7113,7.0142],[38.6985,7.0151],[38.6902,7.0021],[38.6782,7.0066],[38.6752,7.0177],[38.6789,7.03],[38.6853,7.0352],[38.6817,7.0496],[38.6688,7.0611],[38.6543,7.0629],[38.6378,7.0673],[38.647,7.0968],[38.6312,7.1121],[38.6123,7.1254],[38.5845,7.1275],[38.5672,7.1135],[38.5469,7.0921],[38.529,7.0922],[38.5059,7.0891],[38.4809,7.0916],[38.4647,7.101],[38.4609,7.1194],[38.4434,7.128],[38.4217,7.1237],[38.4015,7.1227],[38.3789,7.131],[38.3577,7.1471],[38.343,7.1657],[38.3227,7.163],[38.3143,7.1483],[38.3061,7.1228],[38.29,7.1083],[38.2553,7.0611],[38.2387,7.0213],[38.2172,7.0156],[38.1946,7.0136],[38.1709,7.0021],[38.1474,6.9787],[38.1301,6.9751],[38.1179,6.9821],[38.1098,7.0009],[38.1027,7.012],[38.0887,7.0242],[38.0742,7.0308],[38.065,7.0446],[38.0638,7.0667],[38.0622,7.0734],[38.0673,7.0889],[38.0703,7.1236],[38.0772,7.1553],[38.0788,7.1815],[38.0878,7.1961],[38.1052,7.2121],[38.1257,7.2231],[38.1448,7.2334],[38.1819,7.2591],[38.1994,7.2627],[38.2209,7.2767],[38.2345,7.2891],[38.2474,7.2978],[38.266,7.3079],[38.2765,7.3201],[38.2824,7.3399],[38.278,7.3624],[38.2803,7.3818],[38.2933,7.3926],[38.3097,7.4027],[38.3197,7.4154],[38.326,7.4351],[38.329,7.4576],[38.3281,7.4629],[38.3421,7.4798],[38.3792,7.496],[38.3926,7.5031],[38.4147,7.5053],[38.4276,7.5159],[38.4304,7.5351],[38.4265,7.555],[38.4197,7.5706],[38.4019,7.5799],[38.4017,7.5965],[38.4094,7.6063],[38.4211,7.6255],[38.4191,7.6436],[38.4117,7.6634],[38.4133,7.6827],[38.4266,7.6979],[38.4395,7.72],[38.4435,7.74],[38.4457,7.7607],[38.4933,7.7965],[38.5008,7.8124],[38.5043,7.8321],[38.5137,7.8501],[38.5503,7.872],[38.5639,7.8863],[38.5674,7.9065],[38.5766,7.9254],[38.5873,7.9394],[38.5895,7.9622],[38.5982,7.9917],[38.613,8.008],[38.6108,8.0127],[38.6254,8.0273],[38.6285,8.0347],[38.6135,8.0444],[38.6169,8.0578],[38.6227,8.0695],[38.5942,8.092],[38.5848,8.1092],[38.5893,8.1284],[38.5888,8.1435],[38.5881,8.1574],[38.5823,8.173],[38.5689,8.195],[38.5524,8.2141],[38.5434,8.227],[38.5429,8.2472],[38.5501,8.2638],[38.5616,8.2672],[38.5944,8.2613],[38.6016,8.2507],[38.6044,8.224],[38.6309,8.1452],[38.636,8.1335],[38.6549,8.1149],[38.6674,8.0967],[38.6737,8.091],[38.6801,8.0969],[38.6853,8.1236],[38.6795,8.1723],[38.683,8.1915],[38.694,8.2045],[38.7169,8.2206],[38.7168,8.2323],[38.7029,8.2456],[38.6629,8.272],[38.6518,8.2862],[38.6669,8.3281],[38.6681,8.3516],[38.6625,8.3771],[38.6553,8.3957],[38.6405,8.4132],[38.6176,8.4322],[38.6051,8.4327],[38.5917,8.4271],[38.585,8.4338],[38.5766,8.446],[38.5489,8.4542],[38.5277,8.4587],[38.5023,8.4451],[38.4787,8.4485],[38.4691,8.4361],[38.4624,8.4009],[38.4525,8.3861],[38.4416,8.3364],[38.4333,8.3133],[38.431,8.2999],[38.4225,8.2901],[38.4017,8.2806],[38.3832,8.2746],[38.3763,8.267],[38.3482,8.2554],[38.334,8.2597],[38.3227,8.2735],[38.3079,8.3008],[38.3087,8.331],[38.313,8.3535],[38.3123,8.371],[38.3017,8.3775],[38.2901,8.3818],[38.2829,8.4007],[38.2671,8.4077],[38.2392,8.4104],[38.2184,8.4099],[38.1809,8.394],[38.165,8.4091],[38.1398,8.4105],[38.1234,8.4077],[38.1108,8.3915],[38.1038,8.3901],[38.0874,8.3912],[38.0779,8.3817],[38.0675,8.3771],[38.0397,8.3903],[38.0289,8.3914],[38.0091,8.3736],[37.989,8.3606],[37.9492,8.3685],[37.9288,8.3793],[37.9108,8.3716],[37.8884,8.351],[37.8638,8.3368],[37.84,8.3333],[37.8171,8.3329],[37.7974,8.3358],[37.7798,8.3408],[37.7663,8.3482],[37.7488,8.3529],[37.7317,8.3443],[37.7179,8.3352],[37.7054,8.3381],[37.693,8.3547],[37.6795,8.3788],[37.6669,8.3846],[37.6128,8.3552],[37.5989,8.3664],[37.5769,8.4152],[37.5588,8.4266],[37.5357,8.4247],[37.513,8.4181],[37.4994,8.4047],[37.4722,8.3518],[37.467,8.3324],[37.4634,8.307],[37.4649,8.2835],[37.4728,8.2672],[37.489,8.2535],[37.5181,8.2375],[37.5743,8.226],[37.6225,8.2102],[37.6247,8.2012],[37.6178,8.1783],[37.6066,8.1515],[37.5962,8.1129],[37.5929,8.0943],[37.5926,8.0751],[37.6024,8.0118],[37.6019,7.9752],[37.6036,7.966],[37.5736,7.9534],[37.5583,7.9495],[37.5502,7.9504],[37.5401,7.955],[37.5336,7.9607],[37.5225,7.9782],[37.5192,7.993],[37.5148,8.0008],[37.5025,8.013],[37.4916,8.0182],[37.4784,8.0153],[37.4605,8.0088],[37.4253,8.004],[37.4103,7.9994],[37.4049,7.9947],[37.3926,7.994],[37.3906,7.9859],[37.3885,7.9755],[37.3906,7.9631],[37.3998,7.9552],[37.4174,7.9447],[37.4297,7.9319],[37.4375,7.9197],[37.4352,7.8992],[37.4251,7.8788],[37.4126,7.8551],[37.4057,7.8284],[37.4008,7.7422],[37.4025,7.7107],[37.402,7.6838],[37.4078,7.6588],[37.4206,7.635],[37.4362,7.5852],[37.4459,7.5655],[37.4395,7.5473],[37.408,7.4934],[37.3911,7.4036],[37.3805,7.3812],[37.3574,7.3621],[37.332,7.3509],[37.332,7.3446],[37.2884,7.3356],[37.2631,7.3266],[37.2386,7.3133],[37.2124,7.2939],[37.1836,7.2661],[37.155,7.2419],[37.1294,7.2297],[37.1056,7.2257],[37.0689,7.2365],[37.0403,7.2412],[37.0041,7.2356],[36.9654,7.2259],[36.9666,7.2431],[36.9563,7.2617],[36.9149,7.2994],[36.8799,7.3309],[36.8417,7.3272],[36.7919,7.2535],[36.7633,7.2671],[36.7402,7.2859],[36.715,7.3033],[36.6949,7.3143],[36.6734,7.3292],[36.6525,7.3462],[36.6388,7.3724],[36.6337,7.3791],[36.6236,7.3804],[36.6068,7.3696],[36.5991,7.3702],[36.4847,7.4172],[36.4709,7.4166],[36.4539,7.4186],[36.4071,7.4097],[36.3754,7.4168],[36.3494,7.4466],[36.3025,7.4511],[36.2803,7.4645],[36.2255,7.4856],[36.2014,7.5048],[36.1817,7.5248],[36.1573,7.5438],[36.1284,7.5568],[36.0877,7.5551],[36.063,7.5587],[36.0458,7.5667],[36.0361,7.5738],[36.0333,7.5926],[36.0479,7.6355],[36.0527,7.6551],[36.0427,7.6755],[36.0213,7.6932],[35.998,7.7463],[35.9871,7.7558],[35.9424,7.7751],[35.9233,7.7879],[35.8986,7.8081],[35.8758,7.8229],[35.8608,7.8305],[35.8494,7.8401],[35.8519,7.8491],[35.8599,7.8613],[35.875,7.8769],[35.8876,7.8937],[35.9032,7.9274],[35.9059,7.9472],[35.8996,7.9722],[35.8888,8.0017],[35.8735,8.0599],[35.8616,8.0784],[35.8171,8.0836],[35.7988,8.0803],[35.7665,8.0824],[35.7541,8.069],[35.7448,8.0521],[35.7288,8.0407],[35.7236,8.0236],[35.7393,7.99],[35.7682,7.9703],[35.7721,7.964],[35.7833,7.9551],[35.796,7.9492],[35.8007,7.9418],[35.8005,7.9338],[35.7768,7.9003],[35.7629,7.8838],[35.7403,7.8678],[35.7172,7.8566],[35.7042,7.8603],[35.6945,7.8655],[35.6772,7.8546],[35.6677,7.846],[35.619,7.8159],[35.607,7.8107],[35.5904,7.8098],[35.5709,7.8141],[35.5554,7.8214],[35.5452,7.8321],[35.537,7.8505],[35.5313,7.8811],[35.5215,7.8968],[35.5129,7.8935],[35.5056,7.8859],[35.498,7.8814],[35.491,7.8837],[35.4751,7.8747],[35.4605,7.8737],[35.4343,7.8839],[35.4295,7.882],[35.4192,7.8653],[35.4102,7.8445],[35.4013,7.8307],[35.3899,7.8282],[35.3728,7.8336],[35.3588,7.8441],[35.3506,7.836],[35.3428,7.8225],[35.3416,7.7778],[35.3257,7.7665],[35.3116,7.7621],[35.2938,7.7531],[35.2906,7.7484],[35.2763,7.7472],[35.2487,7.7277],[35.2235,7.7043],[35.2209,7.6814],[35.2211,7.6638],[35.2131,7.6527],[35.1737,7.6554],[35.1168,7.6463],[35.1164,7.632],[35.1464,7.6314],[35.1671,7.616],[35.1655,7.5816],[35.1709,7.5563],[35.1727,7.5339],[35.147,7.5207],[35.1388,7.5133],[35.1275,7.4968],[35.1215,7.4847],[35.1232,7.4798],[35.1622,7.4725],[35.19,7.4568],[35.2103,7.4731],[35.2447,7.4749],[35.2545,7.4796],[35.2631,7.4814],[35.2734,7.4727],[35.3103,7.4804],[35.3208,7.4642],[35.3297,7.4628],[35.3461,7.4541],[35.3566,7.4379],[35.3744,7.4292],[35.3686,7.4158],[35.3931,7.3974],[35.3883,7.3519],[35.3835,7.3355],[35.3757,7.2912],[35.3711,7.2786],[35.3541,7.2636],[35.3466,7.2402],[35.3736,7.2322],[35.3408,7.1884],[35.3352,7.1895],[35.3347,7.1811],[35.3538,7.1551],[35.3695,7.1454],[35.3811,7.124],[35.3725,7.1182],[35.3553,7.1197],[35.3315,7.1283],[35.3144,7.1165],[35.3006,7.117],[35.2806,7.1306],[35.2654,7.1374],[35.2352,7.1391],[35.2192,7.1093],[35.2053,7.1008],[35.115,7.1034],[35.0845,7.1261],[35.0547,7.1855],[35.0216,7.187],[35.0116,7.1959],[34.9786,7.2145],[34.9709,7.2352],[34.9664,7.2163],[34.9432,7.1941],[34.8988,7.186],[34.8913,7.1606],[34.8934,7.0927],[34.8778,7.071],[34.8851,7.032],[34.9028,7.0321],[34.9121,6.9894],[34.9465,6.9454],[34.9747,6.9264],[34.9986,6.8941],[34.9931,6.8653],[34.9697,6.8605],[34.9464,6.8278],[34.9344,6.7975],[34.9861,6.7994],[35.0437,6.8117],[35.0806,6.812],[35.1475,6.7623],[35.1803,6.7286],[35.179,6.7109],[35.1984,6.6815],[35.1883,6.6578],[35.187,6.6282],[35.1961,6.5987],[35.1875,6.5587],[35.1863,6.491],[35.1746,6.4678],[35.1874,6.4456],[35.2002,6.4122],[35.1793,6.3806],[35.1655,6.3841],[35.1442,6.399],[35.1323,6.3968],[35.1197,6.3477],[35.1069,6.3202],[35.0842,6.3193],[35.0742,6.3087],[35.039,6.3059],[35.012,6.2816],[34.9857,6.3001]]]}},{"type":"Feature","properties":{"name":"Somali","iso":"ET-SO"},"geometry":{"type":"Polygon","coordinates":[[[40.6944,9.4454],[40.6994,9.4486],[40.7204,9.4449],[40.7841,9.4489],[40.8166,9.4537],[40.8432,9.4646],[40.8631,9.464],[40.8909,9.4496],[40.9184,9.4228],[40.9284,9.4061],[40.9147,9.3982],[40.8921,9.3905],[40.8591,9.3864],[40.8289,9.3941],[40.7985,9.3966],[40.7897,9.3879],[40.7935,9.3684],[40.8012,9.3461],[40.8094,9.3278],[40.8134,9.3119],[40.8256,9.3064],[40.845,9.3058],[40.875,9.3105],[40.9038,9.3192],[40.9279,9.3241],[40.9544,9.3366],[40.9716,9.3525],[41.015,9.3582],[41.031,9.3735],[41.0574,9.3921],[41.0844,9.4054],[41.1463,9.4256],[41.1713,9.4424],[41.1957,9.4633],[41.2208,9.4917],[41.2402,9.4998],[41.2531,9.5014],[41.2685,9.5004],[41.2806,9.5025],[41.3096,9.5041],[41.3374,9.4956],[41.3599,9.4911],[41.394,9.4868],[41.4335,9.4769],[41.4799,9.461],[41.4919,9.4584],[41.523,9.4863],[41.5415,9.5006],[41.5651,9.5079],[41.5986,9.5124],[41.6336,9.5143],[41.6435,9.5161],[41.6551,9.4822],[41.6711,9.4716],[41.7032,9.4677],[41.7229,9.4685],[41.7355,9.4725],[41.7289,9.49],[41.75,9.6015],[41.7495,9.6373],[41.7747,9.6547],[41.7919,9.65],[41.8019,9.6434],[41.8096,9.6415],[41.8542,9.6747],[41.8741,9.6849],[41.907,9.6803],[41.9973,9.6321],[42.0093,9.6231],[42.0198,9.6189],[42.0317,9.6195],[42.1867,9.7745],[42.2143,9.7847],[42.2519,9.7845],[42.2944,9.7585],[42.3407,9.7206],[42.3471,9.7223],[42.3567,9.7188],[42.3775,9.7148],[42.4495,9.723],[42.4999,9.722],[42.569,9.7379],[42.6194,9.7594],[42.6484,9.7762],[42.6647,9.7775],[42.682,9.7752],[42.695,9.7696],[42.7044,9.7594],[42.7147,9.7416],[42.7315,9.722],[42.7511,9.7118],[42.7912,9.694],[42.8239,9.6753],[42.8547,9.6632],[42.8986,9.6511],[42.9089,9.6511],[42.9182,9.6585],[42.9266,9.6735],[42.936,9.6809],[42.9518,9.6735],[42.9649,9.6567],[42.9789,9.6296],[42.9808,9.6081],[42.9696,9.5932],[42.9444,9.5885],[42.9219,9.5661],[42.9098,9.5642],[42.893,9.5754],[42.8809,9.5857],[42.865,9.5876],[42.8416,9.5838],[42.8146,9.5736],[42.7884,9.5241],[42.7772,9.5129],[42.7483,9.5026],[42.7371,9.4961],[42.7296,9.4839],[42.7156,9.4755],[42.6829,9.4709],[42.667,9.4597],[42.6568,9.4569],[42.6418,9.4485],[42.6185,9.4279],[42.6045,9.4176],[42.5858,9.4102],[42.568,9.3971],[42.5531,9.3831],[42.5384,9.374],[42.5525,9.3462],[42.5572,9.3221],[42.5479,9.3062],[42.5523,9.2876],[42.562,9.2713],[42.5719,9.2592],[42.5805,9.2385],[42.5845,9.2164],[42.5964,9.1946],[42.6152,9.175],[42.6356,9.1595],[42.636,9.145],[42.6269,9.1331],[42.6104,9.1195],[42.6003,9.1072],[42.6202,9.0903],[42.6453,9.074],[42.6632,9.05],[42.6811,9.0161],[42.704,8.9819],[42.7316,8.9491],[42.7621,8.9188],[42.8061,8.8711],[42.8505,8.8453],[42.8663,8.8262],[42.8663,8.8054],[42.8585,8.7862],[42.8448,8.759],[42.8381,8.7289],[42.8329,8.6963],[42.8393,8.6655],[42.8608,8.6374],[42.8997,8.6037],[42.9062,8.5833],[42.9085,8.5501],[42.9133,8.5232],[42.9118,8.4999],[42.898,8.4588],[42.8998,8.4102],[42.8853,8.3996],[42.859,8.3928],[42.7991,8.3712],[42.7803,8.3744],[42.7691,8.3643],[42.7549,8.3382],[42.7358,8.2955],[42.7201,8.2468],[42.7121,8.2079],[42.7025,8.1807],[42.6794,8.1484],[42.6623,8.1314],[42.6523,8.1308],[42.6315,8.1415],[42.6169,8.1607],[42.579,8.2296],[42.5679,8.2567],[42.551,8.3516],[42.5396,8.3983],[42.5307,8.4559],[42.5211,8.4798],[42.5035,8.4932],[42.324,8.5379],[42.3081,8.5607],[42.2956,8.5871],[42.2759,8.6162],[42.264,8.637],[42.2406,8.641],[42.2336,8.6361],[42.2165,8.6123],[42.0987,8.5201],[42.0706,8.4951],[42.0422,8.4486],[42.0269,8.4269],[42.028,8.3241],[41.9493,8.202],[41.9272,8.0817],[41.9231,7.9792],[41.9133,7.8455],[41.958,7.7759],[41.9434,7.7286],[41.9057,7.6371],[41.879,7.5638],[41.8687,7.5393],[41.868,7.5339],[41.897,7.4124],[42.2,7.2926],[42.2108,7.2652],[42.2108,7.2281],[42.2044,7.1958],[42.2056,7.1422],[42.1879,7.0976],[42.1585,7.0525],[42.1636,7.0083],[42.1408,6.9685],[42.1351,6.9554],[42.107,6.9314],[42.0996,6.917],[42.0771,6.888],[42.0764,6.8652],[42.0678,6.8423],[42.0638,6.8272],[42.0564,6.75],[42.0264,6.7077],[42.0155,6.6817],[42.0144,6.6599],[42.0001,6.6429],[42.0013,6.6299],[42.0074,6.6156],[42.0049,6.5989],[42.0004,6.5911],[41.9373,6.5544],[41.8889,6.5366],[41.8616,6.5366],[41.8546,6.5702],[41.8206,6.5717],[41.7997,6.5587],[41.7588,6.5418],[41.7398,6.5212],[41.7054,6.4537],[41.6912,6.4307],[41.6851,6.4254],[41.657,6.4104],[41.6342,6.3927],[41.6206,6.363],[41.5289,6.4662],[41.4387,6.5452],[41.3809,6.5668],[41.3593,6.5668],[41.2294,6.6243],[41.1752,6.6602],[41.1572,6.6781],[41.1319,6.6925],[41.073,6.6956],[41.0721,6.6891],[41.0164,6.6458],[40.9908,6.6055],[40.937,6.5524],[40.9009,6.5129],[40.8865,6.4734],[40.8612,6.4375],[40.8576,6.3872],[40.8619,6.3624],[40.8653,6.3536],[40.8628,6.347],[40.8654,6.3215],[40.8806,6.2678],[40.8825,6.2456],[40.8789,6.189],[40.8688,6.1526],[40.8673,6.1349],[40.8673,6.1151],[40.8704,6.0958],[40.8676,6.0779],[40.8721,6.0571],[40.8793,5.9888],[40.8757,5.8092],[40.9232,5.6847],[40.8659,5.6704],[40.8331,5.6572],[40.8124,5.6362],[40.7538,5.5957],[40.6952,5.5685],[40.6805,5.542],[40.6339,5.5314],[40.6063,5.4916],[40.5819,5.4773],[40.5644,5.4553],[40.5499,5.429],[40.5338,5.412],[40.3704,5.3878],[40.3112,5.3777],[40.2775,5.3695],[40.2415,5.3674],[40.2092,5.3569],[40.1753,5.3547],[40.1355,5.3592],[40.0988,5.3662],[40.0643,5.3799],[40.0345,5.3982],[39.9431,5.2864],[39.9082,5.221],[39.8793,5.1417],[39.8344,5.0342],[39.8137,5.0035],[39.8053,4.9529],[39.7848,4.892],[39.7659,4.8483],[39.7594,4.8025],[39.7444,4.7249],[39.7468,4.668],[39.7406,4.6562],[39.726,4.6345],[39.7179,4.6171],[39.7107,4.5988],[39.7041,4.5696],[39.691,4.5447],[39.6755,4.5066],[39.6564,4.4703],[39.6429,4.4374],[39.6197,4.3699],[39.5866,4.298],[39.5678,4.2661],[39.5405,4.2366],[39.5296,4.1682],[39.5099,4.1159],[39.4791,4.0418],[39.5005,3.9672],[39.4837,3.9435],[39.4005,3.7972],[39.2855,3.6246],[39.2213,3.604],[39.0937,3.5355],[39.1073,3.5207],[39.1358,3.5121],[39.2013,3.4806],[39.2808,3.4744],[39.2997,3.4785],[39.3292,3.4797],[39.3299,3.474],[39.3334,3.4678],[39.4064,3.4661],[39.4164,3.4638],[39.4246,3.4586],[39.4684,3.4581],[39.4869,3.4611],[39.4945,3.459],[39.4993,3.4553],[39.5054,3.4384],[39.5125,3.4119],[39.5169,3.4059],[39.5283,3.4004],[39.5447,3.403],[39.5553,3.4095],[39.5597,3.414],[39.5656,3.4276],[39.5795,3.4741],[39.5827,3.4797],[39.6098,3.5041],[39.6174,3.514],[39.7072,3.6062],[39.7719,3.6699],[39.8375,3.8148],[39.8552,3.8477],[39.8627,3.8656],[40.0189,3.9489],[40.1075,3.9911],[40.1199,3.9978],[40.1273,4.0039],[40.1699,4.0252],[40.1916,4.0376],[40.2099,4.0412],[40.2317,4.0477],[40.3735,4.104],[40.3854,4.1025],[40.4007,4.1174],[40.4405,4.1356],[40.6498,4.2226],[40.6713,4.2308],[40.688,4.2326],[40.7069,4.2445],[40.722,4.2468],[40.7448,4.2594],[40.7594,4.2701],[40.7761,4.2787],[40.793,4.2714],[40.8064,4.2554],[40.8272,4.2387],[40.8819,4.1869],[40.9144,4.1642],[40.9378,4.1497],[40.9555,4.126],[40.9823,4.094],[41.0081,4.0793],[41.0264,4.0628],[41.0427,4.0515],[41.0579,4.0279],[41.1022,3.9992],[41.1136,3.9883],[41.1472,3.9779],[41.173,3.9632],[41.1926,3.9614],[41.216,3.9764],[41.2889,3.9647],[41.3329,3.9607],[41.3795,3.9588],[41.4339,3.9612],[41.473,3.9576],[41.4981,3.9626],[41.5567,3.9572],[41.5793,3.9625],[41.6537,3.9679],[41.6783,3.9681],[41.6985,3.9736],[41.7254,3.9711],[41.7529,3.9759],[41.7682,3.9819],[41.7997,3.9765],[41.8445,3.9822],[41.8598,3.9882],[41.8845,3.9884],[41.9016,3.9868],[41.9148,3.9979],[41.9277,4.0041],[41.9389,4.0202],[41.9597,4.0331],[41.973,4.0441],[41.9834,4.0505],[41.9955,4.0765],[42.0063,4.0878],[42.0146,4.0993],[42.043,4.1139],[42.0583,4.1199],[42.0791,4.1327],[42.1161,4.1342],[42.1589,4.145],[42.2048,4.1629],[42.3058,4.1634],[42.3455,4.1671],[42.3971,4.1648],[42.4368,4.1685],[42.5199,4.1903],[42.5468,4.1878],[42.5751,4.2024],[42.5971,4.2004],[42.6129,4.2112],[42.6397,4.2088],[42.653,4.2198],[42.6929,4.226],[42.7157,4.2337],[42.7315,4.2445],[42.7567,4.252],[42.7779,4.2698],[42.8032,4.2773],[42.8163,4.2859],[42.8299,4.3018],[42.8614,4.3235],[42.8748,4.337],[42.8903,4.3454],[42.9036,4.3565],[42.9173,4.3725],[42.9489,4.3966],[42.9585,4.4228],[42.9742,4.4336],[42.992,4.4689],[43.0086,4.4895],[43.0127,4.5088],[43.0137,4.521],[43.0276,4.5394],[43.034,4.556],[43.068,4.5799],[43.0842,4.5956],[43.1107,4.6178],[43.1315,4.6306],[43.1525,4.6459],[43.1635,4.6596],[43.2018,4.6758],[43.2304,4.6928],[43.251,4.7032],[43.2714,4.7111],[43.2875,4.7269],[43.3081,4.7373],[43.3256,4.7406],[43.3541,4.7576],[43.3574,4.7671],[43.375,4.7704],[43.3851,4.7744],[43.3984,4.7855],[43.4284,4.7901],[43.4565,4.8022],[43.4891,4.8091],[43.5115,4.8119],[43.5268,4.8179],[43.5527,4.8327],[43.57,4.8336],[43.5804,4.84],[43.6006,4.8455],[43.613,4.8468],[43.6232,4.8508],[43.6835,4.8649],[43.7139,4.8744],[43.7567,4.8852],[43.7888,4.8871],[43.8072,4.9002],[43.8447,4.9065],[43.8649,4.912],[43.8946,4.9142],[44.0299,4.9411],[44.0788,4.9365],[44.1238,4.9447],[44.1511,4.9471],[44.2022,4.9399],[44.3079,4.9375],[44.3843,4.9378],[44.548,4.9226],[44.6274,4.9237],[44.6792,4.9145],[44.7323,4.9198],[44.828,4.914],[44.9041,4.9141],[44.9631,4.9203],[45.0026,4.9336],[45.0811,5.0125],[45.6692,5.6237],[45.8994,5.8582],[45.9463,5.911],[46.1228,6.0913],[46.1782,6.1547],[46.8046,6.8045],[47.9593,8.0137],[47.0003,7.9862],[46.7368,8.0715],[45.6218,8.444],[44.1573,8.939],[44.1224,8.963],[44.0622,8.987],[44.054,8.9993],[44.0363,9.0078],[44.0193,9.0255],[44.0037,9.0316],[43.9765,9.038],[43.9595,9.066],[43.9133,9.1038],[43.885,9.124],[43.8673,9.1433],[43.8438,9.1578],[43.805,9.1984],[43.7715,9.2191],[43.762,9.2323],[43.7368,9.2469],[43.7256,9.2603],[43.7106,9.2705],[43.6832,9.2801],[43.6678,9.3062],[43.6547,9.318],[43.6446,9.3242],[43.6298,9.3361],[43.6254,9.3471],[43.5985,9.3619],[43.5823,9.3793],[43.5705,9.3857],[43.555,9.3906],[43.5472,9.4019],[43.5352,9.4065],[43.4978,9.4091],[43.4934,9.4224],[43.4834,9.4363],[43.4672,9.4415],[43.4566,9.4481],[43.4482,9.4581],[43.4164,9.4778],[43.4064,9.5118],[43.3889,9.5264],[43.3803,9.543],[43.3686,9.5584],[43.3563,9.5653],[43.3574,9.5781],[43.346,9.5964],[43.3367,9.6059],[43.3187,9.6305],[43.3079,9.6387],[43.302,9.6536],[43.2989,9.6683],[43.2898,9.6792],[43.2882,9.6937],[43.2759,9.702],[43.273,9.7181],[43.2752,9.7265],[43.2751,9.7423],[43.2659,9.7532],[43.2645,9.7706],[43.2571,9.7842],[43.2506,9.792],[43.2501,9.8035],[43.2523,9.8292],[43.2389,9.8405],[43.2325,9.8497],[43.2232,9.8592],[43.2143,9.8729],[43.2007,9.8814],[43.1682,9.8887],[43.1592,9.901],[43.1437,9.9053],[43.1373,9.9145],[43.0992,9.9224],[43.0931,9.9359],[43.082,9.9398],[43.079,9.9558],[43.0666,9.9785],[43.0639,9.9975],[43.053,10.0042],[43.0416,10.0225],[43.0271,10.0382],[43.0223,10.0487],[43.013,10.0582],[43.0054,10.0704],[42.9949,10.0814],[42.9712,10.0908],[42.9677,10.0997],[42.9544,10.1125],[42.9387,10.1312],[42.9095,10.1597],[42.8846,10.1874],[42.857,10.2265],[42.8407,10.2674],[42.8203,10.2918],[42.8054,10.3157],[42.7867,10.3596],[42.7765,10.4056],[42.7506,10.4505],[42.7373,10.4995],[42.7169,10.5321],[42.7056,10.5755],[42.7078,10.6199],[42.7225,10.6614],[42.7418,10.6868],[42.7686,10.7351],[42.7975,10.7929],[42.898,10.9251],[42.934,10.9592],[42.9444,10.9863],[42.918,10.9958],[42.8531,11.0034],[42.7605,11.0682],[42.702,11.0821],[42.6564,11.0751],[42.6112,11.0737],[42.5797,11.0681],[42.5363,11.0553],[42.5125,11.0406],[42.4753,11.0328],[42.44,11.0163],[42.4053,11.0055],[42.3345,11.0008],[42.2387,11.0012],[42.1872,10.9919],[42.0793,10.9822],[42.0355,10.9637],[41.905,10.9533],[41.8174,10.9839],[41.7698,10.9921],[41.7643,10.9917],[41.7614,10.9828],[41.7405,10.9692],[41.7185,10.9656],[41.7005,10.9702],[41.6817,10.9647],[41.6351,10.9662],[41.5831,10.9629],[41.485,10.9678],[41.411,10.9593],[41.3931,10.9672],[41.3495,10.9634],[41.3012,10.9649],[41.2691,10.9587],[41.2416,10.9222],[41.2345,10.8921],[41.2329,10.8645],[41.221,10.8353],[41.2084,10.8212],[41.1918,10.7973],[41.1673,10.7806],[41.15,10.7606],[41.134,10.745],[41.1158,10.7212],[41.0909,10.6979],[41.0782,10.682],[41.0799,10.6597],[41.0788,10.6404],[41.0833,10.6334],[41.0879,10.6015],[41.0722,10.5419],[41.0623,10.5176],[41.0579,10.5012],[41.048,10.4785],[41.0327,10.4229],[41.0313,10.4014],[41.0159,10.3441],[41.006,10.3198],[40.9908,10.2408],[40.9797,10.1956],[40.9756,10.1576],[40.9547,10.0967],[40.9496,10.0687],[40.9374,10.0362],[40.9469,10.0023],[40.9544,9.9884],[40.9667,9.9726],[40.9815,9.97],[40.9998,9.9688],[41.0142,9.9609],[41.0205,9.9498],[41.0148,9.9402],[40.9974,9.9297],[40.9476,9.8813],[40.8482,9.7913],[40.8265,9.7644],[40.764,9.6685],[40.7496,9.6523],[40.7362,9.6227],[40.7314,9.6078],[40.7227,9.5912],[40.7154,9.567],[40.6999,9.5338],[40.6939,9.4999],[40.6944,9.4454]]]}},{"type":"Feature","properties":{"name":"Tigray","iso":"ET-TI"},"geometry":{"type":"Polygon","coordinates":[[[39.9851,14.4329],[39.9817,14.4414],[39.9724,14.4322],[39.9722,14.4269],[39.9589,14.4185],[39.9507,14.4112],[39.9393,14.4093],[39.9246,14.4156],[39.8961,14.4364],[39.8914,14.4441],[39.8807,14.4527],[39.8734,14.4625],[39.8628,14.4664],[39.8575,14.4726],[39.8477,14.4751],[39.8423,14.48],[39.8322,14.4854],[39.8266,14.4807],[39.8209,14.4795],[39.8141,14.4829],[39.8076,14.4939],[39.8019,14.4998],[39.7935,14.5008],[39.7924,14.5069],[39.7863,14.5117],[39.7754,14.5277],[39.7694,14.5338],[39.7677,14.5413],[39.7512,14.5458],[39.7297,14.5474],[39.7161,14.5522],[39.7102,14.5519],[39.6999,14.5626],[39.6976,14.5696],[39.6812,14.5893],[39.6747,14.5888],[39.6674,14.5927],[39.6583,14.5904],[39.6386,14.599],[39.6297,14.6093],[39.6236,14.6365],[39.6067,14.6477],[39.5921,14.6627],[39.5761,14.6704],[39.5564,14.6693],[39.545,14.6709],[39.5383,14.6701],[39.5312,14.6716],[39.5167,14.6776],[39.5109,14.6723],[39.5035,14.6776],[39.498,14.6549],[39.4892,14.6458],[39.4875,14.6408],[39.491,14.6256],[39.4784,14.6042],[39.4786,14.5982],[39.4926,14.583],[39.4953,14.5649],[39.5013,14.5444],[39.494,14.5094],[39.486,14.502],[39.4735,14.4988],[39.4719,14.505],[39.4686,14.509],[39.4702,14.5162],[39.4627,14.5136],[39.458,14.5078],[39.453,14.5115],[39.4541,14.5274],[39.4363,14.5198],[39.43,14.5249],[39.4291,14.5312],[39.4131,14.5316],[39.3993,14.5388],[39.3845,14.5364],[39.3696,14.5389],[39.3655,14.5346],[39.3685,14.5272],[39.3694,14.5193],[39.3657,14.5124],[39.3655,14.5064],[39.3702,14.5004],[39.372,14.4952],[39.3656,14.4968],[39.3543,14.5056],[39.3409,14.5119],[39.3249,14.4988],[39.3244,14.493],[39.3309,14.481],[39.3147,14.4795],[39.3152,14.4663],[39.3172,14.4604],[39.3232,14.4596],[39.3187,14.4534],[39.3242,14.4506],[39.3208,14.4425],[39.3157,14.4381],[39.2986,14.4368],[39.2988,14.4248],[39.3019,14.4188],[39.3017,14.412],[39.2938,14.4112],[39.2911,14.4053],[39.2767,14.4027],[39.2616,14.3937],[39.2506,14.3928],[39.2476,14.4059],[39.2406,14.4122],[39.2327,14.4313],[39.225,14.4439],[39.2219,14.4544],[39.22,14.4788],[39.2153,14.4834],[39.2094,14.4936],[39.2176,14.4966],[39.2288,14.5122],[39.2323,14.5197],[39.2332,14.5409],[39.2394,14.5482],[39.241,14.5562],[39.239,14.5612],[39.2395,14.5664],[39.234,14.5687],[39.2273,14.5688],[39.2224,14.573],[39.2219,14.5801],[39.2167,14.592],[39.2089,14.6039],[39.2012,14.6116],[39.1785,14.6191],[39.1583,14.6208],[39.1255,14.614],[39.1148,14.6182],[39.1052,14.6306],[39.0985,14.6339],[39.0877,14.6339],[39.0816,14.6371],[39.0762,14.634],[39.0684,14.6343],[39.0623,14.6368],[39.0561,14.6367],[39.0493,14.636],[39.0423,14.6322],[39.0295,14.635],[39.0244,14.6329],[39.0151,14.6244],[39.0093,14.6168],[39.0135,14.604],[39.0108,14.5908],[39.002,14.5863],[38.9947,14.5662],[38.9818,14.5533],[38.9756,14.5422],[38.9682,14.539],[38.9612,14.5387],[38.955,14.5366],[38.9505,14.5317],[38.9381,14.5327],[38.9218,14.5119],[38.9057,14.5018],[38.8651,14.4946],[38.8493,14.4963],[38.836,14.4859],[38.8253,14.4825],[38.8176,14.4825],[38.816,14.4749],[38.8025,14.4689],[38.7949,14.4638],[38.7757,14.4675],[38.7598,14.4652],[38.751,14.4657],[38.7314,14.4595],[38.7166,14.4616],[38.7038,14.4659],[38.6881,14.4608],[38.676,14.4536],[38.6708,14.4533],[38.6658,14.451],[38.6625,14.4461],[38.6551,14.4456],[38.6476,14.4418],[38.64,14.4401],[38.6321,14.4411],[38.6166,14.4341],[38.6092,14.4392],[38.5952,14.4392],[38.5798,14.4342],[38.5729,14.4335],[38.5619,14.4266],[38.5555,14.4263],[38.55,14.4228],[38.5445,14.4231],[38.5382,14.4207],[38.5218,14.4114],[38.5167,14.4057],[38.5069,14.4138],[38.4994,14.4125],[38.4845,14.4188],[38.4784,14.4172],[38.4731,14.4136],[38.457,14.41],[38.4483,14.411],[38.4436,14.4167],[38.4435,14.4228],[38.4396,14.4274],[38.433,14.4286],[38.4216,14.4643],[38.4024,14.4655],[38.3997,14.4707],[38.399,14.4771],[38.3957,14.482],[38.3892,14.4802],[38.3743,14.4808],[38.3698,14.485],[38.3631,14.4873],[38.357,14.4998],[38.3568,14.5073],[38.3502,14.5101],[38.3441,14.5083],[38.3407,14.5143],[38.3418,14.5226],[38.3372,14.5294],[38.3306,14.5321],[38.3161,14.5512],[38.3143,14.5687],[38.3162,14.574],[38.3112,14.5793],[38.3088,14.5857],[38.294,14.5954],[38.2928,14.603],[38.2869,14.6081],[38.272,14.6111],[38.2654,14.6147],[38.2671,14.6284],[38.2699,14.6349],[38.2654,14.6393],[38.2619,14.6677],[38.2571,14.6703],[38.2525,14.6756],[38.2439,14.6785],[38.2379,14.6837],[38.2291,14.6863],[38.2159,14.6833],[38.2109,14.6874],[38.2035,14.6865],[38.1882,14.6897],[38.1844,14.6798],[38.1808,14.6771],[38.1747,14.6804],[38.1628,14.6764],[38.1571,14.677],[38.1511,14.6753],[38.147,14.6692],[38.1401,14.6679],[38.1353,14.6731],[38.1329,14.6791],[38.1284,14.6825],[38.121,14.6844],[38.1157,14.6885],[38.11,14.6906],[38.1064,14.6981],[38.0962,14.702],[38.0924,14.7072],[38.087,14.7084],[38.0787,14.708],[38.0655,14.7119],[38.0543,14.7114],[38.0412,14.7172],[38.0309,14.7284],[38.0191,14.7372],[38.0183,14.7432],[38.0223,14.7555],[38.0214,14.7613],[38.0167,14.7658],[38.0056,14.7668],[38.0045,14.7722],[38.0005,14.776],[37.995,14.774],[37.9928,14.7797],[37.9931,14.7926],[37.9888,14.8085],[37.9753,14.8022],[37.9757,14.8186],[37.9719,14.831],[37.96,14.8335],[37.9513,14.8327],[37.9463,14.8352],[37.9445,14.842],[37.9411,14.846],[37.9236,14.8267],[37.903,14.8106],[37.8765,14.8004],[37.8503,14.8131],[37.8335,14.8057],[37.8056,14.7695],[37.7827,14.7354],[37.7744,14.6988],[37.7761,14.679],[37.7836,14.6543],[37.7744,14.631],[37.7538,14.6433],[37.7424,14.643],[37.7245,14.6243],[37.7107,14.5892],[37.7015,14.5794],[37.6988,14.5631],[37.6797,14.528],[37.6731,14.5223],[37.6716,14.5047],[37.658,14.4953],[37.5962,14.4782],[37.5775,14.4685],[37.5734,14.456],[37.56,14.4529],[37.5496,14.4467],[37.5256,14.4606],[37.5083,14.4619],[37.4898,14.4737],[37.472,14.4693],[37.4578,14.4712],[37.444,14.4712],[37.441,14.4781],[37.4306,14.4808],[37.4042,14.4719],[37.399,14.4617],[37.3779,14.4291],[37.3597,14.4178],[37.3461,14.4164],[37.3449,14.4096],[37.3375,14.4117],[37.3283,14.4232],[37.3151,14.4292],[37.3134,14.4353],[37.3087,14.4432],[37.3001,14.4452],[37.2907,14.4432],[37.2838,14.4393],[37.2589,14.4353],[37.2541,14.4308],[37.2487,14.4301],[37.2392,14.4328],[37.2277,14.441],[37.2128,14.4375],[37.2007,14.4254],[37.1943,14.421],[37.1805,14.4151],[37.1719,14.414],[37.165,14.4178],[37.1578,14.4163],[37.1423,14.4068],[37.1347,14.406],[37.1297,14.3996],[37.1229,14.3801],[37.1147,14.3678],[37.1143,14.3618],[37.1092,14.3567],[37.1004,14.3339],[37.1013,14.3271],[37.1055,14.3214],[37.1036,14.3072],[37.1042,14.2914],[37.1015,14.2865],[37.0969,14.2831],[37.0946,14.2723],[37.0901,14.2686],[37.0724,14.2672],[37.066,14.2625],[37.0578,14.263],[37.0506,14.2667],[37.0444,14.267],[37.0388,14.2648],[37.0336,14.2589],[37.0183,14.2512],[37.0089,14.2501],[36.9979,14.2585],[36.9911,14.2604],[36.9872,14.2637],[36.9822,14.2751],[36.9752,14.2808],[36.97,14.2877],[36.9634,14.2905],[36.957,14.291],[36.9445,14.2897],[36.9385,14.2917],[36.9334,14.2963],[36.9156,14.3001],[36.9011,14.3053],[36.8954,14.3114],[36.879,14.3115],[36.8641,14.3184],[36.8494,14.3169],[36.8415,14.3093],[36.833,14.3075],[36.8278,14.3095],[36.8257,14.3143],[36.809,14.3137],[36.779,14.3173],[36.7662,14.3162],[36.7594,14.3179],[36.7473,14.3183],[36.7351,14.3158],[36.7292,14.3104],[36.7126,14.3073],[36.6917,14.2969],[36.6866,14.2965],[36.6521,14.3051],[36.6372,14.3081],[36.6296,14.3082],[36.6221,14.3068],[36.619,14.2935],[36.6004,14.2904],[36.585,14.2837],[36.5789,14.2876],[36.5646,14.2834],[36.5535,14.2774],[36.5574,14.2709],[36.5619,14.2667],[36.5625,14.2612],[36.5504,14.2508],[36.5439,14.2513],[36.5413,14.1987],[36.4636,13.9716],[36.4999,13.8474],[36.452,13.7693],[36.4563,13.755],[36.4684,13.7438],[36.4815,13.7354],[36.4846,13.7277],[36.4786,13.7215],[36.4794,13.7054],[36.4766,13.7011],[36.4785,13.6941],[36.4832,13.6892],[36.495,13.6706],[36.4992,13.6664],[36.5052,13.6658],[36.5066,13.6531],[36.511,13.6503],[36.5136,13.632],[36.5269,13.6071],[36.5204,13.5862],[36.5324,13.5823],[36.5386,13.5826],[36.5407,13.5762],[36.5555,13.5719],[36.5611,13.564],[36.5625,13.5562],[36.5593,13.5522],[36.5648,13.5481],[36.5673,13.5398],[36.5655,13.5337],[36.5732,13.5229],[36.5805,13.521],[36.5989,13.5054],[36.6019,13.4991],[36.5972,13.4898],[36.5796,13.4829],[36.5751,13.4785],[36.5718,13.4675],[36.5737,13.4568],[36.5718,13.4504],[36.5672,13.4469],[36.5703,13.4259],[36.5771,13.4182],[36.5801,13.4123],[36.5895,13.4035],[36.5935,13.3897],[36.6028,13.3828],[36.6056,13.3783],[36.6103,13.3759],[36.6289,13.3825],[36.6366,13.3831],[36.6447,13.3787],[36.6499,13.3809],[36.657,13.3697],[36.6654,13.3672],[36.6732,13.3694],[36.6859,13.3755],[36.7062,13.3727],[36.7156,13.3678],[36.7228,13.3673],[36.7322,13.3694],[36.7355,13.3637],[36.7456,13.3677],[36.7502,13.3721],[36.763,13.3748],[36.7678,13.3788],[36.7713,13.3826],[36.7732,13.3896],[36.784,13.4036],[36.7892,13.4083],[36.8033,13.4141],[36.8094,13.4192],[36.8134,13.4358],[36.818,13.4472],[36.8256,13.4489],[36.8387,13.4453],[36.8445,13.4416],[36.8455,13.436],[36.855,13.4321],[36.8616,13.4261],[36.872,13.4197],[36.8746,13.4139],[36.882,13.4082],[36.8963,13.4076],[36.9047,13.3952],[36.9059,13.3888],[36.9098,13.3851],[36.9162,13.3834],[36.92,13.3775],[36.9278,13.3783],[36.9305,13.3728],[36.9394,13.3807],[36.9469,13.3705],[36.9524,13.3655],[36.9577,13.3631],[36.9606,13.3679],[36.9653,13.3703],[36.9712,13.366],[36.977,13.3654],[36.9829,13.362],[36.9976,13.3597],[37.0027,13.3574],[37.0138,13.3612],[37.0261,13.3553],[37.0358,13.3539],[37.0405,13.3517],[37.0533,13.3336],[37.0664,13.3305],[37.0701,13.3181],[37.0772,13.3187],[37.0792,13.3125],[37.0847,13.3154],[37.0996,13.317],[37.1165,13.3123],[37.1283,13.3058],[37.1511,13.3014],[37.1586,13.2985],[37.1643,13.2932],[37.1763,13.2892],[37.1865,13.2832],[37.2055,13.2564],[37.2119,13.2601],[37.2149,13.2665],[37.2252,13.2754],[37.2406,13.2776],[37.2422,13.2841],[37.247,13.2929],[37.2513,13.2957],[37.2567,13.2956],[37.2647,13.2907],[37.2767,13.289],[37.2815,13.2856],[37.3136,13.2982],[37.3226,13.2979],[37.3363,13.3111],[37.3398,13.3192],[37.3451,13.3251],[37.3512,13.3274],[37.3533,13.335],[37.3527,13.3433],[37.3562,13.352],[37.3598,13.3582],[37.3661,13.3605],[37.3895,13.357],[37.3966,13.3584],[37.4039,13.3624],[37.4103,13.3708],[37.4166,13.3746],[37.4204,13.3688],[37.4257,13.3642],[37.4322,13.3602],[37.4384,13.3589],[37.4413,13.3548],[37.451,13.3555],[37.4628,13.3602],[37.4723,13.3676],[37.4774,13.3684],[37.4837,13.3649],[37.4909,13.3639],[37.4957,13.3685],[37.5036,13.3685],[37.5115,13.3666],[37.5186,13.3671],[37.5268,13.3719],[37.5326,13.3783],[37.5528,13.3893],[37.558,13.391],[37.5623,13.3878],[37.568,13.3888],[37.5831,13.3977],[37.591,13.3983],[37.6053,13.4096],[37.6118,13.4117],[37.6184,13.4086],[37.6262,13.4088],[37.6379,13.4146],[37.6565,13.4354],[37.6574,13.442],[37.663,13.4428],[37.6666,13.4471],[37.6776,13.4514],[37.6798,13.4571],[37.6842,13.4604],[37.6862,13.4659],[37.695,13.4731],[37.6917,13.4853],[37.6957,13.489],[37.6996,13.4961],[37.7014,13.504],[37.7087,13.5219],[37.7104,13.5309],[37.7163,13.5352],[37.7153,13.5427],[37.721,13.5469],[37.7253,13.5552],[37.7279,13.5641],[37.7366,13.5727],[37.747,13.5716],[37.7466,13.5788],[37.7547,13.5918],[37.7608,13.5916],[37.7616,13.5972],[37.7659,13.6028],[37.7652,13.619],[37.7702,13.6286],[37.7769,13.6342],[37.7756,13.6123],[37.7855,13.598],[37.785,13.5884],[37.7747,13.575],[37.7699,13.5633],[37.7858,13.5399],[37.7935,13.5213],[37.8098,13.5198],[37.8128,13.4803],[37.8177,13.4638],[37.8672,13.4758],[37.876,13.4684],[37.888,13.454],[37.9049,13.4477],[37.9473,13.4671],[37.9633,13.4903],[37.9692,13.4944],[38.002,13.5018],[38.0089,13.5015],[38.0158,13.4872],[38.0216,13.4819],[38.0253,13.4863],[38.0307,13.4834],[38.0378,13.4835],[38.0464,13.4808],[38.0528,13.4686],[38.0603,13.4679],[38.0667,13.4719],[38.0715,13.4771],[38.0837,13.4843],[38.1162,13.4949],[38.1218,13.507],[38.1252,13.4986],[38.1292,13.493],[38.1307,13.4854],[38.1361,13.4793],[38.146,13.4723],[38.156,13.4772],[38.1594,13.4835],[38.1746,13.4941],[38.1893,13.485],[38.2017,13.4808],[38.2122,13.4875],[38.221,13.4899],[38.2282,13.4899],[38.244,13.4974],[38.2488,13.5023],[38.2506,13.4968],[38.26,13.4869],[38.2685,13.4885],[38.2798,13.4862],[38.3207,13.5028],[38.3239,13.5102],[38.3209,13.5245],[38.3269,13.5351],[38.3259,13.544],[38.3287,13.551],[38.342,13.5383],[38.3503,13.5431],[38.3608,13.5537],[38.3663,13.5528],[38.3807,13.5451],[38.3864,13.5522],[38.3921,13.554],[38.4001,13.5461],[38.4002,13.5403],[38.4074,13.5401],[38.4246,13.562],[38.4273,13.572],[38.4335,13.5803],[38.4417,13.5851],[38.4519,13.5852],[38.4441,13.5696],[38.4436,13.5612],[38.4545,13.5576],[38.4594,13.5605],[38.4661,13.5683],[38.4737,13.5648],[38.4743,13.5579],[38.4785,13.553],[38.4907,13.5587],[38.5023,13.5585],[38.5333,13.5539],[38.5501,13.5532],[38.5548,13.551],[38.5515,13.5385],[38.5433,13.5265],[38.5335,13.5193],[38.523,13.5181],[38.5095,13.5119],[38.5038,13.5122],[38.4977,13.5074],[38.4915,13.4964],[38.4991,13.4851],[38.4682,13.4856],[38.4663,13.4804],[38.4699,13.4761],[38.4618,13.4602],[38.485,13.4704],[38.5126,13.4736],[38.5351,13.4825],[38.546,13.484],[38.5629,13.484],[38.5683,13.4871],[38.5738,13.4984],[38.5804,13.5041],[38.591,13.5068],[38.6062,13.4913],[38.6149,13.4913],[38.6233,13.496],[38.6368,13.5069],[38.663,13.5318],[38.6733,13.5099],[38.6768,13.4983],[38.6741,13.4925],[38.6773,13.4841],[38.6622,13.4854],[38.649,13.482],[38.6341,13.4734],[38.6166,13.4521],[38.6187,13.429],[38.6232,13.4119],[38.6332,13.4048],[38.6495,13.3972],[38.67,13.3925],[38.6968,13.3896],[38.7065,13.39],[38.7196,13.4035],[38.7227,13.4087],[38.734,13.3995],[38.7341,13.3848],[38.7381,13.3784],[38.731,13.3661],[38.7345,13.3504],[38.7427,13.3405],[38.7426,13.3342],[38.7378,13.331],[38.739,13.313],[38.7419,13.3081],[38.736,13.303],[38.7401,13.2971],[38.7409,13.2875],[38.7364,13.2826],[38.7308,13.2699],[38.7324,13.263],[38.7441,13.2657],[38.78,13.25],[38.7905,13.2507],[38.8015,13.248],[38.8199,13.2354],[38.8347,13.2326],[38.8391,13.2298],[38.8511,13.2152],[38.864,13.2102],[38.868,13.216],[38.8771,13.2212],[38.8941,13.2241],[38.9142,13.2252],[38.9194,13.2306],[38.9304,13.2364],[38.9526,13.2382],[38.9542,13.2245],[38.9572,13.2199],[38.9567,13.2127],[38.9656,13.2084],[38.9857,13.2034],[38.9982,13.2041],[39.0176,13.1794],[39.0369,13.1706],[39.0425,13.1622],[39.0434,13.1563],[39.0378,13.1349],[39.0272,13.1286],[39.0211,13.1276],[39.0111,13.1147],[38.9795,13.0997],[38.9907,13.082],[38.9913,13.0635],[38.9948,13.046],[39.0009,13.0396],[39.0052,13.0241],[38.9953,13.0124],[39.0011,13.0041],[39.0105,13.0046],[39.0152,13.0023],[39.0351,13.0012],[39.0454,12.9941],[39.0545,12.9914],[39.075,12.9768],[39.0837,12.96],[39.1014,12.9595],[39.12,12.9616],[39.1427,12.9565],[39.1512,12.9539],[39.1557,12.9505],[39.1643,12.9491],[39.1756,12.9389],[39.1937,12.9288],[39.2042,12.9296],[39.2162,12.9228],[39.2334,12.9174],[39.2517,12.9187],[39.2596,12.9154],[39.2639,12.8948],[39.2799,12.857],[39.2958,12.8716],[39.3039,12.8708],[39.3077,12.867],[39.311,12.8529],[39.2913,12.8386],[39.2785,12.8267],[39.3081,12.8124],[39.3045,12.794],[39.2966,12.7862],[39.2766,12.7886],[39.2685,12.7721],[39.2797,12.7593],[39.2818,12.7441],[39.2747,12.7273],[39.2704,12.7239],[39.2864,12.7051],[39.2813,12.6887],[39.2665,12.6778],[39.2397,12.6638],[39.2316,12.6673],[39.2128,12.6624],[39.1997,12.6611],[39.1881,12.657],[39.1823,12.6534],[39.1753,12.6442],[39.1843,12.631],[39.1839,12.613],[39.2051,12.5767],[39.2101,12.5613],[39.2096,12.5503],[39.2151,12.5441],[39.2184,12.5367],[39.219,12.5308],[39.2236,12.523],[39.2231,12.5174],[39.2306,12.5018],[39.2325,12.4939],[39.2318,12.4869],[39.2372,12.4738],[39.237,12.4497],[39.2423,12.4264],[39.2427,12.4043],[39.2408,12.3953],[39.2453,12.3665],[39.2474,12.3607],[39.2464,12.3537],[39.252,12.3449],[39.2637,12.3355],[39.2643,12.3312],[39.2856,12.3004],[39.2917,12.2968],[39.3061,12.298],[39.3226,12.3056],[39.3347,12.3014],[39.3432,12.3015],[39.351,12.2992],[39.3734,12.3021],[39.3895,12.3013],[39.4037,12.296],[39.4204,12.2974],[39.4284,12.3032],[39.4416,12.3163],[39.4564,12.3258],[39.4714,12.3222],[39.5083,12.3336],[39.5235,12.3272],[39.5394,12.2927],[39.5441,12.2658],[39.556,12.2563],[39.5734,12.2567],[39.5927,12.2717],[39.5978,12.2706],[39.6059,12.2713],[39.6151,12.2765],[39.626,12.2888],[39.6218,12.301],[39.6331,12.3084],[39.6596,12.3071],[39.6802,12.3086],[39.7071,12.307],[39.7224,12.309],[39.74,12.3136],[39.7594,12.3207],[39.7624,12.304],[39.778,12.3116],[39.8012,12.3171],[39.8185,12.3248],[39.8184,12.3426],[39.8317,12.3582],[39.8302,12.3664],[39.8261,12.3731],[39.8239,12.3847],[39.8208,12.3907],[39.8218,12.3959],[39.8158,12.4078],[39.8225,12.4156],[39.8342,12.4342],[39.8483,12.4499],[39.864,12.4641],[39.8834,12.4584],[39.8829,12.4677],[39.8721,12.4696],[39.8672,12.4734],[39.8819,12.4852],[39.8691,12.4951],[39.8643,12.507],[39.8626,12.5182],[39.8645,12.5245],[39.8641,12.5322],[39.8532,12.5482],[39.8414,12.5475],[39.8336,12.5506],[39.8268,12.5617],[39.8277,12.5727],[39.8164,12.5821],[39.8076,12.597],[39.8097,12.6041],[39.8196,12.6195],[39.8252,12.6233],[39.8334,12.6351],[39.8242,12.6464],[39.821,12.6596],[39.827,12.6945],[39.8403,12.714],[39.8685,12.7245],[39.8707,12.7346],[39.8895,12.7565],[39.8999,12.763],[39.9205,12.7676],[39.9284,12.7678],[39.9436,12.7722],[39.9642,12.7829],[39.9789,12.7929],[39.9735,12.7981],[39.9704,12.8148],[39.9664,12.8226],[39.9534,12.8376],[39.9421,12.862],[39.9302,12.8751],[39.9301,12.8822],[39.9261,12.8945],[39.9174,12.9053],[39.9073,12.915],[39.9051,12.9225],[39.8991,12.9268],[39.8873,12.9316],[39.8736,12.9429],[39.8632,12.9627],[39.8609,12.9703],[39.8626,12.9945],[39.8613,13.0043],[39.8639,13.0204],[39.8589,13.0368],[39.8488,13.0535],[39.8359,13.0837],[39.8341,13.0892],[39.8321,13.1132],[39.8252,13.1326],[39.8165,13.1469],[39.8128,13.1558],[39.81,13.1774],[39.8046,13.1904],[39.8078,13.2032],[39.8094,13.2178],[39.8015,13.2198],[39.7999,13.2282],[39.7881,13.2463],[39.786,13.2526],[39.7866,13.2634],[39.7783,13.2758],[39.7682,13.2859],[39.7633,13.2841],[39.7595,13.2796],[39.7427,13.2833],[39.7368,13.2872],[39.7309,13.2872],[39.7258,13.289],[39.7206,13.2952],[39.7294,13.3095],[39.7359,13.315],[39.7386,13.3218],[39.7373,13.328],[39.7396,13.3336],[39.7426,13.352],[39.7431,13.3582],[39.7409,13.3639],[39.7326,13.374],[39.7304,13.3795],[39.7466,13.3748],[39.7422,13.3829],[39.7444,13.3896],[39.7392,13.4002],[39.7348,13.4037],[39.7286,13.4229],[39.7269,13.4419],[39.7204,13.4763],[39.7243,13.5098],[39.7291,13.5173],[39.73,13.5247],[39.7348,13.5293],[39.7406,13.5479],[39.7403,13.5638],[39.7454,13.5715],[39.7639,13.5719],[39.7844,13.564],[39.7947,13.5564],[39.8047,13.5544],[39.8171,13.5584],[39.8367,13.556],[39.8443,13.5572],[39.8542,13.5547],[39.8648,13.5488],[39.8643,13.559],[39.8662,13.5644],[39.8684,13.5845],[39.8664,13.591],[39.8658,13.6033],[39.8704,13.6101],[39.8696,13.6211],[39.8673,13.6276],[39.8694,13.6442],[39.8683,13.6589],[39.8771,13.6809],[39.8785,13.6894],[39.8785,13.7066],[39.8754,13.7111],[39.875,13.7228],[39.8769,13.7388],[39.8849,13.7489],[39.8751,13.75],[39.8646,13.7557],[39.8541,13.7671],[39.8546,13.7869],[39.8532,13.7955],[39.8492,13.8006],[39.8424,13.8041],[39.8372,13.812],[39.8346,13.822],[39.8431,13.839],[39.8419,13.8477],[39.8372,13.8548],[39.8387,13.8648],[39.8299,13.8691],[39.8291,13.8886],[39.8303,13.9002],[39.8344,13.9085],[39.8342,13.919],[39.827,13.922],[39.8265,13.9272],[39.8288,13.9322],[39.8185,13.9432],[39.8135,13.9455],[39.8025,13.9462],[39.8136,13.9608],[39.8165,13.9689],[39.8301,13.9749],[39.8365,13.9763],[39.86,13.9664],[39.8595,13.9738],[39.8699,13.9835],[39.8694,13.9929],[39.8868,14.0128],[39.8832,14.0167],[39.8672,14.0222],[39.8615,14.0288],[39.8556,14.0316],[39.8449,14.0509],[39.8454,14.0607],[39.8491,14.0786],[39.8441,14.0905],[39.8428,14.0976],[39.844,14.11],[39.839,14.1271],[39.8385,14.1548],[39.8277,14.1555],[39.8104,14.1522],[39.7987,14.1431],[39.7916,14.1431],[39.7763,14.1397],[39.768,14.1406],[39.7504,14.1524],[39.7218,14.1576],[39.7159,14.1569],[39.6829,14.1653],[39.6744,14.1783],[39.6586,14.183],[39.6508,14.1892],[39.6573,14.1934],[39.6593,14.1993],[39.6648,14.1975],[39.6731,14.2009],[39.6772,14.2077],[39.6866,14.2168],[39.6888,14.2319],[39.695,14.2419],[39.7074,14.2427],[39.7431,14.2355],[39.7539,14.2376],[39.7582,14.2404],[39.7568,14.2506],[39.7585,14.2778],[39.7429,14.2819],[39.7346,14.2885],[39.7277,14.2946],[39.7271,14.3035],[39.7341,14.3072],[39.7462,14.3092],[39.7515,14.3134],[39.7635,14.3193],[39.7722,14.3204],[39.7801,14.3311],[39.7806,14.3364],[39.7757,14.352],[39.7729,14.3744],[39.7885,14.3793],[39.7969,14.3866],[39.8018,14.3878],[39.8209,14.3831],[39.8285,14.3833],[39.8389,14.3811],[39.8483,14.3756],[39.8555,14.3737],[39.854,14.3677],[39.8786,14.3694],[39.8851,14.3711],[39.8908,14.3697],[39.8964,14.3712],[39.9024,14.3673],[39.9092,14.366],[39.9171,14.3708],[39.9394,14.362],[39.9512,14.361],[39.9731,14.3707],[39.9807,14.3716],[39.9917,14.3825],[39.989,14.3887],[39.9826,14.3943],[39.9805,14.4105],[39.9847,14.4242],[39.9851,14.4329]]]}}]}