{"type":"FeatureCollection","features":[{"type":"Feature","properties":{"name":"Nefas Silk"},"geometry":{"type":"Polygon","coordinates":[[[38.739,8.997],[38.72,9.0],[38.716,8.994],[38.713,8.975],[38.705,8.972],[38.693,8.965],[38.689,8.957],[38.682,8.951],[38.681,8.942],[38.689,8.941],[38.695,8.943],[38.698,8.934],[38.703,8.927],[38.709,8.922],[38.72,8.921],[38.732,8.906],[38.737,8.902],[38.744,8.904],[38.75,8.923],[38.755,8.928],[38.763,8.959],[38.769,8.96],[38.774,8.953],[38.776,8.961],[38.77,8.966],[38.769,8.973],[38.765,8.977],[38.765,8.981],[38.759,8.981],[38.745,8.988],[38.74,8.992],[38.739,8.997]]]}},{"type":"Feature","properties":{"name":"Bole"},"geometry":{"type":"Polygon","coordinates":[[[38.774,8.953],[38.772,8.946],[38.775,8.941],[38.781,8.937],[38.802,8.947],[38.817,8.943],[38.821,8.939],[38.837,8.943],[38.85,8.939],[38.856,8.939],[38.862,8.944],[38.892,8.935],[38.898,8.938],[38.902,8.947],[38.897,8.956],[38.904,8.963],[38.907,8.978],[38.905,8.993],[38.907,8.999],[38.906,9.011],[38.898,9.032],[38.891,9.023],[38.885,9.022],[38.859,9.021],[38.831,9.022],[38.82,9.02],[38.809,9.021],[38.8,9.02],[38.785,9.016],[38.778,9.017],[38.776,9.012],[38.777,9.007],[38.774,9.001],[38.775,8.992],[38.771,8.986],[38.765,8.981],[38.765,8.977],[38.769,8.973],[38.77,8.966],[38.776,8.961],[38.774,8.953]]]}},{"type":"Feature","properties":{"name":"Lideta"},"geometry":{"type":"Polygon","coordinates":[[[38.739,8.997],[38.744,9.011],[38.754,9.02],[38.745,9.032],[38.74,9.027],[38.733,9.024],[38.726,9.022],[38.717,9.022],[38.711,9.017],[38.71,9.01],[38.713,9.005],[38.713,8.998],[38.716,8.994],[38.72,9.0],[38.739,8.997]]]}},{"type":"Feature","properties":{"name":"Kirkos"},"geometry":{"type":"Polygon","coordinates":[[[38.765,8.981],[38.771,8.986],[38.775,8.992],[38.774,9.001],[38.777,9.007],[38.776,9.012],[38.778,9.017],[38.766,9.023],[38.759,9.024],[38.754,9.02],[38.744,9.011],[38.739,8.997],[38.74,8.992],[38.745,8.988],[38.759,8.981],[38.765,8.981]]]}},{"type":"Feature","properties":{"name":"Yeka"},"geometry":{"type":"Polygon","coordinates":[[[38.898,9.032],[38.884,9.053],[38.883,9.07],[38.877,9.083],[38.869,9.086],[38.858,9.085],[38.85,9.079],[38.843,9.08],[38.826,9.077],[38.806,9.083],[38.801,9.08],[38.792,9.079],[38.783,9.082],[38.766,9.07],[38.765,9.064],[38.768,9.059],[38.768,9.051],[38.761,9.044],[38.779,9.036],[38.776,9.029],[38.77,9.026],[38.766,9.023],[38.778,9.017],[38.785,9.016],[38.8,9.02],[38.809,9.021],[38.82,9.02],[38.831,9.022],[38.859,9.021],[38.885,9.022],[38.891,9.023],[38.898,9.032]]]}},{"type":"Feature","properties":{"name":"Addis Ketema"},"geometry":{"type":"Polygon","coordinates":[[[38.745,9.032],[38.736,9.044],[38.736,9.049],[38.729,9.047],[38.717,9.054],[38.717,9.041],[38.715,9.035],[38.717,9.022],[38.726,9.022],[38.733,9.024],[38.74,9.027],[38.745,9.032]]]}},{"type":"Feature","properties":{"name":"Arada"},"geometry":{"type":"Polygon","coordinates":[[[38.754,9.02],[38.759,9.024],[38.766,9.023],[38.77,9.026],[38.776,9.029],[38.779,9.036],[38.761,9.044],[38.751,9.047],[38.749,9.053],[38.74,9.053],[38.736,9.049],[38.736,9.044],[38.745,9.032],[38.754,9.02]]]}},{"type":"Feature","properties":{"name":"Gulele"},"geometry":{"type":"Polygon","coordinates":[[[38.792,9.079],[38.779,9.095],[38.772,9.099],[38.766,9.099],[38.752,9.092],[38.739,9.088],[38.728,9.087],[38.717,9.089],[38.708,9.083],[38.712,9.061],[38.717,9.054],[38.729,9.047],[38.736,9.049],[38.74,9.053],[38.749,9.053],[38.751,9.047],[38.761,9.044],[38.768,9.051],[38.768,9.059],[38.765,9.064],[38.766,9.07],[38.783,9.082],[38.792,9.079]]]}},{"type":"Feature","properties":{"name":"Adwa"},"geometry":{"type":"Polygon","coordinates":[[[39.015,14.305],[39.009,14.3],[39.003,14.299],[38.998,14.294],[38.988,14.287],[38.983,14.274],[38.972,14.263],[38.972,14.257],[38.952,14.28],[38.946,14.292],[38.928,14.304],[38.916,14.307],[38.909,14.306],[38.903,14.308],[38.9,14.313],[38.893,14.316],[38.886,14.32],[38.879,14.318],[38.869,14.312],[38.863,14.312],[38.858,14.314],[38.857,14.319],[38.851,14.318],[38.851,14.307],[38.855,14.303],[38.86,14.289],[38.859,14.283],[38.85,14.281],[38.834,14.266],[38.823,14.27],[38.817,14.268],[38.815,14.261],[38.817,14.254],[38.815,14.249],[38.802,14.245],[38.795,14.245],[38.779,14.235],[38.783,14.228],[38.788,14.225],[38.795,14.224],[38.802,14.219],[38.8,14.21],[38.801,14.183],[38.803,14.178],[38.811,14.172],[38.808,14.165],[38.803,14.162],[38.801,14.155],[38.809,14.15],[38.809,14.144],[38.794,14.135],[38.794,14.122],[38.797,14.112],[38.82,14.117],[38.824,14.112],[38.83,14.102],[38.836,14.103],[38.842,14.102],[38.845,14.095],[38.845,14.082],[38.849,14.076],[38.846,14.064],[38.859,14.051],[38.861,14.043],[38.867,14.037],[38.874,14.034],[38.885,14.036],[38.891,14.034],[38.897,14.028],[38.905,14.026],[38.909,14.032],[38.908,14.048],[38.922,14.044],[38.944,14.047],[38.964,14.045],[38.974,14.036],[38.979,14.033],[38.986,14.033],[38.992,14.038],[38.994,14.044],[38.998,14.048],[39.005,14.062],[39.012,14.066],[39.014,14.074],[39.01,14.082],[39.011,14.088],[39.017,14.092],[39.017,14.103],[39.021,14.11],[39.027,14.117],[39.034,14.122],[39.051,14.125],[39.056,14.132],[39.058,14.139],[39.057,14.148],[39.05,14.153],[39.048,14.161],[39.055,14.175],[39.072,14.193],[39.069,14.198],[39.055,14.201],[39.05,14.204],[39.045,14.216],[39.04,14.22],[39.04,14.225],[39.034,14.25],[39.019,14.253],[39.024,14.268],[39.033,14.277],[39.039,14.278],[39.045,14.283],[39.046,14.29],[39.045,14.297],[39.041,14.305],[39.028,14.305],[39.023,14.302],[39.015,14.305]]]}},{"type":"Feature","properties":{"name":"Ahferom"},"geometry":{"type":"Polygon","coordinates":[[[39.048,14.161],[39.082,14.149],[39.089,14.142],[39.096,14.139],[39.102,14.139],[39.112,14.143],[39.118,14.142],[39.122,14.137],[39.122,14.123],[39.126,14.114],[39.142,14.119],[39.153,14.128],[39.159,14.13],[39.163,14.127],[39.165,14.122],[39.172,14.118],[39.18,14.117],[39.193,14.119],[39.194,14.125],[39.201,14.138],[39.211,14.143],[39.226,14.136],[39.233,14.136],[39.257,14.128],[39.255,14.135],[39.25,14.141],[39.243,14.144],[39.242,14.15],[39.236,14.153],[39.238,14.159],[39.236,14.166],[39.24,14.17],[39.246,14.171],[39.256,14.16],[39.264,14.155],[39.272,14.155],[39.286,14.169],[39.269,14.186],[39.254,14.205],[39.256,14.213],[39.259,14.217],[39.259,14.223],[39.257,14.229],[39.258,14.234],[39.25,14.244],[39.236,14.253],[39.229,14.265],[39.233,14.27],[39.242,14.29],[39.24,14.297],[39.232,14.299],[39.225,14.297],[39.22,14.299],[39.221,14.304],[39.229,14.308],[39.237,14.308],[39.239,14.313],[39.24,14.33],[39.244,14.339],[39.24,14.345],[39.244,14.35],[39.246,14.358],[39.242,14.365],[39.235,14.368],[39.234,14.375],[39.239,14.394],[39.248,14.406],[39.241,14.412],[39.233,14.431],[39.225,14.444],[39.222,14.454],[39.22,14.479],[39.215,14.483],[39.209,14.494],[39.218,14.497],[39.229,14.512],[39.232,14.52],[39.233,14.541],[39.239,14.548],[39.241,14.556],[39.239,14.561],[39.239,14.566],[39.234,14.569],[39.227,14.569],[39.222,14.573],[39.222,14.58],[39.217,14.592],[39.209,14.604],[39.201,14.612],[39.179,14.619],[39.158,14.621],[39.126,14.614],[39.115,14.618],[39.105,14.631],[39.098,14.634],[39.088,14.634],[39.082,14.637],[39.076,14.634],[39.068,14.634],[39.062,14.637],[39.049,14.636],[39.042,14.632],[39.03,14.635],[39.024,14.633],[39.015,14.624],[39.009,14.617],[39.014,14.604],[39.011,14.591],[39.002,14.586],[38.995,14.566],[38.982,14.553],[38.976,14.542],[38.968,14.539],[38.961,14.539],[38.955,14.537],[38.95,14.532],[38.944,14.532],[38.948,14.525],[38.958,14.515],[38.982,14.501],[38.984,14.495],[38.999,14.491],[38.992,14.475],[38.991,14.461],[38.989,14.455],[38.983,14.449],[38.995,14.442],[38.999,14.435],[39.004,14.431],[39.011,14.427],[39.015,14.421],[39.013,14.4],[39.016,14.394],[39.021,14.393],[39.024,14.387],[39.02,14.38],[39.02,14.375],[39.029,14.359],[39.024,14.355],[39.017,14.356],[39.013,14.359],[39.013,14.342],[39.008,14.332],[39.009,14.326],[39.013,14.321],[39.015,14.305],[39.023,14.302],[39.028,14.305],[39.041,14.305],[39.045,14.297],[39.046,14.29],[39.045,14.283],[39.039,14.278],[39.033,14.277],[39.024,14.268],[39.019,14.253],[39.034,14.25],[39.04,14.225],[39.04,14.22],[39.045,14.216],[39.05,14.204],[39.055,14.201],[39.069,14.198],[39.072,14.193],[39.055,14.175],[39.048,14.161]]]}},{"type":"Feature","properties":{"name":"Alaje"},"geometry":{"type":"Polygon","coordinates":[[[39.384,13.082],[39.376,13.08],[39.37,13.083],[39.362,13.084],[39.345,13.098],[39.337,13.096],[39.32,13.08],[39.318,13.074],[39.315,13.07],[39.313,13.064],[39.302,13.05],[39.3,13.044],[39.302,13.038],[39.298,13.032],[39.289,13.028],[39.281,13.015],[39.29,13.006],[39.297,12.985],[39.296,12.977],[39.291,12.97],[39.29,12.957],[39.278,12.944],[39.27,12.932],[39.266,12.923],[39.26,12.915],[39.264,12.895],[39.28,12.857],[39.296,12.872],[39.304,12.871],[39.308,12.867],[39.311,12.853],[39.291,12.839],[39.279,12.827],[39.308,12.812],[39.333,12.805],[39.342,12.805],[39.365,12.808],[39.369,12.811],[39.383,12.831],[39.395,12.858],[39.394,12.865],[39.402,12.865],[39.408,12.86],[39.422,12.855],[39.429,12.858],[39.444,12.858],[39.452,12.861],[39.459,12.858],[39.491,12.857],[39.497,12.858],[39.51,12.866],[39.519,12.867],[39.531,12.865],[39.536,12.861],[39.545,12.86],[39.549,12.865],[39.56,12.865],[39.564,12.86],[39.565,12.851],[39.573,12.854],[39.576,12.859],[39.581,12.861],[39.585,12.855],[39.593,12.857],[39.598,12.851],[39.604,12.853],[39.61,12.852],[39.617,12.854],[39.618,12.861],[39.622,12.865],[39.608,12.867],[39.597,12.874],[39.591,12.88],[39.591,12.889],[39.597,12.894],[39.604,12.894],[39.611,12.897],[39.62,12.896],[39.625,12.902],[39.614,12.917],[39.611,12.93],[39.607,12.934],[39.606,12.948],[39.603,12.955],[39.597,12.964],[39.589,12.962],[39.582,12.966],[39.579,12.971],[39.567,12.982],[39.564,12.988],[39.555,12.996],[39.553,13.004],[39.546,13.01],[39.532,13.027],[39.53,13.034],[39.531,13.04],[39.51,13.043],[39.502,13.04],[39.496,13.035],[39.482,13.036],[39.475,13.035],[39.47,13.031],[39.466,13.037],[39.463,13.044],[39.466,13.057],[39.461,13.059],[39.456,13.057],[39.449,13.061],[39.445,13.066],[39.438,13.068],[39.424,13.068],[39.414,13.058],[39.407,13.059],[39.401,13.061],[39.396,13.065],[39.388,13.077],[39.384,13.082]]]}},{"type":"Feature","properties":{"name":"Alamata"},"geometry":{"type":"Polygon","coordinates":[[[39.566,12.564],[39.56,12.563],[39.554,12.565],[39.55,12.559],[39.543,12.558],[39.536,12.554],[39.533,12.545],[39.537,12.539],[39.547,12.529],[39.554,12.518],[39.554,12.511],[39.543,12.509],[39.544,12.504],[39.556,12.495],[39.557,12.48],[39.564,12.462],[39.564,12.456],[39.559,12.45],[39.543,12.451],[39.543,12.445],[39.541,12.438],[39.544,12.417],[39.542,12.41],[39.534,12.403],[39.521,12.397],[39.517,12.389],[39.519,12.383],[39.523,12.378],[39.518,12.372],[39.514,12.364],[39.508,12.363],[39.497,12.369],[39.483,12.385],[39.477,12.387],[39.463,12.387],[39.455,12.391],[39.438,12.396],[39.431,12.393],[39.424,12.395],[39.41,12.403],[39.392,12.408],[39.384,12.408],[39.376,12.41],[39.366,12.412],[39.358,12.411],[39.353,12.408],[39.333,12.405],[39.32,12.399],[39.313,12.402],[39.306,12.408],[39.3,12.412],[39.277,12.4],[39.27,12.4],[39.265,12.403],[39.258,12.403],[39.242,12.41],[39.241,12.395],[39.245,12.366],[39.247,12.361],[39.246,12.354],[39.252,12.345],[39.264,12.335],[39.264,12.331],[39.281,12.306],[39.286,12.3],[39.292,12.297],[39.306,12.298],[39.323,12.306],[39.335,12.301],[39.343,12.301],[39.351,12.299],[39.373,12.302],[39.389,12.301],[39.404,12.296],[39.42,12.297],[39.428,12.303],[39.442,12.316],[39.456,12.326],[39.471,12.322],[39.508,12.334],[39.524,12.327],[39.539,12.293],[39.544,12.266],[39.556,12.256],[39.573,12.257],[39.593,12.272],[39.598,12.271],[39.606,12.271],[39.615,12.276],[39.626,12.289],[39.622,12.301],[39.633,12.308],[39.66,12.307],[39.68,12.309],[39.707,12.307],[39.722,12.309],[39.74,12.314],[39.759,12.321],[39.755,12.324],[39.752,12.33],[39.752,12.338],[39.748,12.342],[39.721,12.346],[39.714,12.344],[39.706,12.345],[39.692,12.343],[39.683,12.344],[39.647,12.364],[39.648,12.371],[39.647,12.382],[39.648,12.389],[39.647,12.402],[39.641,12.415],[39.639,12.427],[39.644,12.431],[39.656,12.434],[39.659,12.443],[39.653,12.464],[39.653,12.469],[39.655,12.476],[39.665,12.493],[39.665,12.498],[39.668,12.505],[39.678,12.515],[39.685,12.52],[39.687,12.526],[39.676,12.541],[39.672,12.548],[39.666,12.552],[39.645,12.552],[39.639,12.554],[39.632,12.554],[39.618,12.55],[39.609,12.557],[39.602,12.557],[39.596,12.559],[39.577,12.558],[39.566,12.564]]]}},{"type":"Feature","properties":{"name":"Asgede Tsimbila"},"geometry":{"type":"Polygon","coordinates":[[[37.905,14.213],[37.896,14.218],[37.89,14.215],[37.888,14.21],[37.883,14.209],[37.873,14.197],[37.866,14.194],[37.864,14.189],[37.856,14.188],[37.846,14.18],[37.841,14.181],[37.835,14.178],[37.832,14.173],[37.826,14.171],[37.823,14.167],[37.82,14.171],[37.813,14.167],[37.805,14.157],[37.801,14.141],[37.792,14.121],[37.788,14.116],[37.767,14.106],[37.762,14.109],[37.756,14.098],[37.749,14.091],[37.729,14.085],[37.729,14.08],[37.732,14.075],[37.727,14.071],[37.708,14.07],[37.702,14.076],[37.696,14.076],[37.69,14.074],[37.682,14.075],[37.677,14.077],[37.67,14.076],[37.665,14.07],[37.662,14.062],[37.655,14.061],[37.648,14.064],[37.642,14.064],[37.639,14.059],[37.637,14.053],[37.633,14.056],[37.626,14.053],[37.619,14.056],[37.617,14.063],[37.605,14.062],[37.601,14.059],[37.598,14.053],[37.603,14.038],[37.615,14.038],[37.621,14.033],[37.608,14.009],[37.61,14.004],[37.616,13.999],[37.621,13.993],[37.63,13.976],[37.631,13.968],[37.628,13.953],[37.636,13.951],[37.643,13.953],[37.65,13.949],[37.654,13.941],[37.657,13.922],[37.66,13.916],[37.664,13.91],[37.676,13.905],[37.683,13.894],[37.694,13.888],[37.702,13.886],[37.707,13.889],[37.712,13.894],[37.717,13.897],[37.723,13.897],[37.729,13.894],[37.734,13.889],[37.735,13.879],[37.74,13.876],[37.751,13.874],[37.765,13.855],[37.775,13.857],[37.803,13.87],[37.815,13.863],[37.822,13.865],[37.828,13.873],[37.839,13.876],[37.844,13.876],[37.849,13.872],[37.851,13.865],[37.857,13.863],[37.862,13.865],[37.866,13.874],[37.87,13.876],[37.892,13.884],[37.9,13.88],[37.907,13.85],[37.91,13.845],[37.936,13.828],[37.962,13.826],[37.973,13.815],[37.973,13.808],[37.977,13.803],[37.992,13.797],[37.996,13.79],[37.999,13.766],[38.004,13.759],[38.009,13.754],[38.011,13.743],[38.015,13.738],[38.021,13.739],[38.032,13.75],[38.039,13.752],[38.045,13.751],[38.06,13.751],[38.07,13.749],[38.082,13.743],[38.096,13.74],[38.109,13.744],[38.131,13.742],[38.14,13.745],[38.151,13.744],[38.156,13.739],[38.173,13.735],[38.181,13.729],[38.194,13.732],[38.209,13.727],[38.221,13.726],[38.228,13.73],[38.232,13.735],[38.243,13.74],[38.256,13.752],[38.272,13.764],[38.289,13.768],[38.307,13.787],[38.313,13.796],[38.314,13.803],[38.31,13.819],[38.31,13.828],[38.313,13.835],[38.312,13.852],[38.315,13.864],[38.314,13.877],[38.313,13.883],[38.309,13.889],[38.31,13.895],[38.31,13.902],[38.306,13.922],[38.302,13.935],[38.296,13.936],[38.294,13.949],[38.296,13.955],[38.296,13.964],[38.302,13.971],[38.302,13.989],[38.295,14.0],[38.293,14.007],[38.288,14.009],[38.28,14.011],[38.274,14.015],[38.266,14.016],[38.258,14.014],[38.249,14.004],[38.247,13.997],[38.235,13.99],[38.231,13.985],[38.223,13.982],[38.213,14.014],[38.216,14.025],[38.221,14.039],[38.219,14.047],[38.214,14.048],[38.209,14.047],[38.203,14.05],[38.181,14.046],[38.185,14.052],[38.19,14.057],[38.192,14.063],[38.188,14.069],[38.189,14.075],[38.189,14.081],[38.178,14.095],[38.177,14.101],[38.174,14.106],[38.164,14.114],[38.158,14.117],[38.155,14.121],[38.154,14.138],[38.149,14.138],[38.143,14.143],[38.123,14.14],[38.117,14.141],[38.112,14.137],[38.1,14.133],[38.082,14.145],[38.072,14.148],[38.065,14.158],[38.059,14.16],[38.055,14.156],[38.037,14.152],[38.033,14.146],[38.025,14.137],[38.011,14.135],[37.995,14.129],[37.993,14.124],[37.987,14.121],[37.978,14.121],[37.971,14.117],[37.954,14.12],[37.947,14.116],[37.941,14.115],[37.937,14.11],[37.926,14.105],[37.92,14.102],[37.914,14.102],[37.915,14.109],[37.922,14.122],[37.92,14.129],[37.915,14.134],[37.912,14.14],[37.91,14.148],[37.915,14.16],[37.917,14.172],[37.914,14.179],[37.905,14.184],[37.901,14.189],[37.899,14.196],[37.905,14.213]]]}},{"type":"Feature","properties":{"name":"Atsbi Wenberta"},"geometry":{"type":"Polygon","coordinates":[[[39.845,14.051],[39.832,14.067],[39.827,14.069],[39.813,14.08],[39.792,14.082],[39.772,14.074],[39.765,14.068],[39.753,14.061],[39.746,14.055],[39.727,14.053],[39.717,14.045],[39.699,14.045],[39.694,14.044],[39.687,14.039],[39.682,14.027],[39.677,14.024],[39.671,14.013],[39.669,14.004],[39.663,13.998],[39.656,13.983],[39.655,13.977],[39.657,13.97],[39.652,13.965],[39.659,13.953],[39.664,13.953],[39.664,13.945],[39.658,13.94],[39.651,13.923],[39.655,13.918],[39.658,13.897],[39.655,13.877],[39.656,13.869],[39.653,13.861],[39.654,13.843],[39.649,13.84],[39.643,13.835],[39.642,13.828],[39.64,13.821],[39.632,13.82],[39.63,13.815],[39.633,13.807],[39.63,13.795],[39.636,13.777],[39.634,13.763],[39.636,13.745],[39.632,13.738],[39.635,13.732],[39.648,13.721],[39.651,13.713],[39.65,13.703],[39.656,13.69],[39.664,13.682],[39.677,13.68],[39.679,13.673],[39.678,13.665],[39.679,13.66],[39.694,13.654],[39.693,13.648],[39.676,13.623],[39.681,13.618],[39.684,13.612],[39.717,13.595],[39.723,13.588],[39.735,13.582],[39.745,13.571],[39.764,13.572],[39.784,13.564],[39.795,13.556],[39.805,13.554],[39.817,13.558],[39.837,13.556],[39.844,13.557],[39.854,13.555],[39.865,13.549],[39.864,13.559],[39.866,13.564],[39.868,13.584],[39.866,13.591],[39.866,13.603],[39.87,13.61],[39.87,13.621],[39.867,13.628],[39.869,13.644],[39.868,13.659],[39.877,13.681],[39.879,13.689],[39.879,13.707],[39.875,13.711],[39.875,13.723],[39.877,13.739],[39.885,13.749],[39.875,13.75],[39.865,13.756],[39.854,13.767],[39.855,13.787],[39.853,13.796],[39.849,13.801],[39.842,13.804],[39.837,13.812],[39.835,13.822],[39.843,13.839],[39.842,13.848],[39.837,13.855],[39.839,13.865],[39.83,13.869],[39.829,13.889],[39.83,13.9],[39.834,13.908],[39.834,13.919],[39.827,13.922],[39.826,13.927],[39.829,13.932],[39.819,13.943],[39.813,13.945],[39.803,13.946],[39.814,13.961],[39.817,13.969],[39.83,13.975],[39.837,13.976],[39.86,13.966],[39.859,13.974],[39.87,13.984],[39.869,13.993],[39.887,14.013],[39.883,14.017],[39.867,14.022],[39.862,14.029],[39.856,14.032],[39.845,14.051]]]}},{"type":"Feature","properties":{"name":"Degua Temben"},"geometry":{"type":"Polygon","coordinates":[[[39.303,13.794],[39.282,13.791],[39.268,13.792],[39.262,13.796],[39.239,13.792],[39.221,13.797],[39.218,13.793],[39.223,13.78],[39.221,13.775],[39.211,13.765],[39.198,13.764],[39.191,13.762],[39.192,13.753],[39.19,13.746],[39.183,13.742],[39.18,13.747],[39.175,13.749],[39.171,13.744],[39.166,13.741],[39.168,13.735],[39.163,13.722],[39.157,13.722],[39.153,13.717],[39.145,13.715],[39.138,13.71],[39.138,13.704],[39.135,13.699],[39.127,13.7],[39.119,13.697],[39.104,13.693],[39.091,13.697],[39.077,13.707],[39.07,13.704],[39.072,13.688],[39.062,13.663],[39.062,13.655],[39.058,13.642],[39.059,13.636],[39.042,13.631],[39.02,13.617],[39.021,13.609],[39.013,13.608],[39.005,13.599],[39.002,13.585],[39.008,13.577],[39.016,13.575],[39.022,13.572],[39.03,13.558],[39.062,13.557],[39.069,13.561],[39.077,13.56],[39.082,13.543],[39.078,13.532],[39.078,13.526],[39.08,13.519],[39.086,13.513],[39.089,13.506],[39.091,13.484],[39.1,13.485],[39.105,13.481],[39.11,13.485],[39.115,13.479],[39.123,13.477],[39.139,13.48],[39.149,13.474],[39.152,13.479],[39.157,13.475],[39.17,13.474],[39.176,13.478],[39.181,13.479],[39.186,13.483],[39.193,13.479],[39.198,13.485],[39.205,13.487],[39.219,13.484],[39.228,13.484],[39.237,13.482],[39.243,13.488],[39.256,13.494],[39.267,13.496],[39.273,13.492],[39.285,13.488],[39.291,13.476],[39.295,13.471],[39.302,13.47],[39.307,13.467],[39.314,13.467],[39.318,13.464],[39.325,13.467],[39.331,13.481],[39.338,13.486],[39.337,13.493],[39.342,13.498],[39.344,13.505],[39.343,13.514],[39.351,13.528],[39.355,13.532],[39.353,13.54],[39.349,13.544],[39.349,13.55],[39.355,13.551],[39.363,13.556],[39.358,13.565],[39.364,13.568],[39.371,13.586],[39.381,13.595],[39.377,13.598],[39.38,13.603],[39.385,13.605],[39.392,13.605],[39.39,13.612],[39.397,13.616],[39.402,13.623],[39.412,13.641],[39.409,13.657],[39.409,13.673],[39.413,13.686],[39.42,13.703],[39.41,13.711],[39.396,13.714],[39.396,13.721],[39.392,13.728],[39.376,13.741],[39.369,13.742],[39.354,13.735],[39.336,13.731],[39.315,13.74],[39.312,13.747],[39.318,13.762],[39.317,13.77],[39.321,13.787],[39.319,13.794],[39.303,13.794]]]}},{"type":"Feature","properties":{"name":"Enderta"},"geometry":{"type":"Polygon","coordinates":[[[39.684,13.612],[39.683,13.604],[39.671,13.597],[39.66,13.587],[39.655,13.582],[39.649,13.57],[39.644,13.565],[39.634,13.56],[39.62,13.588],[39.619,13.593],[39.608,13.602],[39.602,13.599],[39.598,13.595],[39.592,13.584],[39.586,13.578],[39.573,13.576],[39.557,13.583],[39.555,13.59],[39.543,13.601],[39.534,13.594],[39.529,13.595],[39.516,13.602],[39.515,13.61],[39.506,13.619],[39.497,13.62],[39.492,13.616],[39.484,13.619],[39.477,13.626],[39.477,13.634],[39.475,13.64],[39.464,13.641],[39.444,13.621],[39.432,13.62],[39.425,13.613],[39.413,13.62],[39.408,13.624],[39.402,13.623],[39.397,13.616],[39.39,13.612],[39.392,13.605],[39.385,13.605],[39.38,13.603],[39.377,13.598],[39.381,13.595],[39.371,13.586],[39.364,13.568],[39.358,13.565],[39.363,13.556],[39.355,13.551],[39.349,13.55],[39.349,13.544],[39.353,13.54],[39.355,13.532],[39.351,13.528],[39.343,13.514],[39.344,13.505],[39.342,13.498],[39.337,13.493],[39.338,13.486],[39.331,13.481],[39.325,13.467],[39.318,13.464],[39.314,13.467],[39.307,13.467],[39.302,13.47],[39.295,13.471],[39.297,13.465],[39.296,13.458],[39.289,13.454],[39.286,13.446],[39.282,13.44],[39.279,13.433],[39.279,13.423],[39.281,13.414],[39.289,13.412],[39.303,13.401],[39.307,13.406],[39.303,13.413],[39.307,13.417],[39.308,13.424],[39.312,13.43],[39.321,13.441],[39.329,13.441],[39.334,13.44],[39.339,13.434],[39.335,13.403],[39.341,13.401],[39.341,13.395],[39.346,13.392],[39.353,13.39],[39.359,13.392],[39.372,13.393],[39.377,13.4],[39.386,13.402],[39.396,13.399],[39.403,13.391],[39.41,13.391],[39.414,13.386],[39.416,13.38],[39.409,13.351],[39.412,13.342],[39.412,13.335],[39.409,13.329],[39.412,13.323],[39.433,13.323],[39.438,13.325],[39.444,13.33],[39.447,13.335],[39.453,13.339],[39.462,13.34],[39.47,13.344],[39.476,13.35],[39.484,13.36],[39.49,13.354],[39.515,13.338],[39.522,13.343],[39.526,13.348],[39.53,13.344],[39.529,13.338],[39.526,13.331],[39.509,13.32],[39.506,13.313],[39.495,13.301],[39.5,13.295],[39.502,13.289],[39.502,13.275],[39.499,13.269],[39.501,13.264],[39.526,13.244],[39.531,13.247],[39.545,13.262],[39.553,13.258],[39.568,13.266],[39.583,13.267],[39.595,13.261],[39.601,13.26],[39.607,13.263],[39.612,13.259],[39.619,13.258],[39.625,13.259],[39.636,13.252],[39.642,13.251],[39.647,13.252],[39.658,13.25],[39.678,13.243],[39.683,13.243],[39.688,13.24],[39.695,13.24],[39.702,13.235],[39.729,13.235],[39.759,13.224],[39.775,13.223],[39.795,13.216],[39.801,13.22],[39.8,13.228],[39.788,13.246],[39.786,13.253],[39.787,13.263],[39.778,13.276],[39.768,13.286],[39.763,13.284],[39.76,13.28],[39.743,13.283],[39.737,13.287],[39.731,13.287],[39.726,13.289],[39.721,13.295],[39.729,13.309],[39.736,13.315],[39.739,13.322],[39.737,13.328],[39.74,13.334],[39.743,13.352],[39.743,13.358],[39.741,13.364],[39.733,13.374],[39.73,13.379],[39.747,13.375],[39.742,13.383],[39.744,13.39],[39.739,13.4],[39.735,13.404],[39.729,13.423],[39.727,13.442],[39.72,13.476],[39.724,13.51],[39.729,13.517],[39.73,13.525],[39.735,13.529],[39.741,13.548],[39.74,13.564],[39.745,13.571],[39.735,13.582],[39.723,13.588],[39.717,13.595],[39.684,13.612]]]}},{"type":"Feature","properties":{"name":"Erob"},"geometry":{"type":"Polygon","coordinates":[[[39.985,14.433],[39.982,14.441],[39.972,14.432],[39.972,14.427],[39.959,14.418],[39.951,14.411],[39.939,14.409],[39.925,14.416],[39.896,14.436],[39.891,14.444],[39.881,14.453],[39.873,14.462],[39.863,14.466],[39.857,14.473],[39.848,14.475],[39.842,14.48],[39.832,14.485],[39.827,14.481],[39.821,14.48],[39.814,14.483],[39.808,14.494],[39.802,14.5],[39.793,14.501],[39.792,14.507],[39.786,14.512],[39.775,14.528],[39.769,14.534],[39.768,14.541],[39.751,14.546],[39.73,14.547],[39.716,14.552],[39.71,14.552],[39.7,14.563],[39.698,14.57],[39.681,14.589],[39.675,14.589],[39.667,14.593],[39.658,14.59],[39.639,14.599],[39.63,14.609],[39.624,14.637],[39.607,14.648],[39.592,14.663],[39.576,14.67],[39.556,14.669],[39.545,14.671],[39.538,14.67],[39.531,14.672],[39.517,14.678],[39.511,14.672],[39.504,14.678],[39.498,14.655],[39.489,14.646],[39.487,14.641],[39.491,14.626],[39.478,14.604],[39.479,14.598],[39.493,14.583],[39.495,14.565],[39.501,14.544],[39.494,14.509],[39.486,14.502],[39.494,14.5],[39.499,14.496],[39.503,14.489],[39.509,14.487],[39.515,14.478],[39.51,14.464],[39.513,14.458],[39.526,14.444],[39.533,14.441],[39.541,14.436],[39.542,14.43],[39.532,14.421],[39.529,14.413],[39.536,14.406],[39.543,14.411],[39.55,14.409],[39.566,14.408],[39.578,14.409],[39.588,14.399],[39.603,14.392],[39.61,14.387],[39.617,14.382],[39.633,14.377],[39.641,14.376],[39.647,14.379],[39.651,14.383],[39.66,14.386],[39.667,14.384],[39.673,14.386],[39.701,14.381],[39.706,14.384],[39.722,14.379],[39.728,14.383],[39.734,14.378],[39.741,14.376],[39.755,14.374],[39.76,14.371],[39.765,14.371],[39.773,14.374],[39.789,14.379],[39.797,14.387],[39.802,14.388],[39.821,14.383],[39.828,14.383],[39.839,14.381],[39.848,14.376],[39.856,14.374],[39.854,14.368],[39.879,14.369],[39.885,14.371],[39.891,14.37],[39.896,14.371],[39.902,14.367],[39.909,14.366],[39.917,14.371],[39.939,14.362],[39.951,14.361],[39.973,14.371],[39.981,14.372],[39.992,14.383],[39.989,14.389],[39.983,14.394],[39.98,14.41],[39.985,14.424],[39.985,14.433]]]}},{"type":"Feature","properties":{"name":"Ganta Afeshum"},"geometry":{"type":"Polygon","coordinates":[[[39.286,14.169],[39.291,14.166],[39.292,14.159],[39.302,14.153],[39.323,14.133],[39.326,14.123],[39.331,14.116],[39.336,14.113],[39.341,14.1],[39.343,14.109],[39.348,14.116],[39.357,14.119],[39.36,14.131],[39.363,14.139],[39.368,14.146],[39.373,14.151],[39.379,14.153],[39.385,14.157],[39.395,14.166],[39.408,14.16],[39.41,14.155],[39.418,14.156],[39.422,14.16],[39.429,14.159],[39.434,14.161],[39.438,14.154],[39.452,14.143],[39.458,14.144],[39.468,14.136],[39.47,14.14],[39.482,14.139],[39.486,14.135],[39.498,14.144],[39.503,14.154],[39.499,14.164],[39.494,14.17],[39.496,14.178],[39.51,14.177],[39.51,14.184],[39.511,14.189],[39.518,14.177],[39.524,14.181],[39.521,14.19],[39.524,14.195],[39.533,14.196],[39.536,14.202],[39.536,14.208],[39.54,14.214],[39.541,14.219],[39.532,14.228],[39.533,14.237],[39.531,14.242],[39.526,14.247],[39.521,14.255],[39.515,14.258],[39.509,14.257],[39.512,14.265],[39.516,14.29],[39.516,14.295],[39.518,14.3],[39.52,14.312],[39.516,14.334],[39.507,14.322],[39.498,14.323],[39.485,14.329],[39.48,14.325],[39.474,14.324],[39.467,14.326],[39.459,14.325],[39.453,14.328],[39.448,14.326],[39.441,14.328],[39.436,14.332],[39.43,14.331],[39.422,14.324],[39.422,14.315],[39.414,14.302],[39.406,14.3],[39.398,14.304],[39.391,14.309],[39.387,14.306],[39.386,14.3],[39.378,14.297],[39.371,14.297],[39.364,14.293],[39.346,14.295],[39.34,14.294],[39.33,14.285],[39.324,14.283],[39.318,14.288],[39.311,14.288],[39.309,14.293],[39.311,14.299],[39.295,14.312],[39.286,14.314],[39.283,14.32],[39.283,14.325],[39.288,14.335],[39.286,14.343],[39.292,14.354],[39.288,14.366],[39.282,14.366],[39.275,14.369],[39.269,14.363],[39.263,14.351],[39.257,14.351],[39.246,14.358],[39.244,14.35],[39.24,14.345],[39.244,14.339],[39.24,14.33],[39.239,14.313],[39.237,14.308],[39.229,14.308],[39.221,14.304],[39.22,14.299],[39.225,14.297],[39.232,14.299],[39.24,14.297],[39.242,14.29],[39.233,14.27],[39.229,14.265],[39.236,14.253],[39.25,14.244],[39.258,14.234],[39.257,14.229],[39.259,14.223],[39.259,14.217],[39.256,14.213],[39.254,14.205],[39.269,14.186],[39.286,14.169]]]}},{"type":"Feature","properties":{"name":"Gulomekeda"},"geometry":{"type":"Polygon","coordinates":[[[39.246,14.358],[39.257,14.351],[39.263,14.351],[39.269,14.363],[39.275,14.369],[39.282,14.366],[39.288,14.366],[39.292,14.354],[39.286,14.343],[39.288,14.335],[39.283,14.325],[39.283,14.32],[39.286,14.314],[39.295,14.312],[39.311,14.299],[39.309,14.293],[39.311,14.288],[39.318,14.288],[39.324,14.283],[39.33,14.285],[39.34,14.294],[39.346,14.295],[39.364,14.293],[39.371,14.297],[39.378,14.297],[39.386,14.3],[39.387,14.306],[39.391,14.309],[39.398,14.304],[39.406,14.3],[39.414,14.302],[39.422,14.315],[39.422,14.324],[39.43,14.331],[39.436,14.332],[39.441,14.328],[39.448,14.326],[39.453,14.328],[39.459,14.325],[39.467,14.326],[39.474,14.324],[39.48,14.325],[39.485,14.329],[39.498,14.323],[39.507,14.322],[39.516,14.334],[39.519,14.339],[39.53,14.35],[39.536,14.359],[39.55,14.366],[39.556,14.38],[39.577,14.383],[39.584,14.383],[39.591,14.381],[39.61,14.387],[39.603,14.392],[39.588,14.399],[39.578,14.409],[39.566,14.408],[39.55,14.409],[39.543,14.411],[39.536,14.406],[39.529,14.413],[39.532,14.421],[39.542,14.43],[39.541,14.436],[39.533,14.441],[39.526,14.444],[39.513,14.458],[39.51,14.464],[39.515,14.478],[39.509,14.487],[39.503,14.489],[39.499,14.496],[39.494,14.5],[39.486,14.502],[39.474,14.499],[39.472,14.505],[39.469,14.509],[39.47,14.516],[39.463,14.514],[39.458,14.508],[39.453,14.512],[39.454,14.527],[39.436,14.52],[39.43,14.525],[39.429,14.531],[39.413,14.532],[39.399,14.539],[39.385,14.536],[39.37,14.539],[39.365,14.535],[39.369,14.527],[39.369,14.519],[39.366,14.512],[39.366,14.506],[39.37,14.5],[39.372,14.495],[39.366,14.497],[39.354,14.506],[39.341,14.512],[39.325,14.499],[39.324,14.493],[39.331,14.481],[39.315,14.479],[39.315,14.466],[39.317,14.46],[39.323,14.46],[39.319,14.453],[39.324,14.451],[39.321,14.443],[39.316,14.438],[39.299,14.437],[39.299,14.425],[39.302,14.419],[39.302,14.412],[39.294,14.411],[39.291,14.405],[39.277,14.403],[39.262,14.394],[39.256,14.393],[39.251,14.393],[39.248,14.406],[39.239,14.394],[39.234,14.375],[39.235,14.368],[39.242,14.365],[39.246,14.358]]]}},{"type":"Feature","properties":{"name":"Hawzen"},"geometry":{"type":"Polygon","coordinates":[[[39.303,13.794],[39.305,13.812],[39.309,13.822],[39.311,13.843],[39.325,13.877],[39.331,13.883],[39.336,13.881],[39.334,13.875],[39.336,13.867],[39.35,13.845],[39.36,13.843],[39.367,13.846],[39.37,13.851],[39.375,13.855],[39.381,13.853],[39.387,13.85],[39.4,13.848],[39.411,13.854],[39.417,13.856],[39.423,13.859],[39.437,13.858],[39.443,13.862],[39.461,13.858],[39.482,13.857],[39.489,13.862],[39.495,13.871],[39.497,13.879],[39.507,13.888],[39.507,13.899],[39.511,13.904],[39.505,13.909],[39.501,13.917],[39.499,13.936],[39.496,13.943],[39.494,13.955],[39.499,13.958],[39.526,13.953],[39.553,13.965],[39.56,13.976],[39.573,13.978],[39.57,13.993],[39.567,13.999],[39.569,14.006],[39.575,14.011],[39.575,14.017],[39.567,14.019],[39.553,14.018],[39.54,14.015],[39.532,14.011],[39.527,14.01],[39.531,14.018],[39.532,14.024],[39.53,14.03],[39.531,14.037],[39.534,14.042],[39.528,14.041],[39.517,14.033],[39.51,14.037],[39.508,14.042],[39.515,14.055],[39.516,14.072],[39.503,14.091],[39.498,14.093],[39.491,14.093],[39.481,14.087],[39.477,14.091],[39.475,14.103],[39.484,14.112],[39.473,14.116],[39.482,14.128],[39.486,14.135],[39.482,14.139],[39.47,14.14],[39.468,14.136],[39.458,14.144],[39.452,14.143],[39.438,14.154],[39.434,14.161],[39.429,14.159],[39.422,14.16],[39.418,14.156],[39.41,14.155],[39.408,14.16],[39.395,14.166],[39.385,14.157],[39.379,14.153],[39.373,14.151],[39.368,14.146],[39.363,14.139],[39.36,14.131],[39.357,14.119],[39.348,14.116],[39.343,14.109],[39.341,14.1],[39.342,14.089],[39.334,14.072],[39.332,14.05],[39.329,14.044],[39.325,14.032],[39.315,14.019],[39.315,14.012],[39.305,13.993],[39.301,13.989],[39.293,13.987],[39.285,13.976],[39.279,13.972],[39.272,13.965],[39.26,13.96],[39.247,13.95],[39.244,13.937],[39.232,13.926],[39.229,13.92],[39.223,13.916],[39.219,13.909],[39.214,13.905],[39.209,13.904],[39.196,13.897],[39.191,13.891],[39.21,13.866],[39.218,13.863],[39.218,13.855],[39.225,13.845],[39.226,13.832],[39.223,13.814],[39.218,13.801],[39.221,13.797],[39.239,13.792],[39.262,13.796],[39.268,13.792],[39.282,13.791],[39.303,13.794]]]}},{"type":"Feature","properties":{"name":"Hintalo Wejirat"},"geometry":{"type":"Polygon","coordinates":[[[39.625,12.902],[39.659,12.909],[39.67,12.904],[39.694,12.903],[39.705,12.896],[39.709,12.89],[39.714,12.887],[39.746,12.882],[39.754,12.884],[39.774,12.899],[39.775,12.904],[39.78,12.909],[39.784,12.92],[39.79,12.924],[39.797,12.931],[39.804,12.932],[39.822,12.942],[39.827,12.939],[39.835,12.939],[39.838,12.932],[39.844,12.925],[39.854,12.927],[39.86,12.931],[39.864,12.937],[39.874,12.943],[39.863,12.963],[39.861,12.97],[39.863,12.995],[39.861,13.004],[39.864,13.02],[39.859,13.037],[39.849,13.053],[39.836,13.084],[39.834,13.089],[39.832,13.113],[39.825,13.133],[39.817,13.147],[39.813,13.156],[39.81,13.177],[39.805,13.19],[39.808,13.203],[39.809,13.218],[39.801,13.22],[39.795,13.216],[39.775,13.223],[39.759,13.224],[39.729,13.235],[39.702,13.235],[39.695,13.24],[39.688,13.24],[39.683,13.243],[39.678,13.243],[39.658,13.25],[39.647,13.252],[39.642,13.251],[39.636,13.252],[39.625,13.259],[39.619,13.258],[39.612,13.259],[39.607,13.263],[39.601,13.26],[39.595,13.261],[39.583,13.267],[39.568,13.266],[39.553,13.258],[39.545,13.262],[39.531,13.247],[39.526,13.244],[39.501,13.264],[39.499,13.269],[39.502,13.275],[39.502,13.289],[39.5,13.295],[39.495,13.301],[39.506,13.313],[39.509,13.32],[39.526,13.331],[39.529,13.338],[39.53,13.344],[39.526,13.348],[39.522,13.343],[39.515,13.338],[39.49,13.354],[39.484,13.36],[39.476,13.35],[39.47,13.344],[39.462,13.34],[39.453,13.339],[39.447,13.335],[39.444,13.33],[39.438,13.325],[39.433,13.323],[39.412,13.323],[39.409,13.329],[39.412,13.335],[39.412,13.342],[39.409,13.351],[39.416,13.38],[39.414,13.386],[39.41,13.391],[39.403,13.391],[39.396,13.399],[39.386,13.402],[39.377,13.4],[39.372,13.393],[39.359,13.392],[39.353,13.39],[39.346,13.392],[39.341,13.395],[39.341,13.401],[39.335,13.403],[39.339,13.434],[39.334,13.44],[39.329,13.441],[39.321,13.441],[39.312,13.43],[39.308,13.424],[39.307,13.417],[39.303,13.413],[39.307,13.406],[39.303,13.401],[39.289,13.412],[39.281,13.414],[39.28,13.406],[39.283,13.383],[39.29,13.364],[39.294,13.361],[39.296,13.355],[39.292,13.341],[39.293,13.332],[39.296,13.324],[39.301,13.321],[39.308,13.322],[39.305,13.308],[39.301,13.301],[39.294,13.298],[39.292,13.292],[39.294,13.285],[39.301,13.285],[39.313,13.289],[39.325,13.288],[39.341,13.268],[39.339,13.261],[39.327,13.256],[39.32,13.242],[39.311,13.23],[39.314,13.217],[39.318,13.212],[39.319,13.207],[39.324,13.197],[39.331,13.174],[39.339,13.167],[39.34,13.159],[39.335,13.156],[39.324,13.146],[39.319,13.135],[39.314,13.131],[39.314,13.124],[39.321,13.118],[39.331,13.115],[39.349,13.106],[39.354,13.101],[39.375,13.09],[39.381,13.086],[39.384,13.082],[39.388,13.077],[39.396,13.065],[39.401,13.061],[39.407,13.059],[39.414,13.058],[39.424,13.068],[39.438,13.068],[39.445,13.066],[39.449,13.061],[39.456,13.057],[39.461,13.059],[39.466,13.057],[39.463,13.044],[39.466,13.037],[39.47,13.031],[39.475,13.035],[39.482,13.036],[39.496,13.035],[39.502,13.04],[39.51,13.043],[39.531,13.04],[39.53,13.034],[39.532,13.027],[39.546,13.01],[39.553,13.004],[39.555,12.996],[39.564,12.988],[39.567,12.982],[39.579,12.971],[39.582,12.966],[39.589,12.962],[39.597,12.964],[39.603,12.955],[39.606,12.948],[39.607,12.934],[39.611,12.93],[39.614,12.917],[39.625,12.902]]]}},{"type":"Feature","properties":{"name":"Kafta Humera"},"geometry":{"type":"Polygon","coordinates":[[[37.345,14.41],[37.338,14.412],[37.328,14.423],[37.315,14.429],[37.313,14.435],[37.309,14.443],[37.3,14.445],[37.291,14.443],[37.284,14.439],[37.259,14.435],[37.254,14.431],[37.249,14.43],[37.239,14.433],[37.228,14.441],[37.22,14.44],[37.213,14.438],[37.201,14.425],[37.194,14.421],[37.181,14.415],[37.172,14.414],[37.165,14.418],[37.153,14.414],[37.142,14.407],[37.135,14.406],[37.127,14.394],[37.123,14.38],[37.115,14.368],[37.114,14.362],[37.109,14.357],[37.103,14.344],[37.1,14.334],[37.101,14.327],[37.105,14.321],[37.104,14.307],[37.104,14.291],[37.102,14.287],[37.097,14.283],[37.095,14.272],[37.09,14.269],[37.072,14.267],[37.066,14.263],[37.058,14.263],[37.051,14.267],[37.044,14.267],[37.039,14.265],[37.034,14.259],[37.018,14.251],[37.009,14.25],[36.998,14.258],[36.991,14.26],[36.987,14.264],[36.982,14.275],[36.975,14.281],[36.97,14.288],[36.963,14.29],[36.957,14.291],[36.945,14.29],[36.938,14.292],[36.933,14.296],[36.916,14.3],[36.901,14.305],[36.895,14.311],[36.879,14.312],[36.864,14.318],[36.849,14.317],[36.841,14.309],[36.833,14.307],[36.828,14.31],[36.826,14.314],[36.809,14.314],[36.779,14.317],[36.766,14.316],[36.759,14.318],[36.747,14.318],[36.735,14.316],[36.729,14.31],[36.713,14.307],[36.692,14.297],[36.687,14.297],[36.652,14.305],[36.637,14.308],[36.63,14.308],[36.622,14.307],[36.619,14.293],[36.6,14.29],[36.585,14.284],[36.579,14.288],[36.565,14.283],[36.554,14.277],[36.557,14.271],[36.562,14.267],[36.563,14.261],[36.55,14.251],[36.544,14.251],[36.541,14.199],[36.464,13.972],[36.5,13.847],[36.452,13.769],[36.456,13.755],[36.468,13.744],[36.481,13.735],[36.485,13.728],[36.479,13.721],[36.479,13.705],[36.489,13.707],[36.497,13.705],[36.507,13.694],[36.508,13.689],[36.524,13.687],[36.533,13.679],[36.54,13.681],[36.547,13.687],[36.552,13.683],[36.556,13.677],[36.561,13.675],[36.578,13.677],[36.604,13.677],[36.608,13.683],[36.614,13.682],[36.622,13.673],[36.633,13.673],[36.643,13.678],[36.652,13.676],[36.657,13.672],[36.663,13.674],[36.669,13.67],[36.675,13.67],[36.68,13.671],[36.684,13.677],[36.692,13.672],[36.7,13.672],[36.708,13.67],[36.718,13.671],[36.726,13.67],[36.733,13.672],[36.738,13.671],[36.745,13.678],[36.745,13.684],[36.757,13.687],[36.763,13.697],[36.775,13.695],[36.78,13.699],[36.787,13.699],[36.795,13.702],[36.822,13.697],[36.835,13.701],[36.845,13.712],[36.852,13.716],[36.865,13.722],[36.877,13.733],[36.876,13.739],[36.884,13.74],[36.886,13.744],[36.892,13.749],[36.898,13.751],[36.902,13.758],[36.908,13.764],[36.917,13.767],[36.923,13.765],[36.937,13.768],[36.952,13.776],[36.957,13.777],[36.97,13.771],[36.976,13.766],[36.982,13.765],[36.991,13.773],[36.996,13.771],[37.003,13.774],[37.019,13.772],[37.028,13.767],[37.047,13.779],[37.057,13.79],[37.066,13.791],[37.074,13.793],[37.082,13.793],[37.09,13.799],[37.098,13.812],[37.104,13.814],[37.109,13.812],[37.117,13.817],[37.124,13.82],[37.13,13.818],[37.136,13.813],[37.148,13.813],[37.159,13.819],[37.186,13.81],[37.192,13.805],[37.2,13.805],[37.214,13.808],[37.231,13.817],[37.238,13.823],[37.246,13.824],[37.25,13.829],[37.257,13.854],[37.265,13.861],[37.276,13.867],[37.281,13.873],[37.287,13.887],[37.297,13.894],[37.297,13.904],[37.295,13.912],[37.289,13.915],[37.287,13.92],[37.273,13.921],[37.266,13.925],[37.26,13.931],[37.256,13.943],[37.25,13.949],[37.242,13.963],[37.228,13.971],[37.233,13.983],[37.229,13.99],[37.219,13.995],[37.215,14.003],[37.206,14.007],[37.208,14.015],[37.207,14.032],[37.193,14.044],[37.202,14.046],[37.217,14.04],[37.23,14.04],[37.243,14.037],[37.257,14.039],[37.263,14.038],[37.27,14.035],[37.276,14.034],[37.291,14.037],[37.299,14.037],[37.306,14.039],[37.316,14.037],[37.324,14.026],[37.331,14.021],[37.339,14.02],[37.346,14.022],[37.368,14.033],[37.381,14.034],[37.386,14.04],[37.401,14.048],[37.413,14.048],[37.421,14.043],[37.429,14.04],[37.434,14.033],[37.445,14.028],[37.454,14.039],[37.457,14.051],[37.464,14.055],[37.478,14.056],[37.485,14.053],[37.498,14.052],[37.511,14.064],[37.525,14.07],[37.531,14.076],[37.532,14.084],[37.536,14.089],[37.542,14.092],[37.548,14.104],[37.543,14.11],[37.53,14.111],[37.525,14.117],[37.518,14.138],[37.519,14.144],[37.515,14.161],[37.524,14.168],[37.526,14.174],[37.522,14.179],[37.515,14.181],[37.508,14.179],[37.499,14.179],[37.494,14.184],[37.494,14.192],[37.49,14.196],[37.479,14.201],[37.476,14.208],[37.467,14.212],[37.464,14.218],[37.468,14.229],[37.469,14.245],[37.464,14.251],[37.446,14.249],[37.443,14.259],[37.433,14.269],[37.426,14.272],[37.415,14.283],[37.401,14.288],[37.392,14.297],[37.396,14.306],[37.401,14.311],[37.398,14.316],[37.399,14.334],[37.394,14.338],[37.389,14.34],[37.382,14.339],[37.379,14.345],[37.379,14.352],[37.385,14.355],[37.388,14.362],[37.381,14.363],[37.379,14.369],[37.372,14.371],[37.371,14.377],[37.368,14.382],[37.362,14.387],[37.357,14.394],[37.347,14.4],[37.345,14.41]]]}},{"type":"Feature","properties":{"name":"Kelete Awelallo"},"geometry":{"type":"Polygon","coordinates":[[[39.651,13.923],[39.643,13.923],[39.642,13.93],[39.646,13.942],[39.645,13.95],[39.639,13.952],[39.633,13.948],[39.615,13.955],[39.61,13.955],[39.608,13.95],[39.595,13.936],[39.582,13.924],[39.578,13.917],[39.573,13.914],[39.563,13.913],[39.561,13.899],[39.554,13.896],[39.542,13.899],[39.537,13.901],[39.531,13.901],[39.511,13.904],[39.507,13.899],[39.507,13.888],[39.497,13.879],[39.495,13.871],[39.489,13.862],[39.482,13.857],[39.461,13.858],[39.443,13.862],[39.437,13.858],[39.423,13.859],[39.417,13.856],[39.411,13.854],[39.4,13.848],[39.387,13.85],[39.381,13.853],[39.375,13.855],[39.37,13.851],[39.367,13.846],[39.36,13.843],[39.35,13.845],[39.336,13.867],[39.334,13.875],[39.336,13.881],[39.331,13.883],[39.325,13.877],[39.311,13.843],[39.309,13.822],[39.305,13.812],[39.303,13.794],[39.319,13.794],[39.321,13.787],[39.317,13.77],[39.318,13.762],[39.312,13.747],[39.315,13.74],[39.336,13.731],[39.354,13.735],[39.369,13.742],[39.376,13.741],[39.392,13.728],[39.396,13.721],[39.396,13.714],[39.41,13.711],[39.42,13.703],[39.413,13.686],[39.409,13.673],[39.409,13.657],[39.412,13.641],[39.402,13.623],[39.408,13.624],[39.413,13.62],[39.425,13.613],[39.432,13.62],[39.444,13.621],[39.464,13.641],[39.475,13.64],[39.477,13.634],[39.477,13.626],[39.484,13.619],[39.492,13.616],[39.497,13.62],[39.506,13.619],[39.515,13.61],[39.516,13.602],[39.529,13.595],[39.534,13.594],[39.543,13.601],[39.555,13.59],[39.557,13.583],[39.573,13.576],[39.586,13.578],[39.592,13.584],[39.598,13.595],[39.602,13.599],[39.608,13.602],[39.619,13.593],[39.62,13.588],[39.634,13.56],[39.644,13.565],[39.649,13.57],[39.655,13.582],[39.66,13.587],[39.671,13.597],[39.683,13.604],[39.684,13.612],[39.681,13.618],[39.676,13.623],[39.693,13.648],[39.694,13.654],[39.679,13.66],[39.678,13.665],[39.679,13.673],[39.677,13.68],[39.664,13.682],[39.656,13.69],[39.65,13.703],[39.651,13.713],[39.648,13.721],[39.635,13.732],[39.632,13.738],[39.636,13.745],[39.634,13.763],[39.636,13.777],[39.63,13.795],[39.633,13.807],[39.63,13.815],[39.632,13.82],[39.64,13.821],[39.642,13.828],[39.643,13.835],[39.649,13.84],[39.654,13.843],[39.653,13.861],[39.656,13.869],[39.655,13.877],[39.658,13.897],[39.655,13.918],[39.651,13.923]]]}},{"type":"Feature","properties":{"name":"Kola Temben"},"geometry":{"type":"Polygon","coordinates":[[[39.221,13.797],[39.218,13.801],[39.223,13.814],[39.226,13.832],[39.225,13.845],[39.218,13.855],[39.218,13.863],[39.21,13.866],[39.191,13.891],[39.183,13.889],[39.171,13.884],[39.15,13.88],[39.14,13.873],[39.133,13.871],[39.125,13.864],[39.097,13.855],[39.092,13.85],[39.077,13.843],[39.057,13.84],[39.046,13.842],[39.031,13.849],[39.028,13.843],[39.023,13.845],[39.018,13.843],[39.012,13.847],[39.009,13.843],[38.995,13.842],[38.99,13.831],[38.984,13.835],[38.977,13.838],[38.967,13.831],[38.938,13.82],[38.932,13.816],[38.921,13.817],[38.892,13.797],[38.885,13.798],[38.871,13.792],[38.866,13.793],[38.853,13.786],[38.847,13.788],[38.838,13.786],[38.832,13.781],[38.828,13.776],[38.822,13.772],[38.815,13.774],[38.809,13.77],[38.801,13.769],[38.789,13.763],[38.781,13.763],[38.773,13.766],[38.769,13.763],[38.757,13.766],[38.745,13.763],[38.739,13.763],[38.73,13.762],[38.723,13.76],[38.711,13.751],[38.707,13.746],[38.702,13.744],[38.695,13.745],[38.68,13.744],[38.673,13.74],[38.666,13.739],[38.659,13.733],[38.658,13.717],[38.653,13.712],[38.651,13.704],[38.634,13.691],[38.633,13.679],[38.629,13.673],[38.624,13.669],[38.608,13.664],[38.597,13.656],[38.593,13.65],[38.598,13.647],[38.602,13.641],[38.614,13.628],[38.623,13.611],[38.632,13.604],[38.637,13.608],[38.644,13.607],[38.651,13.611],[38.659,13.612],[38.67,13.602],[38.676,13.603],[38.683,13.601],[38.688,13.597],[38.691,13.591],[38.696,13.586],[38.709,13.574],[38.712,13.567],[38.713,13.554],[38.72,13.541],[38.724,13.537],[38.729,13.534],[38.743,13.53],[38.75,13.532],[38.755,13.53],[38.769,13.534],[38.776,13.535],[38.783,13.539],[38.789,13.54],[38.794,13.545],[38.799,13.545],[38.803,13.54],[38.807,13.544],[38.818,13.535],[38.827,13.539],[38.829,13.547],[38.837,13.54],[38.842,13.543],[38.851,13.542],[38.863,13.55],[38.871,13.56],[38.876,13.563],[38.881,13.569],[38.88,13.578],[38.885,13.582],[38.892,13.586],[38.899,13.585],[38.906,13.587],[38.922,13.586],[38.926,13.591],[38.926,13.597],[38.929,13.604],[38.935,13.609],[38.948,13.613],[38.955,13.613],[38.955,13.602],[38.961,13.591],[38.975,13.597],[38.991,13.578],[38.995,13.583],[39.002,13.585],[39.005,13.599],[39.013,13.608],[39.021,13.609],[39.02,13.617],[39.042,13.631],[39.059,13.636],[39.058,13.642],[39.062,13.655],[39.062,13.663],[39.072,13.688],[39.07,13.704],[39.077,13.707],[39.091,13.697],[39.104,13.693],[39.119,13.697],[39.127,13.7],[39.135,13.699],[39.138,13.704],[39.138,13.71],[39.145,13.715],[39.153,13.717],[39.157,13.722],[39.163,13.722],[39.168,13.735],[39.166,13.741],[39.171,13.744],[39.175,13.749],[39.18,13.747],[39.183,13.742],[39.19,13.746],[39.192,13.753],[39.191,13.762],[39.198,13.764],[39.211,13.765],[39.221,13.775],[39.223,13.78],[39.218,13.793],[39.221,13.797]]]}},{"type":"Feature","properties":{"name":"Laelay Adiyabo"},"geometry":{"type":"Polygon","coordinates":[[[38.065,14.158],[38.07,14.162],[38.077,14.175],[38.081,14.178],[38.088,14.175],[38.102,14.184],[38.107,14.183],[38.118,14.188],[38.124,14.189],[38.132,14.185],[38.138,14.188],[38.145,14.188],[38.157,14.181],[38.165,14.181],[38.169,14.178],[38.191,14.177],[38.196,14.183],[38.203,14.197],[38.215,14.214],[38.22,14.22],[38.228,14.222],[38.236,14.211],[38.242,14.207],[38.251,14.213],[38.259,14.208],[38.279,14.205],[38.284,14.202],[38.286,14.197],[38.288,14.186],[38.292,14.182],[38.299,14.18],[38.305,14.183],[38.303,14.198],[38.304,14.207],[38.312,14.229],[38.316,14.234],[38.317,14.247],[38.324,14.262],[38.335,14.269],[38.342,14.285],[38.346,14.305],[38.355,14.321],[38.362,14.317],[38.369,14.297],[38.379,14.28],[38.379,14.273],[38.383,14.267],[38.394,14.265],[38.401,14.266],[38.419,14.264],[38.423,14.268],[38.423,14.275],[38.437,14.291],[38.44,14.298],[38.447,14.3],[38.453,14.298],[38.457,14.303],[38.457,14.308],[38.456,14.315],[38.451,14.321],[38.454,14.332],[38.451,14.341],[38.447,14.346],[38.446,14.351],[38.448,14.356],[38.446,14.377],[38.442,14.381],[38.43,14.409],[38.433,14.416],[38.432,14.422],[38.433,14.429],[38.422,14.464],[38.402,14.466],[38.4,14.471],[38.399,14.477],[38.396,14.482],[38.389,14.48],[38.374,14.481],[38.37,14.485],[38.363,14.487],[38.357,14.5],[38.357,14.507],[38.35,14.51],[38.344,14.508],[38.341,14.514],[38.342,14.523],[38.337,14.529],[38.331,14.532],[38.316,14.551],[38.314,14.569],[38.316,14.574],[38.311,14.579],[38.309,14.586],[38.294,14.595],[38.293,14.603],[38.287,14.608],[38.272,14.611],[38.265,14.615],[38.267,14.628],[38.27,14.635],[38.265,14.639],[38.262,14.668],[38.257,14.67],[38.252,14.676],[38.244,14.678],[38.238,14.684],[38.229,14.686],[38.216,14.683],[38.211,14.687],[38.204,14.686],[38.188,14.69],[38.184,14.68],[38.181,14.677],[38.175,14.68],[38.163,14.676],[38.157,14.677],[38.151,14.675],[38.147,14.669],[38.157,14.661],[38.159,14.645],[38.162,14.638],[38.167,14.632],[38.168,14.624],[38.169,14.618],[38.164,14.614],[38.166,14.608],[38.163,14.604],[38.162,14.597],[38.155,14.582],[38.155,14.574],[38.161,14.567],[38.165,14.56],[38.164,14.552],[38.166,14.547],[38.16,14.538],[38.157,14.533],[38.151,14.531],[38.146,14.527],[38.137,14.515],[38.129,14.515],[38.122,14.508],[38.112,14.493],[38.106,14.489],[38.094,14.474],[38.085,14.47],[38.083,14.463],[38.084,14.456],[38.087,14.449],[38.096,14.434],[38.1,14.431],[38.106,14.433],[38.12,14.429],[38.118,14.421],[38.112,14.417],[38.108,14.412],[38.096,14.404],[38.081,14.391],[38.06,14.357],[38.053,14.351],[38.046,14.347],[38.043,14.342],[38.035,14.327],[38.03,14.311],[37.982,14.273],[37.977,14.266],[37.965,14.265],[37.959,14.269],[37.952,14.253],[37.946,14.256],[37.938,14.245],[37.93,14.242],[37.929,14.233],[37.936,14.229],[37.929,14.217],[37.925,14.22],[37.917,14.221],[37.911,14.219],[37.905,14.213],[37.899,14.196],[37.901,14.189],[37.905,14.184],[37.914,14.179],[37.917,14.172],[37.915,14.16],[37.91,14.148],[37.912,14.14],[37.915,14.134],[37.92,14.129],[37.922,14.122],[37.915,14.109],[37.914,14.102],[37.92,14.102],[37.926,14.105],[37.937,14.11],[37.941,14.115],[37.947,14.116],[37.954,14.12],[37.971,14.117],[37.978,14.121],[37.987,14.121],[37.993,14.124],[37.995,14.129],[38.011,14.135],[38.025,14.137],[38.033,14.146],[38.037,14.152],[38.055,14.156],[38.059,14.16],[38.065,14.158]]]}},{"type":"Feature","properties":{"name":"Laelay Maychew"},"geometry":{"type":"Polygon","coordinates":[[[38.779,14.235],[38.775,14.243],[38.759,14.258],[38.754,14.271],[38.748,14.265],[38.73,14.26],[38.732,14.255],[38.73,14.249],[38.718,14.24],[38.709,14.23],[38.694,14.233],[38.66,14.225],[38.659,14.206],[38.655,14.188],[38.651,14.179],[38.655,14.159],[38.651,14.15],[38.646,14.146],[38.649,14.127],[38.645,14.12],[38.636,14.116],[38.63,14.11],[38.65,14.106],[38.656,14.101],[38.65,14.096],[38.645,14.095],[38.628,14.084],[38.619,14.075],[38.623,14.063],[38.624,14.056],[38.63,14.048],[38.644,14.048],[38.676,14.037],[38.684,14.039],[38.688,14.035],[38.693,14.021],[38.692,14.012],[38.694,13.996],[38.699,13.993],[38.715,13.994],[38.723,13.997],[38.727,13.993],[38.733,13.99],[38.738,13.993],[38.737,14.0],[38.744,14.01],[38.749,14.008],[38.754,14.002],[38.764,14.003],[38.774,14.013],[38.781,14.015],[38.785,14.008],[38.786,14.001],[38.788,13.996],[38.793,13.993],[38.803,13.975],[38.809,13.975],[38.817,13.991],[38.817,13.998],[38.82,14.003],[38.826,14.001],[38.829,13.984],[38.838,13.979],[38.842,13.974],[38.849,13.972],[38.851,13.964],[38.865,13.936],[38.87,13.932],[38.875,13.931],[38.883,13.935],[38.89,13.936],[38.898,13.944],[38.896,13.95],[38.902,13.963],[38.899,13.972],[38.901,13.977],[38.906,13.98],[38.906,13.987],[38.902,13.993],[38.902,14.001],[38.9,14.008],[38.907,14.012],[38.911,14.024],[38.914,14.029],[38.909,14.032],[38.905,14.026],[38.897,14.028],[38.891,14.034],[38.885,14.036],[38.874,14.034],[38.867,14.037],[38.861,14.043],[38.859,14.051],[38.846,14.064],[38.849,14.076],[38.845,14.082],[38.845,14.095],[38.842,14.102],[38.836,14.103],[38.83,14.102],[38.824,14.112],[38.82,14.117],[38.797,14.112],[38.794,14.122],[38.794,14.135],[38.809,14.144],[38.809,14.15],[38.801,14.155],[38.803,14.162],[38.808,14.165],[38.811,14.172],[38.803,14.178],[38.801,14.183],[38.8,14.21],[38.802,14.219],[38.795,14.224],[38.788,14.225],[38.783,14.228],[38.779,14.235]]]}},{"type":"Feature","properties":{"name":"Medebay Zana"},"geometry":{"type":"Polygon","coordinates":[[[38.314,13.803],[38.33,13.802],[38.337,13.804],[38.359,13.804],[38.366,13.803],[38.373,13.788],[38.378,13.785],[38.393,13.781],[38.403,13.762],[38.415,13.749],[38.441,13.736],[38.449,13.731],[38.46,13.721],[38.473,13.717],[38.478,13.71],[38.482,13.7],[38.487,13.697],[38.492,13.695],[38.504,13.694],[38.513,13.685],[38.521,13.683],[38.528,13.684],[38.528,13.69],[38.526,13.695],[38.526,13.703],[38.52,13.715],[38.514,13.718],[38.51,13.741],[38.503,13.751],[38.499,13.763],[38.493,13.774],[38.495,13.779],[38.494,13.785],[38.507,13.801],[38.52,13.828],[38.528,13.833],[38.538,13.844],[38.544,13.848],[38.556,13.866],[38.564,13.881],[38.56,13.886],[38.559,13.894],[38.555,13.9],[38.558,13.906],[38.527,13.934],[38.524,13.94],[38.518,13.945],[38.506,13.96],[38.498,13.967],[38.496,13.987],[38.492,13.998],[38.49,14.011],[38.488,14.017],[38.488,14.026],[38.494,14.03],[38.5,14.029],[38.504,14.033],[38.52,14.042],[38.518,14.047],[38.5,14.073],[38.497,14.081],[38.5,14.086],[38.495,14.09],[38.501,14.096],[38.503,14.101],[38.501,14.107],[38.503,14.116],[38.523,14.126],[38.528,14.131],[38.541,14.133],[38.546,14.136],[38.549,14.142],[38.543,14.162],[38.555,14.168],[38.561,14.176],[38.564,14.185],[38.568,14.189],[38.568,14.195],[38.574,14.204],[38.566,14.209],[38.559,14.207],[38.554,14.21],[38.547,14.21],[38.536,14.227],[38.543,14.227],[38.563,14.232],[38.567,14.236],[38.558,14.244],[38.553,14.242],[38.537,14.245],[38.532,14.25],[38.531,14.257],[38.528,14.262],[38.53,14.267],[38.529,14.273],[38.509,14.28],[38.503,14.286],[38.503,14.294],[38.501,14.301],[38.493,14.302],[38.487,14.3],[38.479,14.309],[38.474,14.309],[38.473,14.315],[38.475,14.322],[38.454,14.332],[38.451,14.321],[38.456,14.315],[38.457,14.308],[38.457,14.303],[38.453,14.298],[38.447,14.3],[38.44,14.298],[38.437,14.291],[38.423,14.275],[38.423,14.268],[38.419,14.264],[38.401,14.266],[38.394,14.265],[38.383,14.267],[38.379,14.273],[38.379,14.28],[38.369,14.297],[38.362,14.317],[38.355,14.321],[38.346,14.305],[38.342,14.285],[38.335,14.269],[38.347,14.263],[38.359,14.236],[38.364,14.234],[38.369,14.23],[38.36,14.203],[38.362,14.195],[38.364,14.179],[38.37,14.183],[38.373,14.188],[38.379,14.187],[38.381,14.175],[38.384,14.169],[38.39,14.164],[38.389,14.151],[38.386,14.133],[38.386,14.126],[38.394,14.113],[38.394,14.106],[38.389,14.096],[38.406,14.087],[38.412,14.085],[38.413,14.072],[38.419,14.064],[38.431,14.058],[38.437,14.049],[38.442,14.047],[38.447,14.041],[38.438,14.036],[38.43,14.035],[38.422,14.03],[38.42,14.022],[38.403,14.021],[38.39,14.016],[38.388,14.008],[38.39,14.002],[38.387,13.997],[38.389,13.99],[38.387,13.968],[38.382,13.962],[38.381,13.945],[38.348,13.932],[38.342,13.931],[38.334,13.927],[38.329,13.921],[38.323,13.91],[38.314,13.899],[38.31,13.895],[38.309,13.889],[38.313,13.883],[38.314,13.877],[38.315,13.864],[38.312,13.852],[38.313,13.835],[38.31,13.828],[38.31,13.819],[38.314,13.803]]]}},{"type":"Feature","properties":{"name":"Mereb Leke"},"geometry":{"type":"Polygon","coordinates":[[[39.015,14.305],[39.013,14.321],[39.009,14.326],[39.008,14.332],[39.013,14.342],[39.013,14.359],[39.017,14.356],[39.024,14.355],[39.029,14.359],[39.02,14.375],[39.02,14.38],[39.024,14.387],[39.021,14.393],[39.016,14.394],[39.013,14.4],[39.015,14.421],[39.011,14.427],[39.004,14.431],[38.999,14.435],[38.995,14.442],[38.983,14.449],[38.989,14.455],[38.991,14.461],[38.992,14.475],[38.999,14.491],[38.984,14.495],[38.982,14.501],[38.958,14.515],[38.948,14.525],[38.944,14.532],[38.938,14.533],[38.922,14.512],[38.906,14.502],[38.865,14.495],[38.849,14.496],[38.836,14.486],[38.825,14.483],[38.818,14.482],[38.816,14.475],[38.803,14.469],[38.795,14.464],[38.776,14.467],[38.76,14.465],[38.751,14.466],[38.731,14.459],[38.717,14.462],[38.704,14.466],[38.688,14.461],[38.676,14.454],[38.671,14.453],[38.666,14.451],[38.662,14.446],[38.655,14.446],[38.648,14.442],[38.64,14.44],[38.632,14.441],[38.617,14.434],[38.609,14.439],[38.602,14.44],[38.573,14.434],[38.562,14.427],[38.556,14.426],[38.55,14.423],[38.544,14.423],[38.538,14.421],[38.522,14.411],[38.517,14.406],[38.507,14.414],[38.499,14.413],[38.485,14.419],[38.478,14.417],[38.473,14.414],[38.457,14.41],[38.448,14.411],[38.444,14.417],[38.444,14.423],[38.44,14.427],[38.433,14.429],[38.432,14.422],[38.433,14.416],[38.43,14.409],[38.442,14.381],[38.446,14.377],[38.448,14.356],[38.446,14.351],[38.447,14.346],[38.451,14.341],[38.454,14.332],[38.475,14.322],[38.473,14.315],[38.474,14.309],[38.479,14.309],[38.487,14.3],[38.493,14.302],[38.501,14.301],[38.503,14.294],[38.503,14.286],[38.509,14.28],[38.529,14.273],[38.53,14.267],[38.528,14.262],[38.531,14.257],[38.537,14.262],[38.545,14.258],[38.554,14.261],[38.561,14.26],[38.565,14.264],[38.562,14.281],[38.565,14.295],[38.568,14.318],[38.57,14.327],[38.573,14.333],[38.573,14.344],[38.585,14.339],[38.589,14.334],[38.604,14.332],[38.611,14.335],[38.626,14.335],[38.633,14.332],[38.632,14.321],[38.625,14.319],[38.614,14.308],[38.618,14.298],[38.613,14.292],[38.613,14.282],[38.6,14.268],[38.601,14.245],[38.612,14.239],[38.642,14.226],[38.66,14.225],[38.694,14.233],[38.709,14.23],[38.718,14.24],[38.73,14.249],[38.732,14.255],[38.73,14.26],[38.748,14.265],[38.754,14.271],[38.759,14.258],[38.775,14.243],[38.779,14.235],[38.795,14.245],[38.802,14.245],[38.815,14.249],[38.817,14.254],[38.815,14.261],[38.817,14.268],[38.823,14.27],[38.834,14.266],[38.85,14.281],[38.859,14.283],[38.86,14.289],[38.855,14.303],[38.851,14.307],[38.851,14.318],[38.857,14.319],[38.858,14.314],[38.863,14.312],[38.869,14.312],[38.879,14.318],[38.886,14.32],[38.893,14.316],[38.9,14.313],[38.903,14.308],[38.909,14.306],[38.916,14.307],[38.928,14.304],[38.946,14.292],[38.952,14.28],[38.972,14.257],[38.972,14.263],[38.983,14.274],[38.988,14.287],[38.998,14.294],[39.003,14.299],[39.009,14.3],[39.015,14.305]]]}},{"type":"Feature","properties":{"name":"Naeder Adet"},"geometry":{"type":"Polygon","coordinates":[[[38.815,13.774],[38.816,13.78],[38.82,13.785],[38.821,13.792],[38.827,13.797],[38.839,13.827],[38.84,13.841],[38.839,13.847],[38.851,13.856],[38.861,13.871],[38.87,13.881],[38.877,13.886],[38.885,13.896],[38.897,13.93],[38.895,13.935],[38.89,13.936],[38.883,13.935],[38.875,13.931],[38.87,13.932],[38.865,13.936],[38.851,13.964],[38.849,13.972],[38.842,13.974],[38.838,13.979],[38.829,13.984],[38.826,14.001],[38.82,14.003],[38.817,13.998],[38.817,13.991],[38.809,13.975],[38.803,13.975],[38.793,13.993],[38.788,13.996],[38.786,14.001],[38.785,14.008],[38.781,14.015],[38.774,14.013],[38.764,14.003],[38.754,14.002],[38.749,14.008],[38.744,14.01],[38.737,14.0],[38.738,13.993],[38.733,13.99],[38.727,13.993],[38.723,13.997],[38.715,13.994],[38.699,13.993],[38.694,13.996],[38.692,14.012],[38.693,14.021],[38.688,14.035],[38.684,14.039],[38.676,14.037],[38.669,14.031],[38.667,14.015],[38.672,14.012],[38.673,14.006],[38.666,14.001],[38.666,13.984],[38.669,13.98],[38.667,13.965],[38.667,13.959],[38.672,13.949],[38.679,13.945],[38.682,13.938],[38.666,13.929],[38.648,13.923],[38.63,13.92],[38.618,13.924],[38.611,13.921],[38.602,13.917],[38.589,13.913],[38.578,13.905],[38.566,13.899],[38.561,13.899],[38.559,13.894],[38.56,13.886],[38.564,13.881],[38.556,13.866],[38.544,13.848],[38.538,13.844],[38.528,13.833],[38.52,13.828],[38.507,13.801],[38.494,13.785],[38.495,13.779],[38.493,13.774],[38.499,13.763],[38.503,13.751],[38.51,13.741],[38.514,13.718],[38.52,13.715],[38.526,13.703],[38.526,13.695],[38.528,13.69],[38.528,13.684],[38.54,13.679],[38.566,13.66],[38.571,13.654],[38.577,13.649],[38.586,13.649],[38.593,13.65],[38.597,13.656],[38.608,13.664],[38.624,13.669],[38.629,13.673],[38.633,13.679],[38.634,13.691],[38.651,13.704],[38.653,13.712],[38.658,13.717],[38.659,13.733],[38.666,13.739],[38.673,13.74],[38.68,13.744],[38.695,13.745],[38.702,13.744],[38.707,13.746],[38.711,13.751],[38.723,13.76],[38.73,13.762],[38.739,13.763],[38.745,13.763],[38.757,13.766],[38.769,13.763],[38.773,13.766],[38.781,13.763],[38.789,13.763],[38.801,13.769],[38.809,13.77],[38.815,13.774]]]}},{"type":"Feature","properties":{"name":"Ofla"},"geometry":{"type":"Polygon","coordinates":[[[39.566,12.564],[39.57,12.569],[39.57,12.576],[39.565,12.581],[39.56,12.588],[39.559,12.596],[39.553,12.607],[39.557,12.611],[39.566,12.612],[39.564,12.619],[39.562,12.623],[39.562,12.629],[39.555,12.638],[39.559,12.649],[39.554,12.653],[39.557,12.66],[39.553,12.666],[39.546,12.669],[39.537,12.669],[39.523,12.664],[39.515,12.662],[39.508,12.662],[39.503,12.664],[39.494,12.663],[39.492,12.655],[39.477,12.643],[39.468,12.642],[39.453,12.636],[39.414,12.636],[39.406,12.638],[39.398,12.651],[39.395,12.661],[39.396,12.667],[39.403,12.679],[39.4,12.685],[39.394,12.689],[39.337,12.696],[39.326,12.698],[39.32,12.701],[39.313,12.697],[39.299,12.701],[39.293,12.7],[39.286,12.705],[39.281,12.689],[39.267,12.678],[39.24,12.664],[39.232,12.667],[39.213,12.662],[39.2,12.661],[39.188,12.657],[39.182,12.653],[39.175,12.644],[39.184,12.631],[39.184,12.613],[39.205,12.577],[39.21,12.561],[39.21,12.55],[39.215,12.544],[39.218,12.537],[39.219,12.531],[39.224,12.523],[39.223,12.517],[39.231,12.502],[39.232,12.494],[39.232,12.487],[39.237,12.474],[39.237,12.45],[39.238,12.442],[39.241,12.433],[39.242,12.41],[39.258,12.403],[39.265,12.403],[39.27,12.4],[39.277,12.4],[39.3,12.412],[39.306,12.408],[39.313,12.402],[39.32,12.399],[39.333,12.405],[39.353,12.408],[39.358,12.411],[39.366,12.412],[39.376,12.41],[39.384,12.408],[39.392,12.408],[39.41,12.403],[39.424,12.395],[39.431,12.393],[39.438,12.396],[39.455,12.391],[39.463,12.387],[39.477,12.387],[39.483,12.385],[39.497,12.369],[39.508,12.363],[39.514,12.364],[39.518,12.372],[39.523,12.378],[39.519,12.383],[39.517,12.389],[39.521,12.397],[39.534,12.403],[39.542,12.41],[39.544,12.417],[39.541,12.438],[39.543,12.445],[39.543,12.451],[39.559,12.45],[39.564,12.456],[39.564,12.462],[39.557,12.48],[39.556,12.495],[39.544,12.504],[39.543,12.509],[39.554,12.511],[39.554,12.518],[39.547,12.529],[39.537,12.539],[39.533,12.545],[39.536,12.554],[39.543,12.558],[39.55,12.559],[39.554,12.565],[39.56,12.563],[39.566,12.564]]]}},{"type":"Feature","properties":{"name":"Saesie Tsaedaemba"},"geometry":{"type":"Polygon","coordinates":[[[39.845,14.051],[39.845,14.061],[39.849,14.079],[39.844,14.09],[39.843,14.098],[39.844,14.11],[39.839,14.127],[39.839,14.155],[39.828,14.156],[39.81,14.152],[39.799,14.143],[39.792,14.143],[39.776,14.14],[39.768,14.141],[39.75,14.152],[39.722,14.158],[39.716,14.157],[39.683,14.165],[39.674,14.178],[39.659,14.183],[39.651,14.189],[39.657,14.193],[39.659,14.199],[39.665,14.198],[39.673,14.201],[39.677,14.208],[39.687,14.217],[39.689,14.232],[39.695,14.242],[39.707,14.243],[39.743,14.236],[39.754,14.238],[39.758,14.24],[39.757,14.251],[39.758,14.278],[39.743,14.282],[39.735,14.289],[39.728,14.295],[39.727,14.304],[39.734,14.307],[39.746,14.309],[39.751,14.313],[39.764,14.319],[39.772,14.32],[39.78,14.331],[39.781,14.336],[39.776,14.352],[39.773,14.374],[39.765,14.371],[39.76,14.371],[39.755,14.374],[39.741,14.376],[39.734,14.378],[39.728,14.383],[39.722,14.379],[39.706,14.384],[39.701,14.381],[39.673,14.386],[39.667,14.384],[39.66,14.386],[39.651,14.383],[39.647,14.379],[39.641,14.376],[39.633,14.377],[39.617,14.382],[39.61,14.387],[39.591,14.381],[39.584,14.383],[39.577,14.383],[39.556,14.38],[39.55,14.366],[39.536,14.359],[39.53,14.35],[39.519,14.339],[39.516,14.334],[39.52,14.312],[39.518,14.3],[39.516,14.295],[39.516,14.29],[39.512,14.265],[39.509,14.257],[39.515,14.258],[39.521,14.255],[39.526,14.247],[39.531,14.242],[39.533,14.237],[39.532,14.228],[39.541,14.219],[39.54,14.214],[39.536,14.208],[39.536,14.202],[39.533,14.196],[39.524,14.195],[39.521,14.19],[39.524,14.181],[39.518,14.177],[39.511,14.189],[39.51,14.184],[39.51,14.177],[39.496,14.178],[39.494,14.17],[39.499,14.164],[39.503,14.154],[39.498,14.144],[39.486,14.135],[39.482,14.128],[39.473,14.116],[39.484,14.112],[39.475,14.103],[39.477,14.091],[39.481,14.087],[39.491,14.093],[39.498,14.093],[39.503,14.091],[39.516,14.072],[39.515,14.055],[39.508,14.042],[39.51,14.037],[39.517,14.033],[39.528,14.041],[39.534,14.042],[39.531,14.037],[39.53,14.03],[39.532,14.024],[39.531,14.018],[39.527,14.01],[39.532,14.011],[39.54,14.015],[39.553,14.018],[39.567,14.019],[39.575,14.017],[39.575,14.011],[39.569,14.006],[39.567,13.999],[39.57,13.993],[39.573,13.978],[39.56,13.976],[39.553,13.965],[39.526,13.953],[39.499,13.958],[39.494,13.955],[39.496,13.943],[39.499,13.936],[39.501,13.917],[39.505,13.909],[39.511,13.904],[39.531,13.901],[39.537,13.901],[39.542,13.899],[39.554,13.896],[39.561,13.899],[39.563,13.913],[39.573,13.914],[39.578,13.917],[39.582,13.924],[39.595,13.936],[39.608,13.95],[39.61,13.955],[39.615,13.955],[39.633,13.948],[39.639,13.952],[39.645,13.95],[39.646,13.942],[39.642,13.93],[39.643,13.923],[39.651,13.923],[39.658,13.94],[39.664,13.945],[39.664,13.953],[39.659,13.953],[39.652,13.965],[39.657,13.97],[39.655,13.977],[39.656,13.983],[39.663,13.998],[39.669,14.004],[39.671,14.013],[39.677,14.024],[39.682,14.027],[39.687,14.039],[39.694,14.044],[39.699,14.045],[39.717,14.045],[39.727,14.053],[39.746,14.055],[39.753,14.061],[39.765,14.068],[39.772,14.074],[39.792,14.082],[39.813,14.08],[39.827,14.069],[39.832,14.067],[39.845,14.051]]]}},{"type":"Feature","properties":{"name":"Saharti Samre"},"geometry":{"type":"Polygon","coordinates":[[[39.384,13.082],[39.381,13.086],[39.375,13.09],[39.354,13.101],[39.349,13.106],[39.331,13.115],[39.321,13.118],[39.314,13.124],[39.314,13.131],[39.319,13.135],[39.324,13.146],[39.335,13.156],[39.34,13.159],[39.339,13.167],[39.331,13.174],[39.324,13.197],[39.319,13.207],[39.318,13.212],[39.314,13.217],[39.311,13.23],[39.32,13.242],[39.327,13.256],[39.339,13.261],[39.341,13.268],[39.325,13.288],[39.313,13.289],[39.301,13.285],[39.294,13.285],[39.292,13.292],[39.294,13.298],[39.301,13.301],[39.305,13.308],[39.308,13.322],[39.301,13.321],[39.296,13.324],[39.293,13.332],[39.292,13.341],[39.296,13.355],[39.294,13.361],[39.29,13.364],[39.283,13.383],[39.28,13.406],[39.281,13.414],[39.279,13.423],[39.279,13.433],[39.282,13.44],[39.286,13.446],[39.289,13.454],[39.296,13.458],[39.297,13.465],[39.295,13.471],[39.291,13.476],[39.285,13.488],[39.273,13.492],[39.267,13.496],[39.256,13.494],[39.243,13.488],[39.237,13.482],[39.228,13.484],[39.219,13.484],[39.205,13.487],[39.198,13.485],[39.193,13.479],[39.186,13.483],[39.181,13.479],[39.176,13.478],[39.17,13.474],[39.157,13.475],[39.152,13.479],[39.149,13.474],[39.139,13.48],[39.123,13.477],[39.115,13.479],[39.11,13.485],[39.105,13.481],[39.1,13.485],[39.091,13.484],[39.091,13.477],[39.082,13.475],[39.08,13.471],[39.081,13.466],[39.075,13.466],[39.07,13.468],[39.057,13.454],[39.045,13.448],[39.041,13.451],[39.032,13.452],[39.023,13.459],[39.022,13.449],[39.02,13.444],[39.021,13.431],[39.024,13.419],[39.027,13.403],[39.027,13.391],[39.03,13.387],[39.03,13.381],[39.028,13.375],[39.036,13.364],[39.041,13.36],[39.045,13.346],[39.051,13.341],[39.055,13.335],[39.062,13.329],[39.063,13.322],[39.056,13.318],[39.051,13.31],[39.047,13.295],[39.043,13.289],[39.05,13.285],[39.062,13.285],[39.071,13.294],[39.081,13.282],[39.09,13.281],[39.095,13.276],[39.091,13.262],[39.093,13.247],[39.097,13.242],[39.099,13.236],[39.093,13.223],[39.074,13.218],[39.07,13.213],[39.07,13.207],[39.067,13.2],[39.053,13.202],[39.048,13.198],[39.044,13.188],[39.045,13.182],[39.042,13.175],[39.037,13.171],[39.042,13.162],[39.043,13.156],[39.038,13.135],[39.027,13.129],[39.021,13.128],[39.011,13.115],[38.979,13.1],[38.991,13.082],[38.991,13.064],[38.995,13.046],[39.001,13.04],[39.005,13.024],[38.995,13.012],[39.001,13.004],[39.01,13.005],[39.015,13.002],[39.035,13.001],[39.045,12.994],[39.054,12.991],[39.075,12.977],[39.084,12.96],[39.101,12.959],[39.12,12.962],[39.143,12.957],[39.151,12.954],[39.156,12.951],[39.164,12.949],[39.176,12.939],[39.194,12.929],[39.204,12.93],[39.216,12.923],[39.233,12.917],[39.252,12.919],[39.26,12.915],[39.266,12.923],[39.27,12.932],[39.278,12.944],[39.29,12.957],[39.291,12.97],[39.296,12.977],[39.297,12.985],[39.29,13.006],[39.281,13.015],[39.289,13.028],[39.298,13.032],[39.302,13.038],[39.3,13.044],[39.302,13.05],[39.313,13.064],[39.315,13.07],[39.318,13.074],[39.32,13.08],[39.337,13.096],[39.345,13.098],[39.362,13.084],[39.37,13.083],[39.376,13.08],[39.384,13.082]]]}},{"type":"Feature","properties":{"name":"Tahtay Adiyabo"},"geometry":{"type":"Polygon","coordinates":[[[37.905,14.213],[37.911,14.219],[37.917,14.221],[37.925,14.22],[37.929,14.217],[37.936,14.229],[37.929,14.233],[37.93,14.242],[37.938,14.245],[37.946,14.256],[37.952,14.253],[37.959,14.269],[37.965,14.265],[37.977,14.266],[37.982,14.273],[38.03,14.311],[38.035,14.327],[38.043,14.342],[38.046,14.347],[38.053,14.351],[38.06,14.357],[38.081,14.391],[38.096,14.404],[38.108,14.412],[38.112,14.417],[38.118,14.421],[38.12,14.429],[38.106,14.433],[38.1,14.431],[38.096,14.434],[38.087,14.449],[38.084,14.456],[38.083,14.463],[38.085,14.47],[38.094,14.474],[38.106,14.489],[38.112,14.493],[38.122,14.508],[38.129,14.515],[38.137,14.515],[38.146,14.527],[38.151,14.531],[38.157,14.533],[38.16,14.538],[38.166,14.547],[38.164,14.552],[38.165,14.56],[38.161,14.567],[38.155,14.574],[38.155,14.582],[38.162,14.597],[38.163,14.604],[38.166,14.608],[38.164,14.614],[38.169,14.618],[38.168,14.624],[38.167,14.632],[38.162,14.638],[38.159,14.645],[38.157,14.661],[38.147,14.669],[38.14,14.668],[38.135,14.673],[38.133,14.679],[38.128,14.682],[38.121,14.684],[38.116,14.688],[38.11,14.691],[38.106,14.698],[38.096,14.702],[38.092,14.707],[38.087,14.708],[38.079,14.708],[38.065,14.712],[38.054,14.711],[38.041,14.717],[38.031,14.728],[38.019,14.737],[38.018,14.743],[38.022,14.756],[38.021,14.761],[38.017,14.766],[38.006,14.767],[38.004,14.772],[38.0,14.776],[37.995,14.774],[37.993,14.78],[37.993,14.793],[37.989,14.808],[37.975,14.802],[37.976,14.819],[37.972,14.831],[37.96,14.834],[37.951,14.833],[37.946,14.835],[37.945,14.842],[37.941,14.846],[37.924,14.827],[37.903,14.811],[37.876,14.8],[37.85,14.813],[37.833,14.806],[37.806,14.769],[37.783,14.735],[37.774,14.699],[37.776,14.679],[37.784,14.654],[37.774,14.631],[37.754,14.643],[37.742,14.643],[37.725,14.624],[37.711,14.589],[37.701,14.579],[37.699,14.563],[37.68,14.528],[37.673,14.522],[37.672,14.505],[37.658,14.495],[37.596,14.478],[37.577,14.468],[37.573,14.456],[37.56,14.453],[37.55,14.447],[37.526,14.461],[37.508,14.462],[37.49,14.474],[37.472,14.469],[37.458,14.471],[37.444,14.471],[37.441,14.478],[37.431,14.481],[37.404,14.472],[37.399,14.462],[37.378,14.429],[37.36,14.418],[37.346,14.416],[37.345,14.41],[37.347,14.4],[37.357,14.394],[37.362,14.387],[37.368,14.382],[37.371,14.377],[37.372,14.371],[37.379,14.369],[37.381,14.363],[37.388,14.362],[37.385,14.355],[37.379,14.352],[37.379,14.345],[37.382,14.339],[37.389,14.34],[37.394,14.338],[37.399,14.334],[37.398,14.316],[37.401,14.311],[37.396,14.306],[37.392,14.297],[37.401,14.288],[37.415,14.283],[37.426,14.272],[37.433,14.269],[37.443,14.259],[37.446,14.249],[37.464,14.251],[37.469,14.245],[37.468,14.229],[37.464,14.218],[37.467,14.212],[37.476,14.208],[37.479,14.201],[37.49,14.196],[37.494,14.192],[37.494,14.184],[37.499,14.179],[37.508,14.179],[37.515,14.181],[37.522,14.179],[37.526,14.174],[37.524,14.168],[37.515,14.161],[37.519,14.144],[37.518,14.138],[37.525,14.117],[37.53,14.111],[37.543,14.11],[37.548,14.104],[37.556,14.1],[37.558,14.091],[37.567,14.094],[37.573,14.095],[37.58,14.078],[37.59,14.068],[37.588,14.054],[37.592,14.051],[37.598,14.053],[37.601,14.059],[37.605,14.062],[37.617,14.063],[37.619,14.056],[37.626,14.053],[37.633,14.056],[37.637,14.053],[37.639,14.059],[37.642,14.064],[37.648,14.064],[37.655,14.061],[37.662,14.062],[37.665,14.07],[37.67,14.076],[37.677,14.077],[37.682,14.075],[37.69,14.074],[37.696,14.076],[37.702,14.076],[37.708,14.07],[37.727,14.071],[37.732,14.075],[37.729,14.08],[37.729,14.085],[37.749,14.091],[37.756,14.098],[37.762,14.109],[37.767,14.106],[37.788,14.116],[37.792,14.121],[37.801,14.141],[37.805,14.157],[37.813,14.167],[37.82,14.171],[37.823,14.167],[37.826,14.171],[37.832,14.173],[37.835,14.178],[37.841,14.181],[37.846,14.18],[37.856,14.188],[37.864,14.189],[37.866,14.194],[37.873,14.197],[37.883,14.209],[37.888,14.21],[37.89,14.215],[37.896,14.218],[37.905,14.213]]]}},{"type":"Feature","properties":{"name":"Tahtay Koraro"},"geometry":{"type":"Polygon","coordinates":[[[38.31,13.895],[38.314,13.899],[38.323,13.91],[38.329,13.921],[38.334,13.927],[38.342,13.931],[38.348,13.932],[38.381,13.945],[38.382,13.962],[38.387,13.968],[38.389,13.99],[38.387,13.997],[38.39,14.002],[38.388,14.008],[38.39,14.016],[38.403,14.021],[38.42,14.022],[38.422,14.03],[38.43,14.035],[38.438,14.036],[38.447,14.041],[38.442,14.047],[38.437,14.049],[38.431,14.058],[38.419,14.064],[38.413,14.072],[38.412,14.085],[38.406,14.087],[38.389,14.096],[38.394,14.106],[38.394,14.113],[38.386,14.126],[38.386,14.133],[38.389,14.151],[38.39,14.164],[38.384,14.169],[38.381,14.175],[38.379,14.187],[38.373,14.188],[38.37,14.183],[38.364,14.179],[38.362,14.195],[38.36,14.203],[38.369,14.23],[38.364,14.234],[38.359,14.236],[38.347,14.263],[38.335,14.269],[38.324,14.262],[38.317,14.247],[38.316,14.234],[38.312,14.229],[38.304,14.207],[38.303,14.198],[38.305,14.183],[38.299,14.18],[38.292,14.182],[38.288,14.186],[38.286,14.197],[38.284,14.202],[38.279,14.205],[38.259,14.208],[38.251,14.213],[38.242,14.207],[38.236,14.211],[38.228,14.222],[38.22,14.22],[38.215,14.214],[38.203,14.197],[38.196,14.183],[38.191,14.177],[38.169,14.178],[38.165,14.181],[38.157,14.181],[38.145,14.188],[38.138,14.188],[38.132,14.185],[38.124,14.189],[38.118,14.188],[38.107,14.183],[38.102,14.184],[38.088,14.175],[38.081,14.178],[38.077,14.175],[38.07,14.162],[38.065,14.158],[38.072,14.148],[38.082,14.145],[38.1,14.133],[38.112,14.137],[38.117,14.141],[38.123,14.14],[38.143,14.143],[38.149,14.138],[38.154,14.138],[38.155,14.121],[38.158,14.117],[38.164,14.114],[38.174,14.106],[38.177,14.101],[38.178,14.095],[38.189,14.081],[38.189,14.075],[38.188,14.069],[38.192,14.063],[38.19,14.057],[38.185,14.052],[38.181,14.046],[38.203,14.05],[38.209,14.047],[38.214,14.048],[38.219,14.047],[38.221,14.039],[38.216,14.025],[38.213,14.014],[38.223,13.982],[38.231,13.985],[38.235,13.99],[38.247,13.997],[38.249,14.004],[38.258,14.014],[38.266,14.016],[38.274,14.015],[38.28,14.011],[38.288,14.009],[38.293,14.007],[38.295,14.0],[38.302,13.989],[38.302,13.971],[38.296,13.964],[38.296,13.955],[38.294,13.949],[38.296,13.936],[38.302,13.935],[38.306,13.922],[38.31,13.902],[38.31,13.895]]]}},{"type":"Feature","properties":{"name":"Tahtay Maychew"},"geometry":{"type":"Polygon","coordinates":[[[38.66,14.225],[38.642,14.226],[38.612,14.239],[38.601,14.245],[38.6,14.268],[38.613,14.282],[38.613,14.292],[38.618,14.298],[38.614,14.308],[38.625,14.319],[38.632,14.321],[38.633,14.332],[38.626,14.335],[38.611,14.335],[38.604,14.332],[38.589,14.334],[38.585,14.339],[38.573,14.344],[38.573,14.333],[38.57,14.327],[38.568,14.318],[38.565,14.295],[38.562,14.281],[38.565,14.264],[38.561,14.26],[38.554,14.261],[38.545,14.258],[38.537,14.262],[38.531,14.257],[38.532,14.25],[38.537,14.245],[38.553,14.242],[38.558,14.244],[38.567,14.236],[38.563,14.232],[38.543,14.227],[38.536,14.227],[38.547,14.21],[38.554,14.21],[38.559,14.207],[38.566,14.209],[38.574,14.204],[38.568,14.195],[38.568,14.189],[38.564,14.185],[38.561,14.176],[38.555,14.168],[38.543,14.162],[38.549,14.142],[38.546,14.136],[38.541,14.133],[38.528,14.131],[38.523,14.126],[38.503,14.116],[38.501,14.107],[38.503,14.101],[38.501,14.096],[38.495,14.09],[38.5,14.086],[38.497,14.081],[38.5,14.073],[38.518,14.047],[38.52,14.042],[38.504,14.033],[38.5,14.029],[38.494,14.03],[38.488,14.026],[38.488,14.017],[38.49,14.011],[38.492,13.998],[38.496,13.987],[38.498,13.967],[38.506,13.96],[38.518,13.945],[38.524,13.94],[38.527,13.934],[38.558,13.906],[38.555,13.9],[38.559,13.894],[38.561,13.899],[38.566,13.899],[38.578,13.905],[38.589,13.913],[38.602,13.917],[38.611,13.921],[38.618,13.924],[38.63,13.92],[38.648,13.923],[38.666,13.929],[38.682,13.938],[38.679,13.945],[38.672,13.949],[38.667,13.959],[38.667,13.965],[38.669,13.98],[38.666,13.984],[38.666,14.001],[38.673,14.006],[38.672,14.012],[38.667,14.015],[38.669,14.031],[38.676,14.037],[38.644,14.048],[38.63,14.048],[38.624,14.056],[38.623,14.063],[38.619,14.075],[38.628,14.084],[38.645,14.095],[38.65,14.096],[38.656,14.101],[38.65,14.106],[38.63,14.11],[38.636,14.116],[38.645,14.12],[38.649,14.127],[38.646,14.146],[38.651,14.15],[38.655,14.159],[38.651,14.179],[38.655,14.188],[38.659,14.206],[38.66,14.225]]]}},{"type":"Feature","properties":{"name":"Tanqua Abergele"},"geometry":{"type":"Polygon","coordinates":[[[39.002,13.585],[38.995,13.583],[38.991,13.578],[38.975,13.597],[38.961,13.591],[38.955,13.602],[38.955,13.613],[38.948,13.613],[38.935,13.609],[38.929,13.604],[38.926,13.597],[38.926,13.591],[38.922,13.586],[38.906,13.587],[38.899,13.585],[38.892,13.586],[38.885,13.582],[38.88,13.578],[38.881,13.569],[38.876,13.563],[38.871,13.56],[38.863,13.55],[38.851,13.542],[38.842,13.543],[38.837,13.54],[38.829,13.547],[38.827,13.539],[38.818,13.535],[38.807,13.544],[38.803,13.54],[38.799,13.545],[38.794,13.545],[38.789,13.54],[38.783,13.539],[38.776,13.535],[38.769,13.534],[38.755,13.53],[38.75,13.532],[38.743,13.53],[38.729,13.534],[38.724,13.537],[38.72,13.541],[38.713,13.554],[38.712,13.567],[38.709,13.574],[38.696,13.586],[38.691,13.591],[38.688,13.597],[38.683,13.601],[38.676,13.603],[38.67,13.602],[38.659,13.612],[38.651,13.611],[38.644,13.607],[38.637,13.608],[38.632,13.604],[38.635,13.597],[38.637,13.58],[38.641,13.573],[38.659,13.557],[38.663,13.545],[38.672,13.53],[38.679,13.512],[38.677,13.498],[38.679,13.493],[38.677,13.484],[38.683,13.481],[38.691,13.472],[38.702,13.454],[38.706,13.444],[38.711,13.439],[38.712,13.432],[38.717,13.424],[38.723,13.409],[38.734,13.399],[38.734,13.385],[38.738,13.378],[38.731,13.366],[38.735,13.35],[38.743,13.341],[38.743,13.334],[38.738,13.331],[38.739,13.313],[38.742,13.308],[38.736,13.303],[38.74,13.297],[38.741,13.287],[38.736,13.283],[38.731,13.27],[38.732,13.263],[38.744,13.266],[38.78,13.25],[38.791,13.251],[38.802,13.248],[38.82,13.235],[38.835,13.233],[38.839,13.23],[38.851,13.215],[38.864,13.21],[38.868,13.216],[38.877,13.221],[38.894,13.224],[38.914,13.225],[38.919,13.231],[38.93,13.236],[38.953,13.238],[38.954,13.224],[38.957,13.22],[38.957,13.213],[38.966,13.208],[38.986,13.203],[38.998,13.204],[39.018,13.179],[39.037,13.171],[39.042,13.175],[39.045,13.182],[39.044,13.188],[39.048,13.198],[39.053,13.202],[39.067,13.2],[39.07,13.207],[39.07,13.213],[39.074,13.218],[39.093,13.223],[39.099,13.236],[39.097,13.242],[39.093,13.247],[39.091,13.262],[39.095,13.276],[39.09,13.281],[39.081,13.282],[39.071,13.294],[39.062,13.285],[39.05,13.285],[39.043,13.289],[39.047,13.295],[39.051,13.31],[39.056,13.318],[39.063,13.322],[39.062,13.329],[39.055,13.335],[39.051,13.341],[39.045,13.346],[39.041,13.36],[39.036,13.364],[39.028,13.375],[39.03,13.381],[39.03,13.387],[39.027,13.391],[39.027,13.403],[39.024,13.419],[39.021,13.431],[39.02,13.444],[39.022,13.449],[39.023,13.459],[39.032,13.452],[39.041,13.451],[39.045,13.448],[39.057,13.454],[39.07,13.468],[39.075,13.466],[39.081,13.466],[39.08,13.471],[39.082,13.475],[39.091,13.477],[39.091,13.484],[39.089,13.506],[39.086,13.513],[39.08,13.519],[39.078,13.526],[39.078,13.532],[39.082,13.543],[39.077,13.56],[39.069,13.561],[39.062,13.557],[39.03,13.558],[39.022,13.572],[39.016,13.575],[39.008,13.577],[39.002,13.585]]]}},{"type":"Feature","properties":{"name":"Tsegede"},"geometry":{"type":"Polygon","coordinates":[[[36.479,13.705],[36.477,13.701],[36.478,13.694],[36.483,13.689],[36.495,13.671],[36.499,13.666],[36.505,13.666],[36.507,13.653],[36.511,13.65],[36.514,13.632],[36.527,13.607],[36.52,13.586],[36.532,13.582],[36.539,13.583],[36.541,13.576],[36.555,13.572],[36.561,13.564],[36.563,13.556],[36.559,13.552],[36.565,13.548],[36.567,13.54],[36.566,13.534],[36.573,13.523],[36.58,13.521],[36.599,13.505],[36.602,13.499],[36.597,13.49],[36.58,13.483],[36.575,13.479],[36.572,13.468],[36.574,13.457],[36.572,13.45],[36.567,13.447],[36.57,13.426],[36.577,13.418],[36.58,13.412],[36.589,13.403],[36.593,13.39],[36.603,13.383],[36.606,13.378],[36.61,13.376],[36.629,13.383],[36.637,13.383],[36.645,13.379],[36.65,13.381],[36.657,13.37],[36.665,13.367],[36.673,13.369],[36.686,13.375],[36.706,13.373],[36.716,13.368],[36.723,13.367],[36.732,13.369],[36.735,13.364],[36.746,13.368],[36.75,13.372],[36.763,13.375],[36.768,13.379],[36.771,13.383],[36.773,13.39],[36.784,13.404],[36.789,13.408],[36.803,13.414],[36.809,13.419],[36.813,13.436],[36.818,13.447],[36.826,13.449],[36.839,13.445],[36.845,13.442],[36.845,13.436],[36.855,13.432],[36.862,13.426],[36.872,13.42],[36.875,13.414],[36.882,13.408],[36.896,13.408],[36.905,13.395],[36.906,13.389],[36.91,13.385],[36.916,13.383],[36.92,13.377],[36.928,13.378],[36.93,13.373],[36.939,13.381],[36.947,13.37],[36.952,13.365],[36.958,13.363],[36.961,13.368],[36.965,13.37],[36.971,13.366],[36.977,13.365],[36.983,13.362],[36.998,13.36],[37.003,13.357],[37.014,13.361],[37.026,13.355],[37.036,13.354],[37.041,13.352],[37.053,13.334],[37.066,13.331],[37.07,13.318],[37.077,13.319],[37.079,13.312],[37.085,13.315],[37.1,13.317],[37.116,13.312],[37.128,13.306],[37.151,13.301],[37.159,13.298],[37.164,13.293],[37.176,13.289],[37.187,13.283],[37.206,13.256],[37.212,13.26],[37.215,13.267],[37.225,13.275],[37.241,13.278],[37.242,13.284],[37.247,13.293],[37.251,13.296],[37.257,13.296],[37.265,13.291],[37.277,13.289],[37.281,13.286],[37.314,13.298],[37.323,13.298],[37.336,13.311],[37.34,13.319],[37.345,13.325],[37.351,13.327],[37.353,13.335],[37.353,13.343],[37.356,13.352],[37.36,13.358],[37.366,13.361],[37.389,13.357],[37.397,13.358],[37.404,13.362],[37.41,13.371],[37.417,13.375],[37.42,13.369],[37.426,13.364],[37.432,13.36],[37.438,13.359],[37.441,13.355],[37.451,13.356],[37.463,13.36],[37.472,13.368],[37.477,13.368],[37.484,13.365],[37.491,13.364],[37.496,13.368],[37.504,13.369],[37.511,13.367],[37.519,13.367],[37.527,13.372],[37.533,13.378],[37.553,13.389],[37.558,13.391],[37.562,13.388],[37.568,13.389],[37.583,13.398],[37.591,13.398],[37.605,13.41],[37.612,13.412],[37.618,13.409],[37.626,13.409],[37.638,13.415],[37.657,13.435],[37.657,13.442],[37.663,13.443],[37.667,13.447],[37.678,13.451],[37.68,13.457],[37.684,13.46],[37.686,13.466],[37.695,13.473],[37.692,13.485],[37.696,13.489],[37.7,13.496],[37.701,13.504],[37.709,13.522],[37.71,13.531],[37.716,13.535],[37.715,13.543],[37.721,13.547],[37.725,13.555],[37.728,13.564],[37.737,13.573],[37.747,13.572],[37.747,13.579],[37.742,13.581],[37.734,13.588],[37.727,13.589],[37.72,13.599],[37.708,13.609],[37.705,13.616],[37.701,13.62],[37.694,13.619],[37.682,13.625],[37.675,13.626],[37.671,13.629],[37.668,13.635],[37.663,13.627],[37.664,13.62],[37.655,13.61],[37.636,13.608],[37.629,13.604],[37.616,13.593],[37.594,13.582],[37.591,13.574],[37.58,13.559],[37.58,13.553],[37.583,13.547],[37.581,13.54],[37.572,13.529],[37.569,13.522],[37.549,13.52],[37.534,13.525],[37.525,13.526],[37.52,13.522],[37.512,13.523],[37.504,13.52],[37.497,13.516],[37.492,13.515],[37.48,13.515],[37.458,13.517],[37.438,13.512],[37.431,13.515],[37.424,13.515],[37.418,13.513],[37.406,13.517],[37.383,13.519],[37.379,13.523],[37.372,13.526],[37.362,13.524],[37.354,13.528],[37.349,13.528],[37.34,13.52],[37.328,13.515],[37.319,13.515],[37.312,13.518],[37.31,13.524],[37.304,13.525],[37.292,13.525],[37.266,13.521],[37.252,13.523],[37.245,13.522],[37.231,13.527],[37.222,13.522],[37.216,13.522],[37.194,13.53],[37.174,13.529],[37.167,13.532],[37.152,13.532],[37.145,13.536],[37.127,13.537],[37.121,13.539],[37.109,13.539],[37.104,13.543],[37.098,13.544],[37.09,13.551],[37.047,13.552],[37.03,13.561],[37.026,13.568],[37.019,13.566],[37.015,13.575],[37.003,13.585],[36.997,13.579],[36.992,13.582],[36.986,13.582],[36.98,13.588],[36.979,13.595],[36.971,13.597],[36.964,13.595],[36.963,13.603],[36.966,13.614],[36.965,13.621],[36.954,13.653],[36.956,13.676],[36.954,13.691],[36.947,13.706],[36.938,13.719],[36.914,13.721],[36.908,13.719],[36.905,13.713],[36.895,13.713],[36.888,13.712],[36.881,13.708],[36.864,13.715],[36.859,13.712],[36.845,13.712],[36.835,13.701],[36.822,13.697],[36.795,13.702],[36.787,13.699],[36.78,13.699],[36.775,13.695],[36.763,13.697],[36.757,13.687],[36.745,13.684],[36.745,13.678],[36.738,13.671],[36.733,13.672],[36.726,13.67],[36.718,13.671],[36.708,13.67],[36.7,13.672],[36.692,13.672],[36.684,13.677],[36.68,13.671],[36.675,13.67],[36.669,13.67],[36.663,13.674],[36.657,13.672],[36.652,13.676],[36.643,13.678],[36.633,13.673],[36.622,13.673],[36.614,13.682],[36.608,13.683],[36.604,13.677],[36.578,13.677],[36.561,13.675],[36.556,13.677],[36.552,13.683],[36.547,13.687],[36.54,13.681],[36.533,13.679],[36.524,13.687],[36.508,13.689],[36.507,13.694],[36.497,13.705],[36.489,13.707],[36.479,13.705]]]}},{"type":"Feature","properties":{"name":"Tselemti"},"geometry":{"type":"MultiPolygon","coordinates":[[[[37.765,13.855],[37.763,13.847],[37.768,13.839],[37.764,13.832],[37.768,13.827],[37.778,13.826],[37.788,13.816],[37.795,13.813],[37.802,13.808],[37.798,13.775],[37.807,13.764],[37.808,13.755],[37.804,13.744],[37.799,13.74],[37.796,13.734],[37.793,13.721],[37.786,13.705],[37.786,13.697],[37.783,13.689],[37.778,13.683],[37.777,13.678],[37.777,13.664],[37.785,13.652],[37.777,13.64],[37.777,13.634],[37.776,13.612],[37.785,13.598],[37.785,13.588],[37.775,13.575],[37.77,13.563],[37.786,13.54],[37.793,13.521],[37.81,13.52],[37.813,13.48],[37.818,13.464],[37.867,13.476],[37.876,13.468],[37.888,13.454],[37.905,13.448],[37.947,13.467],[37.963,13.49],[37.969,13.494],[38.002,13.502],[38.009,13.501],[38.016,13.487],[38.022,13.482],[38.025,13.486],[38.031,13.483],[38.038,13.483],[38.046,13.481],[38.053,13.469],[38.06,13.468],[38.067,13.472],[38.072,13.477],[38.084,13.484],[38.116,13.495],[38.122,13.507],[38.125,13.499],[38.129,13.493],[38.131,13.485],[38.136,13.479],[38.146,13.472],[38.156,13.477],[38.159,13.484],[38.175,13.494],[38.189,13.485],[38.202,13.481],[38.212,13.488],[38.221,13.49],[38.228,13.49],[38.244,13.497],[38.249,13.502],[38.251,13.497],[38.26,13.487],[38.269,13.488],[38.28,13.486],[38.299,13.493],[38.321,13.503],[38.324,13.51],[38.321,13.525],[38.327,13.535],[38.326,13.544],[38.329,13.551],[38.342,13.538],[38.35,13.543],[38.361,13.554],[38.366,13.553],[38.381,13.545],[38.386,13.552],[38.392,13.554],[38.4,13.546],[38.4,13.54],[38.407,13.54],[38.425,13.562],[38.427,13.572],[38.434,13.58],[38.442,13.585],[38.452,13.585],[38.444,13.57],[38.444,13.561],[38.454,13.558],[38.459,13.56],[38.466,13.568],[38.474,13.565],[38.474,13.558],[38.478,13.553],[38.491,13.559],[38.502,13.559],[38.533,13.554],[38.55,13.553],[38.555,13.551],[38.552,13.539],[38.543,13.526],[38.533,13.519],[38.523,13.518],[38.509,13.512],[38.504,13.512],[38.498,13.507],[38.492,13.496],[38.499,13.485],[38.468,13.486],[38.466,13.48],[38.47,13.476],[38.462,13.46],[38.485,13.47],[38.513,13.474],[38.535,13.482],[38.546,13.484],[38.563,13.484],[38.568,13.487],[38.574,13.498],[38.58,13.504],[38.591,13.507],[38.606,13.491],[38.615,13.491],[38.623,13.496],[38.637,13.507],[38.663,13.532],[38.673,13.51],[38.677,13.498],[38.679,13.512],[38.672,13.53],[38.663,13.545],[38.659,13.557],[38.641,13.573],[38.637,13.58],[38.635,13.597],[38.632,13.604],[38.623,13.611],[38.614,13.628],[38.602,13.641],[38.598,13.647],[38.593,13.65],[38.586,13.649],[38.577,13.649],[38.571,13.654],[38.566,13.66],[38.54,13.679],[38.528,13.684],[38.521,13.683],[38.513,13.685],[38.504,13.694],[38.492,13.695],[38.487,13.697],[38.482,13.7],[38.478,13.71],[38.473,13.717],[38.46,13.721],[38.449,13.731],[38.441,13.736],[38.415,13.749],[38.403,13.762],[38.393,13.781],[38.378,13.785],[38.373,13.788],[38.366,13.803],[38.359,13.804],[38.337,13.804],[38.33,13.802],[38.314,13.803],[38.313,13.796],[38.307,13.787],[38.289,13.768],[38.272,13.764],[38.256,13.752],[38.243,13.74],[38.232,13.735],[38.228,13.73],[38.221,13.726],[38.209,13.727],[38.194,13.732],[38.181,13.729],[38.173,13.735],[38.156,13.739],[38.151,13.744],[38.14,13.745],[38.131,13.742],[38.109,13.744],[38.096,13.74],[38.082,13.743],[38.07,13.749],[38.06,13.751],[38.045,13.751],[38.039,13.752],[38.032,13.75],[38.021,13.739],[38.015,13.738],[38.011,13.743],[38.009,13.754],[38.004,13.759],[37.999,13.766],[37.996,13.79],[37.992,13.797],[37.977,13.803],[37.973,13.808],[37.973,13.815],[37.962,13.826],[37.936,13.828],[37.91,13.845],[37.907,13.85],[37.9,13.88],[37.892,13.884],[37.87,13.876],[37.866,13.874],[37.862,13.865],[37.857,13.863],[37.851,13.865],[37.849,13.872],[37.844,13.876],[37.839,13.876],[37.828,13.873],[37.822,13.865],[37.815,13.863],[37.803,13.87],[37.775,13.857],[37.765,13.855]]],[[[38.677,13.498],[38.674,13.493],[38.677,13.484],[38.679,13.493],[38.677,13.498]]],[[[38.677,13.484],[38.662,13.485],[38.649,13.482],[38.634,13.473],[38.617,13.452],[38.619,13.429],[38.623,13.412],[38.633,13.405],[38.649,13.397],[38.67,13.393],[38.697,13.39],[38.707,13.39],[38.72,13.404],[38.723,13.409],[38.717,13.424],[38.712,13.432],[38.711,13.439],[38.706,13.444],[38.702,13.454],[38.691,13.472],[38.683,13.481],[38.677,13.484]]]]}},{"type":"Feature","properties":{"name":"Welkait"},"geometry":{"type":"Polygon","coordinates":[[[37.598,14.053],[37.592,14.051],[37.588,14.054],[37.59,14.068],[37.58,14.078],[37.573,14.095],[37.567,14.094],[37.558,14.091],[37.556,14.1],[37.548,14.104],[37.542,14.092],[37.536,14.089],[37.532,14.084],[37.531,14.076],[37.525,14.07],[37.511,14.064],[37.498,14.052],[37.485,14.053],[37.478,14.056],[37.464,14.055],[37.457,14.051],[37.454,14.039],[37.445,14.028],[37.434,14.033],[37.429,14.04],[37.421,14.043],[37.413,14.048],[37.401,14.048],[37.386,14.04],[37.381,14.034],[37.368,14.033],[37.346,14.022],[37.339,14.02],[37.331,14.021],[37.324,14.026],[37.316,14.037],[37.306,14.039],[37.299,14.037],[37.291,14.037],[37.276,14.034],[37.27,14.035],[37.263,14.038],[37.257,14.039],[37.243,14.037],[37.23,14.04],[37.217,14.04],[37.202,14.046],[37.193,14.044],[37.207,14.032],[37.208,14.015],[37.206,14.007],[37.215,14.003],[37.219,13.995],[37.229,13.99],[37.233,13.983],[37.228,13.971],[37.242,13.963],[37.25,13.949],[37.256,13.943],[37.26,13.931],[37.266,13.925],[37.273,13.921],[37.287,13.92],[37.289,13.915],[37.295,13.912],[37.297,13.904],[37.297,13.894],[37.287,13.887],[37.281,13.873],[37.276,13.867],[37.265,13.861],[37.257,13.854],[37.25,13.829],[37.246,13.824],[37.238,13.823],[37.231,13.817],[37.214,13.808],[37.2,13.805],[37.192,13.805],[37.186,13.81],[37.159,13.819],[37.148,13.813],[37.136,13.813],[37.13,13.818],[37.124,13.82],[37.117,13.817],[37.109,13.812],[37.104,13.814],[37.098,13.812],[37.09,13.799],[37.082,13.793],[37.074,13.793],[37.066,13.791],[37.057,13.79],[37.047,13.779],[37.028,13.767],[37.019,13.772],[37.003,13.774],[36.996,13.771],[36.991,13.773],[36.982,13.765],[36.976,13.766],[36.97,13.771],[36.957,13.777],[36.952,13.776],[36.937,13.768],[36.923,13.765],[36.917,13.767],[36.908,13.764],[36.902,13.758],[36.898,13.751],[36.892,13.749],[36.886,13.744],[36.884,13.74],[36.876,13.739],[36.877,13.733],[36.865,13.722],[36.852,13.716],[36.845,13.712],[36.859,13.712],[36.864,13.715],[36.881,13.708],[36.888,13.712],[36.895,13.713],[36.905,13.713],[36.908,13.719],[36.914,13.721],[36.938,13.719],[36.947,13.706],[36.954,13.691],[36.956,13.676],[36.954,13.653],[36.965,13.621],[36.966,13.614],[36.963,13.603],[36.964,13.595],[36.971,13.597],[36.979,13.595],[36.98,13.588],[36.986,13.582],[36.992,13.582],[36.997,13.579],[37.003,13.585],[37.015,13.575],[37.019,13.566],[37.026,13.568],[37.03,13.561],[37.047,13.552],[37.09,13.551],[37.098,13.544],[37.104,13.543],[37.109,13.539],[37.121,13.539],[37.127,13.537],[37.145,13.536],[37.152,13.532],[37.167,13.532],[37.174,13.529],[37.194,13.53],[37.216,13.522],[37.222,13.522],[37.231,13.527],[37.245,13.522],[37.252,13.523],[37.266,13.521],[37.292,13.525],[37.304,13.525],[37.31,13.524],[37.312,13.518],[37.319,13.515],[37.328,13.515],[37.34,13.52],[37.349,13.528],[37.354,13.528],[37.362,13.524],[37.372,13.526],[37.379,13.523],[37.383,13.519],[37.406,13.517],[37.418,13.513],[37.424,13.515],[37.431,13.515],[37.438,13.512],[37.458,13.517],[37.48,13.515],[37.492,13.515],[37.497,13.516],[37.504,13.52],[37.512,13.523],[37.52,13.522],[37.525,13.526],[37.534,13.525],[37.549,13.52],[37.569,13.522],[37.572,13.529],[37.581,13.54],[37.583,13.547],[37.58,13.553],[37.58,13.559],[37.591,13.574],[37.594,13.582],[37.616,13.593],[37.629,13.604],[37.636,13.608],[37.655,13.61],[37.664,13.62],[37.663,13.627],[37.668,13.635],[37.671,13.629],[37.675,13.626],[37.682,13.625],[37.694,13.619],[37.701,13.62],[37.705,13.616],[37.708,13.609],[37.72,13.599],[37.727,13.589],[37.734,13.588],[37.742,13.581],[37.747,13.579],[37.755,13.592],[37.761,13.592],[37.762,13.597],[37.766,13.603],[37.765,13.619],[37.77,13.629],[37.777,13.634],[37.777,13.64],[37.785,13.652],[37.777,13.664],[37.777,13.678],[37.778,13.683],[37.783,13.689],[37.786,13.697],[37.786,13.705],[37.793,13.721],[37.796,13.734],[37.799,13.74],[37.804,13.744],[37.808,13.755],[37.807,13.764],[37.798,13.775],[37.802,13.808],[37.795,13.813],[37.788,13.816],[37.778,13.826],[37.768,13.827],[37.764,13.832],[37.768,13.839],[37.763,13.847],[37.765,13.855],[37.751,13.874],[37.74,13.876],[37.735,13.879],[37.734,13.889],[37.729,13.894],[37.723,13.897],[37.717,13.897],[37.712,13.894],[37.707,13.889],[37.702,13.886],[37.694,13.888],[37.683,13.894],[37.676,13.905],[37.664,13.91],[37.66,13.916],[37.657,13.922],[37.654,13.941],[37.65,13.949],[37.643,13.953],[37.636,13.951],[37.628,13.953],[37.631,13.968],[37.63,13.976],[37.621,13.993],[37.616,13.999],[37.61,14.004],[37.608,14.009],[37.621,14.033],[37.615,14.038],[37.603,14.038],[37.598,14.053]]]}},{"type":"Feature","properties":{"name":"Werei Leke"},"geometry":{"type":"Polygon","coordinates":[[[38.909,14.032],[38.914,14.029],[38.911,14.024],[38.907,14.012],[38.9,14.008],[38.902,14.001],[38.902,13.993],[38.906,13.987],[38.906,13.98],[38.901,13.977],[38.899,13.972],[38.902,13.963],[38.896,13.95],[38.898,13.944],[38.89,13.936],[38.895,13.935],[38.897,13.93],[38.885,13.896],[38.877,13.886],[38.87,13.881],[38.861,13.871],[38.851,13.856],[38.839,13.847],[38.84,13.841],[38.839,13.827],[38.827,13.797],[38.821,13.792],[38.82,13.785],[38.816,13.78],[38.815,13.774],[38.822,13.772],[38.828,13.776],[38.832,13.781],[38.838,13.786],[38.847,13.788],[38.853,13.786],[38.866,13.793],[38.871,13.792],[38.885,13.798],[38.892,13.797],[38.921,13.817],[38.932,13.816],[38.938,13.82],[38.967,13.831],[38.977,13.838],[38.984,13.835],[38.99,13.831],[38.995,13.842],[39.009,13.843],[39.012,13.847],[39.018,13.843],[39.023,13.845],[39.028,13.843],[39.031,13.849],[39.046,13.842],[39.057,13.84],[39.077,13.843],[39.092,13.85],[39.097,13.855],[39.125,13.864],[39.133,13.871],[39.14,13.873],[39.15,13.88],[39.171,13.884],[39.183,13.889],[39.191,13.891],[39.196,13.897],[39.209,13.904],[39.214,13.905],[39.219,13.909],[39.223,13.916],[39.229,13.92],[39.232,13.926],[39.244,13.937],[39.247,13.95],[39.26,13.96],[39.272,13.965],[39.279,13.972],[39.285,13.976],[39.293,13.987],[39.301,13.989],[39.305,13.993],[39.315,14.012],[39.315,14.019],[39.325,14.032],[39.329,14.044],[39.332,14.05],[39.334,14.072],[39.342,14.089],[39.341,14.1],[39.336,14.113],[39.331,14.116],[39.326,14.123],[39.323,14.133],[39.302,14.153],[39.292,14.159],[39.291,14.166],[39.286,14.169],[39.272,14.155],[39.264,14.155],[39.256,14.16],[39.246,14.171],[39.24,14.17],[39.236,14.166],[39.238,14.159],[39.236,14.153],[39.242,14.15],[39.243,14.144],[39.25,14.141],[39.255,14.135],[39.257,14.128],[39.233,14.136],[39.226,14.136],[39.211,14.143],[39.201,14.138],[39.194,14.125],[39.193,14.119],[39.18,14.117],[39.172,14.118],[39.165,14.122],[39.163,14.127],[39.159,14.13],[39.153,14.128],[39.142,14.119],[39.126,14.114],[39.122,14.123],[39.122,14.137],[39.118,14.142],[39.112,14.143],[39.102,14.139],[39.096,14.139],[39.089,14.142],[39.082,14.149],[39.048,14.161],[39.05,14.153],[39.057,14.148],[39.058,14.139],[39.056,14.132],[39.051,14.125],[39.034,14.122],[39.027,14.117],[39.021,14.11],[39.017,14.103],[39.017,14.092],[39.011,14.088],[39.01,14.082],[39.014,14.074],[39.012,14.066],[39.005,14.062],[38.998,14.048],[38.994,14.044],[38.992,14.038],[38.986,14.033],[38.979,14.033],[38.974,14.036],[38.964,14.045],[38.944,14.047],[38.922,14.044],[38.908,14.048],[38.909,14.032]]]}},{"type":"Feature","properties":{"name":"Endamehoni"},"geometry":{"type":"Polygon","coordinates":[[[39.308,12.812],[39.304,12.794],[39.297,12.786],[39.277,12.789],[39.269,12.772],[39.28,12.759],[39.282,12.744],[39.275,12.727],[39.27,12.724],[39.286,12.705],[39.293,12.7],[39.299,12.701],[39.313,12.697],[39.32,12.701],[39.326,12.698],[39.337,12.696],[39.394,12.689],[39.4,12.685],[39.403,12.679],[39.396,12.667],[39.395,12.661],[39.398,12.651],[39.406,12.638],[39.414,12.636],[39.453,12.636],[39.468,12.642],[39.477,12.643],[39.492,12.655],[39.494,12.663],[39.503,12.664],[39.508,12.662],[39.515,12.662],[39.523,12.664],[39.537,12.669],[39.546,12.669],[39.553,12.666],[39.557,12.66],[39.562,12.656],[39.569,12.657],[39.574,12.655],[39.575,12.665],[39.592,12.668],[39.595,12.675],[39.595,12.681],[39.6,12.683],[39.596,12.691],[39.598,12.699],[39.597,12.707],[39.605,12.712],[39.605,12.718],[39.597,12.718],[39.589,12.729],[39.583,12.73],[39.571,12.739],[39.568,12.747],[39.571,12.752],[39.582,12.76],[39.589,12.771],[39.588,12.778],[39.59,12.783],[39.596,12.785],[39.595,12.793],[39.592,12.799],[39.595,12.804],[39.601,12.806],[39.6,12.812],[39.596,12.818],[39.581,12.817],[39.576,12.823],[39.57,12.825],[39.566,12.829],[39.564,12.835],[39.568,12.843],[39.565,12.851],[39.564,12.86],[39.56,12.865],[39.549,12.865],[39.545,12.86],[39.536,12.861],[39.531,12.865],[39.519,12.867],[39.51,12.866],[39.497,12.858],[39.491,12.857],[39.459,12.858],[39.452,12.861],[39.444,12.858],[39.429,12.858],[39.422,12.855],[39.408,12.86],[39.402,12.865],[39.394,12.865],[39.395,12.858],[39.383,12.831],[39.369,12.811],[39.365,12.808],[39.342,12.805],[39.333,12.805],[39.308,12.812]]]}},{"type":"Feature","properties":{"name":"Raya Azebo"},"geometry":{"type":"Polygon","coordinates":[[[39.565,12.851],[39.568,12.843],[39.564,12.835],[39.566,12.829],[39.57,12.825],[39.576,12.823],[39.581,12.817],[39.596,12.818],[39.6,12.812],[39.601,12.806],[39.595,12.804],[39.592,12.799],[39.595,12.793],[39.596,12.785],[39.59,12.783],[39.588,12.778],[39.589,12.771],[39.582,12.76],[39.571,12.752],[39.568,12.747],[39.571,12.739],[39.583,12.73],[39.589,12.729],[39.597,12.718],[39.605,12.718],[39.605,12.712],[39.597,12.707],[39.598,12.699],[39.596,12.691],[39.6,12.683],[39.595,12.681],[39.595,12.675],[39.592,12.668],[39.575,12.665],[39.574,12.655],[39.569,12.657],[39.562,12.656],[39.557,12.66],[39.554,12.653],[39.559,12.649],[39.555,12.638],[39.562,12.629],[39.562,12.623],[39.564,12.619],[39.566,12.612],[39.557,12.611],[39.553,12.607],[39.559,12.596],[39.56,12.588],[39.565,12.581],[39.57,12.576],[39.57,12.569],[39.566,12.564],[39.577,12.558],[39.596,12.559],[39.602,12.557],[39.609,12.557],[39.618,12.55],[39.632,12.554],[39.639,12.554],[39.645,12.552],[39.666,12.552],[39.672,12.548],[39.676,12.541],[39.687,12.526],[39.685,12.52],[39.678,12.515],[39.668,12.505],[39.665,12.498],[39.665,12.493],[39.655,12.476],[39.653,12.469],[39.653,12.464],[39.659,12.443],[39.656,12.434],[39.644,12.431],[39.639,12.427],[39.641,12.415],[39.647,12.402],[39.648,12.389],[39.647,12.382],[39.648,12.371],[39.647,12.364],[39.683,12.344],[39.692,12.343],[39.706,12.345],[39.714,12.344],[39.721,12.346],[39.748,12.342],[39.752,12.338],[39.752,12.33],[39.755,12.324],[39.759,12.321],[39.762,12.304],[39.778,12.312],[39.801,12.317],[39.818,12.325],[39.818,12.343],[39.832,12.358],[39.83,12.366],[39.826,12.373],[39.824,12.385],[39.821,12.391],[39.822,12.396],[39.816,12.408],[39.822,12.416],[39.834,12.434],[39.848,12.45],[39.864,12.464],[39.883,12.458],[39.883,12.468],[39.872,12.47],[39.867,12.473],[39.882,12.485],[39.869,12.495],[39.864,12.507],[39.863,12.518],[39.865,12.524],[39.864,12.532],[39.853,12.548],[39.841,12.547],[39.834,12.551],[39.827,12.562],[39.828,12.573],[39.816,12.582],[39.808,12.597],[39.81,12.604],[39.82,12.619],[39.825,12.623],[39.833,12.635],[39.824,12.646],[39.821,12.66],[39.827,12.694],[39.84,12.714],[39.868,12.724],[39.871,12.735],[39.89,12.756],[39.9,12.763],[39.92,12.768],[39.928,12.768],[39.944,12.772],[39.964,12.783],[39.979,12.793],[39.973,12.798],[39.97,12.815],[39.966,12.823],[39.953,12.838],[39.942,12.862],[39.93,12.875],[39.93,12.882],[39.926,12.894],[39.917,12.905],[39.907,12.915],[39.905,12.922],[39.899,12.927],[39.887,12.932],[39.874,12.943],[39.864,12.937],[39.86,12.931],[39.854,12.927],[39.844,12.925],[39.838,12.932],[39.835,12.939],[39.827,12.939],[39.822,12.942],[39.804,12.932],[39.797,12.931],[39.79,12.924],[39.784,12.92],[39.78,12.909],[39.775,12.904],[39.774,12.899],[39.754,12.884],[39.746,12.882],[39.714,12.887],[39.709,12.89],[39.705,12.896],[39.694,12.903],[39.67,12.904],[39.659,12.909],[39.625,12.902],[39.62,12.896],[39.611,12.897],[39.604,12.894],[39.597,12.894],[39.591,12.889],[39.591,12.88],[39.597,12.874],[39.608,12.867],[39.622,12.865],[39.618,12.861],[39.617,12.854],[39.61,12.852],[39.604,12.853],[39.598,12.851],[39.593,12.857],[39.585,12.855],[39.581,12.861],[39.576,12.859],[39.573,12.854],[39.565,12.851]]]}},{"type":"Feature","properties":{"name":"Ayisha"},"geometry":{"type":"Polygon","coordinates":[[[42.885,10.187],[42.857,10.226],[42.841,10.267],[42.82,10.292],[42.805,10.316],[42.787,10.36],[42.777,10.406],[42.751,10.451],[42.737,10.499],[42.717,10.532],[42.706,10.576],[42.708,10.62],[42.723,10.661],[42.742,10.687],[42.769,10.735],[42.797,10.793],[42.898,10.925],[42.934,10.959],[42.944,10.986],[42.918,10.996],[42.853,11.003],[42.761,11.068],[42.702,11.082],[42.656,11.075],[42.611,11.074],[42.58,11.068],[42.536,11.055],[42.513,11.041],[42.475,11.033],[42.44,11.016],[42.405,11.005],[42.334,11.001],[42.239,11.001],[42.187,10.992],[42.079,10.982],[42.035,10.964],[41.905,10.953],[41.817,10.984],[41.759,10.958],[41.701,10.947],[41.648,10.921],[41.597,10.883],[41.545,10.863],[41.512,10.81],[41.582,10.797],[41.65,10.811],[41.711,10.788],[41.759,10.764],[41.801,10.729],[41.849,10.7],[41.906,10.607],[41.928,10.594],[41.967,10.562],[42.02,10.549],[42.102,10.519],[42.176,10.498],[42.259,10.484],[42.317,10.468],[42.362,10.472],[42.426,10.455],[42.453,10.438],[42.479,10.413],[42.504,10.377],[42.508,10.332],[42.489,10.173],[42.551,10.173],[42.607,10.165],[42.631,10.157],[42.695,10.115],[42.715,10.085],[42.748,10.104],[42.771,10.111],[42.803,10.125],[42.831,10.15],[42.885,10.187]]]}},{"type":"Feature","properties":{"name":"Erer"},"geometry":{"type":"Polygon","coordinates":[[[41.817,10.984],[41.77,10.992],[41.764,10.992],[41.761,10.983],[41.74,10.969],[41.719,10.966],[41.7,10.97],[41.682,10.965],[41.635,10.966],[41.583,10.963],[41.485,10.968],[41.411,10.959],[41.393,10.967],[41.261,10.393],[41.429,9.976],[41.463,9.684],[41.46,9.468],[41.492,9.458],[41.523,9.486],[41.542,9.501],[41.565,9.508],[41.599,9.512],[41.634,9.514],[41.643,9.516],[41.655,9.482],[41.671,9.472],[41.703,9.468],[41.723,9.469],[41.736,9.472],[41.729,9.49],[41.75,9.602],[41.75,9.637],[41.727,9.685],[41.727,9.705],[41.704,9.742],[41.705,9.779],[41.674,9.806],[41.616,9.96],[41.567,10.169],[41.567,10.265],[41.542,10.326],[41.537,10.4],[41.519,10.459],[41.516,10.54],[41.505,10.597],[41.502,10.653],[41.501,10.702],[41.505,10.75],[41.512,10.81],[41.545,10.863],[41.597,10.883],[41.648,10.921],[41.701,10.947],[41.759,10.958],[41.817,10.984]]]}},{"type":"Feature","properties":{"name":"Afdem"},"geometry":{"type":"Polygon","coordinates":[[[41.393,10.967],[41.349,10.963],[41.301,10.965],[41.269,10.959],[41.242,10.922],[41.234,10.892],[41.233,10.865],[41.221,10.835],[41.208,10.821],[41.192,10.797],[41.167,10.781],[41.15,10.761],[41.134,10.745],[41.116,10.721],[41.091,10.698],[41.078,10.682],[41.08,10.66],[41.079,10.64],[41.083,10.633],[41.088,10.601],[41.072,10.542],[41.062,10.518],[41.058,10.501],[41.048,10.479],[41.033,10.423],[41.031,10.401],[41.016,10.344],[41.006,10.32],[40.991,10.241],[40.98,10.196],[40.976,10.158],[40.955,10.097],[40.95,10.069],[40.937,10.036],[40.947,10.002],[40.954,9.988],[40.967,9.973],[40.982,9.97],[41.0,9.969],[41.014,9.961],[41.034,9.961],[41.039,9.982],[41.059,9.967],[41.129,9.967],[41.167,9.962],[41.2,9.934],[41.213,9.908],[41.229,9.882],[41.246,9.874],[41.256,9.853],[41.271,9.825],[41.285,9.722],[41.292,9.697],[41.284,9.655],[41.285,9.618],[41.269,9.568],[41.262,9.528],[41.253,9.501],[41.268,9.5],[41.281,9.503],[41.31,9.504],[41.337,9.496],[41.36,9.491],[41.394,9.487],[41.434,9.477],[41.46,9.468],[41.463,9.684],[41.429,9.976],[41.261,10.393],[41.393,10.967]]]}},{"type":"Feature","properties":{"name":"Shinile"},"geometry":{"type":"Polygon","coordinates":[[[41.512,10.81],[41.505,10.75],[41.501,10.702],[41.502,10.653],[41.505,10.597],[41.516,10.54],[41.519,10.459],[41.537,10.4],[41.542,10.326],[41.567,10.265],[41.567,10.169],[41.616,9.96],[41.674,9.806],[41.705,9.779],[41.704,9.742],[41.727,9.705],[41.727,9.685],[41.75,9.637],[41.775,9.655],[41.792,9.65],[41.802,9.643],[41.81,9.642],[41.854,9.675],[41.874,9.685],[41.907,9.68],[41.927,9.669],[41.967,9.648],[41.997,9.632],[42.009,9.623],[42.02,9.619],[42.032,9.619],[42.123,9.711],[42.135,9.801],[42.141,9.871],[42.16,9.944],[42.181,9.964],[42.204,10.001],[42.221,10.012],[42.248,10.023],[42.265,10.037],[42.308,10.046],[42.365,10.07],[42.397,10.1],[42.431,10.125],[42.489,10.173],[42.508,10.332],[42.504,10.377],[42.479,10.413],[42.453,10.438],[42.426,10.455],[42.362,10.472],[42.317,10.468],[42.259,10.484],[42.176,10.498],[42.102,10.519],[42.02,10.549],[41.967,10.562],[41.928,10.594],[41.906,10.607],[41.849,10.7],[41.801,10.729],[41.759,10.764],[41.711,10.788],[41.65,10.811],[41.582,10.797],[41.512,10.81]]]}},{"type":"Feature","properties":{"name":"Dire Dawa/Town"},"geometry":{"type":"Polygon","coordinates":[[[41.927,9.669],[41.915,9.667],[41.894,9.67],[41.874,9.666],[41.868,9.662],[41.858,9.645],[41.856,9.639],[41.865,9.624],[41.866,9.615],[41.871,9.613],[41.884,9.616],[41.889,9.594],[41.903,9.578],[41.915,9.579],[41.928,9.576],[41.944,9.575],[41.948,9.589],[41.95,9.607],[41.949,9.619],[41.963,9.628],[41.97,9.638],[41.967,9.648],[41.927,9.669]]]}},{"type":"Feature","properties":{"name":"Aw-bare"},"geometry":{"type":"Polygon","coordinates":[[[42.715,10.085],[42.721,10.059],[42.729,10.043],[42.747,10.018],[42.758,9.996],[42.76,9.966],[42.747,9.923],[42.737,9.902],[42.731,9.867],[42.703,9.842],[42.688,9.827],[42.677,9.805],[42.663,9.792],[42.665,9.778],[42.682,9.775],[42.695,9.77],[42.704,9.759],[42.715,9.742],[42.731,9.722],[42.751,9.712],[42.791,9.694],[42.824,9.675],[42.855,9.663],[42.899,9.651],[42.909,9.651],[42.918,9.659],[42.927,9.673],[42.936,9.681],[42.952,9.673],[42.965,9.657],[42.979,9.63],[42.981,9.608],[42.97,9.593],[42.944,9.589],[42.939,9.584],[42.949,9.583],[42.978,9.584],[42.994,9.573],[43.005,9.562],[43.026,9.533],[43.026,9.521],[43.041,9.511],[43.068,9.503],[43.085,9.501],[43.138,9.501],[43.169,9.496],[43.185,9.483],[43.193,9.47],[43.189,9.456],[43.169,9.445],[43.158,9.431],[43.155,9.414],[43.159,9.367],[43.171,9.347],[43.206,9.342],[43.234,9.352],[43.252,9.357],[43.267,9.365],[43.303,9.396],[43.339,9.409],[43.344,9.423],[43.357,9.439],[43.384,9.449],[43.398,9.464],[43.416,9.478],[43.406,9.512],[43.389,9.526],[43.38,9.543],[43.369,9.558],[43.356,9.565],[43.357,9.578],[43.346,9.596],[43.337,9.606],[43.319,9.631],[43.308,9.639],[43.302,9.654],[43.299,9.668],[43.29,9.679],[43.288,9.694],[43.276,9.702],[43.273,9.718],[43.275,9.727],[43.275,9.742],[43.266,9.753],[43.265,9.771],[43.257,9.784],[43.251,9.792],[43.25,9.804],[43.252,9.829],[43.239,9.84],[43.232,9.85],[43.223,9.859],[43.214,9.873],[43.201,9.881],[43.168,9.889],[43.159,9.901],[43.144,9.905],[43.137,9.915],[43.099,9.922],[43.093,9.936],[43.082,9.94],[43.079,9.956],[43.067,9.979],[43.064,9.997],[43.053,10.004],[43.042,10.023],[43.027,10.038],[43.022,10.049],[43.013,10.058],[43.005,10.07],[42.995,10.081],[42.971,10.091],[42.968,10.1],[42.954,10.112],[42.939,10.131],[42.909,10.16],[42.885,10.187],[42.831,10.15],[42.803,10.125],[42.771,10.111],[42.748,10.104],[42.715,10.085]]]}},{"type":"Feature","properties":{"name":"Dembel"},"geometry":{"type":"Polygon","coordinates":[[[42.489,10.173],[42.431,10.125],[42.397,10.1],[42.365,10.07],[42.308,10.046],[42.265,10.037],[42.248,10.023],[42.221,10.012],[42.204,10.001],[42.181,9.964],[42.16,9.944],[42.141,9.871],[42.135,9.801],[42.123,9.711],[42.187,9.775],[42.214,9.785],[42.252,9.784],[42.294,9.758],[42.341,9.721],[42.347,9.722],[42.357,9.719],[42.377,9.715],[42.449,9.723],[42.5,9.722],[42.531,9.729],[42.569,9.738],[42.619,9.759],[42.648,9.776],[42.665,9.778],[42.663,9.792],[42.677,9.805],[42.688,9.827],[42.703,9.842],[42.731,9.867],[42.737,9.902],[42.747,9.923],[42.76,9.966],[42.758,9.996],[42.747,10.018],[42.729,10.043],[42.721,10.059],[42.715,10.085],[42.695,10.115],[42.631,10.157],[42.607,10.165],[42.551,10.173],[42.489,10.173]]]}},{"type":"Feature","properties":{"name":"Miesso"},"geometry":{"type":"Polygon","coordinates":[[[41.014,9.961],[41.02,9.95],[41.015,9.94],[40.997,9.93],[40.948,9.881],[40.848,9.791],[40.826,9.764],[40.778,9.691],[40.764,9.668],[40.75,9.652],[40.736,9.623],[40.731,9.608],[40.723,9.591],[40.715,9.567],[40.7,9.534],[40.694,9.5],[40.694,9.445],[40.699,9.449],[40.72,9.445],[40.784,9.449],[40.817,9.454],[40.843,9.465],[40.863,9.464],[40.891,9.45],[40.918,9.423],[40.928,9.406],[40.915,9.398],[40.892,9.391],[40.859,9.386],[40.829,9.394],[40.799,9.397],[40.79,9.388],[40.794,9.368],[40.801,9.346],[40.809,9.328],[40.813,9.312],[40.826,9.306],[40.845,9.306],[40.875,9.31],[40.904,9.319],[40.928,9.324],[40.954,9.337],[40.972,9.353],[40.977,9.353],[41.015,9.358],[41.031,9.373],[41.057,9.392],[41.084,9.405],[41.146,9.426],[41.171,9.442],[41.196,9.463],[41.212,9.482],[41.221,9.492],[41.24,9.5],[41.253,9.501],[41.262,9.528],[41.269,9.568],[41.285,9.618],[41.284,9.655],[41.292,9.697],[41.285,9.722],[41.271,9.825],[41.256,9.853],[41.246,9.874],[41.229,9.882],[41.213,9.908],[41.2,9.934],[41.167,9.962],[41.129,9.967],[41.059,9.967],[41.039,9.982],[41.034,9.961],[41.014,9.961]]]}},{"type":"Feature","properties":{"name":"Jijiga"},"geometry":{"type":"Polygon","coordinates":[[[42.939,9.584],[42.922,9.566],[42.91,9.564],[42.893,9.575],[42.881,9.586],[42.865,9.588],[42.842,9.584],[42.815,9.574],[42.788,9.524],[42.777,9.513],[42.748,9.503],[42.737,9.496],[42.73,9.484],[42.716,9.476],[42.683,9.471],[42.667,9.46],[42.657,9.457],[42.642,9.448],[42.618,9.428],[42.604,9.418],[42.586,9.41],[42.568,9.397],[42.553,9.383],[42.538,9.374],[42.553,9.346],[42.557,9.322],[42.668,9.362],[42.725,9.198],[42.893,9.214],[42.91,9.082],[42.956,9.105],[42.967,9.118],[42.981,9.125],[42.994,9.135],[43.016,9.159],[43.041,9.173],[43.055,9.193],[43.058,9.207],[43.057,9.225],[43.06,9.26],[43.058,9.274],[43.059,9.288],[43.066,9.303],[43.092,9.327],[43.101,9.338],[43.12,9.352],[43.159,9.367],[43.155,9.414],[43.158,9.431],[43.169,9.445],[43.189,9.456],[43.193,9.47],[43.185,9.483],[43.169,9.496],[43.138,9.501],[43.085,9.501],[43.068,9.503],[43.041,9.511],[43.026,9.521],[43.026,9.533],[43.005,9.562],[42.994,9.573],[42.978,9.584],[42.949,9.583],[42.939,9.584]]]}},{"type":"Feature","properties":{"name":"Dire Dawa"},"geometry":{"type":"Polygon","coordinates":[[[41.736,9.472],[41.755,9.486],[41.774,9.492],[41.793,9.491],[41.816,9.478],[41.84,9.479],[41.861,9.489],[41.909,9.475],[41.914,9.473],[41.94,9.481],[41.983,9.509],[41.996,9.507],[42.02,9.509],[42.033,9.505],[42.045,9.499],[42.053,9.493],[42.069,9.476],[42.076,9.475],[42.082,9.489],[42.097,9.502],[42.111,9.509],[42.14,9.536],[42.154,9.557],[42.147,9.572],[42.134,9.583],[42.129,9.599],[42.126,9.616],[42.143,9.621],[42.181,9.645],[42.201,9.654],[42.221,9.657],[42.242,9.658],[42.26,9.653],[42.273,9.668],[42.287,9.677],[42.319,9.707],[42.329,9.714],[42.341,9.721],[42.294,9.758],[42.252,9.784],[42.214,9.785],[42.187,9.775],[42.123,9.711],[42.032,9.619],[42.02,9.619],[42.009,9.623],[41.997,9.632],[41.967,9.648],[41.97,9.638],[41.963,9.628],[41.949,9.619],[41.95,9.607],[41.948,9.589],[41.944,9.575],[41.928,9.576],[41.915,9.579],[41.903,9.578],[41.889,9.594],[41.884,9.616],[41.871,9.613],[41.866,9.615],[41.865,9.624],[41.856,9.639],[41.858,9.645],[41.868,9.662],[41.874,9.666],[41.894,9.67],[41.915,9.667],[41.927,9.669],[41.907,9.68],[41.874,9.685],[41.854,9.675],[41.81,9.642],[41.802,9.643],[41.792,9.65],[41.775,9.655],[41.75,9.637],[41.75,9.602],[41.729,9.49],[41.736,9.472]]]}},{"type":"Feature","properties":{"name":"Kebribeyah"},"geometry":{"type":"Polygon","coordinates":[[[43.159,9.367],[43.12,9.352],[43.101,9.338],[43.092,9.327],[43.066,9.303],[43.059,9.288],[43.058,9.274],[43.06,9.26],[43.057,9.225],[43.058,9.207],[43.055,9.193],[43.041,9.173],[43.016,9.159],[42.994,9.135],[42.981,9.125],[42.967,9.118],[42.956,9.105],[42.91,9.082],[42.89,9.076],[42.866,9.074],[42.853,9.065],[42.841,9.06],[42.832,9.055],[42.822,9.056],[42.808,9.049],[42.786,9.046],[42.752,9.049],[42.719,9.036],[42.702,9.031],[42.675,9.03],[42.681,9.016],[42.704,8.982],[42.732,8.949],[42.762,8.919],[42.806,8.871],[42.85,8.845],[42.866,8.826],[42.866,8.805],[42.858,8.786],[42.883,8.785],[42.892,8.78],[42.893,8.773],[42.909,8.771],[42.94,8.757],[42.948,8.745],[42.949,8.734],[42.957,8.717],[42.965,8.703],[42.977,8.693],[42.992,8.675],[43.001,8.653],[43.031,8.63],[43.067,8.644],[43.101,8.653],[43.117,8.659],[43.127,8.671],[43.137,8.68],[43.15,8.686],[43.169,8.688],[43.179,8.696],[43.204,8.703],[43.216,8.71],[43.227,8.714],[43.242,8.713],[43.253,8.697],[43.262,8.69],[43.261,8.681],[43.264,8.668],[43.274,8.658],[43.294,8.652],[43.315,8.66],[43.325,8.67],[43.33,8.682],[43.333,8.699],[43.335,8.722],[43.335,8.739],[43.327,8.758],[43.315,8.771],[43.309,8.782],[43.294,8.83],[43.3,8.837],[43.308,8.855],[43.319,8.855],[43.331,8.869],[43.348,8.871],[43.364,8.881],[43.383,8.888],[43.399,8.911],[43.435,8.934],[43.45,8.96],[43.462,8.974],[43.475,8.993],[43.487,9.006],[43.503,9.042],[43.522,9.07],[43.537,9.083],[43.55,9.108],[43.554,9.119],[43.554,9.137],[43.557,9.154],[43.551,9.169],[43.534,9.187],[43.501,9.211],[43.489,9.223],[43.475,9.248],[43.477,9.302],[43.483,9.318],[43.491,9.356],[43.494,9.389],[43.498,9.409],[43.493,9.422],[43.483,9.436],[43.467,9.442],[43.457,9.448],[43.448,9.458],[43.416,9.478],[43.398,9.464],[43.384,9.449],[43.357,9.439],[43.344,9.423],[43.339,9.409],[43.303,9.396],[43.267,9.365],[43.252,9.357],[43.234,9.352],[43.206,9.342],[43.171,9.347],[43.159,9.367]]]}},{"type":"Feature","properties":{"name":"Hareshen"},"geometry":{"type":"Polygon","coordinates":[[[43.55,9.108],[43.569,9.097],[43.59,9.079],[43.612,9.065],[43.629,9.056],[43.656,9.022],[43.669,9.008],[43.679,8.99],[43.693,8.978],[43.707,8.956],[43.731,8.969],[43.749,8.973],[43.78,8.968],[43.86,8.978],[43.878,8.984],[43.893,8.991],[43.935,9.003],[43.955,9.014],[43.972,9.026],[43.976,9.038],[43.959,9.066],[43.913,9.104],[43.885,9.124],[43.867,9.143],[43.844,9.158],[43.805,9.198],[43.771,9.219],[43.762,9.232],[43.737,9.247],[43.726,9.26],[43.711,9.271],[43.683,9.28],[43.668,9.306],[43.655,9.318],[43.645,9.324],[43.63,9.336],[43.625,9.347],[43.598,9.362],[43.582,9.379],[43.57,9.386],[43.555,9.391],[43.547,9.402],[43.535,9.407],[43.498,9.409],[43.494,9.389],[43.491,9.356],[43.483,9.318],[43.477,9.302],[43.475,9.248],[43.489,9.223],[43.501,9.211],[43.534,9.187],[43.551,9.169],[43.557,9.154],[43.554,9.137],[43.554,9.119],[43.55,9.108]]]}},{"type":"Feature","properties":{"name":"Harar"},"geometry":{"type":"Polygon","coordinates":[[[42.239,9.386],[42.223,9.38],[42.188,9.363],[42.169,9.364],[42.148,9.389],[42.13,9.39],[42.115,9.374],[42.11,9.365],[42.086,9.33],[42.071,9.305],[42.061,9.267],[42.06,9.25],[42.062,9.227],[42.075,9.222],[42.113,9.232],[42.128,9.228],[42.149,9.207],[42.167,9.211],[42.183,9.218],[42.198,9.221],[42.209,9.213],[42.222,9.197],[42.235,9.187],[42.247,9.188],[42.254,9.191],[42.26,9.193],[42.266,9.199],[42.273,9.217],[42.27,9.231],[42.263,9.245],[42.257,9.254],[42.25,9.271],[42.251,9.287],[42.267,9.311],[42.266,9.322],[42.259,9.335],[42.271,9.363],[42.262,9.375],[42.254,9.385],[42.239,9.386]]]}},{"type":"Feature","properties":{"name":"Gursum"},"geometry":{"type":"Polygon","coordinates":[[[42.557,9.322],[42.548,9.306],[42.552,9.288],[42.562,9.271],[42.572,9.259],[42.581,9.239],[42.585,9.216],[42.596,9.195],[42.615,9.175],[42.636,9.16],[42.636,9.145],[42.627,9.133],[42.61,9.119],[42.6,9.107],[42.62,9.09],[42.645,9.074],[42.725,9.198],[42.668,9.362],[42.557,9.322]]]}},{"type":"Feature","properties":{"name":"Dihun"},"geometry":{"type":"Polygon","coordinates":[[[42.96,7.292],[42.903,7.294],[42.886,7.293],[42.848,7.295],[42.69,7.31],[42.587,7.328],[42.559,7.33],[42.534,7.338],[42.521,7.347],[42.505,7.353],[42.488,7.367],[42.471,7.374],[42.464,7.381],[42.444,7.387],[42.41,7.39],[42.395,7.398],[42.388,7.404],[42.375,7.412],[42.356,7.41],[42.346,7.407],[42.34,7.401],[42.331,7.396],[42.313,7.363],[42.287,7.345],[42.267,7.338],[42.256,7.332],[42.245,7.324],[42.218,7.307],[42.2,7.293],[42.211,7.265],[42.211,7.228],[42.204,7.196],[42.235,7.205],[42.255,7.205],[42.278,7.203],[42.323,7.181],[42.337,7.171],[42.388,7.148],[42.413,7.144],[42.43,7.139],[42.44,7.131],[42.455,7.123],[42.471,7.11],[42.495,7.106],[42.509,7.1],[42.521,7.092],[42.599,7.08],[42.616,7.074],[42.635,7.064],[42.731,7.054],[42.778,7.045],[42.808,7.054],[42.832,7.053],[42.853,7.055],[42.852,7.071],[42.854,7.09],[42.856,7.103],[42.862,7.117],[42.866,7.135],[42.875,7.143],[42.882,7.159],[42.885,7.172],[42.902,7.207],[42.911,7.234],[42.916,7.244],[42.924,7.252],[42.93,7.262],[42.942,7.276],[42.96,7.292]]]}},{"type":"Feature","properties":{"name":"Geladin"},"geometry":{"type":"Polygon","coordinates":[[[46.805,6.804],[46.721,6.891],[46.707,6.903],[46.666,6.946],[46.652,6.962],[46.635,6.975],[46.621,6.992],[46.575,7.03],[46.553,7.046],[46.535,7.056],[46.519,7.073],[46.512,7.091],[46.482,7.121],[46.459,7.142],[46.404,7.201],[46.384,7.192],[46.383,7.16],[46.372,7.132],[46.361,7.118],[46.331,7.035],[46.313,6.999],[46.294,6.972],[46.26,6.916],[46.247,6.888],[46.23,6.862],[46.221,6.814],[46.203,6.771],[46.132,6.64],[46.106,6.586],[46.093,6.548],[46.083,6.494],[46.075,6.354],[46.141,6.235],[46.178,6.155],[46.805,6.804]]]}},{"type":"Feature","properties":{"name":"Babile"},"geometry":{"type":"Polygon","coordinates":[[[42.725,9.198],[42.645,9.074],[42.663,9.05],[42.675,9.03],[42.702,9.031],[42.719,9.036],[42.752,9.049],[42.786,9.046],[42.808,9.049],[42.822,9.056],[42.832,9.055],[42.841,9.06],[42.853,9.065],[42.866,9.074],[42.89,9.076],[42.91,9.082],[42.893,9.214],[42.725,9.198]]]}},{"type":"Feature","properties":{"name":"Degehabur"},"geometry":{"type":"Polygon","coordinates":[[[43.031,8.63],[43.038,8.617],[43.04,8.598],[43.056,8.578],[43.054,8.57],[43.06,8.557],[43.065,8.554],[43.076,8.53],[43.079,8.512],[43.078,8.497],[43.084,8.487],[43.09,8.481],[43.093,8.464],[43.088,8.454],[43.088,8.437],[43.096,8.426],[43.103,8.413],[43.102,8.402],[43.112,8.386],[43.115,8.375],[43.149,8.339],[43.154,8.327],[43.153,8.312],[43.156,8.301],[43.164,8.293],[43.167,8.286],[43.171,8.271],[43.198,8.245],[43.202,8.235],[43.219,8.219],[43.231,8.192],[43.234,8.179],[43.232,8.155],[43.223,8.129],[43.221,8.115],[43.218,8.064],[43.21,7.997],[43.211,7.983],[43.216,7.972],[43.214,7.946],[43.216,7.931],[43.222,7.91],[43.215,7.878],[43.206,7.846],[43.204,7.832],[43.187,7.799],[43.182,7.759],[43.176,7.75],[43.168,7.744],[43.162,7.721],[43.152,7.71],[43.138,7.679],[43.127,7.644],[43.125,7.631],[43.118,7.62],[43.103,7.599],[43.091,7.591],[43.088,7.565],[43.072,7.544],[43.071,7.523],[43.053,7.49],[43.052,7.478],[43.037,7.468],[43.033,7.455],[43.032,7.44],[43.025,7.423],[43.013,7.41],[43.001,7.393],[42.994,7.38],[42.992,7.368],[42.98,7.358],[42.976,7.33],[42.971,7.313],[42.963,7.305],[42.96,7.292],[42.942,7.276],[42.93,7.262],[42.924,7.252],[42.916,7.244],[42.911,7.234],[42.902,7.207],[42.885,7.172],[42.882,7.159],[42.875,7.143],[42.866,7.135],[42.862,7.117],[42.856,7.103],[42.854,7.09],[42.852,7.071],[42.853,7.055],[42.859,7.053],[42.868,7.05],[42.879,7.055],[42.903,7.057],[42.916,7.08],[42.922,7.081],[42.952,7.097],[42.972,7.105],[42.997,7.108],[43.016,7.125],[43.033,7.132],[43.056,7.146],[43.088,7.17],[43.104,7.178],[43.179,7.235],[43.212,7.255],[43.229,7.274],[43.253,7.281],[43.27,7.29],[43.296,7.311],[43.329,7.32],[43.344,7.328],[43.357,7.338],[43.388,7.355],[43.408,7.37],[43.426,7.368],[43.44,7.379],[43.453,7.385],[43.459,7.394],[43.468,7.402],[43.491,7.418],[43.511,7.441],[43.54,7.445],[43.552,7.454],[43.565,7.463],[43.6,7.48],[43.638,7.51],[43.655,7.518],[43.675,7.531],[43.686,7.541],[43.696,7.547],[43.705,7.557],[43.726,7.563],[43.753,7.584],[43.791,7.602],[43.873,7.635],[43.884,7.643],[43.897,7.645],[43.976,7.676],[44.012,7.686],[44.022,7.691],[44.027,7.73],[44.043,7.758],[44.049,7.783],[44.053,7.825],[44.053,7.858],[44.057,7.878],[44.057,7.909],[44.049,7.947],[44.033,7.976],[44.025,8.001],[44.023,8.013],[44.007,8.039],[44.004,8.048],[43.995,8.06],[43.995,8.072],[43.992,8.086],[43.977,8.105],[43.972,8.117],[43.968,8.131],[43.97,8.145],[43.958,8.16],[43.953,8.17],[43.944,8.207],[43.937,8.216],[43.932,8.226],[43.932,8.237],[43.929,8.251],[43.92,8.259],[43.914,8.297],[43.904,8.328],[43.898,8.338],[43.894,8.349],[43.894,8.36],[43.892,8.392],[43.886,8.406],[43.883,8.422],[43.884,8.432],[43.88,8.447],[43.876,8.457],[43.874,8.484],[43.866,8.493],[43.863,8.504],[43.862,8.521],[43.852,8.531],[43.849,8.557],[43.839,8.587],[43.84,8.597],[43.836,8.626],[43.829,8.642],[43.827,8.656],[43.828,8.667],[43.826,8.678],[43.817,8.682],[43.817,8.696],[43.813,8.717],[43.803,8.727],[43.799,8.744],[43.792,8.753],[43.793,8.777],[43.776,8.791],[43.768,8.803],[43.763,8.812],[43.764,8.823],[43.757,8.833],[43.755,8.857],[43.743,8.867],[43.738,8.881],[43.735,8.894],[43.727,8.904],[43.726,8.918],[43.719,8.928],[43.707,8.956],[43.693,8.978],[43.679,8.99],[43.669,9.008],[43.656,9.022],[43.629,9.056],[43.612,9.065],[43.59,9.079],[43.569,9.097],[43.55,9.108],[43.537,9.083],[43.522,9.07],[43.503,9.042],[43.487,9.006],[43.475,8.993],[43.462,8.974],[43.45,8.96],[43.435,8.934],[43.399,8.911],[43.383,8.888],[43.364,8.881],[43.348,8.871],[43.331,8.869],[43.319,8.855],[43.308,8.855],[43.3,8.837],[43.294,8.83],[43.309,8.782],[43.315,8.771],[43.327,8.758],[43.335,8.739],[43.335,8.722],[43.333,8.699],[43.33,8.682],[43.325,8.67],[43.315,8.66],[43.294,8.652],[43.274,8.658],[43.264,8.668],[43.261,8.681],[43.262,8.69],[43.253,8.697],[43.242,8.713],[43.227,8.714],[43.216,8.71],[43.204,8.703],[43.179,8.696],[43.169,8.688],[43.15,8.686],[43.137,8.68],[43.127,8.671],[43.117,8.659],[43.101,8.653],[43.067,8.644],[43.031,8.63]]]}},{"type":"Feature","properties":{"name":"Gashamo"},"geometry":{"type":"Polygon","coordinates":[[[45.622,8.444],[44.157,8.939],[44.122,8.963],[44.062,8.987],[44.054,8.999],[44.036,9.008],[44.019,9.026],[44.004,9.032],[43.976,9.038],[43.998,8.912],[44.024,8.859],[44.028,8.829],[44.037,8.798],[44.068,8.754],[44.081,8.718],[44.092,8.691],[44.117,8.652],[44.138,8.632],[44.159,8.577],[44.17,8.553],[44.196,8.527],[44.21,8.505],[44.219,8.477],[44.236,8.455],[44.271,8.398],[44.289,8.344],[44.305,8.315],[44.312,8.295],[44.317,8.267],[44.327,8.248],[44.334,8.229],[44.358,8.185],[44.363,8.164],[44.391,8.083],[44.395,8.068],[44.406,8.04],[44.414,8.03],[44.422,8.013],[44.425,7.992],[44.433,7.98],[44.441,7.963],[44.454,7.953],[44.467,7.917],[44.467,7.894],[44.476,7.838],[44.483,7.812],[44.498,7.794],[44.519,7.776],[44.52,7.758],[44.527,7.732],[44.525,7.713],[44.517,7.696],[44.519,7.662],[44.604,7.642],[44.646,7.636],[44.664,7.625],[44.904,7.597],[44.934,7.63],[44.974,7.649],[45.0,7.656],[45.03,7.681],[45.062,7.698],[45.086,7.717],[45.104,7.734],[45.131,7.756],[45.17,7.781],[45.252,7.84],[45.265,7.862],[45.294,7.882],[45.346,7.921],[45.376,7.946],[45.403,7.964],[45.446,8.011],[45.467,8.039],[45.473,8.059],[45.514,8.104],[45.53,8.128],[45.552,8.172],[45.559,8.196],[45.566,8.249],[45.575,8.275],[45.59,8.345],[45.604,8.37],[45.613,8.396],[45.622,8.444]]]}},{"type":"Feature","properties":{"name":"Degehamedo"},"geometry":{"type":"Polygon","coordinates":[[[42.858,8.786],[42.845,8.759],[42.838,8.729],[42.833,8.696],[42.839,8.665],[42.861,8.637],[42.9,8.604],[42.906,8.583],[42.909,8.55],[42.913,8.523],[42.912,8.5],[42.898,8.459],[42.9,8.41],[42.885,8.4],[42.859,8.393],[42.799,8.371],[42.78,8.374],[42.769,8.364],[42.755,8.338],[42.736,8.295],[42.72,8.247],[42.712,8.208],[42.703,8.181],[42.679,8.148],[42.685,8.138],[42.689,8.118],[42.702,8.091],[42.704,8.067],[42.714,8.047],[42.717,8.001],[42.723,7.983],[42.726,7.949],[42.736,7.919],[42.733,7.893],[42.733,7.847],[42.73,7.83],[42.73,7.812],[42.734,7.804],[42.745,7.798],[42.755,7.785],[42.756,7.777],[42.774,7.762],[42.789,7.755],[42.808,7.752],[42.84,7.739],[42.865,7.732],[42.893,7.717],[42.911,7.712],[42.923,7.71],[42.977,7.699],[43.014,7.702],[43.031,7.702],[43.06,7.709],[43.069,7.713],[43.093,7.713],[43.152,7.71],[43.162,7.721],[43.168,7.744],[43.176,7.75],[43.182,7.759],[43.187,7.799],[43.204,7.832],[43.206,7.846],[43.215,7.878],[43.222,7.91],[43.216,7.931],[43.214,7.946],[43.216,7.972],[43.211,7.983],[43.21,7.997],[43.218,8.064],[43.221,8.115],[43.223,8.129],[43.232,8.155],[43.234,8.179],[43.231,8.192],[43.219,8.219],[43.202,8.235],[43.198,8.245],[43.171,8.271],[43.167,8.286],[43.164,8.293],[43.156,8.301],[43.153,8.312],[43.154,8.327],[43.149,8.339],[43.115,8.375],[43.112,8.386],[43.102,8.402],[43.103,8.413],[43.096,8.426],[43.088,8.437],[43.088,8.454],[43.093,8.464],[43.09,8.481],[43.084,8.487],[43.078,8.497],[43.079,8.512],[43.076,8.53],[43.065,8.554],[43.06,8.557],[43.054,8.57],[43.056,8.578],[43.04,8.598],[43.038,8.617],[43.031,8.63],[43.001,8.653],[42.992,8.675],[42.977,8.693],[42.965,8.703],[42.957,8.717],[42.949,8.734],[42.948,8.745],[42.94,8.757],[42.909,8.771],[42.893,8.773],[42.892,8.78],[42.883,8.785],[42.858,8.786]]]}},{"type":"Feature","properties":{"name":"Danot"},"geometry":{"type":"Polygon","coordinates":[[[44.904,7.597],[44.917,7.583],[44.951,7.577],[44.982,7.563],[45.008,7.558],[45.033,7.547],[45.073,7.54],[45.113,7.528],[45.165,7.523],[45.245,7.512],[45.319,7.488],[45.345,7.492],[45.412,7.491],[45.444,7.494],[45.482,7.488],[45.506,7.497],[45.561,7.495],[45.74,7.481],[45.797,7.47],[45.823,7.462],[45.836,7.452],[45.847,7.448],[45.882,7.445],[45.945,7.427],[45.973,7.422],[45.993,7.401],[46.091,7.374],[46.124,7.371],[46.179,7.356],[46.214,7.344],[46.285,7.307],[46.319,7.254],[46.347,7.227],[46.404,7.201],[46.445,7.279],[46.453,7.302],[46.474,7.349],[46.486,7.389],[46.51,7.424],[46.518,7.447],[46.531,7.463],[46.558,7.516],[46.566,7.535],[46.567,7.553],[46.585,7.592],[46.598,7.608],[46.604,7.637],[46.616,7.65],[46.615,7.67],[46.621,7.699],[46.634,7.715],[46.635,7.732],[46.645,7.781],[46.644,7.801],[46.646,7.824],[46.659,7.841],[46.667,7.872],[46.68,7.879],[46.699,7.904],[46.712,7.917],[46.717,7.972],[46.724,7.988],[46.724,8.02],[46.73,8.055],[46.737,8.071],[45.622,8.444],[45.613,8.396],[45.604,8.37],[45.59,8.345],[45.575,8.275],[45.566,8.249],[45.559,8.196],[45.552,8.172],[45.53,8.128],[45.514,8.104],[45.473,8.059],[45.467,8.039],[45.446,8.011],[45.403,7.964],[45.376,7.946],[45.346,7.921],[45.294,7.882],[45.265,7.862],[45.252,7.84],[45.17,7.781],[45.131,7.756],[45.104,7.734],[45.086,7.717],[45.062,7.698],[45.03,7.681],[45.0,7.656],[44.974,7.649],[44.934,7.63],[44.904,7.597]]]}},{"type":"Feature","properties":{"name":"Fik"},"geometry":{"type":"Polygon","coordinates":[[[42.679,8.148],[42.662,8.131],[42.652,8.131],[42.632,8.142],[42.617,8.161],[42.579,8.23],[42.568,8.257],[42.551,8.352],[42.54,8.398],[42.535,8.43],[42.182,8.322],[42.102,8.216],[42.092,8.202],[42.077,8.14],[42.069,8.101],[42.043,8.008],[42.039,7.987],[42.002,7.922],[42.007,7.872],[42.006,7.832],[42.019,7.786],[42.068,7.808],[42.088,7.819],[42.104,7.819],[42.125,7.833],[42.155,7.829],[42.222,7.827],[42.263,7.823],[42.283,7.819],[42.31,7.833],[42.319,7.84],[42.35,7.851],[42.381,7.85],[42.415,7.847],[42.447,7.842],[42.48,7.847],[42.537,7.848],[42.586,7.854],[42.6,7.858],[42.639,7.857],[42.669,7.854],[42.717,7.844],[42.73,7.83],[42.733,7.847],[42.733,7.893],[42.736,7.919],[42.726,7.949],[42.723,7.983],[42.717,8.001],[42.714,8.047],[42.704,8.067],[42.702,8.091],[42.689,8.118],[42.685,8.138],[42.679,8.148]]]}},{"type":"Feature","properties":{"name":"Boh"},"geometry":{"type":"Polygon","coordinates":[[[46.805,6.804],[47.959,8.014],[47.0,7.986],[46.737,8.071],[46.73,8.055],[46.724,8.02],[46.724,7.988],[46.717,7.972],[46.712,7.917],[46.699,7.904],[46.68,7.879],[46.667,7.872],[46.659,7.841],[46.646,7.824],[46.644,7.801],[46.645,7.781],[46.635,7.732],[46.634,7.715],[46.621,7.699],[46.615,7.67],[46.616,7.65],[46.604,7.637],[46.598,7.608],[46.585,7.592],[46.567,7.553],[46.566,7.535],[46.558,7.516],[46.531,7.463],[46.518,7.447],[46.51,7.424],[46.486,7.389],[46.474,7.349],[46.453,7.302],[46.445,7.279],[46.404,7.201],[46.459,7.142],[46.482,7.121],[46.512,7.091],[46.519,7.073],[46.535,7.056],[46.553,7.046],[46.575,7.03],[46.621,6.992],[46.635,6.975],[46.652,6.962],[46.666,6.946],[46.707,6.903],[46.721,6.891],[46.805,6.804]]]}},{"type":"Feature","properties":{"name":"Hamero"},"geometry":{"type":"Polygon","coordinates":[[[42.375,7.412],[42.384,7.437],[42.407,7.457],[42.424,7.489],[42.439,7.511],[42.46,7.531],[42.49,7.542],[42.505,7.575],[42.585,7.604],[42.616,7.608],[42.649,7.623],[42.68,7.63],[42.698,7.643],[42.719,7.677],[42.734,7.716],[42.74,7.722],[42.757,7.749],[42.756,7.777],[42.755,7.785],[42.745,7.798],[42.734,7.804],[42.73,7.812],[42.73,7.83],[42.717,7.844],[42.669,7.854],[42.639,7.857],[42.6,7.858],[42.586,7.854],[42.537,7.848],[42.48,7.847],[42.447,7.842],[42.415,7.847],[42.381,7.85],[42.35,7.851],[42.319,7.84],[42.31,7.833],[42.283,7.819],[42.263,7.823],[42.222,7.827],[42.155,7.829],[42.125,7.833],[42.104,7.819],[42.088,7.819],[42.068,7.808],[42.019,7.786],[42.026,7.768],[42.037,7.701],[42.026,7.627],[42.017,7.592],[42.024,7.568],[42.047,7.549],[42.085,7.503],[42.098,7.481],[42.129,7.447],[42.134,7.433],[42.161,7.414],[42.164,7.345],[42.2,7.293],[42.218,7.307],[42.245,7.324],[42.256,7.332],[42.267,7.338],[42.287,7.345],[42.313,7.363],[42.331,7.396],[42.34,7.401],[42.346,7.407],[42.356,7.41],[42.375,7.412]]]}},{"type":"Feature","properties":{"name":"Segeg"},"geometry":{"type":"Polygon","coordinates":[[[42.96,7.292],[42.875,7.49],[42.841,7.572],[42.762,7.76],[42.756,7.777],[42.757,7.749],[42.74,7.722],[42.734,7.716],[42.719,7.677],[42.698,7.643],[42.68,7.63],[42.649,7.623],[42.616,7.608],[42.585,7.604],[42.505,7.575],[42.49,7.542],[42.46,7.531],[42.439,7.511],[42.424,7.489],[42.407,7.457],[42.384,7.437],[42.375,7.412],[42.388,7.404],[42.395,7.398],[42.41,7.39],[42.444,7.387],[42.464,7.381],[42.471,7.374],[42.488,7.367],[42.505,7.353],[42.521,7.347],[42.534,7.338],[42.559,7.33],[42.587,7.328],[42.69,7.31],[42.848,7.295],[42.886,7.293],[42.903,7.294],[42.96,7.292]]]}},{"type":"Feature","properties":{"name":"Gerbo"},"geometry":{"type":"Polygon","coordinates":[[[43.152,7.71],[43.093,7.713],[43.069,7.713],[43.06,7.709],[43.031,7.702],[43.014,7.702],[42.977,7.699],[42.923,7.71],[42.911,7.712],[42.893,7.717],[42.865,7.732],[42.84,7.739],[42.808,7.752],[42.789,7.755],[42.774,7.762],[42.756,7.777],[42.762,7.76],[42.841,7.572],[42.875,7.49],[42.96,7.292],[42.963,7.305],[42.971,7.313],[42.976,7.33],[42.98,7.358],[42.992,7.368],[42.994,7.38],[43.001,7.393],[43.013,7.41],[43.025,7.423],[43.032,7.44],[43.033,7.455],[43.037,7.468],[43.052,7.478],[43.053,7.49],[43.071,7.523],[43.072,7.544],[43.088,7.565],[43.091,7.591],[43.103,7.599],[43.118,7.62],[43.125,7.631],[43.127,7.644],[43.138,7.679],[43.152,7.71]]]}},{"type":"Feature","properties":{"name":"Shekosh"},"geometry":{"type":"Polygon","coordinates":[[[43.6,7.48],[43.608,7.452],[43.663,7.388],[43.679,7.367],[43.696,7.349],[43.72,7.338],[43.746,7.321],[43.794,7.304],[43.802,7.297],[43.816,7.291],[43.839,7.288],[43.874,7.27],[43.897,7.267],[43.912,7.251],[43.949,7.247],[44.021,7.236],[44.092,7.235],[44.234,7.218],[44.295,7.215],[44.317,7.218],[44.334,7.225],[44.35,7.226],[44.429,7.22],[44.476,7.222],[44.503,7.228],[44.611,7.216],[44.626,7.219],[44.629,7.229],[44.662,7.235],[44.684,7.236],[44.674,7.247],[44.655,7.293],[44.639,7.314],[44.631,7.339],[44.626,7.366],[44.604,7.419],[44.589,7.45],[44.573,7.506],[44.564,7.523],[44.562,7.542],[44.544,7.579],[44.539,7.613],[44.539,7.621],[44.518,7.652],[44.466,7.661],[44.43,7.67],[44.321,7.691],[44.242,7.7],[44.122,7.707],[44.097,7.706],[44.074,7.698],[44.038,7.69],[44.022,7.691],[44.012,7.686],[43.976,7.676],[43.897,7.645],[43.884,7.643],[43.873,7.635],[43.791,7.602],[43.753,7.584],[43.726,7.563],[43.705,7.557],[43.696,7.547],[43.686,7.541],[43.675,7.531],[43.655,7.518],[43.638,7.51],[43.6,7.48]]]}},{"type":"Feature","properties":{"name":"Warder"},"geometry":{"type":"Polygon","coordinates":[[[46.404,7.201],[46.347,7.227],[46.319,7.254],[46.285,7.307],[46.214,7.344],[46.179,7.356],[46.124,7.371],[46.091,7.374],[45.993,7.401],[45.973,7.422],[45.945,7.427],[45.882,7.445],[45.847,7.448],[45.836,7.452],[45.823,7.462],[45.797,7.47],[45.74,7.481],[45.561,7.495],[45.506,7.497],[45.482,7.488],[45.444,7.494],[45.412,7.491],[45.345,7.492],[45.319,7.488],[45.245,7.512],[45.165,7.523],[45.113,7.528],[45.073,7.54],[45.033,7.547],[45.008,7.558],[44.982,7.563],[44.951,7.577],[44.917,7.583],[44.904,7.597],[44.664,7.625],[44.646,7.636],[44.604,7.642],[44.519,7.662],[44.518,7.652],[44.539,7.621],[44.539,7.613],[44.544,7.579],[44.562,7.542],[44.564,7.523],[44.573,7.506],[44.589,7.45],[44.604,7.419],[44.626,7.366],[44.631,7.339],[44.639,7.314],[44.655,7.293],[44.674,7.247],[44.684,7.236],[44.707,7.2],[44.731,7.172],[44.73,7.158],[44.733,7.129],[44.752,7.112],[44.767,7.075],[44.798,7.048],[44.809,7.027],[44.853,6.975],[44.874,6.934],[44.891,6.926],[44.912,6.905],[44.932,6.877],[44.944,6.865],[44.951,6.852],[44.963,6.814],[44.973,6.806],[44.997,6.781],[45.036,6.736],[45.06,6.705],[45.075,6.68],[45.083,6.657],[45.09,6.651],[45.096,6.621],[45.111,6.593],[45.109,6.567],[45.122,6.516],[45.12,6.488],[45.128,6.454],[45.146,6.419],[45.151,6.38],[45.162,6.36],[45.157,6.301],[45.196,6.242],[45.596,6.069],[45.795,5.986],[45.946,5.911],[46.123,6.091],[46.178,6.155],[46.141,6.235],[46.075,6.354],[46.083,6.494],[46.093,6.548],[46.106,6.586],[46.132,6.64],[46.203,6.771],[46.221,6.814],[46.23,6.862],[46.247,6.888],[46.26,6.916],[46.294,6.972],[46.313,6.999],[46.331,7.035],[46.361,7.118],[46.372,7.132],[46.383,7.16],[46.384,7.192],[46.404,7.201]]]}},{"type":"Feature","properties":{"name":"Kebridehar"},"geometry":{"type":"Polygon","coordinates":[[[43.344,7.328],[43.353,7.313],[43.362,7.276],[43.362,7.261],[43.355,7.231],[43.352,7.203],[43.346,7.17],[43.347,7.141],[43.343,7.111],[43.335,7.086],[43.337,7.044],[43.344,7.022],[43.349,6.999],[43.389,6.937],[43.399,6.904],[43.431,6.875],[43.444,6.859],[43.467,6.843],[43.482,6.822],[43.501,6.802],[43.523,6.784],[43.534,6.768],[43.548,6.755],[43.548,6.744],[43.556,6.729],[43.57,6.711],[43.584,6.696],[43.596,6.68],[43.604,6.675],[43.626,6.647],[43.629,6.631],[43.638,6.618],[43.641,6.61],[43.652,6.6],[43.658,6.58],[43.674,6.571],[43.68,6.565],[43.682,6.556],[43.697,6.55],[43.697,6.539],[43.709,6.531],[43.721,6.507],[43.734,6.464],[43.736,6.45],[43.755,6.42],[43.77,6.406],[43.803,6.423],[43.823,6.421],[43.852,6.438],[43.876,6.444],[43.897,6.457],[43.928,6.457],[43.952,6.466],[44.011,6.46],[44.046,6.474],[44.122,6.467],[44.184,6.458],[44.221,6.445],[44.268,6.437],[44.303,6.425],[44.343,6.415],[44.424,6.399],[44.46,6.382],[44.488,6.379],[44.537,6.356],[44.574,6.406],[44.592,6.436],[44.597,6.451],[44.618,6.468],[44.626,6.483],[44.643,6.495],[44.668,6.523],[44.673,6.538],[44.686,6.545],[44.696,6.562],[44.707,6.572],[44.712,6.578],[44.724,6.599],[44.739,6.612],[44.751,6.63],[44.782,6.662],[44.79,6.676],[44.838,6.721],[44.855,6.73],[44.866,6.744],[44.883,6.76],[44.917,6.782],[44.957,6.812],[44.963,6.814],[44.951,6.852],[44.944,6.865],[44.932,6.877],[44.912,6.905],[44.891,6.926],[44.874,6.934],[44.853,6.975],[44.809,7.027],[44.798,7.048],[44.767,7.075],[44.752,7.112],[44.733,7.129],[44.73,7.158],[44.731,7.172],[44.707,7.2],[44.684,7.236],[44.662,7.235],[44.629,7.229],[44.626,7.219],[44.611,7.216],[44.503,7.228],[44.476,7.222],[44.429,7.22],[44.35,7.226],[44.334,7.225],[44.317,7.218],[44.295,7.215],[44.234,7.218],[44.092,7.235],[44.021,7.236],[43.949,7.247],[43.912,7.251],[43.897,7.267],[43.874,7.27],[43.839,7.288],[43.816,7.291],[43.802,7.297],[43.794,7.304],[43.746,7.321],[43.72,7.338],[43.696,7.349],[43.679,7.367],[43.663,7.388],[43.608,7.452],[43.6,7.48],[43.565,7.463],[43.552,7.454],[43.54,7.445],[43.511,7.441],[43.491,7.418],[43.468,7.402],[43.459,7.394],[43.453,7.385],[43.44,7.379],[43.426,7.368],[43.408,7.37],[43.388,7.355],[43.357,7.338],[43.344,7.328]]]}},{"type":"Feature","properties":{"name":"Shilabo"},"geometry":{"type":"Polygon","coordinates":[[[44.963,6.814],[44.957,6.812],[44.917,6.782],[44.883,6.76],[44.866,6.744],[44.855,6.73],[44.838,6.721],[44.79,6.676],[44.782,6.662],[44.751,6.63],[44.739,6.612],[44.724,6.599],[44.712,6.578],[44.707,6.572],[44.696,6.562],[44.686,6.545],[44.673,6.538],[44.668,6.523],[44.643,6.495],[44.626,6.483],[44.618,6.468],[44.597,6.451],[44.592,6.436],[44.574,6.406],[44.537,6.356],[44.543,6.311],[44.542,6.225],[44.547,6.207],[44.547,6.182],[44.549,6.155],[44.561,6.111],[44.637,5.984],[44.758,5.879],[44.848,5.814],[44.887,5.783],[44.892,5.778],[44.909,5.779],[44.955,5.777],[45.099,5.757],[45.537,5.721],[45.669,5.624],[45.899,5.858],[45.946,5.911],[45.795,5.986],[45.596,6.069],[45.196,6.242],[45.157,6.301],[45.162,6.36],[45.151,6.38],[45.146,6.419],[45.128,6.454],[45.12,6.488],[45.122,6.516],[45.109,6.567],[45.111,6.593],[45.096,6.621],[45.09,6.651],[45.083,6.657],[45.075,6.68],[45.06,6.705],[45.036,6.736],[44.997,6.781],[44.973,6.806],[44.963,6.814]]]}},{"type":"Feature","properties":{"name":"Goro Baqaqsa"},"geometry":{"type":"Polygon","coordinates":[[[41.679,5.813],[41.681,5.832],[41.672,5.852],[41.627,5.893],[41.628,5.903],[41.595,5.953],[41.564,5.966],[41.545,5.992],[41.533,6.003],[41.529,6.019],[41.52,6.033],[41.515,6.075],[41.542,6.105],[41.605,6.162],[40.867,6.135],[40.867,6.115],[40.87,6.096],[40.868,6.078],[40.872,6.057],[40.879,5.989],[40.876,5.809],[40.923,5.685],[40.983,5.693],[41.008,5.691],[41.042,5.68],[41.053,5.662],[41.074,5.642],[41.118,5.636],[41.129,5.616],[41.151,5.556],[41.166,5.549],[41.209,5.539],[41.232,5.562],[41.331,5.668],[41.442,5.737],[41.531,5.753],[41.661,5.811],[41.679,5.813]]]}},{"type":"Feature","properties":{"name":"Serer/Elkere"},"geometry":{"type":"Polygon","coordinates":[[[41.679,5.813],[41.71,5.808],[41.736,5.795],[41.752,5.791],[41.805,5.767],[41.862,5.746],[41.893,5.738],[41.951,5.727],[41.99,5.718],[42.021,5.708],[42.039,5.693],[42.057,5.686],[42.079,5.685],[42.101,5.678],[42.105,5.667],[42.127,5.662],[42.182,5.645],[42.199,5.645],[42.212,5.632],[42.246,5.624],[42.285,5.621],[42.33,5.618],[42.41,5.617],[42.447,5.623],[42.506,5.624],[42.527,5.633],[42.556,5.654],[42.582,5.656],[42.629,5.678],[42.644,5.682],[42.664,5.692],[42.694,5.711],[42.703,5.717],[42.734,5.743],[42.727,5.757],[42.698,5.779],[42.668,5.792],[42.659,5.8],[42.646,5.811],[42.637,5.821],[42.622,5.829],[42.594,5.84],[42.577,5.852],[42.563,5.867],[42.523,5.899],[42.499,5.923],[42.459,5.954],[42.387,6.012],[42.358,6.032],[42.333,6.052],[42.319,6.061],[42.303,6.077],[42.279,6.086],[42.258,6.099],[42.224,6.123],[42.204,6.134],[42.179,6.153],[42.162,6.169],[42.13,6.228],[42.112,6.246],[42.103,6.26],[42.099,6.281],[42.094,6.29],[42.087,6.311],[42.084,6.317],[42.078,6.321],[42.076,6.351],[42.067,6.358],[42.054,6.399],[42.051,6.417],[42.06,6.473],[42.066,6.548],[42.063,6.57],[42.042,6.583],[42.005,6.599],[42.0,6.591],[41.937,6.554],[41.889,6.537],[41.862,6.537],[41.855,6.57],[41.821,6.572],[41.8,6.559],[41.759,6.542],[41.74,6.521],[41.705,6.454],[41.691,6.431],[41.685,6.425],[41.657,6.41],[41.634,6.393],[41.621,6.363],[41.628,6.331],[41.644,6.309],[41.658,6.278],[41.676,6.237],[41.685,6.203],[41.605,6.162],[41.542,6.105],[41.515,6.075],[41.52,6.033],[41.529,6.019],[41.533,6.003],[41.545,5.992],[41.564,5.966],[41.595,5.953],[41.628,5.903],[41.627,5.893],[41.672,5.852],[41.681,5.832],[41.679,5.813]]]}},{"type":"Feature","properties":{"name":"Debeweyin"},"geometry":{"type":"Polygon","coordinates":[[[43.77,6.406],[43.786,6.387],[43.787,6.367],[43.809,6.357],[43.827,6.338],[43.831,6.318],[43.843,6.299],[43.85,6.276],[43.865,6.257],[43.872,6.231],[43.887,6.207],[43.891,6.187],[43.895,6.141],[43.908,6.123],[43.91,6.095],[43.905,6.071],[43.933,6.048],[43.955,6.045],[43.991,6.027],[44.012,6.014],[44.051,5.999],[44.067,5.983],[44.085,5.968],[44.107,5.959],[44.126,5.944],[44.154,5.933],[44.168,5.926],[44.198,5.918],[44.225,5.896],[44.264,5.88],[44.311,5.88],[44.361,5.868],[44.436,5.866],[44.471,5.845],[44.584,5.815],[44.628,5.811],[44.662,5.798],[44.688,5.799],[44.868,5.782],[44.887,5.783],[44.848,5.814],[44.758,5.879],[44.637,5.984],[44.561,6.111],[44.549,6.155],[44.547,6.182],[44.547,6.207],[44.542,6.225],[44.543,6.311],[44.537,6.356],[44.488,6.379],[44.46,6.382],[44.424,6.399],[44.343,6.415],[44.303,6.425],[44.268,6.437],[44.221,6.445],[44.184,6.458],[44.122,6.467],[44.046,6.474],[44.011,6.46],[43.952,6.466],[43.928,6.457],[43.897,6.457],[43.876,6.444],[43.852,6.438],[43.823,6.421],[43.803,6.423],[43.77,6.406]]]}},{"type":"Feature","properties":{"name":"Gode"},"geometry":{"type":"Polygon","coordinates":[[[43.77,6.406],[43.086,6.206],[43.026,6.107],[43.005,6.092],[43.04,6.073],[43.067,6.055],[43.079,6.045],[43.089,6.033],[43.101,6.027],[43.112,6.013],[43.125,6.005],[43.151,5.985],[43.164,5.979],[43.177,5.969],[43.19,5.963],[43.206,5.96],[43.229,5.948],[43.346,5.929],[43.395,5.927],[43.424,5.929],[43.458,5.937],[43.479,5.934],[43.489,5.932],[43.508,5.931],[43.544,5.929],[43.575,5.919],[43.597,5.91],[43.622,5.897],[43.641,5.888],[43.654,5.878],[43.68,5.865],[43.692,5.85],[43.708,5.846],[43.715,5.839],[43.723,5.82],[43.755,5.818],[43.78,5.812],[43.807,5.783],[43.827,5.771],[43.828,5.786],[43.84,5.806],[43.842,5.822],[43.851,5.841],[43.855,5.855],[43.86,5.88],[43.86,5.897],[43.867,5.917],[43.867,5.942],[43.877,5.964],[43.878,5.991],[43.881,6.018],[43.886,6.025],[43.898,6.047],[43.905,6.071],[43.91,6.095],[43.908,6.123],[43.895,6.141],[43.891,6.187],[43.887,6.207],[43.872,6.231],[43.865,6.257],[43.85,6.276],[43.843,6.299],[43.831,6.318],[43.827,6.338],[43.809,6.357],[43.787,6.367],[43.786,6.387],[43.77,6.406]]]}},{"type":"Feature","properties":{"name":"Kelafo"},"geometry":{"type":"Polygon","coordinates":[[[43.905,6.071],[43.898,6.047],[43.886,6.025],[43.881,6.018],[43.878,5.991],[43.877,5.964],[43.867,5.942],[43.867,5.917],[43.86,5.897],[43.86,5.88],[43.855,5.855],[43.851,5.841],[43.842,5.822],[43.84,5.806],[43.828,5.786],[43.827,5.771],[43.839,5.768],[43.871,5.737],[43.897,5.717],[43.912,5.696],[43.948,5.656],[43.993,5.634],[44.063,5.615],[44.094,5.61],[44.112,5.594],[44.178,5.573],[44.206,5.56],[44.25,5.551],[44.276,5.517],[44.287,5.499],[44.301,5.49],[44.314,5.474],[44.351,5.441],[44.362,5.428],[44.388,5.413],[44.416,5.392],[44.51,5.347],[44.482,5.451],[44.476,5.493],[44.469,5.568],[44.463,5.661],[44.451,5.715],[44.447,5.762],[44.447,5.79],[44.445,5.825],[44.436,5.866],[44.361,5.868],[44.311,5.88],[44.264,5.88],[44.225,5.896],[44.198,5.918],[44.168,5.926],[44.154,5.933],[44.126,5.944],[44.107,5.959],[44.085,5.968],[44.067,5.983],[44.051,5.999],[44.012,6.014],[43.991,6.027],[43.955,6.045],[43.933,6.048],[43.905,6.071]]]}},{"type":"Feature","properties":{"name":"Mustahil"},"geometry":{"type":"Polygon","coordinates":[[[44.887,5.783],[44.868,5.782],[44.688,5.799],[44.662,5.798],[44.628,5.811],[44.584,5.815],[44.471,5.845],[44.436,5.866],[44.445,5.825],[44.447,5.79],[44.447,5.762],[44.451,5.715],[44.463,5.661],[44.469,5.568],[44.476,5.493],[44.482,5.451],[44.51,5.347],[44.586,5.305],[44.617,5.298],[44.653,5.282],[44.668,5.266],[44.747,5.204],[44.765,5.188],[44.806,5.142],[44.821,5.119],[44.85,5.079],[44.879,5.047],[44.916,5.019],[44.929,5.003],[44.95,4.986],[45.003,4.934],[45.081,5.012],[45.074,5.054],[45.064,5.077],[45.058,5.102],[45.042,5.199],[45.03,5.232],[45.019,5.302],[45.012,5.335],[45.006,5.35],[44.993,5.371],[44.998,5.4],[44.995,5.427],[44.984,5.443],[44.976,5.493],[44.974,5.525],[44.966,5.551],[44.958,5.564],[44.949,5.611],[44.936,5.632],[44.931,5.655],[44.923,5.678],[44.909,5.711],[44.892,5.778],[44.887,5.783]]]}},{"type":"Feature","properties":{"name":"Bare"},"geometry":{"type":"Polygon","coordinates":[[[43.723,5.82],[43.707,5.809],[43.694,5.799],[43.683,5.785],[43.673,5.778],[43.67,5.766],[43.656,5.748],[43.64,5.735],[43.626,5.721],[43.593,5.707],[43.58,5.696],[43.544,5.685],[43.521,5.672],[43.501,5.664],[43.473,5.659],[43.435,5.648],[43.277,5.655],[43.223,5.66],[43.19,5.665],[43.165,5.653],[43.152,5.649],[43.135,5.639],[43.1,5.588],[43.087,5.574],[43.07,5.546],[43.033,5.52],[43.018,5.495],[42.999,5.467],[42.982,5.449],[42.964,5.438],[42.933,5.392],[42.912,5.377],[42.9,5.353],[42.889,5.334],[42.845,5.279],[42.831,5.259],[42.814,5.243],[42.802,5.217],[42.776,5.195],[42.759,5.172],[42.738,5.156],[42.726,5.131],[42.707,5.11],[42.654,5.039],[42.653,5.027],[42.628,4.992],[42.616,4.964],[42.588,4.929],[42.581,4.905],[42.57,4.887],[42.553,4.866],[42.549,4.842],[42.527,4.817],[42.531,4.784],[42.529,4.755],[42.542,4.732],[42.539,4.705],[42.544,4.678],[42.561,4.639],[42.59,4.604],[42.603,4.586],[42.624,4.545],[42.651,4.508],[42.659,4.492],[42.682,4.441],[42.683,4.424],[42.696,4.403],[42.704,4.382],[42.722,4.361],[42.736,4.35],[42.749,4.334],[42.77,4.295],[42.778,4.27],[42.803,4.277],[42.816,4.286],[42.83,4.302],[42.861,4.324],[42.875,4.337],[42.89,4.345],[42.904,4.357],[42.917,4.372],[42.949,4.397],[42.959,4.423],[42.974,4.434],[42.992,4.469],[43.009,4.489],[43.013,4.509],[43.014,4.521],[43.028,4.539],[43.034,4.556],[43.068,4.58],[43.084,4.596],[43.111,4.618],[43.131,4.631],[43.152,4.646],[43.164,4.66],[43.202,4.676],[43.23,4.693],[43.251,4.703],[43.271,4.711],[43.287,4.727],[43.308,4.737],[43.326,4.741],[43.354,4.758],[43.357,4.767],[43.375,4.77],[43.385,4.774],[43.398,4.785],[43.428,4.79],[43.456,4.802],[43.489,4.809],[43.511,4.812],[43.527,4.818],[43.553,4.833],[43.57,4.834],[43.58,4.84],[43.601,4.845],[43.613,4.847],[43.623,4.851],[43.683,4.865],[43.714,4.874],[43.757,4.885],[43.789,4.887],[43.807,4.9],[43.845,4.907],[43.865,4.912],[43.895,4.914],[44.03,4.941],[44.079,4.937],[44.124,4.945],[44.151,4.947],[44.202,4.94],[44.308,4.937],[44.384,4.938],[44.548,4.923],[44.627,4.924],[44.679,4.915],[44.732,4.92],[44.828,4.914],[44.904,4.914],[44.963,4.92],[45.003,4.934],[44.95,4.986],[44.929,5.003],[44.916,5.019],[44.879,5.047],[44.85,5.079],[44.821,5.119],[44.806,5.142],[44.765,5.188],[44.747,5.204],[44.668,5.266],[44.653,5.282],[44.617,5.298],[44.586,5.305],[44.51,5.347],[44.416,5.392],[44.388,5.413],[44.362,5.428],[44.351,5.441],[44.314,5.474],[44.301,5.49],[44.287,5.499],[44.276,5.517],[44.25,5.551],[44.206,5.56],[44.178,5.573],[44.112,5.594],[44.094,5.61],[44.063,5.615],[43.993,5.634],[43.948,5.656],[43.912,5.696],[43.897,5.717],[43.871,5.737],[43.839,5.768],[43.827,5.771],[43.807,5.783],[43.78,5.812],[43.755,5.818],[43.723,5.82]]]}},{"type":"Feature","properties":{"name":"Chereti/Weyib"},"geometry":{"type":"Polygon","coordinates":[[[41.166,5.549],[41.162,5.531],[41.178,5.507],[41.182,5.486],[41.213,5.448],[41.231,5.421],[41.24,5.403],[41.259,5.378],[41.286,5.354],[41.294,5.331],[41.302,5.302],[41.307,5.281],[41.305,5.262],[41.313,5.207],[41.312,5.184],[41.313,5.167],[41.328,5.152],[41.345,5.123],[41.36,5.092],[41.388,5.047],[41.405,5.016],[41.412,5.009],[41.437,4.998],[41.463,4.984],[41.478,4.963],[41.496,4.932],[41.515,4.911],[41.53,4.887],[41.539,4.867],[41.552,4.85],[41.561,4.831],[41.573,4.793],[41.589,4.771],[41.632,4.7],[41.671,4.712],[41.69,4.734],[41.719,4.756],[41.744,4.766],[41.763,4.784],[41.785,4.814],[41.811,4.829],[41.826,4.855],[41.863,4.888],[41.916,4.93],[41.93,4.946],[41.95,4.956],[42.005,4.961],[42.018,4.97],[42.048,4.979],[42.047,5.017],[42.043,5.057],[42.035,5.087],[42.035,5.124],[42.041,5.164],[42.03,5.186],[42.028,5.223],[42.028,5.26],[42.043,5.435],[42.043,5.469],[42.041,5.499],[42.046,5.562],[42.037,5.576],[42.031,5.6],[42.035,5.621],[42.034,5.643],[42.025,5.657],[42.026,5.675],[42.021,5.708],[41.99,5.718],[41.951,5.727],[41.893,5.738],[41.862,5.746],[41.805,5.767],[41.752,5.791],[41.736,5.795],[41.71,5.808],[41.679,5.813],[41.661,5.811],[41.531,5.753],[41.442,5.737],[41.331,5.668],[41.232,5.562],[41.209,5.539],[41.166,5.549]]]}},{"type":"Feature","properties":{"name":"Ferfer"},"geometry":{"type":"Polygon","coordinates":[[[44.892,5.778],[44.909,5.711],[44.923,5.678],[44.931,5.655],[44.936,5.632],[44.949,5.611],[44.958,5.564],[44.966,5.551],[44.974,5.525],[44.976,5.493],[44.984,5.443],[44.995,5.427],[44.998,5.4],[44.993,5.371],[45.006,5.35],[45.012,5.335],[45.019,5.302],[45.03,5.232],[45.042,5.199],[45.058,5.102],[45.064,5.077],[45.074,5.054],[45.081,5.012],[45.669,5.624],[45.537,5.721],[45.099,5.757],[44.955,5.777],[44.909,5.779],[44.892,5.778]]]}},{"type":"Feature","properties":{"name":"Afder"},"geometry":{"type":"Polygon","coordinates":[[[42.694,5.711],[42.694,5.675],[42.675,5.577],[42.628,5.483],[42.59,5.436],[42.52,5.403],[42.426,5.37],[42.36,5.314],[42.28,5.285],[42.181,5.271],[42.055,5.257],[42.028,5.26],[42.028,5.223],[42.03,5.186],[42.041,5.164],[42.035,5.124],[42.035,5.087],[42.043,5.057],[42.047,5.017],[42.048,4.979],[42.048,4.955],[42.053,4.89],[42.049,4.873],[42.055,4.856],[42.055,4.833],[42.051,4.812],[42.05,4.795],[42.05,4.772],[42.091,4.732],[42.148,4.731],[42.167,4.725],[42.178,4.714],[42.218,4.722],[42.26,4.719],[42.299,4.713],[42.321,4.715],[42.34,4.711],[42.377,4.708],[42.4,4.718],[42.422,4.718],[42.447,4.716],[42.476,4.716],[42.49,4.734],[42.529,4.755],[42.531,4.784],[42.527,4.817],[42.549,4.842],[42.553,4.866],[42.57,4.887],[42.581,4.905],[42.588,4.929],[42.616,4.964],[42.628,4.992],[42.653,5.027],[42.654,5.039],[42.707,5.11],[42.726,5.131],[42.738,5.156],[42.759,5.172],[42.776,5.195],[42.802,5.217],[42.814,5.243],[42.831,5.259],[42.845,5.279],[42.889,5.334],[42.9,5.353],[42.912,5.377],[42.933,5.392],[42.964,5.438],[42.982,5.449],[42.999,5.467],[43.018,5.495],[43.033,5.52],[43.07,5.546],[43.087,5.574],[43.1,5.588],[43.135,5.639],[43.052,5.643],[43.016,5.655],[42.988,5.657],[42.94,5.668],[42.916,5.674],[42.897,5.683],[42.862,5.693],[42.847,5.695],[42.831,5.704],[42.792,5.716],[42.758,5.734],[42.734,5.743],[42.703,5.717],[42.694,5.711]]]}},{"type":"Feature","properties":{"name":"Dolobay"},"geometry":{"type":"Polygon","coordinates":[[[42.529,4.755],[42.49,4.734],[42.476,4.716],[42.447,4.716],[42.422,4.718],[42.4,4.718],[42.377,4.708],[42.34,4.711],[42.321,4.715],[42.299,4.713],[42.26,4.719],[42.218,4.722],[42.178,4.714],[42.167,4.725],[42.148,4.731],[42.091,4.732],[42.05,4.772],[42.05,4.795],[42.051,4.812],[42.055,4.833],[42.055,4.856],[42.049,4.873],[42.053,4.89],[42.048,4.955],[42.048,4.979],[42.018,4.97],[42.005,4.961],[41.95,4.956],[41.93,4.946],[41.916,4.93],[41.863,4.888],[41.826,4.855],[41.811,4.829],[41.785,4.814],[41.763,4.784],[41.744,4.766],[41.719,4.756],[41.69,4.734],[41.671,4.712],[41.632,4.7],[41.643,4.675],[41.652,4.661],[41.68,4.612],[41.688,4.594],[41.697,4.586],[41.722,4.552],[41.741,4.53],[41.756,4.507],[41.769,4.476],[41.78,4.465],[41.793,4.442],[41.806,4.426],[41.825,4.419],[41.837,4.408],[41.843,4.398],[41.862,4.384],[41.865,4.369],[41.878,4.348],[41.894,4.327],[41.904,4.306],[41.927,4.287],[41.956,4.279],[41.982,4.27],[42.009,4.267],[42.028,4.26],[42.042,4.252],[42.058,4.233],[42.063,4.208],[42.066,4.176],[42.059,4.152],[42.058,4.12],[42.079,4.133],[42.116,4.134],[42.159,4.145],[42.205,4.163],[42.306,4.163],[42.346,4.167],[42.397,4.165],[42.437,4.168],[42.52,4.19],[42.547,4.188],[42.575,4.202],[42.597,4.2],[42.613,4.211],[42.64,4.209],[42.653,4.22],[42.693,4.226],[42.716,4.234],[42.731,4.245],[42.757,4.252],[42.778,4.27],[42.77,4.295],[42.749,4.334],[42.736,4.35],[42.722,4.361],[42.704,4.382],[42.696,4.403],[42.683,4.424],[42.682,4.441],[42.659,4.492],[42.651,4.508],[42.624,4.545],[42.603,4.586],[42.59,4.604],[42.561,4.639],[42.544,4.678],[42.539,4.705],[42.542,4.732],[42.529,4.755]]]}},{"type":"Feature","properties":{"name":"Moyale"},"geometry":{"type":"Polygon","coordinates":[[[40.263,4.842],[40.244,4.85],[40.228,4.852],[40.167,4.818],[40.13,4.77],[40.081,4.783],[40.037,4.772],[39.903,4.713],[39.758,4.738],[39.744,4.725],[39.747,4.668],[39.741,4.656],[39.726,4.634],[39.718,4.617],[39.711,4.599],[39.704,4.57],[39.691,4.545],[39.675,4.507],[39.656,4.47],[39.643,4.437],[39.62,4.37],[39.587,4.298],[39.568,4.266],[39.541,4.237],[39.53,4.168],[39.51,4.116],[39.479,4.042],[39.501,3.967],[39.484,3.943],[39.4,3.797],[39.286,3.625],[39.221,3.604],[39.094,3.536],[39.107,3.521],[39.136,3.512],[39.201,3.481],[39.281,3.474],[39.3,3.478],[39.329,3.48],[39.33,3.474],[39.333,3.468],[39.406,3.466],[39.416,3.464],[39.425,3.459],[39.468,3.458],[39.487,3.461],[39.495,3.459],[39.499,3.455],[39.505,3.438],[39.512,3.412],[39.517,3.406],[39.528,3.4],[39.545,3.403],[39.555,3.41],[39.56,3.414],[39.566,3.428],[39.579,3.474],[39.583,3.48],[39.61,3.504],[39.617,3.514],[39.707,3.606],[39.772,3.67],[39.837,3.815],[39.855,3.848],[39.863,3.866],[40.019,3.949],[40.107,3.991],[40.12,3.998],[40.127,4.004],[40.17,4.025],[40.192,4.038],[40.21,4.041],[40.232,4.048],[40.373,4.104],[40.385,4.103],[40.401,4.117],[40.44,4.136],[40.65,4.223],[40.671,4.231],[40.688,4.233],[40.707,4.244],[40.722,4.247],[40.745,4.259],[40.759,4.27],[40.776,4.279],[40.771,4.284],[40.768,4.302],[40.747,4.354],[40.763,4.372],[40.769,4.393],[40.772,4.409],[40.765,4.422],[40.752,4.432],[40.722,4.45],[40.697,4.479],[40.693,4.5],[40.544,4.678],[40.428,4.748],[40.341,4.81],[40.322,4.822],[40.263,4.842]]]}},{"type":"Feature","properties":{"name":"Dolo Odo"},"geometry":{"type":"Polygon","coordinates":[[[41.573,4.793],[41.566,4.781],[41.538,4.79],[41.444,4.813],[41.419,4.817],[41.392,4.81],[41.312,4.804],[41.289,4.794],[41.227,4.813],[41.197,4.824],[41.131,4.838],[41.121,4.825],[41.129,4.8],[41.145,4.763],[41.143,4.714],[41.112,4.692],[41.094,4.696],[41.079,4.677],[41.021,4.654],[40.997,4.624],[40.96,4.619],[40.938,4.589],[40.892,4.546],[40.873,4.544],[40.851,4.558],[40.826,4.57],[40.797,4.575],[40.773,4.572],[40.749,4.565],[40.729,4.557],[40.711,4.543],[40.693,4.5],[40.697,4.479],[40.722,4.45],[40.752,4.432],[40.765,4.422],[40.772,4.409],[40.769,4.393],[40.763,4.372],[40.747,4.354],[40.768,4.302],[40.771,4.284],[40.776,4.279],[40.793,4.271],[40.806,4.255],[40.827,4.239],[40.882,4.187],[40.914,4.164],[40.938,4.15],[40.955,4.126],[40.982,4.094],[41.008,4.079],[41.026,4.063],[41.043,4.051],[41.058,4.028],[41.102,3.999],[41.114,3.988],[41.147,3.978],[41.173,3.963],[41.193,3.961],[41.216,3.976],[41.289,3.965],[41.333,3.961],[41.38,3.959],[41.434,3.961],[41.473,3.958],[41.498,3.963],[41.557,3.957],[41.579,3.962],[41.654,3.968],[41.678,3.968],[41.698,3.974],[41.725,3.971],[41.753,3.976],[41.768,3.982],[41.8,3.977],[41.845,3.982],[41.86,3.988],[41.884,3.988],[41.902,3.987],[41.915,3.998],[41.928,4.004],[41.939,4.02],[41.96,4.033],[41.973,4.044],[41.983,4.051],[41.995,4.076],[42.006,4.088],[42.015,4.099],[42.043,4.114],[42.058,4.12],[42.059,4.152],[42.066,4.176],[42.063,4.208],[42.058,4.233],[42.042,4.252],[42.028,4.26],[42.009,4.267],[41.982,4.27],[41.956,4.279],[41.927,4.287],[41.904,4.306],[41.894,4.327],[41.878,4.348],[41.865,4.369],[41.862,4.384],[41.843,4.398],[41.837,4.408],[41.825,4.419],[41.806,4.426],[41.793,4.442],[41.78,4.465],[41.769,4.476],[41.756,4.507],[41.741,4.53],[41.722,4.552],[41.697,4.586],[41.688,4.594],[41.68,4.612],[41.652,4.661],[41.643,4.675],[41.632,4.7],[41.589,4.771],[41.573,4.793]]]}},{"type":"Feature","properties":{"name":"Lagahida"},"geometry":{"type":"Polygon","coordinates":[[[42.102,8.216],[42.028,8.324],[41.949,8.202],[41.927,8.082],[41.923,7.979],[41.913,7.846],[41.958,7.776],[42.019,7.786],[42.006,7.832],[42.007,7.872],[42.002,7.922],[42.039,7.987],[42.043,8.008],[42.069,8.101],[42.077,8.14],[42.092,8.202],[42.102,8.216]]]}},{"type":"Feature","properties":{"name":"Meyumuluka"},"geometry":{"type":"Polygon","coordinates":[[[42.535,8.43],[42.531,8.456],[42.521,8.48],[42.503,8.493],[42.324,8.538],[42.308,8.561],[42.296,8.587],[42.276,8.616],[42.264,8.637],[42.241,8.641],[42.234,8.636],[42.217,8.612],[42.099,8.52],[42.071,8.495],[42.042,8.449],[42.027,8.427],[42.028,8.324],[42.102,8.216],[42.182,8.322],[42.535,8.43]]]}},{"type":"Feature","properties":{"name":"Selahad"},"geometry":{"type":"Polygon","coordinates":[[[42.019,7.786],[41.958,7.776],[41.943,7.729],[41.906,7.637],[41.879,7.564],[41.869,7.539],[41.868,7.534],[41.897,7.412],[42.072,7.344],[42.147,7.314],[42.176,7.301],[42.2,7.293],[42.164,7.345],[42.161,7.414],[42.134,7.433],[42.129,7.447],[42.098,7.481],[42.085,7.503],[42.047,7.549],[42.024,7.568],[42.017,7.592],[42.026,7.627],[42.037,7.701],[42.026,7.768],[42.019,7.786]]]}},{"type":"Feature","properties":{"name":"Guradamole"},"geometry":{"type":"Polygon","coordinates":[[[41.605,6.162],[41.685,6.203],[41.676,6.237],[41.658,6.278],[41.644,6.309],[41.628,6.331],[41.621,6.363],[41.529,6.466],[41.439,6.545],[41.381,6.567],[41.359,6.567],[41.229,6.624],[41.175,6.66],[41.157,6.678],[41.132,6.693],[41.073,6.696],[41.072,6.689],[41.016,6.646],[40.991,6.605],[40.937,6.552],[40.901,6.513],[40.886,6.473],[40.861,6.437],[40.858,6.387],[40.862,6.362],[40.865,6.354],[40.863,6.347],[40.865,6.322],[40.881,6.268],[40.883,6.246],[40.879,6.189],[40.869,6.153],[40.867,6.135],[41.605,6.162]]]}},{"type":"Feature","properties":{"name":"West Imi"},"geometry":{"type":"Polygon","coordinates":[[[42.727,5.757],[42.913,5.984],[43.005,6.092],[42.98,6.092],[42.911,6.106],[42.849,6.129],[42.825,6.139],[42.804,6.177],[42.781,6.205],[42.763,6.239],[42.743,6.249],[42.703,6.251],[42.645,6.266],[42.611,6.27],[42.565,6.286],[42.552,6.292],[42.51,6.301],[42.482,6.311],[42.453,6.311],[42.364,6.319],[42.298,6.338],[42.266,6.365],[42.254,6.394],[42.239,6.405],[42.196,6.432],[42.156,6.46],[42.122,6.5],[42.12,6.513],[42.102,6.545],[42.063,6.57],[42.066,6.548],[42.06,6.473],[42.051,6.417],[42.054,6.399],[42.067,6.358],[42.076,6.351],[42.078,6.321],[42.084,6.317],[42.087,6.311],[42.094,6.29],[42.099,6.281],[42.103,6.26],[42.112,6.246],[42.13,6.228],[42.162,6.169],[42.179,6.153],[42.204,6.134],[42.224,6.123],[42.258,6.099],[42.279,6.086],[42.303,6.077],[42.319,6.061],[42.333,6.052],[42.358,6.032],[42.387,6.012],[42.459,5.954],[42.499,5.923],[42.523,5.899],[42.563,5.867],[42.577,5.852],[42.594,5.84],[42.622,5.829],[42.637,5.821],[42.646,5.811],[42.659,5.8],[42.668,5.792],[42.698,5.779],[42.727,5.757]]]}},{"type":"Feature","properties":{"name":"Adadle"},"geometry":{"type":"Polygon","coordinates":[[[42.734,5.743],[42.758,5.734],[42.792,5.716],[42.831,5.704],[42.847,5.695],[42.862,5.693],[42.897,5.683],[42.916,5.674],[42.94,5.668],[42.988,5.657],[43.016,5.655],[43.052,5.643],[43.135,5.639],[43.152,5.649],[43.165,5.653],[43.19,5.665],[43.223,5.66],[43.277,5.655],[43.435,5.648],[43.473,5.659],[43.501,5.664],[43.521,5.672],[43.544,5.685],[43.58,5.696],[43.593,5.707],[43.626,5.721],[43.64,5.735],[43.656,5.748],[43.67,5.766],[43.673,5.778],[43.683,5.785],[43.694,5.799],[43.707,5.809],[43.723,5.82],[43.715,5.839],[43.708,5.846],[43.692,5.85],[43.68,5.865],[43.654,5.878],[43.641,5.888],[43.622,5.897],[43.597,5.91],[43.575,5.919],[43.544,5.929],[43.508,5.931],[43.489,5.932],[43.479,5.934],[43.458,5.937],[43.424,5.929],[43.395,5.927],[43.346,5.929],[43.229,5.948],[43.206,5.96],[43.19,5.963],[43.177,5.969],[43.164,5.979],[43.151,5.985],[43.125,6.005],[43.112,6.013],[43.101,6.027],[43.089,6.033],[43.079,6.045],[43.067,6.055],[43.04,6.073],[43.005,6.092],[42.913,5.984],[42.727,5.757],[42.734,5.743]]]}},{"type":"Feature","properties":{"name":"Hudet"},"geometry":{"type":"Polygon","coordinates":[[[40.263,4.842],[40.287,4.878],[40.386,5.032],[40.438,5.138],[40.473,5.214],[40.502,5.407],[40.37,5.388],[40.311,5.378],[40.278,5.37],[40.241,5.367],[40.209,5.357],[40.175,5.355],[40.135,5.359],[40.099,5.366],[40.064,5.38],[40.035,5.398],[39.943,5.286],[39.908,5.221],[39.879,5.142],[39.834,5.034],[39.814,5.003],[39.805,4.953],[39.785,4.892],[39.766,4.848],[39.759,4.802],[39.744,4.725],[39.758,4.738],[39.903,4.713],[40.037,4.772],[40.081,4.783],[40.13,4.77],[40.167,4.818],[40.228,4.852],[40.244,4.85],[40.263,4.842]]]}},{"type":"Feature","properties":{"name":"Filtu"},"geometry":{"type":"Polygon","coordinates":[[[40.923,5.685],[40.866,5.67],[40.833,5.657],[40.812,5.636],[40.754,5.596],[40.695,5.569],[40.68,5.542],[40.634,5.531],[40.606,5.492],[40.582,5.477],[40.564,5.455],[40.55,5.429],[40.534,5.412],[40.502,5.407],[40.473,5.214],[40.438,5.138],[40.386,5.032],[40.287,4.878],[40.263,4.842],[40.322,4.822],[40.341,4.81],[40.428,4.748],[40.544,4.678],[40.693,4.5],[40.711,4.543],[40.729,4.557],[40.749,4.565],[40.773,4.572],[40.797,4.575],[40.826,4.57],[40.851,4.558],[40.873,4.544],[40.892,4.546],[40.938,4.589],[40.96,4.619],[40.997,4.624],[41.021,4.654],[41.079,4.677],[41.094,4.696],[41.112,4.692],[41.143,4.714],[41.145,4.763],[41.129,4.8],[41.121,4.825],[41.131,4.838],[41.197,4.824],[41.227,4.813],[41.289,4.794],[41.312,4.804],[41.392,4.81],[41.419,4.817],[41.444,4.813],[41.538,4.79],[41.566,4.781],[41.573,4.793],[41.561,4.831],[41.552,4.85],[41.539,4.867],[41.53,4.887],[41.515,4.911],[41.496,4.932],[41.478,4.963],[41.463,4.984],[41.437,4.998],[41.412,5.009],[41.405,5.016],[41.388,5.047],[41.36,5.092],[41.345,5.123],[41.328,5.152],[41.313,5.167],[41.312,5.184],[41.313,5.207],[41.305,5.262],[41.307,5.281],[41.302,5.302],[41.294,5.331],[41.286,5.354],[41.259,5.378],[41.24,5.403],[41.231,5.421],[41.213,5.448],[41.182,5.486],[41.178,5.507],[41.162,5.531],[41.166,5.549],[41.151,5.556],[41.129,5.616],[41.118,5.636],[41.074,5.642],[41.053,5.662],[41.042,5.68],[41.008,5.691],[40.983,5.693],[40.923,5.685]]]}},{"type":"Feature","properties":{"name":"East Imi"},"geometry":{"type":"Polygon","coordinates":[[[42.204,7.196],[42.206,7.142],[42.188,7.098],[42.159,7.053],[42.164,7.008],[42.141,6.968],[42.135,6.955],[42.107,6.931],[42.1,6.917],[42.077,6.888],[42.076,6.865],[42.068,6.842],[42.064,6.827],[42.056,6.75],[42.026,6.708],[42.016,6.682],[42.014,6.66],[42.0,6.643],[42.001,6.63],[42.007,6.616],[42.005,6.599],[42.042,6.583],[42.063,6.57],[42.102,6.545],[42.12,6.513],[42.122,6.5],[42.156,6.46],[42.196,6.432],[42.239,6.405],[42.254,6.394],[42.266,6.365],[42.298,6.338],[42.364,6.319],[42.453,6.311],[42.482,6.311],[42.51,6.301],[42.552,6.292],[42.565,6.286],[42.611,6.27],[42.645,6.266],[42.703,6.251],[42.743,6.249],[42.763,6.239],[42.781,6.205],[42.804,6.177],[42.825,6.139],[42.849,6.129],[42.911,6.106],[42.98,6.092],[43.005,6.092],[43.026,6.107],[43.086,6.206],[43.094,6.237],[43.115,6.298],[43.127,6.349],[43.14,6.361],[43.129,6.374],[43.129,6.401],[43.132,6.437],[43.114,6.462],[43.083,6.53],[43.081,6.557],[43.063,6.608],[43.048,6.674],[43.028,6.719],[43.006,6.757],[42.986,6.807],[42.942,6.857],[42.913,6.917],[42.891,6.942],[42.867,7.019],[42.859,7.053],[42.853,7.055],[42.832,7.053],[42.808,7.054],[42.778,7.045],[42.731,7.054],[42.635,7.064],[42.616,7.074],[42.599,7.08],[42.521,7.092],[42.509,7.1],[42.495,7.106],[42.471,7.11],[42.455,7.123],[42.44,7.131],[42.43,7.139],[42.413,7.144],[42.388,7.148],[42.337,7.171],[42.323,7.181],[42.278,7.203],[42.255,7.205],[42.235,7.205],[42.204,7.196]]]}},{"type":"Feature","properties":{"name":"Denan"},"geometry":{"type":"Polygon","coordinates":[[[42.859,7.053],[42.867,7.019],[42.891,6.942],[42.913,6.917],[42.942,6.857],[42.986,6.807],[43.006,6.757],[43.028,6.719],[43.048,6.674],[43.063,6.608],[43.081,6.557],[43.083,6.53],[43.114,6.462],[43.132,6.437],[43.129,6.401],[43.129,6.374],[43.14,6.361],[43.127,6.349],[43.115,6.298],[43.094,6.237],[43.086,6.206],[43.77,6.406],[43.755,6.42],[43.736,6.45],[43.734,6.464],[43.721,6.507],[43.709,6.531],[43.697,6.539],[43.697,6.55],[43.682,6.556],[43.68,6.565],[43.674,6.571],[43.658,6.58],[43.652,6.6],[43.641,6.61],[43.638,6.618],[43.629,6.631],[43.626,6.647],[43.604,6.675],[43.596,6.68],[43.584,6.696],[43.57,6.711],[43.556,6.729],[43.548,6.744],[43.548,6.755],[43.534,6.768],[43.523,6.784],[43.501,6.802],[43.482,6.822],[43.467,6.843],[43.444,6.859],[43.431,6.875],[43.399,6.904],[43.389,6.937],[43.349,6.999],[43.344,7.022],[43.337,7.044],[43.335,7.086],[43.343,7.111],[43.347,7.141],[43.346,7.17],[43.352,7.203],[43.355,7.231],[43.362,7.261],[43.362,7.276],[43.353,7.313],[43.344,7.328],[43.329,7.32],[43.296,7.311],[43.27,7.29],[43.253,7.281],[43.229,7.274],[43.212,7.255],[43.179,7.235],[43.104,7.178],[43.088,7.17],[43.056,7.146],[43.033,7.132],[43.016,7.125],[42.997,7.108],[42.972,7.105],[42.952,7.097],[42.922,7.081],[42.916,7.08],[42.903,7.057],[42.879,7.055],[42.868,7.05],[42.859,7.053]]]}},{"type":"Feature","properties":{"name":"Gunagado"},"geometry":{"type":"Polygon","coordinates":[[[44.022,7.691],[44.038,7.69],[44.074,7.698],[44.097,7.706],[44.122,7.707],[44.242,7.7],[44.321,7.691],[44.43,7.67],[44.466,7.661],[44.518,7.652],[44.519,7.662],[44.517,7.696],[44.525,7.713],[44.527,7.732],[44.52,7.758],[44.519,7.776],[44.498,7.794],[44.483,7.812],[44.476,7.838],[44.467,7.894],[44.467,7.917],[44.454,7.953],[44.441,7.963],[44.433,7.98],[44.425,7.992],[44.422,8.013],[44.414,8.03],[44.406,8.04],[44.395,8.068],[44.222,8.094],[44.109,8.124],[43.968,8.131],[43.972,8.117],[43.977,8.105],[43.992,8.086],[43.995,8.072],[43.995,8.06],[44.004,8.048],[44.007,8.039],[44.023,8.013],[44.025,8.001],[44.033,7.976],[44.049,7.947],[44.057,7.909],[44.057,7.878],[44.053,7.858],[44.053,7.825],[44.049,7.783],[44.043,7.758],[44.027,7.73],[44.022,7.691]]]}},{"type":"Feature","properties":{"name":"Aware"},"geometry":{"type":"Polygon","coordinates":[[[43.707,8.956],[43.719,8.928],[43.726,8.918],[43.727,8.904],[43.735,8.894],[43.738,8.881],[43.743,8.867],[43.755,8.857],[43.757,8.833],[43.764,8.823],[43.763,8.812],[43.768,8.803],[43.776,8.791],[43.793,8.777],[43.792,8.753],[43.799,8.744],[43.803,8.727],[43.813,8.717],[43.817,8.696],[43.817,8.682],[43.826,8.678],[43.828,8.667],[43.827,8.656],[43.829,8.642],[43.836,8.626],[43.84,8.597],[43.839,8.587],[43.849,8.557],[43.852,8.531],[43.862,8.521],[43.863,8.504],[43.866,8.493],[43.874,8.484],[43.876,8.457],[43.88,8.447],[43.884,8.432],[43.883,8.422],[43.886,8.406],[43.892,8.392],[43.894,8.36],[43.894,8.349],[43.898,8.338],[43.904,8.328],[43.914,8.297],[43.92,8.259],[43.929,8.251],[43.932,8.237],[43.932,8.226],[43.937,8.216],[43.944,8.207],[43.953,8.17],[43.958,8.16],[43.97,8.145],[43.968,8.131],[44.109,8.124],[44.222,8.094],[44.395,8.068],[44.391,8.083],[44.363,8.164],[44.358,8.185],[44.334,8.229],[44.327,8.248],[44.317,8.267],[44.312,8.295],[44.305,8.315],[44.289,8.344],[44.271,8.398],[44.236,8.455],[44.219,8.477],[44.21,8.505],[44.196,8.527],[44.17,8.553],[44.159,8.577],[44.138,8.632],[44.117,8.652],[44.092,8.691],[44.081,8.718],[44.068,8.754],[44.037,8.798],[44.028,8.829],[44.024,8.859],[43.998,8.912],[43.976,9.038],[43.972,9.026],[43.955,9.014],[43.935,9.003],[43.893,8.991],[43.878,8.984],[43.86,8.978],[43.78,8.968],[43.749,8.973],[43.731,8.969],[43.707,8.956]]]}},{"type":"Feature","properties":{"name":"Wantawo"},"geometry":{"type":"Polygon","coordinates":[[[33.483,8.458],[33.476,8.453],[33.461,8.45],[33.449,8.439],[33.438,8.441],[33.425,8.448],[33.412,8.44],[33.396,8.425],[33.388,8.426],[33.381,8.433],[33.373,8.432],[33.368,8.442],[33.361,8.441],[33.35,8.446],[33.336,8.444],[33.321,8.45],[33.315,8.461],[33.306,8.456],[33.3,8.443],[33.296,8.438],[33.29,8.438],[33.281,8.449],[33.275,8.454],[33.249,8.445],[33.247,8.436],[33.235,8.424],[33.218,8.434],[33.216,8.428],[33.218,8.416],[33.217,8.409],[33.209,8.406],[33.193,8.408],[33.191,8.403],[33.196,8.393],[33.191,8.388],[33.19,8.381],[33.194,8.352],[33.201,8.351],[33.217,8.356],[33.215,8.343],[33.211,8.336],[33.205,8.334],[33.193,8.334],[33.194,8.327],[33.202,8.314],[33.202,8.307],[33.196,8.299],[33.171,8.297],[33.177,8.285],[33.174,8.264],[33.176,8.256],[33.181,8.249],[33.19,8.25],[33.199,8.249],[33.203,8.235],[33.197,8.219],[33.191,8.212],[33.176,8.203],[33.167,8.196],[33.168,8.189],[33.173,8.189],[33.178,8.167],[33.185,8.161],[33.185,8.146],[33.19,8.136],[33.207,8.137],[33.216,8.135],[33.228,8.137],[33.242,8.147],[33.242,8.168],[33.25,8.187],[33.261,8.196],[33.286,8.178],[33.305,8.182],[33.338,8.183],[33.349,8.193],[33.362,8.235],[33.396,8.21],[33.408,8.197],[33.428,8.19],[33.462,8.195],[33.461,8.24],[33.474,8.26],[33.514,8.29],[33.476,8.306],[33.466,8.335],[33.477,8.339],[33.476,8.362],[33.471,8.378],[33.488,8.41],[33.476,8.44],[33.483,8.458]]]}},{"type":"Feature","properties":{"name":"Akobo"},"geometry":{"type":"Polygon","coordinates":[[[33.19,8.136],[33.187,8.125],[33.174,8.128],[33.167,8.124],[33.164,8.115],[33.159,8.112],[33.137,8.113],[33.121,8.108],[33.118,8.102],[33.117,8.088],[33.119,8.064],[33.112,8.073],[33.105,8.077],[33.086,8.076],[33.084,8.071],[33.087,8.062],[33.08,8.055],[33.081,8.049],[33.078,8.026],[33.074,8.021],[33.06,8.015],[33.047,8.016],[33.037,8.006],[33.031,7.992],[33.037,7.975],[33.029,7.962],[33.01,7.95],[33.003,7.941],[33.006,7.928],[33.003,7.917],[33.005,7.907],[33.014,7.89],[33.005,7.886],[33.002,7.88],[33.011,7.859],[33.038,7.821],[33.045,7.813],[33.046,7.803],[33.051,7.788],[33.057,7.792],[33.063,7.787],[33.074,7.792],[33.085,7.794],[33.089,7.801],[33.096,7.797],[33.106,7.788],[33.103,7.781],[33.11,7.78],[33.116,7.786],[33.124,7.784],[33.134,7.789],[33.138,7.785],[33.146,7.791],[33.157,7.793],[33.158,7.798],[33.166,7.797],[33.185,7.785],[33.2,7.78],[33.218,7.772],[33.225,7.771],[33.239,7.775],[33.248,7.765],[33.282,7.743],[33.296,7.747],[33.293,7.736],[33.3,7.741],[33.304,7.735],[33.304,7.727],[33.316,7.722],[33.32,7.713],[33.321,7.707],[33.343,7.712],[33.352,7.725],[33.36,7.721],[33.375,7.731],[33.382,7.731],[33.391,7.729],[33.408,7.736],[33.417,7.742],[33.425,7.749],[33.432,7.753],[33.449,7.741],[33.462,7.742],[33.465,7.748],[33.478,7.77],[33.486,7.824],[33.48,7.866],[33.485,7.881],[33.456,7.876],[33.441,7.891],[33.44,7.914],[33.45,7.938],[33.462,7.957],[33.481,7.965],[33.504,7.97],[33.491,8.001],[33.479,8.036],[33.478,8.073],[33.49,8.089],[33.494,8.139],[33.481,8.166],[33.465,8.184],[33.462,8.195],[33.428,8.19],[33.408,8.197],[33.396,8.21],[33.362,8.235],[33.349,8.193],[33.338,8.183],[33.305,8.182],[33.286,8.178],[33.261,8.196],[33.25,8.187],[33.242,8.168],[33.242,8.147],[33.228,8.137],[33.216,8.135],[33.207,8.137],[33.19,8.136]]]}},{"type":"Feature","properties":{"name":"Jikawo"},"geometry":{"type":"Polygon","coordinates":[[[33.514,8.29],[33.555,8.275],[33.546,8.23],[33.567,8.193],[33.611,8.13],[33.707,8.151],[33.745,8.157],[33.779,8.172],[33.798,8.167],[33.816,8.155],[33.835,8.151],[33.85,8.135],[33.86,8.16],[33.864,8.191],[33.884,8.256],[33.887,8.268],[33.879,8.283],[33.86,8.305],[33.838,8.318],[33.827,8.343],[33.778,8.376],[33.773,8.371],[33.756,8.373],[33.75,8.376],[33.738,8.367],[33.733,8.365],[33.717,8.367],[33.71,8.372],[33.701,8.374],[33.695,8.381],[33.693,8.393],[33.689,8.401],[33.684,8.407],[33.679,8.431],[33.681,8.442],[33.65,8.459],[33.621,8.47],[33.611,8.463],[33.598,8.448],[33.577,8.448],[33.569,8.455],[33.563,8.469],[33.557,8.47],[33.548,8.469],[33.534,8.47],[33.525,8.468],[33.52,8.469],[33.512,8.472],[33.499,8.472],[33.49,8.47],[33.483,8.458],[33.476,8.44],[33.488,8.41],[33.471,8.378],[33.476,8.362],[33.477,8.339],[33.466,8.335],[33.476,8.306],[33.514,8.29]]]}},{"type":"Feature","properties":{"name":"Lare"},"geometry":{"type":"Polygon","coordinates":[[[33.884,8.256],[33.902,8.254],[33.922,8.236],[33.931,8.226],[33.932,8.208],[33.941,8.186],[33.974,8.173],[33.987,8.182],[34.005,8.183],[34.019,8.175],[34.048,8.177],[34.049,8.233],[34.033,8.233],[33.999,8.239],[33.997,8.265],[33.996,8.292],[34.011,8.296],[34.015,8.317],[34.023,8.33],[34.046,8.338],[34.052,8.35],[34.05,8.375],[34.069,8.384],[34.065,8.402],[34.051,8.425],[34.077,8.46],[34.083,8.476],[34.07,8.479],[34.047,8.506],[34.043,8.519],[34.034,8.511],[34.028,8.498],[34.021,8.49],[34.016,8.488],[34.001,8.494],[33.992,8.489],[33.986,8.49],[33.973,8.499],[33.957,8.494],[33.947,8.499],[33.936,8.496],[33.926,8.488],[33.899,8.482],[33.894,8.474],[33.89,8.463],[33.882,8.461],[33.882,8.454],[33.876,8.447],[33.878,8.437],[33.866,8.436],[33.853,8.433],[33.841,8.432],[33.838,8.427],[33.828,8.421],[33.821,8.407],[33.814,8.401],[33.808,8.396],[33.8,8.395],[33.778,8.376],[33.827,8.343],[33.838,8.318],[33.86,8.305],[33.879,8.283],[33.887,8.268],[33.884,8.256]]]}},{"type":"Feature","properties":{"name":"Gambella Wild Life Reserve"},"geometry":{"type":"Polygon","coordinates":[[[33.85,8.135],[33.868,8.129],[33.855,8.11],[33.851,8.094],[33.861,8.079],[33.906,8.08],[33.921,8.064],[33.917,8.049],[33.93,8.03],[33.951,8.036],[33.964,8.029],[33.994,8.028],[34.019,8.024],[34.038,8.03],[34.065,8.031],[34.075,8.023],[34.091,8.038],[34.109,8.066],[34.135,8.091],[34.135,8.111],[34.112,8.146],[34.1,8.162],[34.076,8.163],[34.048,8.177],[34.019,8.175],[34.005,8.183],[33.987,8.182],[33.974,8.173],[33.941,8.186],[33.932,8.208],[33.931,8.226],[33.922,8.236],[33.902,8.254],[33.884,8.256],[33.864,8.191],[33.86,8.16],[33.85,8.135]]]}},{"type":"Feature","properties":{"name":"Itang"},"geometry":{"type":"Polygon","coordinates":[[[34.048,8.177],[34.076,8.163],[34.1,8.162],[34.112,8.146],[34.135,8.111],[34.135,8.091],[34.159,8.084],[34.189,8.082],[34.236,8.075],[34.257,8.066],[34.269,8.043],[34.297,8.03],[34.316,8.03],[34.331,8.021],[34.347,8.047],[34.389,8.049],[34.424,8.074],[34.448,8.079],[34.452,8.091],[34.44,8.116],[34.44,8.151],[34.45,8.176],[34.421,8.182],[34.398,8.181],[34.374,8.178],[34.362,8.197],[34.372,8.209],[34.384,8.209],[34.394,8.205],[34.378,8.258],[34.358,8.281],[34.356,8.305],[34.356,8.343],[34.348,8.378],[34.33,8.388],[34.314,8.391],[34.316,8.408],[34.336,8.44],[34.345,8.47],[34.358,8.501],[34.359,8.523],[34.346,8.601],[34.313,8.683],[34.28,8.71],[34.256,8.704],[34.236,8.687],[34.224,8.671],[34.19,8.653],[34.142,8.653],[34.143,8.612],[34.122,8.576],[34.097,8.551],[34.082,8.55],[34.071,8.543],[34.062,8.532],[34.053,8.525],[34.043,8.519],[34.047,8.506],[34.07,8.479],[34.083,8.476],[34.077,8.46],[34.051,8.425],[34.065,8.402],[34.069,8.384],[34.05,8.375],[34.052,8.35],[34.046,8.338],[34.023,8.33],[34.015,8.317],[34.011,8.296],[33.996,8.292],[33.997,8.265],[33.999,8.239],[34.033,8.233],[34.049,8.233],[34.048,8.177]]]}},{"type":"Feature","properties":{"name":"Gambela Zuria"},"geometry":{"type":"Polygon","coordinates":[[[34.448,8.079],[34.473,8.066],[34.491,8.067],[34.503,8.041],[34.518,8.046],[34.552,8.022],[34.561,8.034],[34.573,8.042],[34.601,8.042],[34.617,8.048],[34.638,8.048],[34.682,8.062],[34.698,8.064],[34.737,8.043],[34.774,8.016],[34.799,7.966],[34.793,7.932],[34.791,7.862],[34.753,7.807],[34.76,7.776],[34.814,7.764],[34.832,7.768],[34.839,7.776],[34.839,7.793],[34.868,7.8],[34.908,7.784],[34.925,7.766],[34.938,7.766],[34.933,7.829],[34.945,7.881],[34.951,7.891],[35.001,7.863],[35.014,7.884],[35.009,7.925],[35.049,7.956],[35.109,7.958],[35.142,7.99],[35.141,8.023],[35.119,8.084],[35.09,8.115],[35.105,8.116],[35.144,8.144],[35.158,8.138],[35.139,8.183],[35.12,8.202],[35.074,8.221],[35.019,8.221],[34.966,8.248],[34.883,8.252],[34.856,8.252],[34.827,8.263],[34.787,8.305],[34.796,8.328],[34.786,8.356],[34.768,8.364],[34.729,8.391],[34.668,8.396],[34.631,8.403],[34.575,8.405],[34.557,8.456],[34.523,8.477],[34.472,8.449],[34.437,8.423],[34.348,8.378],[34.356,8.343],[34.356,8.305],[34.358,8.281],[34.378,8.258],[34.394,8.205],[34.384,8.209],[34.372,8.209],[34.362,8.197],[34.374,8.178],[34.398,8.181],[34.421,8.182],[34.45,8.176],[34.44,8.151],[34.44,8.116],[34.452,8.091],[34.448,8.079]]]}},{"type":"Feature","properties":{"name":"Jore"},"geometry":{"type":"Polygon","coordinates":[[[33.462,8.195],[33.465,8.184],[33.481,8.166],[33.494,8.139],[33.49,8.089],[33.478,8.073],[33.479,8.036],[33.491,8.001],[33.504,7.97],[33.481,7.965],[33.462,7.957],[33.45,7.938],[33.44,7.914],[33.441,7.891],[33.456,7.876],[33.485,7.881],[33.48,7.866],[33.486,7.824],[33.478,7.77],[33.465,7.748],[33.474,7.745],[33.491,7.732],[33.501,7.736],[33.503,7.728],[33.516,7.733],[33.541,7.705],[33.551,7.703],[33.563,7.695],[33.581,7.688],[33.587,7.698],[33.6,7.707],[33.613,7.703],[33.623,7.709],[33.631,7.702],[33.637,7.693],[33.665,7.692],[33.673,7.693],[33.684,7.683],[33.682,7.675],[33.691,7.67],[33.695,7.661],[33.713,7.658],[33.721,7.653],[33.734,7.641],[33.738,7.629],[33.753,7.618],[33.77,7.613],[33.778,7.605],[33.794,7.606],[33.835,7.569],[33.841,7.56],[33.857,7.543],[33.872,7.519],[33.888,7.513],[33.904,7.519],[33.927,7.513],[33.948,7.503],[33.971,7.533],[33.988,7.561],[34.006,7.596],[33.963,7.608],[33.939,7.636],[33.932,7.664],[33.93,7.708],[33.941,7.713],[33.983,7.696],[34.0,7.721],[33.995,7.775],[34.015,7.787],[34.03,7.816],[34.048,7.853],[34.065,7.885],[34.071,7.899],[34.045,7.916],[34.038,7.934],[34.012,7.945],[34.034,7.968],[34.065,7.986],[34.076,8.0],[34.075,8.023],[34.065,8.031],[34.038,8.03],[34.019,8.024],[33.994,8.028],[33.964,8.029],[33.951,8.036],[33.93,8.03],[33.917,8.049],[33.921,8.064],[33.906,8.08],[33.861,8.079],[33.851,8.094],[33.855,8.11],[33.868,8.129],[33.85,8.135],[33.835,8.151],[33.816,8.155],[33.798,8.167],[33.779,8.172],[33.745,8.157],[33.707,8.151],[33.611,8.13],[33.567,8.193],[33.546,8.23],[33.555,8.275],[33.514,8.29],[33.474,8.26],[33.461,8.24],[33.462,8.195]]]}},{"type":"Feature","properties":{"name":"Abobo"},"geometry":{"type":"Polygon","coordinates":[[[34.075,8.023],[34.076,8.0],[34.065,7.986],[34.034,7.968],[34.012,7.945],[34.038,7.934],[34.045,7.916],[34.071,7.899],[34.065,7.885],[34.092,7.87],[34.12,7.833],[34.141,7.845],[34.18,7.832],[34.203,7.834],[34.232,7.817],[34.243,7.826],[34.26,7.826],[34.268,7.829],[34.297,7.828],[34.326,7.819],[34.34,7.801],[34.356,7.787],[34.379,7.775],[34.416,7.771],[34.429,7.776],[34.463,7.782],[34.495,7.783],[34.525,7.775],[34.552,7.799],[34.571,7.792],[34.611,7.803],[34.626,7.774],[34.617,7.716],[34.615,7.673],[34.595,7.645],[34.617,7.621],[34.657,7.589],[34.696,7.576],[34.749,7.568],[34.794,7.549],[34.85,7.55],[34.869,7.551],[34.884,7.565],[34.884,7.589],[34.903,7.617],[34.922,7.623],[35.003,7.634],[35.012,7.674],[35.01,7.727],[34.996,7.749],[34.933,7.729],[34.938,7.766],[34.925,7.766],[34.908,7.784],[34.868,7.8],[34.839,7.793],[34.839,7.776],[34.832,7.768],[34.814,7.764],[34.76,7.776],[34.753,7.807],[34.791,7.862],[34.793,7.932],[34.799,7.966],[34.774,8.016],[34.737,8.043],[34.698,8.064],[34.682,8.062],[34.638,8.048],[34.617,8.048],[34.601,8.042],[34.573,8.042],[34.561,8.034],[34.552,8.022],[34.518,8.046],[34.503,8.041],[34.491,8.067],[34.473,8.066],[34.448,8.079],[34.424,8.074],[34.389,8.049],[34.347,8.047],[34.331,8.021],[34.316,8.03],[34.297,8.03],[34.269,8.043],[34.257,8.066],[34.236,8.075],[34.189,8.082],[34.159,8.084],[34.135,8.091],[34.109,8.066],[34.091,8.038],[34.075,8.023]]]}},{"type":"Feature","properties":{"name":"Gog"},"geometry":{"type":"Polygon","coordinates":[[[33.948,7.503],[33.944,7.494],[33.944,7.482],[33.946,7.469],[33.957,7.464],[33.958,7.448],[33.985,7.437],[33.993,7.425],[33.999,7.42],[34.013,7.394],[34.029,7.371],[34.034,7.355],[34.031,7.338],[34.055,7.345],[34.096,7.356],[34.126,7.368],[34.145,7.386],[34.159,7.386],[34.189,7.398],[34.223,7.39],[34.233,7.414],[34.26,7.424],[34.267,7.441],[34.289,7.444],[34.323,7.478],[34.334,7.512],[34.358,7.514],[34.371,7.518],[34.387,7.511],[34.399,7.483],[34.417,7.484],[34.475,7.463],[34.491,7.477],[34.504,7.48],[34.53,7.451],[34.545,7.445],[34.548,7.426],[34.567,7.422],[34.587,7.398],[34.618,7.393],[34.632,7.412],[34.657,7.453],[34.682,7.501],[34.737,7.525],[34.761,7.546],[34.776,7.523],[34.837,7.542],[34.869,7.551],[34.85,7.55],[34.794,7.549],[34.749,7.568],[34.696,7.576],[34.657,7.589],[34.617,7.621],[34.595,7.645],[34.615,7.673],[34.617,7.716],[34.626,7.774],[34.611,7.803],[34.571,7.792],[34.552,7.799],[34.525,7.775],[34.495,7.783],[34.463,7.782],[34.429,7.776],[34.416,7.771],[34.379,7.775],[34.356,7.787],[34.34,7.801],[34.326,7.819],[34.297,7.828],[34.268,7.829],[34.26,7.826],[34.243,7.826],[34.232,7.817],[34.203,7.834],[34.18,7.832],[34.141,7.845],[34.12,7.833],[34.092,7.87],[34.065,7.885],[34.048,7.853],[34.03,7.816],[34.015,7.787],[33.995,7.775],[34.0,7.721],[33.983,7.696],[33.941,7.713],[33.93,7.708],[33.932,7.664],[33.939,7.636],[33.963,7.608],[34.006,7.596],[33.988,7.561],[33.971,7.533],[33.948,7.503]]]}},{"type":"Feature","properties":{"name":"Mengesh"},"geometry":{"type":"Polygon","coordinates":[[[34.869,7.551],[34.837,7.542],[34.862,7.523],[34.902,7.488],[34.925,7.435],[34.924,7.418],[34.914,7.379],[34.954,7.368],[34.972,7.339],[34.971,7.312],[34.974,7.29],[34.968,7.275],[34.971,7.235],[34.979,7.214],[35.012,7.196],[35.022,7.187],[35.055,7.185],[35.068,7.185],[35.074,7.206],[35.12,7.207],[35.137,7.227],[35.149,7.247],[35.156,7.219],[35.165,7.206],[35.18,7.192],[35.193,7.216],[35.201,7.234],[35.227,7.221],[35.257,7.215],[35.27,7.224],[35.298,7.257],[35.33,7.304],[35.339,7.33],[35.326,7.349],[35.285,7.369],[35.272,7.397],[35.274,7.435],[35.261,7.444],[35.261,7.466],[35.263,7.481],[35.254,7.48],[35.245,7.475],[35.21,7.473],[35.19,7.457],[35.162,7.473],[35.123,7.48],[35.121,7.485],[35.128,7.497],[35.139,7.513],[35.147,7.521],[35.173,7.534],[35.171,7.556],[35.165,7.582],[35.167,7.616],[35.146,7.631],[35.116,7.632],[35.117,7.646],[35.078,7.732],[34.996,7.749],[35.01,7.727],[35.012,7.674],[35.003,7.634],[34.922,7.623],[34.903,7.617],[34.884,7.589],[34.884,7.565],[34.869,7.551]]]}},{"type":"Feature","properties":{"name":"Godere"},"geometry":{"type":"Polygon","coordinates":[[[35.055,7.185],[35.084,7.126],[35.115,7.103],[35.205,7.101],[35.219,7.109],[35.235,7.139],[35.265,7.137],[35.281,7.131],[35.301,7.117],[35.314,7.116],[35.332,7.128],[35.355,7.12],[35.373,7.118],[35.381,7.124],[35.369,7.145],[35.354,7.155],[35.335,7.181],[35.335,7.189],[35.341,7.188],[35.374,7.232],[35.347,7.24],[35.354,7.264],[35.371,7.279],[35.376,7.291],[35.384,7.335],[35.388,7.352],[35.393,7.397],[35.369,7.416],[35.374,7.429],[35.357,7.438],[35.346,7.454],[35.33,7.463],[35.321,7.464],[35.31,7.48],[35.273,7.473],[35.263,7.481],[35.261,7.466],[35.261,7.444],[35.274,7.435],[35.272,7.397],[35.285,7.369],[35.326,7.349],[35.339,7.33],[35.33,7.304],[35.298,7.257],[35.27,7.224],[35.257,7.215],[35.227,7.221],[35.201,7.234],[35.193,7.216],[35.18,7.192],[35.165,7.206],[35.156,7.219],[35.149,7.247],[35.137,7.227],[35.12,7.207],[35.074,7.206],[35.068,7.185],[35.055,7.185]]]}},{"type":"Feature","properties":{"name":"Dima"},"geometry":{"type":"Polygon","coordinates":[[[34.031,7.338],[34.032,7.317],[34.036,7.295],[34.034,7.276],[34.028,7.267],[34.011,7.271],[34.012,7.261],[34.02,7.251],[34.035,7.237],[34.045,7.222],[34.055,7.222],[34.077,7.211],[34.093,7.198],[34.1,7.187],[34.1,7.181],[34.129,7.176],[34.146,7.157],[34.166,7.158],[34.193,7.139],[34.194,7.056],[34.216,7.048],[34.233,7.017],[34.256,7.023],[34.288,6.998],[34.323,6.975],[34.36,6.965],[34.384,6.965],[34.411,6.954],[34.485,6.906],[34.521,6.865],[34.531,6.844],[34.535,6.813],[34.537,6.754],[34.562,6.741],[34.614,6.734],[34.63,6.75],[34.651,6.734],[34.682,6.704],[34.709,6.698],[34.716,6.665],[34.731,6.649],[34.748,6.626],[34.773,6.598],[34.789,6.585],[34.807,6.601],[34.845,6.6],[34.857,6.609],[34.89,6.598],[34.885,6.578],[34.906,6.573],[34.921,6.558],[34.94,6.548],[34.955,6.52],[34.957,6.505],[34.985,6.49],[35.007,6.466],[35.015,6.446],[35.004,6.416],[35.004,6.404],[34.999,6.396],[34.987,6.388],[34.989,6.347],[34.986,6.3],[35.012,6.282],[35.039,6.306],[35.074,6.309],[35.084,6.319],[35.107,6.32],[35.12,6.348],[35.132,6.397],[35.144,6.399],[35.166,6.384],[35.179,6.381],[35.2,6.412],[35.187,6.446],[35.175,6.468],[35.186,6.491],[35.188,6.559],[35.196,6.599],[35.187,6.628],[35.188,6.658],[35.198,6.681],[35.179,6.711],[35.18,6.729],[35.148,6.762],[35.081,6.812],[35.044,6.812],[34.986,6.799],[34.934,6.798],[34.946,6.828],[34.97,6.861],[34.993,6.865],[34.999,6.894],[34.975,6.926],[34.946,6.945],[34.912,6.989],[34.903,7.032],[34.885,7.032],[34.878,7.071],[34.893,7.093],[34.891,7.161],[34.899,7.186],[34.943,7.194],[34.966,7.216],[34.971,7.235],[34.968,7.275],[34.974,7.29],[34.971,7.312],[34.972,7.339],[34.954,7.368],[34.914,7.379],[34.924,7.418],[34.925,7.435],[34.902,7.488],[34.862,7.523],[34.837,7.542],[34.776,7.523],[34.761,7.546],[34.737,7.525],[34.682,7.501],[34.657,7.453],[34.632,7.412],[34.618,7.393],[34.587,7.398],[34.567,7.422],[34.548,7.426],[34.545,7.445],[34.53,7.451],[34.504,7.48],[34.491,7.477],[34.475,7.463],[34.417,7.484],[34.399,7.483],[34.387,7.511],[34.371,7.518],[34.358,7.514],[34.334,7.512],[34.323,7.478],[34.289,7.444],[34.267,7.441],[34.26,7.424],[34.233,7.414],[34.223,7.39],[34.189,7.398],[34.159,7.386],[34.145,7.386],[34.126,7.368],[34.096,7.356],[34.055,7.345],[34.031,7.338]]]}},{"type":"Feature","properties":{"name":"Guba"},"geometry":{"type":"Polygon","coordinates":[[[36.126,11.72],[36.117,11.724],[36.124,11.735],[36.118,11.775],[36.106,11.817],[36.096,11.814],[36.082,11.825],[36.085,11.836],[36.067,11.852],[36.055,11.85],[36.052,11.858],[36.05,11.867],[36.057,11.875],[36.046,11.877],[36.051,11.884],[36.039,11.886],[36.035,11.893],[36.043,11.896],[36.022,11.915],[35.997,11.928],[35.979,11.961],[35.97,11.959],[35.973,11.971],[35.967,11.985],[35.94,11.971],[35.936,11.967],[35.934,11.961],[35.941,11.955],[35.944,11.937],[35.937,11.922],[35.926,11.913],[35.919,11.906],[35.912,11.906],[35.888,11.892],[35.875,11.887],[35.871,11.866],[35.869,11.86],[35.861,11.851],[35.849,11.841],[35.824,11.828],[35.816,11.829],[35.804,11.839],[35.775,11.834],[35.764,11.838],[35.757,11.832],[35.738,11.834],[35.72,11.83],[35.706,11.823],[35.695,11.832],[35.684,11.826],[35.667,11.827],[35.662,11.794],[35.646,11.782],[35.624,11.777],[35.591,11.774],[35.577,11.768],[35.535,11.73],[35.518,11.719],[35.474,11.737],[35.462,11.736],[35.442,11.731],[35.423,11.73],[35.395,11.747],[35.365,11.754],[35.338,11.774],[35.336,11.783],[35.326,11.795],[35.314,11.793],[35.304,11.804],[35.297,11.8],[35.298,11.808],[35.297,11.82],[35.289,11.831],[35.285,11.847],[35.288,11.857],[35.288,11.871],[35.285,11.885],[35.276,11.905],[35.258,11.935],[35.203,11.892],[35.158,11.862],[35.098,11.815],[35.047,11.736],[35.056,11.693],[35.077,11.646],[35.08,11.594],[35.079,11.522],[35.067,11.5],[35.039,11.417],[35.025,11.386],[35.006,11.362],[34.991,11.338],[34.977,11.31],[34.964,11.286],[34.949,11.277],[34.938,11.252],[34.926,11.244],[34.93,11.237],[34.962,11.237],[34.985,11.214],[35.015,11.23],[35.034,11.223],[35.065,11.208],[35.092,11.203],[35.132,11.139],[35.174,11.128],[35.19,11.107],[35.179,11.063],[35.179,11.023],[35.17,10.978],[35.179,10.942],[35.187,10.917],[35.216,10.9],[35.248,10.927],[35.263,10.937],[35.301,10.957],[35.334,10.959],[35.347,10.984],[35.347,11.02],[35.354,11.045],[35.39,11.075],[35.427,11.087],[35.457,11.105],[35.497,11.113],[35.542,11.115],[35.578,11.11],[35.643,11.141],[35.693,11.157],[35.705,11.174],[35.7,11.195],[35.71,11.233],[35.721,11.246],[35.686,11.267],[35.678,11.31],[35.664,11.35],[35.65,11.384],[35.638,11.432],[35.628,11.458],[35.639,11.483],[35.664,11.506],[35.691,11.522],[35.72,11.541],[35.754,11.539],[35.791,11.54],[35.829,11.548],[35.864,11.575],[35.912,11.587],[35.927,11.6],[35.936,11.619],[35.975,11.644],[35.986,11.703],[36.051,11.704],[36.067,11.678],[36.092,11.703],[36.126,11.72]]]}},{"type":"Feature","properties":{"name":"Pawe Special"},"geometry":{"type":"Polygon","coordinates":[[[36.467,11.187],[36.469,11.198],[36.468,11.216],[36.461,11.227],[36.472,11.234],[36.477,11.246],[36.468,11.266],[36.484,11.273],[36.491,11.28],[36.496,11.29],[36.506,11.286],[36.516,11.29],[36.53,11.303],[36.538,11.306],[36.546,11.306],[36.558,11.303],[36.563,11.313],[36.563,11.319],[36.557,11.33],[36.548,11.338],[36.535,11.336],[36.54,11.346],[36.56,11.355],[36.564,11.359],[36.565,11.372],[36.552,11.387],[36.542,11.395],[36.534,11.395],[36.531,11.435],[36.522,11.445],[36.513,11.459],[36.504,11.459],[36.499,11.445],[36.49,11.441],[36.472,11.437],[36.468,11.429],[36.449,11.428],[36.411,11.415],[36.397,11.413],[36.398,11.379],[36.392,11.346],[36.332,11.346],[36.313,11.325],[36.302,11.294],[36.293,11.235],[36.266,11.235],[36.27,11.218],[36.293,11.195],[36.303,11.18],[36.29,11.155],[36.359,11.16],[36.369,11.186],[36.38,11.2],[36.368,11.222],[36.38,11.232],[36.379,11.249],[36.402,11.265],[36.401,11.242],[36.395,11.215],[36.403,11.196],[36.443,11.193],[36.467,11.187]]]}},{"type":"Feature","properties":{"name":"Dangura"},"geometry":{"type":"Polygon","coordinates":[[[35.578,11.11],[35.573,11.079],[35.575,11.026],[35.612,11.0],[35.649,10.991],[35.693,11.022],[35.723,11.039],[35.782,11.108],[35.79,11.131],[35.823,11.12],[35.834,11.084],[35.846,11.056],[35.906,11.056],[35.958,11.076],[35.992,11.082],[36.033,10.999],[36.034,10.978],[36.063,10.972],[36.086,10.973],[36.111,10.984],[36.118,11.011],[36.139,11.004],[36.158,11.017],[36.156,11.046],[36.174,11.038],[36.198,11.046],[36.217,11.077],[36.219,11.101],[36.233,11.113],[36.273,11.115],[36.294,11.127],[36.29,11.155],[36.303,11.18],[36.293,11.195],[36.27,11.218],[36.266,11.235],[36.293,11.235],[36.302,11.294],[36.313,11.325],[36.332,11.346],[36.392,11.346],[36.398,11.379],[36.397,11.413],[36.411,11.415],[36.41,11.459],[36.42,11.468],[36.426,11.478],[36.436,11.488],[36.439,11.493],[36.445,11.494],[36.44,11.505],[36.435,11.512],[36.414,11.533],[36.415,11.546],[36.404,11.547],[36.391,11.572],[36.392,11.584],[36.38,11.597],[36.376,11.609],[36.366,11.601],[36.349,11.606],[36.339,11.652],[36.333,11.667],[36.348,11.697],[36.333,11.705],[36.335,11.718],[36.335,11.724],[36.34,11.738],[36.34,11.744],[36.341,11.749],[36.34,11.762],[36.342,11.769],[36.338,11.774],[36.342,11.782],[36.33,11.797],[36.31,11.804],[36.284,11.773],[36.262,11.754],[36.237,11.738],[36.232,11.723],[36.208,11.722],[36.202,11.707],[36.19,11.694],[36.186,11.691],[36.166,11.679],[36.158,11.687],[36.146,11.686],[36.119,11.707],[36.126,11.72],[36.092,11.703],[36.067,11.678],[36.051,11.704],[35.986,11.703],[35.975,11.644],[35.936,11.619],[35.927,11.6],[35.912,11.587],[35.864,11.575],[35.829,11.548],[35.791,11.54],[35.754,11.539],[35.72,11.541],[35.691,11.522],[35.664,11.506],[35.639,11.483],[35.628,11.458],[35.638,11.432],[35.65,11.384],[35.664,11.35],[35.678,11.31],[35.686,11.267],[35.721,11.246],[35.71,11.233],[35.7,11.195],[35.705,11.174],[35.693,11.157],[35.643,11.141],[35.578,11.11]]]}},{"type":"Feature","properties":{"name":"Mandura"},"geometry":{"type":"Polygon","coordinates":[[[36.29,11.155],[36.294,11.127],[36.273,11.115],[36.233,11.113],[36.219,11.101],[36.217,11.077],[36.198,11.046],[36.174,11.038],[36.156,11.046],[36.158,11.017],[36.139,11.004],[36.118,11.011],[36.111,10.984],[36.086,10.973],[36.063,10.972],[36.034,10.978],[36.029,10.939],[36.036,10.91],[36.052,10.883],[36.089,10.857],[36.104,10.827],[36.128,10.821],[36.147,10.833],[36.181,10.839],[36.189,10.867],[36.196,10.913],[36.225,10.879],[36.246,10.879],[36.285,10.891],[36.308,10.891],[36.323,10.88],[36.328,10.883],[36.333,10.888],[36.331,10.893],[36.332,10.899],[36.346,10.912],[36.348,10.918],[36.354,10.922],[36.351,10.931],[36.355,10.938],[36.367,10.947],[36.418,11.002],[36.423,11.032],[36.428,11.036],[36.437,11.04],[36.445,11.051],[36.452,11.054],[36.471,11.056],[36.479,11.068],[36.486,11.067],[36.49,11.07],[36.492,11.077],[36.501,11.086],[36.516,11.106],[36.526,11.114],[36.533,11.114],[36.535,11.099],[36.556,11.094],[36.56,11.101],[36.568,11.103],[36.576,11.102],[36.579,11.111],[36.574,11.113],[36.567,11.112],[36.561,11.114],[36.557,11.121],[36.554,11.128],[36.554,11.133],[36.55,11.139],[36.531,11.142],[36.512,11.138],[36.504,11.138],[36.49,11.147],[36.484,11.154],[36.476,11.158],[36.468,11.156],[36.469,11.179],[36.467,11.187],[36.443,11.193],[36.403,11.196],[36.395,11.215],[36.401,11.242],[36.402,11.265],[36.379,11.249],[36.38,11.232],[36.368,11.222],[36.38,11.2],[36.369,11.186],[36.359,11.16],[36.29,11.155]]]}},{"type":"Feature","properties":{"name":"Dibat"},"geometry":{"type":"Polygon","coordinates":[[[36.128,10.821],[36.145,10.798],[36.151,10.764],[36.151,10.738],[36.157,10.709],[36.138,10.705],[36.15,10.679],[36.135,10.654],[36.141,10.627],[36.139,10.601],[36.13,10.582],[36.109,10.551],[36.094,10.519],[36.099,10.496],[36.089,10.448],[36.093,10.401],[36.12,10.39],[36.138,10.357],[36.128,10.331],[36.1,10.313],[36.058,10.279],[36.033,10.275],[36.01,10.256],[35.997,10.238],[35.984,10.2],[35.986,10.156],[35.982,10.134],[36.006,10.111],[36.046,10.129],[36.076,10.117],[36.109,10.118],[36.171,10.099],[36.213,10.103],[36.243,10.123],[36.26,10.149],[36.279,10.191],[36.316,10.203],[36.331,10.217],[36.34,10.247],[36.34,10.27],[36.374,10.314],[36.391,10.341],[36.416,10.354],[36.424,10.375],[36.427,10.405],[36.427,10.434],[36.429,10.456],[36.423,10.457],[36.418,10.455],[36.41,10.456],[36.392,10.469],[36.383,10.491],[36.372,10.506],[36.365,10.507],[36.364,10.519],[36.36,10.531],[36.356,10.528],[36.349,10.525],[36.344,10.522],[36.327,10.524],[36.319,10.529],[36.312,10.543],[36.312,10.549],[36.309,10.553],[36.303,10.555],[36.303,10.572],[36.307,10.579],[36.294,10.598],[36.285,10.6],[36.282,10.605],[36.287,10.616],[36.292,10.621],[36.298,10.621],[36.302,10.624],[36.308,10.625],[36.304,10.639],[36.307,10.645],[36.312,10.65],[36.319,10.653],[36.325,10.663],[36.321,10.668],[36.313,10.675],[36.312,10.68],[36.319,10.68],[36.323,10.686],[36.317,10.698],[36.318,10.705],[36.327,10.715],[36.332,10.727],[36.353,10.741],[36.36,10.743],[36.363,10.749],[36.375,10.759],[36.377,10.766],[36.374,10.774],[36.378,10.787],[36.358,10.791],[36.35,10.791],[36.342,10.79],[36.332,10.771],[36.326,10.77],[36.325,10.764],[36.314,10.754],[36.312,10.748],[36.295,10.744],[36.286,10.745],[36.286,10.752],[36.289,10.773],[36.284,10.797],[36.283,10.805],[36.293,10.807],[36.3,10.811],[36.296,10.816],[36.306,10.821],[36.311,10.828],[36.31,10.837],[36.315,10.852],[36.31,10.855],[36.31,10.863],[36.323,10.88],[36.308,10.891],[36.285,10.891],[36.246,10.879],[36.225,10.879],[36.196,10.913],[36.189,10.867],[36.181,10.839],[36.147,10.833],[36.128,10.821]]]}},{"type":"Feature","properties":{"name":"Bulen"},"geometry":{"type":"Polygon","coordinates":[[[35.906,11.056],[35.928,11.0],[35.916,10.971],[35.899,10.958],[35.903,10.937],[35.871,10.923],[35.863,10.887],[35.86,10.851],[35.86,10.834],[35.836,10.794],[35.838,10.759],[35.844,10.719],[35.835,10.693],[35.829,10.643],[35.832,10.618],[35.83,10.564],[35.854,10.501],[35.857,10.395],[35.844,10.368],[35.823,10.353],[35.796,10.36],[35.771,10.333],[35.743,10.259],[35.753,10.211],[35.769,10.187],[35.763,10.164],[35.779,10.141],[35.796,10.09],[35.785,10.069],[35.768,10.058],[35.78,10.035],[35.803,10.001],[35.834,9.999],[35.882,9.99],[35.895,10.015],[35.897,10.045],[35.918,10.067],[35.937,10.082],[35.956,10.101],[35.973,10.12],[35.982,10.134],[35.986,10.156],[35.984,10.2],[35.997,10.238],[36.01,10.256],[36.033,10.275],[36.058,10.279],[36.1,10.313],[36.128,10.331],[36.138,10.357],[36.12,10.39],[36.093,10.401],[36.089,10.448],[36.099,10.496],[36.094,10.519],[36.109,10.551],[36.13,10.582],[36.139,10.601],[36.141,10.627],[36.135,10.654],[36.15,10.679],[36.138,10.705],[36.157,10.709],[36.151,10.738],[36.151,10.764],[36.145,10.798],[36.128,10.821],[36.104,10.827],[36.089,10.857],[36.052,10.883],[36.036,10.91],[36.029,10.939],[36.034,10.978],[36.033,10.999],[35.992,11.082],[35.958,11.076],[35.906,11.056]]]}},{"type":"Feature","properties":{"name":"Yaso"},"geometry":{"type":"Polygon","coordinates":[[[35.982,10.134],[35.973,10.12],[35.956,10.101],[35.937,10.082],[35.918,10.067],[35.897,10.045],[35.895,10.015],[35.882,9.99],[35.834,9.999],[35.803,10.001],[35.78,10.035],[35.761,10.031],[35.734,10.036],[35.735,9.97],[35.714,9.952],[35.675,9.945],[35.703,9.916],[35.714,9.894],[35.72,9.886],[35.737,9.875],[35.759,9.864],[35.786,9.845],[35.832,9.845],[35.851,9.83],[35.868,9.823],[35.922,9.81],[35.932,9.797],[35.957,9.801],[35.976,9.809],[35.995,9.782],[36.011,9.765],[35.984,9.712],[36.017,9.68],[36.027,9.63],[36.027,9.604],[36.024,9.587],[36.089,9.532],[36.118,9.506],[36.155,9.514],[36.18,9.499],[36.206,9.493],[36.225,9.516],[36.225,9.556],[36.233,9.571],[36.23,9.581],[36.202,9.616],[36.193,9.659],[36.193,9.689],[36.178,9.702],[36.163,9.731],[36.16,9.748],[36.144,9.759],[36.106,9.774],[36.137,9.808],[36.129,9.853],[36.153,9.85],[36.153,9.867],[36.135,9.917],[36.121,9.962],[36.121,9.973],[36.141,10.011],[36.185,10.051],[36.22,10.054],[36.26,10.079],[36.269,10.089],[36.273,10.114],[36.333,10.139],[36.37,10.163],[36.396,10.188],[36.417,10.218],[36.446,10.247],[36.492,10.235],[36.516,10.241],[36.523,10.251],[36.539,10.264],[36.546,10.27],[36.55,10.28],[36.555,10.286],[36.577,10.28],[36.575,10.265],[36.611,10.26],[36.66,10.278],[36.686,10.293],[36.693,10.297],[36.69,10.312],[36.686,10.319],[36.669,10.315],[36.663,10.317],[36.656,10.323],[36.638,10.348],[36.618,10.356],[36.606,10.366],[36.59,10.37],[36.574,10.364],[36.558,10.364],[36.549,10.362],[36.54,10.366],[36.533,10.377],[36.532,10.383],[36.524,10.395],[36.521,10.4],[36.521,10.407],[36.524,10.411],[36.533,10.432],[36.544,10.45],[36.547,10.458],[36.538,10.474],[36.528,10.484],[36.519,10.48],[36.512,10.48],[36.486,10.484],[36.464,10.48],[36.456,10.476],[36.45,10.46],[36.446,10.457],[36.436,10.453],[36.429,10.456],[36.427,10.434],[36.427,10.405],[36.424,10.375],[36.416,10.354],[36.391,10.341],[36.374,10.314],[36.34,10.27],[36.34,10.247],[36.331,10.217],[36.316,10.203],[36.279,10.191],[36.26,10.149],[36.243,10.123],[36.213,10.103],[36.171,10.099],[36.109,10.118],[36.076,10.117],[36.046,10.129],[36.006,10.111],[35.982,10.134]]]}},{"type":"Feature","properties":{"name":"Wenbera"},"geometry":{"type":"Polygon","coordinates":[[[35.216,10.9],[35.208,10.874],[35.212,10.859],[35.197,10.836],[35.184,10.799],[35.19,10.758],[35.189,10.727],[35.17,10.699],[35.157,10.666],[35.177,10.638],[35.171,10.602],[35.152,10.588],[35.155,10.556],[35.18,10.551],[35.207,10.539],[35.232,10.521],[35.242,10.498],[35.269,10.487],[35.302,10.455],[35.306,10.438],[35.319,10.411],[35.33,10.351],[35.334,10.285],[35.317,10.269],[35.331,10.229],[35.328,10.207],[35.334,10.179],[35.355,10.173],[35.38,10.145],[35.424,10.132],[35.482,10.127],[35.497,10.108],[35.498,10.081],[35.525,10.08],[35.54,10.072],[35.571,10.063],[35.596,10.042],[35.602,10.024],[35.614,10.005],[35.627,9.988],[35.627,9.973],[35.631,9.961],[35.675,9.945],[35.714,9.952],[35.735,9.97],[35.734,10.036],[35.761,10.031],[35.78,10.035],[35.768,10.058],[35.785,10.069],[35.796,10.09],[35.779,10.141],[35.763,10.164],[35.769,10.187],[35.753,10.211],[35.743,10.259],[35.771,10.333],[35.796,10.36],[35.823,10.353],[35.844,10.368],[35.857,10.395],[35.854,10.501],[35.83,10.564],[35.832,10.618],[35.829,10.643],[35.835,10.693],[35.844,10.719],[35.838,10.759],[35.836,10.794],[35.86,10.834],[35.86,10.851],[35.863,10.887],[35.871,10.923],[35.903,10.937],[35.899,10.958],[35.916,10.971],[35.928,11.0],[35.906,11.056],[35.846,11.056],[35.834,11.084],[35.823,11.12],[35.79,11.131],[35.782,11.108],[35.723,11.039],[35.693,11.022],[35.649,10.991],[35.612,11.0],[35.575,11.026],[35.573,11.079],[35.578,11.11],[35.542,11.115],[35.497,11.113],[35.457,11.105],[35.427,11.087],[35.39,11.075],[35.354,11.045],[35.347,11.02],[35.347,10.984],[35.334,10.959],[35.301,10.957],[35.263,10.937],[35.248,10.927],[35.216,10.9]]]}},{"type":"Feature","properties":{"name":"Bio Jiganifado"},"geometry":{"type":"Polygon","coordinates":[[[36.024,9.587],[36.018,9.57],[35.994,9.52],[35.994,9.497],[35.965,9.482],[35.958,9.459],[35.96,9.434],[35.977,9.413],[35.978,9.392],[35.999,9.366],[36.026,9.342],[36.053,9.346],[36.06,9.325],[36.08,9.315],[36.095,9.304],[36.095,9.253],[36.111,9.232],[36.111,9.219],[36.09,9.182],[36.104,9.167],[36.133,9.156],[36.125,9.126],[36.077,9.129],[36.054,9.12],[36.035,9.108],[36.029,9.057],[36.043,9.033],[36.043,9.016],[36.065,9.021],[36.087,9.014],[36.098,9.033],[36.076,9.064],[36.085,9.059],[36.095,9.066],[36.109,9.081],[36.129,9.052],[36.132,9.022],[36.16,9.022],[36.168,9.029],[36.178,9.046],[36.227,9.032],[36.247,9.042],[36.237,9.052],[36.208,9.068],[36.185,9.073],[36.162,9.106],[36.173,9.109],[36.205,9.158],[36.23,9.23],[36.227,9.273],[36.196,9.29],[36.195,9.327],[36.207,9.356],[36.235,9.348],[36.215,9.333],[36.216,9.316],[36.219,9.298],[36.254,9.303],[36.271,9.329],[36.276,9.345],[36.29,9.323],[36.296,9.303],[36.32,9.307],[36.327,9.332],[36.335,9.341],[36.35,9.346],[36.376,9.359],[36.462,9.358],[36.485,9.369],[36.476,9.396],[36.484,9.406],[36.508,9.42],[36.516,9.445],[36.499,9.474],[36.495,9.51],[36.462,9.529],[36.401,9.512],[36.381,9.481],[36.356,9.496],[36.337,9.513],[36.315,9.542],[36.302,9.557],[36.267,9.57],[36.233,9.571],[36.225,9.556],[36.225,9.516],[36.206,9.493],[36.18,9.499],[36.155,9.514],[36.118,9.506],[36.089,9.532],[36.024,9.587]]]}},{"type":"Feature","properties":{"name":"Kamashi"},"geometry":{"type":"Polygon","coordinates":[[[35.932,9.797],[35.951,9.774],[35.94,9.742],[35.931,9.702],[35.9,9.671],[35.862,9.669],[35.845,9.642],[35.824,9.632],[35.803,9.632],[35.782,9.624],[35.761,9.624],[35.729,9.614],[35.727,9.601],[35.708,9.572],[35.683,9.561],[35.668,9.544],[35.672,9.518],[35.687,9.511],[35.712,9.488],[35.733,9.483],[35.754,9.483],[35.766,9.474],[35.778,9.441],[35.779,9.432],[35.767,9.429],[35.755,9.418],[35.751,9.404],[35.756,9.366],[35.75,9.35],[35.751,9.332],[35.758,9.325],[35.775,9.325],[35.798,9.31],[35.809,9.31],[35.861,9.326],[35.912,9.317],[35.919,9.287],[35.932,9.268],[35.95,9.25],[35.976,9.244],[36.032,9.234],[36.045,9.196],[36.054,9.12],[36.077,9.129],[36.125,9.126],[36.133,9.156],[36.104,9.167],[36.09,9.182],[36.111,9.219],[36.111,9.232],[36.095,9.253],[36.095,9.304],[36.08,9.315],[36.06,9.325],[36.053,9.346],[36.026,9.342],[35.999,9.366],[35.978,9.392],[35.977,9.413],[35.96,9.434],[35.958,9.459],[35.965,9.482],[35.994,9.497],[35.994,9.52],[36.018,9.57],[36.024,9.587],[36.027,9.604],[36.027,9.63],[36.017,9.68],[35.984,9.712],[36.011,9.765],[35.995,9.782],[35.976,9.809],[35.957,9.801],[35.932,9.797]]]}},{"type":"Feature","properties":{"name":"Agalometi"},"geometry":{"type":"Polygon","coordinates":[[[35.675,9.945],[35.631,9.961],[35.627,9.973],[35.627,9.988],[35.614,10.005],[35.602,10.024],[35.596,10.042],[35.571,10.063],[35.54,10.072],[35.525,10.08],[35.498,10.081],[35.484,10.066],[35.49,10.043],[35.483,10.015],[35.468,9.996],[35.459,9.965],[35.46,9.845],[35.454,9.826],[35.464,9.804],[35.42,9.786],[35.38,9.766],[35.384,9.76],[35.376,9.751],[35.366,9.728],[35.369,9.72],[35.39,9.721],[35.412,9.715],[35.456,9.673],[35.469,9.671],[35.506,9.69],[35.534,9.691],[35.535,9.697],[35.54,9.699],[35.554,9.697],[35.562,9.693],[35.579,9.667],[35.595,9.657],[35.626,9.652],[35.635,9.652],[35.654,9.636],[35.651,9.614],[35.644,9.596],[35.648,9.554],[35.672,9.518],[35.668,9.544],[35.683,9.561],[35.708,9.572],[35.727,9.601],[35.729,9.614],[35.761,9.624],[35.782,9.624],[35.803,9.632],[35.824,9.632],[35.845,9.642],[35.862,9.669],[35.9,9.671],[35.931,9.702],[35.94,9.742],[35.951,9.774],[35.932,9.797],[35.922,9.81],[35.868,9.823],[35.851,9.83],[35.832,9.845],[35.786,9.845],[35.759,9.864],[35.737,9.875],[35.72,9.886],[35.714,9.894],[35.703,9.916],[35.675,9.945]]]}},{"type":"Feature","properties":{"name":"Bio Jiganifado"},"geometry":{"type":"Polygon","coordinates":[[[36.223,8.951],[36.249,8.975],[36.222,8.99],[36.18,8.987],[36.175,8.98],[36.223,8.951]]]}},{"type":"Feature","properties":{"name":"Sirba Abay"},"geometry":{"type":"Polygon","coordinates":[[[34.985,11.214],[34.997,11.199],[35.001,11.181],[34.985,11.099],[34.971,11.049],[34.961,10.992],[34.957,10.958],[34.983,10.899],[35.024,10.883],[35.082,10.848],[35.082,10.794],[35.078,10.732],[35.069,10.663],[35.052,10.61],[35.031,10.581],[35.016,10.552],[35.011,10.53],[35.038,10.532],[35.051,10.526],[35.04,10.507],[35.035,10.484],[35.063,10.481],[35.091,10.453],[35.106,10.423],[35.118,10.406],[35.145,10.396],[35.181,10.403],[35.196,10.317],[35.215,10.285],[35.193,10.264],[35.189,10.239],[35.201,10.211],[35.211,10.173],[35.221,10.147],[35.237,10.118],[35.243,10.077],[35.249,10.06],[35.276,10.043],[35.301,10.024],[35.332,10.023],[35.349,9.964],[35.35,9.92],[35.341,9.905],[35.325,9.886],[35.351,9.867],[35.365,9.814],[35.388,9.803],[35.409,9.796],[35.42,9.786],[35.464,9.804],[35.454,9.826],[35.46,9.845],[35.459,9.965],[35.468,9.996],[35.483,10.015],[35.49,10.043],[35.484,10.066],[35.498,10.081],[35.497,10.108],[35.482,10.127],[35.424,10.132],[35.38,10.145],[35.355,10.173],[35.334,10.179],[35.328,10.207],[35.331,10.229],[35.317,10.269],[35.334,10.285],[35.33,10.351],[35.319,10.411],[35.306,10.438],[35.302,10.455],[35.269,10.487],[35.242,10.498],[35.232,10.521],[35.207,10.539],[35.18,10.551],[35.155,10.556],[35.152,10.588],[35.171,10.602],[35.177,10.638],[35.157,10.666],[35.17,10.699],[35.189,10.727],[35.19,10.758],[35.184,10.799],[35.197,10.836],[35.212,10.859],[35.208,10.874],[35.216,10.9],[35.187,10.917],[35.179,10.942],[35.17,10.978],[35.179,11.023],[35.179,11.063],[35.19,11.107],[35.174,11.128],[35.132,11.139],[35.092,11.203],[35.065,11.208],[35.034,11.223],[35.015,11.23],[34.985,11.214]]]}},{"type":"Feature","properties":{"name":"Bilidigilu"},"geometry":{"type":"Polygon","coordinates":[[[35.035,10.484],[35.035,10.452],[35.041,10.408],[35.046,10.348],[35.037,10.287],[35.041,10.262],[35.036,10.226],[35.036,10.194],[35.014,10.18],[34.989,10.155],[34.985,10.131],[34.959,10.123],[34.93,10.105],[34.892,10.093],[34.865,10.085],[34.825,10.081],[34.821,10.064],[34.831,10.039],[34.849,10.013],[34.868,9.998],[34.905,9.957],[34.928,9.936],[34.944,9.935],[34.989,9.998],[35.016,9.996],[35.02,9.93],[35.049,9.919],[35.082,9.923],[35.082,9.94],[35.089,9.951],[35.16,9.949],[35.222,9.926],[35.224,9.911],[35.232,9.894],[35.279,9.908],[35.298,9.923],[35.312,9.912],[35.325,9.886],[35.341,9.905],[35.35,9.92],[35.349,9.964],[35.332,10.023],[35.301,10.024],[35.276,10.043],[35.249,10.06],[35.243,10.077],[35.237,10.118],[35.221,10.147],[35.211,10.173],[35.201,10.211],[35.189,10.239],[35.193,10.264],[35.215,10.285],[35.196,10.317],[35.181,10.403],[35.145,10.396],[35.118,10.406],[35.106,10.423],[35.091,10.453],[35.063,10.481],[35.035,10.484]]]}},{"type":"Feature","properties":{"name":"Sherkole"},"geometry":{"type":"Polygon","coordinates":[[[34.983,10.899],[34.958,10.878],[34.928,10.857],[34.89,10.823],[34.868,10.809],[34.868,10.776],[34.858,10.757],[34.801,10.722],[34.786,10.711],[34.778,10.711],[34.791,10.741],[34.791,10.756],[34.766,10.756],[34.751,10.771],[34.729,10.795],[34.688,10.825],[34.611,10.898],[34.599,10.902],[34.584,10.888],[34.555,10.884],[34.546,10.869],[34.532,10.853],[34.506,10.845],[34.502,10.821],[34.512,10.802],[34.554,10.793],[34.557,10.772],[34.544,10.749],[34.538,10.713],[34.55,10.677],[34.566,10.653],[34.58,10.645],[34.618,10.631],[34.657,10.631],[34.642,10.603],[34.652,10.582],[34.64,10.557],[34.601,10.522],[34.576,10.497],[34.578,10.484],[34.569,10.465],[34.596,10.461],[34.646,10.462],[34.669,10.449],[34.717,10.454],[34.749,10.46],[34.78,10.477],[34.814,10.487],[34.841,10.472],[34.883,10.473],[34.918,10.479],[34.96,10.5],[34.988,10.52],[35.011,10.53],[35.016,10.552],[35.031,10.581],[35.052,10.61],[35.069,10.663],[35.078,10.732],[35.082,10.794],[35.082,10.848],[35.024,10.883],[34.983,10.899]]]}},{"type":"Feature","properties":{"name":"Menge"},"geometry":{"type":"Polygon","coordinates":[[[35.011,10.53],[34.988,10.52],[34.96,10.5],[34.918,10.479],[34.883,10.473],[34.841,10.472],[34.814,10.487],[34.78,10.477],[34.749,10.46],[34.717,10.454],[34.669,10.449],[34.646,10.462],[34.596,10.461],[34.569,10.465],[34.571,10.435],[34.596,10.412],[34.63,10.375],[34.657,10.356],[34.667,10.313],[34.692,10.294],[34.706,10.275],[34.706,10.228],[34.726,10.198],[34.741,10.203],[34.758,10.215],[34.772,10.181],[34.772,10.147],[34.792,10.136],[34.834,10.14],[34.867,10.127],[34.892,10.093],[34.93,10.105],[34.959,10.123],[34.985,10.131],[34.989,10.155],[35.014,10.18],[35.036,10.194],[35.036,10.226],[35.041,10.262],[35.037,10.287],[35.046,10.348],[35.041,10.408],[35.035,10.452],[35.035,10.484],[35.04,10.507],[35.051,10.526],[35.038,10.532],[35.011,10.53]]]}},{"type":"Feature","properties":{"name":"Homosha"},"geometry":{"type":"Polygon","coordinates":[[[34.569,10.465],[34.542,10.459],[34.507,10.466],[34.477,10.448],[34.468,10.41],[34.468,10.376],[34.456,10.34],[34.435,10.321],[34.435,10.273],[34.466,10.262],[34.5,10.295],[34.516,10.271],[34.516,10.25],[34.496,10.227],[34.486,10.209],[34.498,10.175],[34.531,10.172],[34.565,10.184],[34.59,10.212],[34.605,10.198],[34.628,10.194],[34.651,10.179],[34.678,10.168],[34.726,10.198],[34.706,10.228],[34.706,10.275],[34.692,10.294],[34.667,10.313],[34.657,10.356],[34.63,10.375],[34.596,10.412],[34.571,10.435],[34.569,10.465]]]}},{"type":"Feature","properties":{"name":"Kurmuk"},"geometry":{"type":"Polygon","coordinates":[[[34.506,10.845],[34.466,10.822],[34.452,10.793],[34.431,10.763],[34.407,10.714],[34.384,10.678],[34.346,10.631],[34.298,10.587],[34.294,10.561],[34.28,10.533],[34.281,10.516],[34.307,10.509],[34.327,10.477],[34.312,10.448],[34.294,10.407],[34.306,10.374],[34.324,10.294],[34.364,10.297],[34.382,10.301],[34.435,10.321],[34.456,10.34],[34.468,10.376],[34.468,10.41],[34.477,10.448],[34.507,10.466],[34.542,10.459],[34.569,10.465],[34.578,10.484],[34.576,10.497],[34.601,10.522],[34.64,10.557],[34.652,10.582],[34.642,10.603],[34.657,10.631],[34.618,10.631],[34.58,10.645],[34.566,10.653],[34.55,10.677],[34.538,10.713],[34.544,10.749],[34.557,10.772],[34.554,10.793],[34.512,10.802],[34.502,10.821],[34.506,10.845]]]}},{"type":"Feature","properties":{"name":"Assosa"},"geometry":{"type":"Polygon","coordinates":[[[34.892,10.093],[34.867,10.127],[34.834,10.14],[34.792,10.136],[34.772,10.147],[34.772,10.181],[34.758,10.215],[34.741,10.203],[34.726,10.198],[34.678,10.168],[34.651,10.179],[34.628,10.194],[34.605,10.198],[34.59,10.212],[34.565,10.184],[34.531,10.172],[34.498,10.175],[34.486,10.209],[34.496,10.227],[34.516,10.25],[34.516,10.271],[34.5,10.295],[34.466,10.262],[34.435,10.273],[34.435,10.321],[34.382,10.301],[34.364,10.297],[34.324,10.294],[34.352,10.222],[34.343,10.202],[34.347,10.17],[34.334,10.143],[34.334,10.114],[34.298,10.087],[34.26,10.072],[34.234,10.048],[34.227,10.014],[34.219,9.962],[34.218,9.903],[34.204,9.865],[34.17,9.782],[34.147,9.719],[34.145,9.702],[34.172,9.708],[34.197,9.716],[34.231,9.735],[34.284,9.74],[34.298,9.725],[34.321,9.686],[34.345,9.665],[34.364,9.661],[34.381,9.648],[34.402,9.652],[34.423,9.658],[34.47,9.684],[34.507,9.688],[34.525,9.698],[34.539,9.743],[34.525,9.76],[34.544,9.789],[34.578,9.812],[34.608,9.818],[34.64,9.849],[34.647,9.91],[34.623,9.942],[34.618,9.961],[34.633,9.946],[34.649,9.94],[34.664,9.948],[34.685,9.946],[34.744,9.964],[34.753,9.993],[34.784,9.999],[34.799,10.024],[34.806,10.056],[34.821,10.064],[34.825,10.081],[34.865,10.085],[34.892,10.093]]]}},{"type":"Feature","properties":{"name":"Maokomo Special"},"geometry":{"type":"Polygon","coordinates":[[[34.145,9.702],[34.133,9.641],[34.118,9.607],[34.101,9.552],[34.109,9.409],[34.118,9.345],[34.123,9.258],[34.135,9.173],[34.145,8.963],[34.431,8.968],[34.504,9.005],[34.484,9.048],[34.459,9.074],[34.428,9.073],[34.394,9.117],[34.342,9.17],[34.402,9.188],[34.44,9.217],[34.453,9.259],[34.452,9.31],[34.467,9.367],[34.453,9.45],[34.514,9.449],[34.499,9.515],[34.524,9.542],[34.533,9.592],[34.549,9.631],[34.501,9.663],[34.465,9.632],[34.423,9.658],[34.402,9.652],[34.381,9.648],[34.364,9.661],[34.345,9.665],[34.321,9.686],[34.298,9.725],[34.284,9.74],[34.231,9.735],[34.197,9.716],[34.172,9.708],[34.145,9.702]]]}},{"type":"Feature","properties":{"name":"Bambasi"},"geometry":{"type":"Polygon","coordinates":[[[34.821,10.064],[34.806,10.056],[34.799,10.024],[34.784,9.999],[34.753,9.993],[34.744,9.964],[34.685,9.946],[34.664,9.948],[34.649,9.94],[34.633,9.946],[34.618,9.961],[34.623,9.942],[34.647,9.91],[34.64,9.849],[34.608,9.818],[34.578,9.812],[34.544,9.789],[34.525,9.76],[34.539,9.743],[34.525,9.698],[34.507,9.688],[34.47,9.684],[34.423,9.658],[34.465,9.632],[34.501,9.663],[34.549,9.631],[34.586,9.631],[34.633,9.589],[34.687,9.565],[34.736,9.546],[34.784,9.554],[34.793,9.604],[34.812,9.631],[34.811,9.703],[34.797,9.737],[34.808,9.762],[34.832,9.804],[34.855,9.818],[34.87,9.822],[34.878,9.846],[34.893,9.866],[34.898,9.883],[34.868,9.903],[34.889,9.909],[34.905,9.957],[34.868,9.998],[34.849,10.013],[34.831,10.039],[34.821,10.064]]]}},{"type":"Feature","properties":{"name":"Debub Achefer"},"geometry":{"type":"Polygon","coordinates":[[[36.856,11.52],[36.853,11.528],[36.84,11.534],[36.822,11.54],[36.81,11.546],[36.798,11.545],[36.799,11.555],[36.801,11.563],[36.794,11.575],[36.774,11.597],[36.766,11.603],[36.76,11.606],[36.752,11.607],[36.744,11.604],[36.736,11.604],[36.728,11.606],[36.681,11.625],[36.668,11.628],[36.661,11.632],[36.655,11.643],[36.638,11.628],[36.606,11.595],[36.588,11.581],[36.582,11.573],[36.564,11.544],[36.547,11.537],[36.544,11.526],[36.545,11.519],[36.538,11.509],[36.539,11.503],[36.536,11.496],[36.532,11.492],[36.527,11.489],[36.525,11.484],[36.512,11.475],[36.517,11.472],[36.543,11.464],[36.561,11.463],[36.576,11.463],[36.603,11.46],[36.624,11.453],[36.636,11.447],[36.655,11.443],[36.659,11.441],[36.657,11.425],[36.653,11.421],[36.648,11.418],[36.64,11.407],[36.644,11.403],[36.655,11.406],[36.67,11.405],[36.679,11.408],[36.687,11.413],[36.693,11.412],[36.705,11.415],[36.714,11.419],[36.719,11.425],[36.731,11.431],[36.736,11.432],[36.741,11.427],[36.751,11.424],[36.762,11.415],[36.769,11.411],[36.789,11.4],[36.796,11.401],[36.802,11.4],[36.805,11.396],[36.806,11.39],[36.809,11.383],[36.821,11.368],[36.836,11.359],[36.85,11.35],[36.854,11.346],[36.864,11.339],[36.866,11.326],[36.879,11.316],[36.889,11.31],[36.897,11.31],[36.91,11.315],[36.92,11.298],[36.928,11.298],[36.934,11.3],[36.942,11.299],[36.948,11.294],[36.943,11.284],[36.939,11.28],[36.938,11.275],[36.93,11.269],[36.93,11.263],[36.927,11.258],[36.932,11.252],[36.948,11.25],[36.955,11.25],[36.961,11.253],[36.974,11.253],[36.975,11.261],[36.979,11.268],[36.979,11.273],[36.983,11.28],[36.983,11.287],[36.985,11.292],[36.979,11.306],[36.985,11.311],[36.99,11.318],[36.989,11.324],[36.992,11.33],[37.006,11.347],[37.019,11.347],[37.029,11.356],[37.033,11.36],[37.033,11.368],[37.03,11.372],[37.025,11.373],[37.02,11.376],[37.02,11.383],[37.027,11.405],[37.026,11.41],[37.022,11.422],[37.017,11.428],[37.013,11.441],[37.009,11.446],[37.007,11.462],[37.008,11.469],[37.001,11.473],[37.004,11.485],[37.009,11.489],[37.023,11.497],[37.036,11.502],[37.034,11.525],[37.04,11.535],[37.048,11.538],[37.056,11.543],[37.059,11.549],[37.059,11.556],[37.061,11.569],[37.052,11.58],[37.049,11.587],[37.042,11.587],[37.037,11.581],[37.03,11.581],[37.024,11.579],[37.016,11.579],[37.011,11.582],[37.008,11.589],[36.993,11.595],[36.985,11.597],[36.979,11.595],[36.977,11.587],[36.972,11.581],[36.966,11.577],[36.959,11.577],[36.955,11.584],[36.95,11.587],[36.946,11.583],[36.943,11.576],[36.929,11.568],[36.904,11.565],[36.887,11.573],[36.873,11.555],[36.87,11.541],[36.865,11.536],[36.865,11.528],[36.861,11.523],[36.856,11.52]],[[36.856,11.52],[36.858,11.512],[36.855,11.507],[36.853,11.514],[36.856,11.52]]]}},{"type":"Feature","properties":{"name":"Albuko"},"geometry":{"type":"Polygon","coordinates":[[[39.681,10.997],[39.671,11.007],[39.653,10.994],[39.638,10.995],[39.632,10.996],[39.629,11.005],[39.622,11.009],[39.615,11.011],[39.609,11.008],[39.602,10.992],[39.602,10.975],[39.591,10.957],[39.588,10.951],[39.586,10.943],[39.599,10.933],[39.605,10.926],[39.598,10.924],[39.6,10.919],[39.597,10.914],[39.585,10.909],[39.582,10.903],[39.584,10.871],[39.593,10.851],[39.591,10.842],[39.593,10.835],[39.59,10.83],[39.576,10.815],[39.573,10.809],[39.56,10.802],[39.55,10.789],[39.533,10.776],[39.517,10.758],[39.509,10.743],[39.508,10.738],[39.506,10.724],[39.497,10.704],[39.496,10.683],[39.498,10.677],[39.508,10.67],[39.516,10.666],[39.52,10.657],[39.521,10.649],[39.524,10.644],[39.531,10.64],[39.551,10.656],[39.555,10.661],[39.57,10.667],[39.575,10.67],[39.581,10.67],[39.588,10.681],[39.593,10.698],[39.604,10.704],[39.623,10.712],[39.632,10.721],[39.645,10.73],[39.65,10.735],[39.656,10.739],[39.662,10.738],[39.677,10.744],[39.694,10.745],[39.704,10.747],[39.708,10.751],[39.714,10.763],[39.708,10.771],[39.708,10.781],[39.703,10.787],[39.697,10.79],[39.691,10.798],[39.695,10.805],[39.702,10.808],[39.709,10.81],[39.722,10.797],[39.728,10.793],[39.732,10.798],[39.733,10.806],[39.73,10.813],[39.715,10.824],[39.713,10.83],[39.701,10.833],[39.681,10.844],[39.679,10.858],[39.682,10.863],[39.68,10.871],[39.667,10.885],[39.667,10.891],[39.673,10.895],[39.67,10.909],[39.671,10.923],[39.678,10.937],[39.679,10.945],[39.686,10.948],[39.692,10.966],[39.692,10.972],[39.679,10.985],[39.679,10.991],[39.681,10.997]]]}},{"type":"Feature","properties":{"name":"Alfa"},"geometry":{"type":"Polygon","coordinates":[[[37.013,12.016],[36.998,12.015],[36.99,12.016],[36.978,12.013],[36.96,12.018],[36.94,12.033],[36.926,12.038],[36.928,12.046],[36.924,12.051],[36.906,12.064],[36.889,12.08],[36.873,12.091],[36.866,12.093],[36.854,12.091],[36.837,12.093],[36.833,12.098],[36.825,12.099],[36.82,12.098],[36.815,12.094],[36.809,12.092],[36.801,12.093],[36.791,12.096],[36.786,12.099],[36.78,12.099],[36.77,12.106],[36.768,12.114],[36.769,12.122],[36.762,12.14],[36.754,12.145],[36.74,12.144],[36.736,12.151],[36.722,12.148],[36.717,12.146],[36.714,12.141],[36.71,12.138],[36.701,12.135],[36.692,12.133],[36.683,12.135],[36.678,12.139],[36.656,12.126],[36.649,12.126],[36.643,12.128],[36.637,12.127],[36.626,12.129],[36.62,12.124],[36.612,12.122],[36.611,12.116],[36.606,12.11],[36.595,12.106],[36.587,12.099],[36.577,12.099],[36.563,12.09],[36.546,12.092],[36.531,12.097],[36.527,12.094],[36.514,12.101],[36.507,12.102],[36.501,12.101],[36.485,12.106],[36.476,12.115],[36.469,12.118],[36.459,12.091],[36.452,12.079],[36.45,12.072],[36.44,12.062],[36.433,12.058],[36.427,12.057],[36.416,12.052],[36.4,12.042],[36.392,12.042],[36.387,12.038],[36.381,12.037],[36.384,12.029],[36.41,12.016],[36.433,12.01],[36.439,12.006],[36.446,12.005],[36.453,12.002],[36.475,11.997],[36.484,11.99],[36.509,11.988],[36.515,11.988],[36.526,11.981],[36.538,11.977],[36.545,11.966],[36.549,11.971],[36.588,11.958],[36.623,11.93],[36.623,11.923],[36.628,11.917],[36.628,11.91],[36.616,11.909],[36.61,11.912],[36.606,11.907],[36.61,11.882],[36.601,11.882],[36.586,11.879],[36.599,11.823],[36.599,11.81],[36.595,11.795],[36.592,11.789],[36.581,11.785],[36.584,11.778],[36.598,11.753],[36.612,11.742],[36.633,11.717],[36.64,11.716],[36.646,11.718],[36.662,11.727],[36.663,11.718],[36.663,11.696],[36.663,11.688],[36.659,11.681],[36.662,11.672],[36.662,11.665],[36.654,11.651],[36.655,11.643],[36.663,11.643],[36.685,11.658],[36.697,11.677],[36.708,11.685],[36.713,11.687],[36.727,11.686],[36.741,11.684],[36.748,11.682],[36.753,11.678],[36.761,11.679],[36.766,11.676],[36.78,11.675],[36.786,11.678],[36.809,11.697],[36.811,11.705],[36.817,11.715],[36.835,11.724],[36.839,11.735],[36.843,11.74],[36.857,11.743],[36.87,11.742],[36.875,11.749],[36.877,11.755],[36.877,11.763],[36.872,11.766],[36.867,11.766],[36.861,11.771],[36.853,11.784],[36.853,11.789],[36.855,11.795],[36.863,11.808],[36.863,11.817],[36.867,11.823],[36.868,11.83],[36.867,11.839],[36.878,11.845],[36.889,11.854],[36.915,11.857],[36.926,11.864],[36.934,11.867],[36.945,11.875],[36.965,11.903],[36.971,11.905],[36.993,11.898],[36.998,11.908],[37.0,11.902],[37.021,11.93],[37.021,11.938],[37.016,11.957],[37.021,11.97],[37.019,11.98],[37.016,11.988],[37.017,11.993],[37.02,11.998],[37.021,12.005],[37.019,12.011],[37.013,12.016]]]}},{"type":"Feature","properties":{"name":"Ambasel"},"geometry":{"type":"Polygon","coordinates":[[[39.558,11.708],[39.544,11.709],[39.545,11.691],[39.542,11.676],[39.537,11.67],[39.522,11.665],[39.509,11.662],[39.504,11.658],[39.497,11.647],[39.49,11.641],[39.488,11.63],[39.481,11.615],[39.483,11.608],[39.478,11.603],[39.47,11.598],[39.465,11.594],[39.435,11.586],[39.414,11.588],[39.393,11.586],[39.376,11.589],[39.361,11.59],[39.354,11.591],[39.345,11.595],[39.336,11.595],[39.327,11.593],[39.311,11.591],[39.303,11.581],[39.283,11.548],[39.282,11.536],[39.277,11.518],[39.257,11.497],[39.255,11.492],[39.261,11.487],[39.268,11.489],[39.274,11.485],[39.289,11.481],[39.295,11.477],[39.316,11.47],[39.343,11.455],[39.348,11.449],[39.347,11.44],[39.352,11.435],[39.377,11.434],[39.388,11.431],[39.411,11.432],[39.429,11.429],[39.456,11.43],[39.485,11.427],[39.491,11.424],[39.495,11.415],[39.496,11.408],[39.506,11.376],[39.529,11.361],[39.545,11.353],[39.557,11.341],[39.561,11.337],[39.574,11.308],[39.583,11.3],[39.594,11.287],[39.598,11.285],[39.603,11.291],[39.621,11.299],[39.62,11.309],[39.617,11.318],[39.619,11.328],[39.637,11.347],[39.639,11.352],[39.639,11.36],[39.641,11.372],[39.635,11.388],[39.635,11.395],[39.632,11.401],[39.623,11.41],[39.616,11.428],[39.618,11.434],[39.623,11.439],[39.648,11.459],[39.654,11.461],[39.669,11.462],[39.67,11.469],[39.669,11.478],[39.67,11.485],[39.667,11.495],[39.668,11.502],[39.663,11.505],[39.652,11.504],[39.649,11.509],[39.641,11.513],[39.636,11.511],[39.629,11.518],[39.62,11.524],[39.612,11.524],[39.601,11.522],[39.594,11.522],[39.593,11.531],[39.6,11.545],[39.601,11.551],[39.6,11.562],[39.594,11.574],[39.587,11.607],[39.583,11.618],[39.586,11.658],[39.583,11.696],[39.577,11.704],[39.558,11.708]]]}},{"type":"Feature","properties":{"name":"Aneded"},"geometry":{"type":"Polygon","coordinates":[[[37.965,9.944],[37.964,9.96],[37.967,9.979],[37.966,9.986],[37.964,9.992],[37.953,10.008],[37.952,10.014],[37.957,10.033],[37.947,10.048],[37.948,10.065],[37.943,10.09],[37.924,10.121],[37.923,10.128],[37.926,10.133],[37.932,10.137],[37.928,10.143],[37.931,10.15],[37.94,10.149],[37.947,10.145],[37.951,10.141],[37.959,10.144],[37.964,10.151],[37.958,10.173],[37.957,10.179],[37.949,10.183],[37.943,10.187],[37.945,10.196],[37.941,10.201],[37.934,10.201],[37.93,10.205],[37.927,10.212],[37.917,10.218],[37.911,10.218],[37.907,10.221],[37.905,10.261],[37.913,10.283],[37.92,10.294],[37.922,10.306],[37.927,10.309],[37.94,10.305],[37.944,10.31],[37.941,10.316],[37.941,10.323],[37.944,10.33],[37.946,10.337],[37.948,10.374],[37.947,10.38],[37.943,10.386],[37.94,10.401],[37.934,10.406],[37.925,10.409],[37.92,10.416],[37.914,10.421],[37.893,10.414],[37.896,10.405],[37.9,10.398],[37.9,10.392],[37.9,10.385],[37.894,10.369],[37.886,10.37],[37.878,10.373],[37.85,10.375],[37.844,10.371],[37.834,10.34],[37.834,10.329],[37.831,10.32],[37.829,10.312],[37.833,10.301],[37.824,10.3],[37.812,10.302],[37.783,10.3],[37.772,10.303],[37.765,10.299],[37.76,10.295],[37.753,10.285],[37.755,10.273],[37.753,10.267],[37.733,10.247],[37.733,10.241],[37.744,10.241],[37.759,10.234],[37.763,10.226],[37.776,10.214],[37.771,10.209],[37.76,10.205],[37.755,10.199],[37.752,10.192],[37.751,10.178],[37.755,10.173],[37.77,10.167],[37.774,10.162],[37.781,10.159],[37.795,10.159],[37.809,10.154],[37.816,10.148],[37.82,10.133],[37.828,10.132],[37.835,10.132],[37.841,10.13],[37.851,10.106],[37.858,10.096],[37.869,10.087],[37.875,10.084],[37.88,10.079],[37.893,10.054],[37.887,10.042],[37.885,10.033],[37.878,10.025],[37.876,10.018],[37.87,10.012],[37.873,10.003],[37.874,9.979],[37.867,9.967],[37.865,9.953],[37.86,9.934],[37.862,9.927],[37.866,9.922],[37.865,9.914],[37.871,9.909],[37.875,9.912],[37.877,9.917],[37.881,9.922],[37.902,9.931],[37.91,9.931],[37.924,9.916],[37.931,9.916],[37.936,9.92],[37.936,9.927],[37.932,9.931],[37.933,9.937],[37.934,9.942],[37.94,9.945],[37.953,9.939],[37.958,9.94],[37.965,9.944]]]}},{"type":"Feature","properties":{"name":"Angolelana Tera"},"geometry":{"type":"Polygon","coordinates":[[[39.636,9.466],[39.632,9.473],[39.631,9.484],[39.633,9.492],[39.633,9.5],[39.629,9.52],[39.632,9.537],[39.638,9.576],[39.645,9.597],[39.64,9.601],[39.632,9.6],[39.62,9.59],[39.608,9.59],[39.602,9.591],[39.589,9.598],[39.583,9.599],[39.578,9.597],[39.572,9.6],[39.569,9.605],[39.564,9.607],[39.554,9.598],[39.553,9.59],[39.547,9.583],[39.54,9.581],[39.524,9.575],[39.518,9.57],[39.513,9.574],[39.502,9.57],[39.495,9.57],[39.489,9.571],[39.484,9.578],[39.482,9.587],[39.472,9.589],[39.466,9.586],[39.466,9.593],[39.459,9.604],[39.446,9.604],[39.442,9.609],[39.436,9.611],[39.429,9.61],[39.411,9.597],[39.402,9.587],[39.39,9.577],[39.384,9.581],[39.379,9.581],[39.379,9.574],[39.377,9.568],[39.373,9.565],[39.361,9.547],[39.354,9.55],[39.342,9.546],[39.331,9.528],[39.324,9.527],[39.314,9.537],[39.303,9.524],[39.303,9.513],[39.306,9.506],[39.294,9.502],[39.295,9.493],[39.302,9.489],[39.306,9.475],[39.311,9.469],[39.316,9.468],[39.339,9.476],[39.345,9.473],[39.351,9.473],[39.356,9.475],[39.364,9.475],[39.376,9.468],[39.378,9.464],[39.374,9.459],[39.374,9.448],[39.379,9.447],[39.389,9.451],[39.395,9.456],[39.412,9.448],[39.431,9.435],[39.449,9.433],[39.45,9.426],[39.448,9.42],[39.444,9.415],[39.45,9.406],[39.455,9.402],[39.453,9.395],[39.446,9.385],[39.441,9.382],[39.427,9.38],[39.421,9.372],[39.413,9.375],[39.405,9.381],[39.396,9.393],[39.377,9.385],[39.374,9.377],[39.358,9.37],[39.348,9.38],[39.338,9.382],[39.326,9.382],[39.321,9.375],[39.32,9.367],[39.307,9.367],[39.304,9.358],[39.294,9.35],[39.292,9.333],[39.286,9.317],[39.279,9.313],[39.265,9.325],[39.267,9.289],[39.286,9.279],[39.292,9.277],[39.308,9.25],[39.315,9.245],[39.329,9.242],[39.346,9.251],[39.357,9.26],[39.365,9.275],[39.372,9.286],[39.379,9.295],[39.392,9.304],[39.396,9.31],[39.408,9.317],[39.442,9.316],[39.452,9.319],[39.459,9.317],[39.469,9.318],[39.471,9.331],[39.468,9.337],[39.459,9.345],[39.465,9.349],[39.473,9.347],[39.492,9.346],[39.498,9.353],[39.514,9.348],[39.526,9.353],[39.525,9.358],[39.515,9.365],[39.521,9.368],[39.522,9.376],[39.523,9.383],[39.518,9.395],[39.525,9.401],[39.529,9.396],[39.534,9.386],[39.538,9.389],[39.544,9.385],[39.555,9.399],[39.561,9.403],[39.568,9.404],[39.573,9.4],[39.578,9.401],[39.584,9.417],[39.596,9.429],[39.6,9.436],[39.604,9.451],[39.619,9.464],[39.636,9.466]]]}},{"type":"Feature","properties":{"name":"Ankasha"},"geometry":{"type":"Polygon","coordinates":[[[36.964,10.871],[36.951,10.88],[36.941,10.88],[36.938,10.885],[36.933,10.898],[36.92,10.902],[36.912,10.901],[36.903,10.903],[36.896,10.911],[36.888,10.914],[36.882,10.919],[36.873,10.923],[36.857,10.924],[36.848,10.927],[36.84,10.935],[36.834,10.933],[36.808,10.938],[36.804,10.942],[36.798,10.944],[36.789,10.943],[36.785,10.936],[36.772,10.938],[36.749,10.937],[36.736,10.941],[36.736,10.948],[36.735,10.956],[36.712,10.952],[36.71,10.959],[36.702,10.961],[36.691,10.961],[36.684,10.964],[36.677,10.962],[36.668,10.954],[36.67,10.948],[36.666,10.937],[36.668,10.932],[36.68,10.927],[36.683,10.922],[36.695,10.913],[36.709,10.912],[36.712,10.906],[36.71,10.898],[36.7,10.882],[36.689,10.873],[36.687,10.862],[36.704,10.837],[36.705,10.83],[36.693,10.826],[36.688,10.822],[36.681,10.811],[36.681,10.797],[36.686,10.781],[36.69,10.774],[36.685,10.767],[36.674,10.758],[36.671,10.75],[36.67,10.743],[36.664,10.739],[36.658,10.731],[36.661,10.727],[36.66,10.722],[36.646,10.697],[36.637,10.691],[36.626,10.669],[36.622,10.664],[36.617,10.66],[36.614,10.655],[36.617,10.65],[36.647,10.644],[36.653,10.64],[36.65,10.635],[36.649,10.631],[36.665,10.625],[36.669,10.62],[36.669,10.614],[36.67,10.607],[36.675,10.599],[36.654,10.563],[36.643,10.549],[36.643,10.544],[36.662,10.546],[36.681,10.552],[36.687,10.55],[36.7,10.535],[36.725,10.52],[36.741,10.525],[36.747,10.532],[36.752,10.55],[36.748,10.56],[36.748,10.577],[36.754,10.58],[36.777,10.577],[36.783,10.58],[36.787,10.586],[36.796,10.595],[36.798,10.6],[36.829,10.624],[36.828,10.629],[36.821,10.632],[36.829,10.647],[36.816,10.655],[36.82,10.66],[36.825,10.66],[36.829,10.664],[36.836,10.666],[36.853,10.676],[36.861,10.676],[36.866,10.672],[36.872,10.672],[36.877,10.67],[36.883,10.669],[36.893,10.675],[36.898,10.675],[36.905,10.67],[36.913,10.667],[36.92,10.671],[36.928,10.682],[36.921,10.687],[36.921,10.7],[36.925,10.714],[36.929,10.721],[36.935,10.723],[36.942,10.735],[36.949,10.754],[36.95,10.761],[36.946,10.765],[36.945,10.779],[36.941,10.787],[36.941,10.803],[36.93,10.805],[36.927,10.811],[36.927,10.817],[36.945,10.839],[36.945,10.848],[36.95,10.853],[36.961,10.858],[36.965,10.864],[36.964,10.871]]]}},{"type":"Feature","properties":{"name":"Ankober"},"geometry":{"type":"Polygon","coordinates":[[[39.851,9.749],[39.844,9.755],[39.833,9.76],[39.819,9.764],[39.804,9.762],[39.799,9.765],[39.792,9.762],[39.78,9.763],[39.772,9.761],[39.764,9.762],[39.755,9.759],[39.748,9.751],[39.737,9.727],[39.733,9.723],[39.73,9.716],[39.729,9.709],[39.736,9.692],[39.735,9.682],[39.732,9.677],[39.732,9.672],[39.734,9.667],[39.734,9.644],[39.728,9.613],[39.721,9.609],[39.709,9.609],[39.702,9.604],[39.693,9.58],[39.681,9.57],[39.677,9.56],[39.671,9.526],[39.663,9.517],[39.658,9.514],[39.651,9.501],[39.65,9.492],[39.657,9.48],[39.656,9.474],[39.647,9.463],[39.655,9.461],[39.667,9.453],[39.714,9.416],[39.728,9.403],[39.751,9.37],[39.792,9.371],[39.786,9.397],[39.801,9.401],[39.808,9.414],[39.822,9.418],[39.874,9.399],[39.88,9.401],[39.875,9.409],[39.872,9.443],[39.874,9.448],[39.873,9.46],[39.849,9.482],[39.838,9.503],[39.848,9.512],[39.849,9.526],[39.858,9.548],[39.858,9.557],[39.848,9.565],[39.878,9.578],[39.879,9.584],[39.882,9.594],[39.885,9.612],[39.88,9.625],[39.862,9.653],[39.859,9.656],[39.851,9.689],[39.854,9.7],[39.849,9.71],[39.84,9.725],[39.851,9.749]]]}},{"type":"Feature","properties":{"name":"Antsokiya"},"geometry":{"type":"Polygon","coordinates":[[[39.871,10.675],[39.871,10.683],[39.861,10.688],[39.852,10.684],[39.835,10.686],[39.832,10.682],[39.82,10.69],[39.815,10.696],[39.813,10.718],[39.81,10.725],[39.8,10.733],[39.791,10.735],[39.784,10.735],[39.752,10.717],[39.744,10.714],[39.736,10.718],[39.728,10.715],[39.716,10.698],[39.714,10.693],[39.716,10.687],[39.715,10.679],[39.707,10.675],[39.708,10.669],[39.706,10.655],[39.702,10.648],[39.696,10.641],[39.695,10.635],[39.701,10.632],[39.717,10.628],[39.722,10.626],[39.724,10.618],[39.724,10.592],[39.718,10.577],[39.727,10.574],[39.733,10.575],[39.743,10.568],[39.744,10.561],[39.742,10.553],[39.743,10.544],[39.747,10.539],[39.746,10.532],[39.751,10.521],[39.755,10.525],[39.765,10.544],[39.766,10.55],[39.771,10.555],[39.778,10.557],[39.792,10.544],[39.795,10.511],[39.792,10.505],[39.792,10.498],[39.795,10.492],[39.8,10.487],[39.815,10.482],[39.824,10.476],[39.831,10.476],[39.831,10.462],[39.853,10.449],[39.867,10.447],[39.863,10.461],[39.868,10.478],[39.873,10.485],[39.885,10.493],[39.901,10.5],[39.912,10.508],[39.904,10.516],[39.902,10.522],[39.906,10.527],[39.92,10.532],[39.916,10.544],[39.911,10.548],[39.905,10.549],[39.899,10.555],[39.892,10.556],[39.889,10.552],[39.883,10.549],[39.878,10.554],[39.877,10.56],[39.869,10.584],[39.866,10.599],[39.87,10.612],[39.866,10.616],[39.86,10.616],[39.853,10.623],[39.839,10.624],[39.829,10.645],[39.839,10.658],[39.839,10.664],[39.843,10.667],[39.854,10.672],[39.871,10.675]]]}},{"type":"Feature","properties":{"name":"Argoba"},"geometry":{"type":"Polygon","coordinates":[[[39.998,11.03],[39.991,11.028],[39.983,11.029],[39.972,11.033],[39.952,11.05],[39.948,11.047],[39.943,11.04],[39.937,11.035],[39.941,11.029],[39.953,11.016],[39.938,11.0],[39.924,10.994],[39.92,10.984],[39.912,10.979],[39.903,10.977],[39.893,10.981],[39.884,10.981],[39.878,10.978],[39.867,10.966],[39.874,10.96],[39.882,10.957],[39.89,10.957],[39.896,10.95],[39.89,10.943],[39.891,10.914],[39.889,10.897],[39.89,10.89],[39.907,10.895],[39.908,10.888],[39.914,10.886],[39.927,10.891],[39.944,10.888],[39.951,10.885],[39.956,10.878],[39.959,10.873],[39.957,10.865],[39.954,10.858],[39.932,10.824],[39.943,10.829],[39.958,10.845],[39.972,10.848],[39.979,10.848],[39.986,10.844],[39.992,10.836],[40.007,10.843],[40.013,10.848],[40.029,10.854],[40.039,10.853],[40.049,10.853],[40.065,10.857],[40.078,10.864],[40.085,10.863],[40.105,10.868],[40.114,10.874],[40.105,10.876],[40.095,10.883],[40.091,10.889],[40.087,10.894],[40.06,10.905],[40.056,10.909],[40.05,10.911],[40.041,10.934],[40.04,10.943],[40.047,10.951],[40.057,10.952],[40.072,10.963],[40.069,10.97],[40.057,10.974],[40.055,10.979],[40.044,10.983],[40.039,10.982],[40.036,10.99],[40.03,10.994],[40.019,10.997],[40.003,11.019],[39.998,11.03]]]}},{"type":"Feature","properties":{"name":"Assagirt"},"geometry":{"type":"Polygon","coordinates":[[[39.459,9.317],[39.464,9.303],[39.477,9.294],[39.5,9.28],[39.516,9.277],[39.511,9.262],[39.505,9.257],[39.502,9.243],[39.504,9.235],[39.516,9.225],[39.518,9.219],[39.525,9.21],[39.541,9.214],[39.557,9.222],[39.56,9.216],[39.566,9.209],[39.571,9.208],[39.572,9.215],[39.578,9.218],[39.58,9.224],[39.577,9.232],[39.579,9.24],[39.601,9.233],[39.61,9.251],[39.6,9.257],[39.607,9.262],[39.616,9.276],[39.63,9.291],[39.636,9.296],[39.653,9.299],[39.669,9.299],[39.679,9.301],[39.694,9.3],[39.711,9.3],[39.727,9.287],[39.734,9.282],[39.743,9.278],[39.755,9.278],[39.768,9.283],[39.776,9.29],[39.784,9.301],[39.79,9.305],[39.774,9.325],[39.771,9.334],[39.755,9.356],[39.752,9.362],[39.751,9.37],[39.728,9.403],[39.714,9.416],[39.667,9.453],[39.655,9.461],[39.647,9.463],[39.636,9.466],[39.619,9.464],[39.604,9.451],[39.6,9.436],[39.596,9.429],[39.584,9.417],[39.578,9.401],[39.573,9.4],[39.568,9.404],[39.561,9.403],[39.555,9.399],[39.544,9.385],[39.538,9.389],[39.534,9.386],[39.529,9.396],[39.525,9.401],[39.518,9.395],[39.523,9.383],[39.522,9.376],[39.521,9.368],[39.515,9.365],[39.525,9.358],[39.526,9.353],[39.514,9.348],[39.498,9.353],[39.492,9.346],[39.473,9.347],[39.465,9.349],[39.459,9.345],[39.468,9.337],[39.471,9.331],[39.469,9.318],[39.459,9.317]]]}},{"type":"Feature","properties":{"name":"Awabel"},"geometry":{"type":"Polygon","coordinates":[[[37.965,9.944],[37.979,9.95],[37.994,9.95],[38.0,9.955],[38.003,9.961],[38.009,9.965],[38.017,9.968],[38.026,9.969],[38.035,9.968],[38.044,9.971],[38.049,9.982],[38.061,9.983],[38.065,9.999],[38.071,10.002],[38.082,10.003],[38.084,10.008],[38.081,10.016],[38.088,10.021],[38.095,10.021],[38.102,10.023],[38.102,10.03],[38.1,10.046],[38.102,10.053],[38.1,10.061],[38.095,10.067],[38.092,10.075],[38.094,10.084],[38.094,10.093],[38.092,10.1],[38.088,10.107],[38.081,10.13],[38.08,10.153],[38.082,10.16],[38.083,10.174],[38.092,10.19],[38.095,10.214],[38.095,10.234],[38.091,10.241],[38.084,10.241],[38.082,10.247],[38.075,10.252],[38.078,10.257],[38.079,10.27],[38.074,10.272],[38.072,10.278],[38.074,10.294],[38.071,10.299],[38.062,10.31],[38.055,10.323],[38.05,10.327],[38.048,10.333],[38.048,10.338],[38.049,10.344],[38.045,10.349],[38.034,10.357],[38.022,10.377],[38.015,10.387],[38.017,10.396],[38.015,10.402],[38.012,10.407],[38.008,10.411],[37.998,10.415],[37.989,10.425],[37.986,10.443],[37.965,10.477],[37.945,10.487],[37.941,10.492],[37.941,10.498],[37.944,10.505],[37.945,10.513],[37.941,10.521],[37.934,10.525],[37.927,10.526],[37.925,10.536],[37.914,10.557],[37.902,10.572],[37.892,10.577],[37.891,10.572],[37.886,10.565],[37.889,10.555],[37.887,10.55],[37.887,10.543],[37.893,10.54],[37.904,10.491],[37.908,10.484],[37.913,10.479],[37.915,10.463],[37.913,10.442],[37.911,10.436],[37.914,10.429],[37.914,10.421],[37.92,10.416],[37.925,10.409],[37.934,10.406],[37.94,10.401],[37.943,10.386],[37.947,10.38],[37.948,10.374],[37.946,10.337],[37.944,10.33],[37.941,10.323],[37.941,10.316],[37.944,10.31],[37.94,10.305],[37.927,10.309],[37.922,10.306],[37.92,10.294],[37.913,10.283],[37.905,10.261],[37.907,10.221],[37.911,10.218],[37.917,10.218],[37.927,10.212],[37.93,10.205],[37.934,10.201],[37.941,10.201],[37.945,10.196],[37.943,10.187],[37.949,10.183],[37.957,10.179],[37.958,10.173],[37.964,10.151],[37.959,10.144],[37.951,10.141],[37.947,10.145],[37.94,10.149],[37.931,10.15],[37.928,10.143],[37.932,10.137],[37.926,10.133],[37.923,10.128],[37.924,10.121],[37.943,10.09],[37.948,10.065],[37.947,10.048],[37.957,10.033],[37.952,10.014],[37.953,10.008],[37.964,9.992],[37.966,9.986],[37.967,9.979],[37.964,9.96],[37.965,9.944]]]}},{"type":"Feature","properties":{"name":"Bahirdar Zuria"},"geometry":{"type":"MultiPolygon","coordinates":[[[[37.117,11.825],[37.115,11.82],[37.12,11.813],[37.117,11.825]]],[[[37.426,11.731],[37.425,11.723],[37.434,11.712],[37.434,11.707],[37.432,11.701],[37.421,11.687],[37.418,11.68],[37.417,11.673],[37.422,11.666],[37.422,11.656],[37.419,11.65],[37.412,11.641],[37.41,11.636],[37.411,11.627],[37.405,11.614],[37.408,11.608],[37.407,11.603],[37.408,11.596],[37.407,11.578],[37.404,11.571],[37.399,11.574],[37.392,11.573],[37.385,11.575],[37.38,11.578],[37.376,11.583],[37.381,11.595],[37.376,11.603],[37.374,11.613],[37.371,11.608],[37.366,11.613],[37.36,11.617],[37.346,11.614],[37.336,11.63],[37.329,11.634],[37.324,11.641],[37.318,11.643],[37.31,11.653],[37.304,11.649],[37.293,11.652],[37.292,11.66],[37.298,11.663],[37.304,11.673],[37.312,11.674],[37.314,11.687],[37.319,11.689],[37.324,11.679],[37.343,11.687],[37.349,11.685],[37.354,11.689],[37.357,11.694],[37.353,11.704],[37.343,11.713],[37.332,11.714],[37.325,11.711],[37.32,11.711],[37.32,11.717],[37.318,11.724],[37.314,11.728],[37.307,11.731],[37.302,11.736],[37.305,11.743],[37.305,11.771],[37.311,11.768],[37.311,11.776],[37.31,11.78],[37.293,11.798],[37.281,11.804],[37.277,11.81],[37.271,11.813],[37.252,11.814],[37.24,11.825],[37.234,11.828],[37.207,11.813],[37.179,11.803],[37.17,11.803],[37.16,11.801],[37.136,11.801],[37.124,11.808],[37.125,11.788],[37.13,11.776],[37.134,11.771],[37.141,11.768],[37.149,11.767],[37.157,11.771],[37.175,11.77],[37.179,11.767],[37.179,11.756],[37.18,11.746],[37.187,11.733],[37.195,11.731],[37.204,11.725],[37.212,11.725],[37.214,11.718],[37.212,11.713],[37.207,11.708],[37.202,11.706],[37.185,11.706],[37.17,11.704],[37.162,11.701],[37.142,11.686],[37.136,11.684],[37.13,11.687],[37.124,11.684],[37.122,11.679],[37.123,11.672],[37.127,11.666],[37.128,11.66],[37.118,11.651],[37.115,11.643],[37.111,11.639],[37.111,11.631],[37.102,11.63],[37.093,11.632],[37.087,11.629],[37.102,11.625],[37.109,11.621],[37.108,11.607],[37.112,11.6],[37.138,11.597],[37.15,11.587],[37.172,11.579],[37.173,11.572],[37.174,11.555],[37.179,11.527],[37.211,11.498],[37.224,11.479],[37.237,11.47],[37.242,11.463],[37.247,11.445],[37.244,11.435],[37.251,11.435],[37.26,11.432],[37.27,11.433],[37.276,11.435],[37.283,11.435],[37.287,11.431],[37.293,11.431],[37.3,11.428],[37.304,11.423],[37.308,11.421],[37.305,11.415],[37.309,11.409],[37.3,11.393],[37.301,11.388],[37.307,11.384],[37.326,11.396],[37.332,11.394],[37.335,11.388],[37.33,11.386],[37.329,11.381],[37.331,11.373],[37.328,11.367],[37.334,11.363],[37.34,11.361],[37.349,11.352],[37.361,11.349],[37.367,11.345],[37.372,11.333],[37.366,11.331],[37.356,11.333],[37.356,11.32],[37.354,11.305],[37.355,11.297],[37.371,11.297],[37.377,11.286],[37.383,11.283],[37.391,11.287],[37.395,11.291],[37.398,11.305],[37.4,11.319],[37.401,11.344],[37.414,11.348],[37.418,11.358],[37.415,11.365],[37.417,11.371],[37.422,11.376],[37.429,11.379],[37.436,11.38],[37.441,11.387],[37.447,11.387],[37.453,11.39],[37.462,11.398],[37.472,11.408],[37.488,11.415],[37.503,11.412],[37.509,11.412],[37.517,11.409],[37.516,11.393],[37.519,11.387],[37.529,11.388],[37.546,11.382],[37.552,11.385],[37.563,11.402],[37.565,11.407],[37.57,11.408],[37.584,11.418],[37.6,11.402],[37.606,11.4],[37.613,11.407],[37.62,11.41],[37.639,11.41],[37.649,11.416],[37.654,11.421],[37.653,11.428],[37.635,11.455],[37.632,11.463],[37.632,11.472],[37.622,11.482],[37.611,11.485],[37.605,11.488],[37.598,11.488],[37.591,11.485],[37.585,11.488],[37.574,11.487],[37.564,11.495],[37.548,11.504],[37.537,11.499],[37.529,11.5],[37.515,11.509],[37.514,11.524],[37.515,11.531],[37.524,11.544],[37.531,11.551],[37.543,11.574],[37.541,11.579],[37.536,11.583],[37.518,11.591],[37.52,11.605],[37.512,11.615],[37.513,11.621],[37.518,11.624],[37.524,11.622],[37.528,11.628],[37.536,11.632],[37.541,11.637],[37.542,11.645],[37.529,11.653],[37.522,11.665],[37.502,11.687],[37.499,11.708],[37.501,11.716],[37.494,11.726],[37.473,11.718],[37.466,11.717],[37.462,11.724],[37.456,11.726],[37.444,11.719],[37.437,11.717],[37.426,11.731]]],[[[37.12,11.832],[37.126,11.835],[37.128,11.841],[37.126,11.847],[37.119,11.839],[37.12,11.832]]]]}},{"type":"Feature","properties":{"name":"Banja"},"geometry":{"type":"Polygon","coordinates":[[[36.964,10.871],[36.97,10.873],[36.969,10.88],[36.971,10.893],[36.979,10.893],[36.984,10.896],[36.988,10.891],[36.996,10.887],[37.006,10.885],[37.019,10.887],[37.033,10.893],[37.033,10.886],[37.039,10.893],[37.039,10.911],[37.06,10.915],[37.067,10.913],[37.071,10.918],[37.071,10.933],[37.083,10.946],[37.091,10.956],[37.095,10.958],[37.107,10.956],[37.123,10.957],[37.129,10.957],[37.132,10.961],[37.131,10.97],[37.121,10.98],[37.119,10.989],[37.116,10.996],[37.105,11.008],[37.105,11.016],[37.106,11.022],[37.11,11.026],[37.106,11.033],[37.099,11.029],[37.093,11.023],[37.089,11.013],[37.086,11.018],[37.087,11.024],[37.081,11.037],[37.075,11.039],[37.065,11.031],[37.058,11.026],[37.035,11.02],[37.029,11.02],[37.024,11.025],[37.019,11.03],[37.017,11.035],[37.011,11.029],[37.006,11.032],[37.001,11.039],[36.995,11.04],[36.99,11.037],[36.985,11.025],[36.977,11.022],[36.973,11.016],[36.968,11.018],[36.965,11.023],[36.958,11.024],[36.952,11.028],[36.938,11.028],[36.932,11.025],[36.937,11.019],[36.936,11.014],[36.927,10.995],[36.922,10.991],[36.911,10.995],[36.903,10.995],[36.883,10.99],[36.878,10.986],[36.874,10.979],[36.878,10.968],[36.871,10.966],[36.865,10.966],[36.86,10.962],[36.844,10.959],[36.839,10.961],[36.834,10.965],[36.815,10.968],[36.804,10.977],[36.797,10.98],[36.792,10.985],[36.788,10.991],[36.782,11.011],[36.775,11.014],[36.761,11.015],[36.743,11.03],[36.733,11.031],[36.721,11.038],[36.713,11.039],[36.705,11.038],[36.699,11.043],[36.685,11.037],[36.677,11.023],[36.672,11.017],[36.665,11.017],[36.663,11.011],[36.663,11.002],[36.651,11.001],[36.646,10.996],[36.64,10.994],[36.632,10.969],[36.65,10.966],[36.668,10.954],[36.677,10.962],[36.684,10.964],[36.691,10.961],[36.702,10.961],[36.71,10.959],[36.712,10.952],[36.735,10.956],[36.736,10.948],[36.736,10.941],[36.749,10.937],[36.772,10.938],[36.785,10.936],[36.789,10.943],[36.798,10.944],[36.804,10.942],[36.808,10.938],[36.834,10.933],[36.84,10.935],[36.848,10.927],[36.857,10.924],[36.873,10.923],[36.882,10.919],[36.888,10.914],[36.896,10.911],[36.903,10.903],[36.912,10.901],[36.92,10.902],[36.933,10.898],[36.938,10.885],[36.941,10.88],[36.951,10.88],[36.964,10.871]]]}},{"type":"Feature","properties":{"name":"Baso Liben"},"geometry":{"type":"Polygon","coordinates":[[[37.733,10.241],[37.72,10.236],[37.716,10.232],[37.715,10.226],[37.704,10.214],[37.671,10.198],[37.665,10.192],[37.657,10.17],[37.645,10.163],[37.64,10.154],[37.633,10.147],[37.615,10.141],[37.606,10.133],[37.576,10.095],[37.568,10.067],[37.545,10.043],[37.534,10.039],[37.525,10.03],[37.51,10.021],[37.497,10.028],[37.49,10.028],[37.481,10.023],[37.477,10.016],[37.479,10.01],[37.484,10.004],[37.489,10.004],[37.502,9.999],[37.521,10.001],[37.53,9.997],[37.547,9.978],[37.552,9.974],[37.554,9.96],[37.558,9.955],[37.575,9.943],[37.588,9.94],[37.591,9.934],[37.59,9.928],[37.593,9.92],[37.6,9.919],[37.614,9.91],[37.618,9.903],[37.619,9.895],[37.624,9.89],[37.637,9.887],[37.642,9.883],[37.652,9.87],[37.663,9.861],[37.668,9.86],[37.675,9.863],[37.681,9.863],[37.686,9.858],[37.695,9.844],[37.701,9.838],[37.711,9.844],[37.718,9.844],[37.725,9.846],[37.732,9.846],[37.737,9.842],[37.744,9.842],[37.749,9.848],[37.749,9.857],[37.755,9.858],[37.762,9.853],[37.77,9.852],[37.775,9.857],[37.801,9.863],[37.808,9.866],[37.817,9.868],[37.824,9.875],[37.828,9.882],[37.837,9.889],[37.844,9.898],[37.849,9.899],[37.857,9.897],[37.86,9.901],[37.86,9.907],[37.861,9.914],[37.865,9.914],[37.866,9.922],[37.862,9.927],[37.86,9.934],[37.865,9.953],[37.867,9.967],[37.874,9.979],[37.873,10.003],[37.87,10.012],[37.876,10.018],[37.878,10.025],[37.885,10.033],[37.887,10.042],[37.893,10.054],[37.88,10.079],[37.875,10.084],[37.869,10.087],[37.858,10.096],[37.851,10.106],[37.841,10.13],[37.835,10.132],[37.828,10.132],[37.82,10.133],[37.816,10.148],[37.809,10.154],[37.795,10.159],[37.781,10.159],[37.774,10.162],[37.77,10.167],[37.755,10.173],[37.751,10.178],[37.752,10.192],[37.755,10.199],[37.76,10.205],[37.771,10.209],[37.776,10.214],[37.763,10.226],[37.759,10.234],[37.744,10.241],[37.733,10.241]]]}},{"type":"Feature","properties":{"name":"Bati"},"geometry":{"type":"Polygon","coordinates":[[[40.114,10.874],[40.135,10.891],[40.15,10.897],[40.134,10.916],[40.125,10.939],[40.145,10.953],[40.17,11.002],[40.188,11.026],[40.194,11.049],[40.196,11.069],[40.195,11.097],[40.213,11.11],[40.174,11.241],[40.146,11.256],[40.124,11.297],[40.103,11.318],[40.08,11.323],[40.072,11.326],[40.066,11.339],[40.068,11.361],[40.071,11.374],[40.067,11.43],[40.052,11.425],[40.037,11.419],[40.02,11.414],[40.012,11.408],[40.009,11.401],[39.982,11.37],[39.973,11.362],[39.96,11.357],[39.949,11.348],[39.923,11.344],[39.915,11.341],[39.908,11.335],[39.902,11.335],[39.89,11.333],[39.858,11.315],[39.851,11.314],[39.849,11.31],[39.849,11.305],[39.865,11.304],[39.871,11.3],[39.885,11.277],[39.89,11.273],[39.896,11.271],[39.893,11.265],[39.89,11.253],[39.891,11.246],[39.896,11.24],[39.895,11.232],[39.909,11.229],[39.916,11.237],[39.922,11.239],[39.924,11.229],[39.931,11.209],[39.936,11.202],[39.951,11.19],[39.969,11.192],[39.977,11.183],[39.977,11.178],[39.974,11.172],[39.982,11.157],[39.976,11.152],[39.977,11.145],[39.967,11.129],[39.968,11.12],[39.966,11.113],[39.961,11.108],[39.964,11.102],[39.977,11.085],[39.98,11.072],[39.988,11.062],[39.99,11.055],[39.994,11.048],[39.993,11.041],[39.998,11.03],[40.003,11.019],[40.019,10.997],[40.03,10.994],[40.036,10.99],[40.039,10.982],[40.044,10.983],[40.055,10.979],[40.057,10.974],[40.069,10.97],[40.072,10.963],[40.057,10.952],[40.047,10.951],[40.04,10.943],[40.041,10.934],[40.05,10.911],[40.056,10.909],[40.06,10.905],[40.087,10.894],[40.091,10.889],[40.095,10.883],[40.105,10.876],[40.114,10.874]]]}},{"type":"Feature","properties":{"name":"Berehet"},"geometry":{"type":"Polygon","coordinates":[[[39.525,9.21],[39.528,9.202],[39.535,9.187],[39.531,9.172],[39.519,9.161],[39.516,9.155],[39.507,9.15],[39.504,9.141],[39.504,9.13],[39.509,9.109],[39.515,9.098],[39.518,9.086],[39.524,9.083],[39.529,9.077],[39.544,9.077],[39.547,9.071],[39.553,9.068],[39.555,9.057],[39.555,9.043],[39.562,9.037],[39.59,9.028],[39.599,9.029],[39.608,9.036],[39.617,9.056],[39.625,9.064],[39.632,9.066],[39.637,9.07],[39.654,9.08],[39.66,9.081],[39.668,9.08],[39.68,9.084],[39.7,9.089],[39.73,9.091],[39.735,9.095],[39.743,9.092],[39.765,9.096],[39.781,9.105],[39.795,9.114],[39.798,9.122],[39.803,9.127],[39.809,9.136],[39.818,9.137],[39.816,9.155],[39.817,9.163],[39.814,9.172],[39.837,9.189],[39.849,9.203],[39.854,9.212],[39.866,9.221],[39.874,9.228],[39.874,9.235],[39.864,9.243],[39.858,9.271],[39.887,9.27],[39.867,9.298],[39.861,9.308],[39.845,9.315],[39.835,9.316],[39.818,9.309],[39.79,9.305],[39.784,9.301],[39.776,9.29],[39.768,9.283],[39.755,9.278],[39.743,9.278],[39.734,9.282],[39.727,9.287],[39.711,9.3],[39.694,9.3],[39.679,9.301],[39.669,9.299],[39.653,9.299],[39.636,9.296],[39.63,9.291],[39.616,9.276],[39.607,9.262],[39.6,9.257],[39.61,9.251],[39.601,9.233],[39.579,9.24],[39.577,9.232],[39.58,9.224],[39.578,9.218],[39.572,9.215],[39.571,9.208],[39.566,9.209],[39.56,9.216],[39.557,9.222],[39.541,9.214],[39.525,9.21]]]}},{"type":"Feature","properties":{"name":"Beyeda"},"geometry":{"type":"Polygon","coordinates":[[[38.723,13.409],[38.72,13.404],[38.707,13.39],[38.697,13.39],[38.67,13.393],[38.649,13.397],[38.633,13.405],[38.623,13.412],[38.616,13.413],[38.608,13.412],[38.593,13.416],[38.581,13.421],[38.577,13.426],[38.57,13.431],[38.543,13.439],[38.531,13.441],[38.517,13.44],[38.496,13.433],[38.484,13.425],[38.476,13.425],[38.469,13.422],[38.465,13.414],[38.46,13.409],[38.437,13.396],[38.433,13.386],[38.433,13.38],[38.436,13.367],[38.426,13.37],[38.411,13.381],[38.407,13.376],[38.41,13.364],[38.407,13.359],[38.407,13.348],[38.399,13.352],[38.39,13.354],[38.386,13.36],[38.388,13.366],[38.383,13.371],[38.377,13.374],[38.367,13.361],[38.355,13.354],[38.346,13.342],[38.325,13.339],[38.309,13.33],[38.305,13.324],[38.303,13.317],[38.299,13.313],[38.311,13.297],[38.324,13.287],[38.339,13.28],[38.368,13.255],[38.368,13.24],[38.365,13.233],[38.35,13.228],[38.344,13.221],[38.337,13.203],[38.331,13.18],[38.325,13.173],[38.313,13.151],[38.309,13.133],[38.281,13.115],[38.295,13.08],[38.302,13.047],[38.325,13.015],[38.328,12.995],[38.334,12.99],[38.342,12.988],[38.342,13.0],[38.345,13.006],[38.35,13.011],[38.358,13.015],[38.38,13.015],[38.385,13.018],[38.38,13.024],[38.381,13.051],[38.378,13.059],[38.382,13.064],[38.39,13.065],[38.405,13.061],[38.415,13.044],[38.421,13.038],[38.429,13.037],[38.441,13.042],[38.456,13.044],[38.462,13.046],[38.461,13.052],[38.456,13.057],[38.452,13.062],[38.455,13.068],[38.463,13.067],[38.466,13.073],[38.468,13.081],[38.463,13.089],[38.47,13.09],[38.482,13.087],[38.488,13.09],[38.491,13.103],[38.499,13.114],[38.512,13.109],[38.515,13.114],[38.506,13.128],[38.511,13.133],[38.516,13.134],[38.518,13.139],[38.518,13.147],[38.515,13.153],[38.516,13.16],[38.521,13.167],[38.53,13.177],[38.538,13.189],[38.552,13.188],[38.56,13.199],[38.558,13.219],[38.561,13.231],[38.559,13.239],[38.553,13.247],[38.556,13.262],[38.562,13.265],[38.627,13.269],[38.633,13.27],[38.645,13.267],[38.661,13.265],[38.682,13.284],[38.691,13.289],[38.701,13.29],[38.714,13.288],[38.72,13.288],[38.727,13.291],[38.734,13.291],[38.74,13.297],[38.736,13.303],[38.742,13.308],[38.739,13.313],[38.738,13.331],[38.743,13.334],[38.743,13.341],[38.735,13.35],[38.731,13.366],[38.738,13.378],[38.734,13.385],[38.734,13.399],[38.723,13.409]]]}},{"type":"Feature","properties":{"name":"Bibugn"},"geometry":{"type":"Polygon","coordinates":[[[37.845,10.704],[37.84,10.706],[37.84,10.713],[37.834,10.742],[37.828,10.755],[37.802,10.784],[37.788,10.788],[37.783,10.798],[37.779,10.803],[37.776,10.809],[37.776,10.816],[37.773,10.831],[37.775,10.846],[37.772,10.858],[37.765,10.871],[37.768,10.895],[37.773,10.908],[37.773,10.92],[37.775,10.937],[37.774,10.943],[37.778,10.955],[37.783,10.961],[37.787,10.976],[37.795,10.991],[37.797,10.997],[37.798,11.009],[37.786,11.025],[37.782,11.038],[37.773,11.053],[37.772,11.058],[37.754,11.073],[37.751,11.08],[37.745,11.086],[37.738,11.08],[37.726,11.071],[37.721,11.064],[37.716,11.062],[37.71,11.056],[37.715,11.048],[37.721,11.042],[37.725,11.045],[37.731,11.044],[37.738,11.047],[37.749,11.056],[37.752,11.061],[37.757,11.056],[37.75,11.042],[37.749,11.035],[37.745,11.032],[37.745,11.016],[37.74,11.012],[37.727,11.007],[37.721,11.002],[37.711,10.987],[37.71,10.98],[37.715,10.973],[37.716,10.966],[37.711,10.951],[37.707,10.926],[37.696,10.905],[37.696,10.892],[37.694,10.885],[37.694,10.87],[37.691,10.855],[37.693,10.831],[37.696,10.824],[37.701,10.821],[37.705,10.816],[37.708,10.798],[37.707,10.791],[37.711,10.78],[37.716,10.773],[37.716,10.766],[37.732,10.754],[37.739,10.754],[37.743,10.76],[37.749,10.758],[37.755,10.754],[37.762,10.752],[37.769,10.755],[37.774,10.75],[37.776,10.744],[37.776,10.737],[37.772,10.734],[37.766,10.737],[37.759,10.739],[37.751,10.738],[37.745,10.734],[37.72,10.719],[37.694,10.712],[37.691,10.707],[37.676,10.703],[37.657,10.701],[37.643,10.696],[37.651,10.687],[37.648,10.679],[37.654,10.68],[37.659,10.679],[37.667,10.68],[37.681,10.677],[37.683,10.666],[37.698,10.668],[37.712,10.665],[37.722,10.666],[37.742,10.674],[37.786,10.683],[37.81,10.676],[37.819,10.671],[37.845,10.704]]]}},{"type":"Feature","properties":{"name":"Bugna"},"geometry":{"type":"Polygon","coordinates":[[[38.829,12.271],[38.821,12.267],[38.813,12.264],[38.805,12.265],[38.795,12.269],[38.781,12.278],[38.773,12.281],[38.768,12.285],[38.752,12.291],[38.738,12.292],[38.726,12.288],[38.703,12.274],[38.694,12.273],[38.689,12.27],[38.683,12.271],[38.671,12.269],[38.652,12.275],[38.64,12.276],[38.634,12.28],[38.628,12.282],[38.592,12.286],[38.584,12.289],[38.571,12.29],[38.565,12.293],[38.544,12.294],[38.532,12.286],[38.518,12.282],[38.498,12.287],[38.484,12.293],[38.479,12.3],[38.472,12.297],[38.464,12.288],[38.46,12.284],[38.455,12.265],[38.456,12.259],[38.453,12.248],[38.448,12.241],[38.446,12.229],[38.448,12.221],[38.458,12.212],[38.464,12.209],[38.463,12.204],[38.467,12.196],[38.472,12.164],[38.479,12.148],[38.485,12.128],[38.489,12.123],[38.495,12.121],[38.501,12.114],[38.507,12.113],[38.512,12.121],[38.52,12.122],[38.529,12.121],[38.552,12.106],[38.559,12.094],[38.564,12.087],[38.571,12.082],[38.585,12.078],[38.595,12.078],[38.606,12.073],[38.611,12.064],[38.618,12.049],[38.626,12.039],[38.636,12.032],[38.64,12.026],[38.665,12.032],[38.694,12.032],[38.702,12.031],[38.711,12.028],[38.719,12.029],[38.728,12.027],[38.765,12.036],[38.771,12.036],[38.78,12.028],[38.783,12.023],[38.788,12.02],[38.814,12.02],[38.817,12.027],[38.824,12.033],[38.852,12.041],[38.858,12.041],[38.87,12.043],[38.876,12.041],[38.881,12.043],[38.908,12.063],[38.92,12.079],[38.925,12.083],[38.932,12.083],[38.943,12.079],[38.95,12.078],[38.957,12.08],[38.959,12.087],[38.956,12.094],[38.952,12.1],[38.944,12.108],[38.95,12.115],[38.955,12.122],[38.953,12.13],[38.94,12.16],[38.93,12.172],[38.927,12.18],[38.921,12.186],[38.908,12.191],[38.88,12.197],[38.885,12.207],[38.881,12.211],[38.864,12.216],[38.859,12.22],[38.856,12.227],[38.853,12.24],[38.846,12.253],[38.842,12.258],[38.831,12.267],[38.829,12.271]]]}},{"type":"Feature","properties":{"name":"Bure"},"geometry":{"type":"Polygon","coordinates":[[[37.119,10.821],[37.106,10.825],[37.098,10.826],[37.091,10.817],[37.091,10.81],[37.094,10.798],[37.099,10.791],[37.077,10.779],[37.074,10.785],[37.065,10.784],[37.066,10.76],[37.054,10.764],[37.04,10.754],[37.035,10.749],[37.027,10.747],[37.026,10.734],[37.021,10.731],[37.014,10.732],[37.012,10.739],[37.013,10.745],[37.016,10.751],[37.01,10.752],[37.006,10.748],[37.003,10.741],[36.998,10.738],[36.983,10.735],[36.981,10.729],[36.98,10.722],[36.976,10.719],[36.971,10.72],[36.963,10.729],[36.959,10.723],[36.961,10.717],[36.966,10.71],[36.973,10.708],[36.978,10.704],[36.984,10.704],[36.987,10.699],[36.984,10.686],[36.983,10.674],[36.984,10.667],[36.99,10.663],[36.993,10.643],[36.997,10.634],[36.992,10.619],[36.995,10.614],[36.995,10.608],[36.99,10.602],[37.0,10.589],[37.002,10.582],[37.001,10.574],[37.004,10.569],[37.002,10.564],[37.004,10.55],[37.0,10.544],[37.0,10.536],[37.003,10.527],[37.002,10.519],[36.998,10.513],[36.996,10.507],[37.009,10.483],[37.005,10.468],[37.007,10.461],[37.004,10.441],[36.993,10.426],[36.987,10.415],[36.982,10.412],[36.973,10.398],[36.967,10.396],[36.961,10.391],[36.942,10.371],[36.931,10.363],[36.922,10.363],[36.9,10.356],[36.887,10.358],[36.881,10.356],[36.874,10.349],[36.87,10.342],[36.877,10.335],[36.884,10.322],[36.89,10.316],[36.899,10.314],[36.925,10.315],[36.932,10.312],[36.954,10.313],[36.966,10.313],[36.972,10.316],[36.981,10.315],[36.998,10.304],[37.008,10.29],[37.014,10.286],[37.041,10.286],[37.047,10.289],[37.059,10.293],[37.068,10.298],[37.09,10.316],[37.094,10.318],[37.107,10.319],[37.113,10.324],[37.102,10.331],[37.101,10.338],[37.106,10.343],[37.111,10.346],[37.111,10.352],[37.107,10.358],[37.112,10.366],[37.116,10.404],[37.107,10.411],[37.1,10.42],[37.095,10.444],[37.098,10.457],[37.088,10.482],[37.072,10.495],[37.072,10.5],[37.085,10.507],[37.088,10.514],[37.087,10.53],[37.093,10.533],[37.106,10.531],[37.11,10.537],[37.126,10.541],[37.129,10.548],[37.136,10.582],[37.13,10.596],[37.113,10.607],[37.107,10.613],[37.103,10.62],[37.107,10.624],[37.1,10.653],[37.103,10.658],[37.12,10.664],[37.122,10.669],[37.121,10.676],[37.129,10.686],[37.131,10.693],[37.125,10.705],[37.119,10.713],[37.129,10.719],[37.128,10.725],[37.131,10.729],[37.144,10.73],[37.149,10.725],[37.163,10.726],[37.162,10.733],[37.159,10.739],[37.161,10.747],[37.169,10.75],[37.17,10.758],[37.181,10.781],[37.174,10.783],[37.168,10.789],[37.168,10.795],[37.18,10.802],[37.168,10.808],[37.151,10.794],[37.144,10.808],[37.144,10.813],[37.132,10.819],[37.126,10.819],[37.119,10.821]]]}},{"type":"Feature","properties":{"name":"Dewa Cheffa"},"geometry":{"type":"Polygon","coordinates":[[[39.694,10.745],[39.692,10.731],[39.696,10.725],[39.693,10.709],[39.696,10.7],[39.702,10.695],[39.714,10.693],[39.716,10.698],[39.728,10.715],[39.736,10.718],[39.744,10.714],[39.752,10.717],[39.784,10.735],[39.791,10.735],[39.8,10.733],[39.81,10.725],[39.813,10.718],[39.815,10.696],[39.82,10.69],[39.832,10.682],[39.835,10.686],[39.852,10.684],[39.861,10.688],[39.871,10.683],[39.871,10.675],[39.887,10.66],[39.896,10.647],[39.912,10.625],[39.922,10.617],[39.936,10.619],[39.946,10.615],[39.957,10.601],[39.976,10.588],[39.987,10.585],[40.003,10.594],[40.015,10.603],[40.021,10.607],[40.028,10.616],[40.014,10.624],[40.002,10.635],[39.997,10.636],[39.995,10.641],[39.995,10.65],[39.989,10.659],[39.988,10.666],[39.991,10.67],[39.992,10.676],[39.994,10.681],[39.995,10.687],[39.994,10.693],[39.984,10.695],[39.976,10.695],[39.969,10.707],[39.958,10.716],[39.956,10.723],[39.957,10.731],[39.954,10.745],[39.946,10.761],[39.945,10.77],[39.954,10.771],[39.953,10.776],[39.948,10.785],[39.949,10.792],[39.954,10.798],[39.938,10.817],[39.927,10.819],[39.932,10.824],[39.954,10.858],[39.957,10.865],[39.959,10.873],[39.956,10.878],[39.951,10.885],[39.944,10.888],[39.927,10.891],[39.914,10.886],[39.908,10.888],[39.907,10.895],[39.89,10.89],[39.88,10.883],[39.876,10.879],[39.881,10.875],[39.888,10.863],[39.867,10.859],[39.859,10.857],[39.853,10.851],[39.848,10.85],[39.838,10.854],[39.836,10.861],[39.836,10.869],[39.839,10.882],[39.839,10.887],[39.833,10.892],[39.829,10.899],[39.822,10.898],[39.814,10.894],[39.806,10.886],[39.796,10.879],[39.789,10.876],[39.788,10.882],[39.783,10.886],[39.779,10.891],[39.77,10.891],[39.766,10.886],[39.752,10.88],[39.744,10.883],[39.736,10.881],[39.726,10.873],[39.72,10.872],[39.695,10.879],[39.689,10.884],[39.683,10.886],[39.673,10.895],[39.667,10.891],[39.667,10.885],[39.68,10.871],[39.682,10.863],[39.679,10.858],[39.681,10.844],[39.701,10.833],[39.713,10.83],[39.715,10.824],[39.73,10.813],[39.733,10.806],[39.732,10.798],[39.728,10.793],[39.722,10.797],[39.709,10.81],[39.702,10.808],[39.695,10.805],[39.691,10.798],[39.697,10.79],[39.703,10.787],[39.708,10.781],[39.708,10.771],[39.714,10.763],[39.708,10.751],[39.704,10.747],[39.694,10.745]]]}},{"type":"Feature","properties":{"name":"Chilga"},"geometry":{"type":"Polygon","coordinates":[[[37.181,12.833],[37.176,12.837],[37.166,12.848],[37.156,12.864],[37.133,12.884],[37.114,12.887],[37.091,12.896],[37.084,12.896],[37.073,12.89],[37.065,12.881],[37.054,12.876],[37.042,12.866],[37.036,12.867],[37.012,12.864],[37.007,12.865],[37.0,12.864],[36.995,12.863],[36.991,12.859],[36.985,12.858],[36.98,12.853],[36.969,12.855],[36.96,12.861],[36.953,12.859],[36.943,12.852],[36.937,12.855],[36.93,12.852],[36.925,12.847],[36.909,12.834],[36.903,12.833],[36.897,12.834],[36.881,12.825],[36.866,12.823],[36.858,12.821],[36.859,12.813],[36.85,12.811],[36.833,12.804],[36.822,12.808],[36.813,12.815],[36.806,12.815],[36.787,12.822],[36.778,12.82],[36.769,12.828],[36.763,12.826],[36.758,12.828],[36.752,12.826],[36.741,12.828],[36.715,12.817],[36.701,12.798],[36.693,12.797],[36.682,12.785],[36.676,12.789],[36.669,12.789],[36.661,12.791],[36.657,12.794],[36.654,12.79],[36.653,12.782],[36.654,12.768],[36.657,12.764],[36.668,12.754],[36.675,12.746],[36.683,12.731],[36.688,12.727],[36.694,12.716],[36.695,12.702],[36.698,12.694],[36.694,12.673],[36.693,12.658],[36.697,12.652],[36.714,12.638],[36.718,12.634],[36.714,12.628],[36.71,12.612],[36.691,12.601],[36.676,12.59],[36.67,12.584],[36.671,12.576],[36.669,12.57],[36.643,12.575],[36.637,12.574],[36.63,12.568],[36.625,12.56],[36.613,12.552],[36.598,12.534],[36.593,12.54],[36.589,12.547],[36.583,12.55],[36.577,12.556],[36.568,12.568],[36.561,12.573],[36.555,12.581],[36.549,12.584],[36.538,12.588],[36.534,12.593],[36.529,12.617],[36.524,12.623],[36.496,12.612],[36.483,12.613],[36.456,12.618],[36.449,12.618],[36.448,12.611],[36.45,12.604],[36.455,12.6],[36.479,12.587],[36.49,12.577],[36.49,12.56],[36.483,12.532],[36.483,12.527],[36.492,12.528],[36.508,12.533],[36.521,12.541],[36.532,12.53],[36.535,12.523],[36.543,12.499],[36.557,12.477],[36.562,12.456],[36.566,12.451],[36.585,12.442],[36.589,12.437],[36.59,12.428],[36.587,12.422],[36.575,12.414],[36.573,12.408],[36.575,12.387],[36.58,12.386],[36.583,12.391],[36.59,12.391],[36.619,12.385],[36.63,12.385],[36.635,12.381],[36.644,12.38],[36.653,12.376],[36.655,12.381],[36.66,12.381],[36.672,12.388],[36.678,12.388],[36.685,12.389],[36.692,12.387],[36.697,12.382],[36.705,12.383],[36.709,12.379],[36.716,12.38],[36.721,12.382],[36.722,12.389],[36.735,12.396],[36.742,12.397],[36.752,12.394],[36.757,12.39],[36.776,12.387],[36.782,12.383],[36.801,12.377],[36.831,12.366],[36.837,12.363],[36.841,12.349],[36.853,12.345],[36.859,12.343],[36.872,12.346],[36.877,12.343],[36.907,12.337],[36.914,12.334],[36.92,12.336],[36.933,12.335],[36.944,12.328],[36.948,12.323],[36.946,12.317],[36.952,12.314],[36.977,12.318],[36.99,12.314],[36.992,12.309],[36.993,12.303],[36.996,12.298],[37.001,12.297],[37.013,12.29],[37.02,12.293],[37.028,12.316],[37.032,12.322],[37.039,12.325],[37.042,12.32],[37.044,12.312],[37.051,12.308],[37.066,12.307],[37.084,12.315],[37.098,12.318],[37.096,12.332],[37.095,12.346],[37.098,12.363],[37.098,12.378],[37.099,12.396],[37.077,12.402],[37.065,12.423],[37.066,12.43],[37.07,12.436],[37.073,12.443],[37.091,12.442],[37.093,12.447],[37.093,12.454],[37.108,12.473],[37.113,12.487],[37.114,12.502],[37.122,12.509],[37.128,12.513],[37.136,12.512],[37.144,12.508],[37.149,12.502],[37.168,12.493],[37.179,12.484],[37.185,12.487],[37.193,12.488],[37.186,12.509],[37.191,12.527],[37.193,12.541],[37.196,12.549],[37.193,12.556],[37.189,12.562],[37.186,12.573],[37.182,12.577],[37.174,12.597],[37.179,12.612],[37.178,12.62],[37.174,12.623],[37.177,12.63],[37.182,12.63],[37.19,12.649],[37.198,12.657],[37.209,12.673],[37.224,12.683],[37.227,12.691],[37.226,12.697],[37.229,12.71],[37.229,12.716],[37.225,12.722],[37.225,12.729],[37.223,12.737],[37.224,12.743],[37.222,12.751],[37.221,12.761],[37.214,12.763],[37.212,12.769],[37.206,12.77],[37.204,12.776],[37.194,12.789],[37.197,12.798],[37.194,12.806],[37.187,12.813],[37.187,12.827],[37.181,12.833]]]}},{"type":"Feature","properties":{"name":"Dabat"},"geometry":{"type":"Polygon","coordinates":[[[37.992,12.887],[37.989,12.908],[37.985,12.915],[37.969,12.926],[37.966,12.94],[37.954,12.966],[37.952,12.98],[37.952,12.99],[37.946,13.003],[37.93,13.022],[37.924,13.026],[37.909,13.033],[37.904,13.041],[37.897,13.045],[37.883,13.053],[37.874,13.055],[37.867,13.052],[37.866,13.059],[37.859,13.069],[37.859,13.086],[37.843,13.099],[37.839,13.107],[37.835,13.11],[37.833,13.118],[37.832,13.134],[37.814,13.122],[37.791,13.113],[37.766,13.091],[37.747,13.079],[37.734,13.076],[37.728,13.078],[37.732,13.087],[37.743,13.102],[37.744,13.109],[37.743,13.12],[37.729,13.117],[37.717,13.116],[37.711,13.121],[37.702,13.136],[37.695,13.141],[37.691,13.145],[37.688,13.15],[37.671,13.144],[37.666,13.137],[37.661,13.134],[37.661,13.16],[37.657,13.168],[37.637,13.172],[37.635,13.179],[37.623,13.187],[37.615,13.195],[37.608,13.197],[37.599,13.195],[37.594,13.191],[37.59,13.193],[37.589,13.209],[37.606,13.222],[37.606,13.235],[37.602,13.259],[37.596,13.264],[37.585,13.278],[37.577,13.292],[37.57,13.296],[37.564,13.301],[37.548,13.309],[37.537,13.325],[37.532,13.319],[37.528,13.317],[37.525,13.297],[37.531,13.256],[37.537,13.243],[37.542,13.221],[37.538,13.216],[37.538,13.2],[37.535,13.192],[37.523,13.188],[37.511,13.19],[37.506,13.187],[37.502,13.183],[37.497,13.177],[37.495,13.169],[37.478,13.156],[37.471,13.141],[37.461,13.131],[37.456,13.122],[37.45,13.113],[37.451,13.098],[37.471,13.094],[37.499,13.096],[37.514,13.093],[37.521,13.078],[37.523,13.05],[37.526,13.036],[37.524,13.022],[37.53,13.001],[37.533,12.995],[37.538,12.99],[37.542,12.978],[37.545,12.965],[37.548,12.961],[37.568,12.944],[37.574,12.942],[37.58,12.943],[37.59,12.947],[37.606,12.951],[37.616,12.949],[37.621,12.945],[37.628,12.936],[37.624,12.925],[37.625,12.908],[37.633,12.908],[37.641,12.91],[37.649,12.897],[37.659,12.891],[37.678,12.892],[37.683,12.89],[37.687,12.884],[37.699,12.877],[37.714,12.875],[37.725,12.878],[37.739,12.894],[37.752,12.9],[37.765,12.912],[37.778,12.918],[37.8,12.917],[37.824,12.923],[37.833,12.922],[37.841,12.923],[37.869,12.917],[37.875,12.912],[37.883,12.911],[37.89,12.908],[37.903,12.906],[37.909,12.918],[37.912,12.923],[37.915,12.916],[37.921,12.911],[37.923,12.906],[37.928,12.904],[37.934,12.907],[37.938,12.902],[37.939,12.895],[37.946,12.891],[37.953,12.894],[37.961,12.892],[37.982,12.875],[37.991,12.87],[37.998,12.87],[37.994,12.877],[37.992,12.887]]]}},{"type":"Feature","properties":{"name":"Dangila"},"geometry":{"type":"Polygon","coordinates":[[[36.769,11.411],[36.761,11.408],[36.763,11.4],[36.767,11.394],[36.767,11.386],[36.765,11.378],[36.764,11.366],[36.761,11.361],[36.753,11.366],[36.748,11.365],[36.753,11.358],[36.752,11.352],[36.74,11.347],[36.731,11.332],[36.705,11.328],[36.703,11.32],[36.694,11.315],[36.684,11.308],[36.686,11.302],[36.691,11.297],[36.693,11.29],[36.689,11.287],[36.683,11.29],[36.643,11.28],[36.635,11.283],[36.622,11.28],[36.625,11.27],[36.635,11.265],[36.638,11.26],[36.637,11.253],[36.628,11.248],[36.605,11.245],[36.591,11.233],[36.587,11.227],[36.588,11.221],[36.59,11.213],[36.591,11.205],[36.586,11.2],[36.592,11.175],[36.592,11.165],[36.585,11.152],[36.588,11.126],[36.583,11.113],[36.591,11.112],[36.6,11.115],[36.607,11.115],[36.612,11.112],[36.625,11.111],[36.645,11.099],[36.656,11.098],[36.661,11.088],[36.665,11.083],[36.672,11.079],[36.69,11.078],[36.695,11.078],[36.699,11.081],[36.702,11.093],[36.704,11.099],[36.716,11.103],[36.727,11.111],[36.737,11.112],[36.741,11.115],[36.747,11.117],[36.753,11.13],[36.766,11.142],[36.771,11.145],[36.785,11.134],[36.794,11.133],[36.799,11.14],[36.814,11.151],[36.826,11.151],[36.834,11.153],[36.841,11.157],[36.845,11.164],[36.86,11.173],[36.872,11.172],[36.878,11.164],[36.883,11.168],[36.899,11.155],[36.919,11.157],[36.925,11.159],[36.926,11.166],[36.931,11.168],[36.938,11.165],[36.943,11.16],[36.938,11.149],[36.94,11.142],[36.946,11.138],[36.953,11.138],[36.959,11.145],[36.962,11.152],[36.969,11.152],[36.974,11.157],[36.979,11.162],[36.994,11.17],[36.994,11.178],[36.999,11.182],[37.006,11.183],[37.005,11.191],[37.01,11.195],[37.007,11.207],[37.002,11.207],[36.995,11.21],[36.994,11.218],[36.988,11.223],[36.983,11.231],[36.982,11.24],[36.98,11.249],[36.974,11.253],[36.961,11.253],[36.955,11.25],[36.948,11.25],[36.932,11.252],[36.927,11.258],[36.93,11.263],[36.93,11.269],[36.938,11.275],[36.939,11.28],[36.943,11.284],[36.948,11.294],[36.942,11.299],[36.934,11.3],[36.928,11.298],[36.92,11.298],[36.91,11.315],[36.897,11.31],[36.889,11.31],[36.879,11.316],[36.866,11.326],[36.864,11.339],[36.854,11.346],[36.85,11.35],[36.836,11.359],[36.821,11.368],[36.809,11.383],[36.806,11.39],[36.805,11.396],[36.802,11.4],[36.796,11.401],[36.789,11.4],[36.769,11.411]]]}},{"type":"Feature","properties":{"name":"Dawunt"},"geometry":{"type":"Polygon","coordinates":[[[38.747,11.597],[38.742,11.596],[38.69,11.61],[38.679,11.6],[38.673,11.6],[38.67,11.596],[38.67,11.59],[38.673,11.578],[38.683,11.569],[38.696,11.565],[38.707,11.557],[38.715,11.546],[38.719,11.538],[38.719,11.528],[38.716,11.522],[38.706,11.514],[38.705,11.507],[38.706,11.499],[38.703,11.475],[38.703,11.457],[38.702,11.45],[38.698,11.442],[38.698,11.435],[38.706,11.423],[38.706,11.415],[38.713,11.416],[38.721,11.419],[38.728,11.419],[38.738,11.407],[38.747,11.405],[38.762,11.391],[38.77,11.389],[38.78,11.381],[38.785,11.381],[38.791,11.379],[38.802,11.369],[38.824,11.372],[38.836,11.378],[38.841,11.383],[38.848,11.385],[38.854,11.381],[38.856,11.376],[38.862,11.378],[38.881,11.377],[38.891,11.375],[38.895,11.367],[38.897,11.355],[38.901,11.348],[38.916,11.349],[38.922,11.346],[38.929,11.352],[38.936,11.362],[38.942,11.363],[38.947,11.368],[38.949,11.379],[38.965,11.392],[38.974,11.391],[38.992,11.393],[38.992,11.398],[38.984,11.419],[38.986,11.424],[39.004,11.445],[39.008,11.458],[39.004,11.464],[39.0,11.479],[38.992,11.482],[38.987,11.487],[38.986,11.493],[38.979,11.506],[38.98,11.512],[38.977,11.518],[38.974,11.524],[38.966,11.522],[38.932,11.524],[38.928,11.529],[38.911,11.532],[38.896,11.538],[38.886,11.538],[38.88,11.545],[38.874,11.548],[38.865,11.55],[38.839,11.546],[38.827,11.55],[38.807,11.564],[38.802,11.569],[38.795,11.582],[38.785,11.587],[38.762,11.591],[38.747,11.597]]]}},{"type":"Feature","properties":{"name":"Debark"},"geometry":{"type":"Polygon","coordinates":[[[37.568,13.389],[37.569,13.376],[37.572,13.361],[37.571,13.348],[37.568,13.34],[37.543,13.33],[37.537,13.325],[37.548,13.309],[37.564,13.301],[37.57,13.296],[37.577,13.292],[37.585,13.278],[37.596,13.264],[37.602,13.259],[37.606,13.235],[37.606,13.222],[37.589,13.209],[37.59,13.193],[37.594,13.191],[37.599,13.195],[37.608,13.197],[37.615,13.195],[37.623,13.187],[37.635,13.179],[37.637,13.172],[37.657,13.168],[37.661,13.16],[37.661,13.134],[37.666,13.137],[37.671,13.144],[37.688,13.15],[37.691,13.145],[37.695,13.141],[37.702,13.136],[37.711,13.121],[37.717,13.116],[37.729,13.117],[37.743,13.12],[37.744,13.109],[37.743,13.102],[37.732,13.087],[37.728,13.078],[37.734,13.076],[37.747,13.079],[37.766,13.091],[37.791,13.113],[37.814,13.122],[37.832,13.134],[37.833,13.118],[37.835,13.11],[37.839,13.107],[37.843,13.099],[37.859,13.086],[37.859,13.069],[37.866,13.059],[37.867,13.052],[37.874,13.055],[37.883,13.053],[37.897,13.045],[37.904,13.041],[37.909,13.033],[37.924,13.026],[37.93,13.022],[37.946,13.003],[37.952,12.99],[37.952,12.98],[37.954,12.966],[37.966,12.94],[37.969,12.926],[37.985,12.915],[37.989,12.908],[37.992,12.887],[37.997,12.882],[38.008,12.866],[38.014,12.861],[38.027,12.856],[38.032,12.856],[38.03,12.863],[38.022,12.876],[38.03,12.879],[38.029,12.886],[38.034,12.891],[38.044,12.889],[38.047,12.884],[38.047,12.878],[38.052,12.883],[38.058,12.881],[38.061,12.886],[38.069,12.908],[38.065,12.916],[38.056,12.909],[38.051,12.915],[38.059,12.924],[38.056,12.932],[38.05,12.935],[38.034,12.947],[38.025,12.96],[38.019,12.992],[38.021,12.998],[38.021,13.005],[38.018,13.01],[38.016,13.015],[38.011,13.017],[38.003,13.017],[37.998,13.023],[37.996,13.028],[37.998,13.033],[38.01,13.038],[38.016,13.043],[38.032,13.065],[38.037,13.07],[38.044,13.073],[38.042,13.089],[38.052,13.097],[38.051,13.103],[38.062,13.109],[38.069,13.117],[38.073,13.123],[38.07,13.132],[38.061,13.14],[38.057,13.147],[38.059,13.154],[38.062,13.161],[38.08,13.186],[38.084,13.19],[38.098,13.197],[38.142,13.214],[38.15,13.214],[38.178,13.229],[38.189,13.237],[38.194,13.246],[38.194,13.253],[38.187,13.257],[38.169,13.256],[38.159,13.261],[38.153,13.263],[38.155,13.271],[38.15,13.276],[38.143,13.279],[38.139,13.284],[38.125,13.283],[38.108,13.286],[38.105,13.28],[38.101,13.276],[38.09,13.271],[38.085,13.266],[38.08,13.265],[38.072,13.262],[38.07,13.252],[38.07,13.239],[38.063,13.237],[38.05,13.239],[38.039,13.233],[38.031,13.231],[38.019,13.235],[38.013,13.232],[38.011,13.225],[38.008,13.219],[37.99,13.206],[37.984,13.213],[37.982,13.218],[37.966,13.212],[37.96,13.212],[37.953,13.209],[37.953,13.203],[37.947,13.2],[37.929,13.21],[37.924,13.224],[37.924,13.23],[37.92,13.238],[37.92,13.244],[37.929,13.26],[37.939,13.267],[37.936,13.28],[37.927,13.291],[37.908,13.275],[37.898,13.274],[37.888,13.275],[37.857,13.282],[37.857,13.267],[37.844,13.263],[37.827,13.252],[37.81,13.251],[37.807,13.257],[37.802,13.28],[37.796,13.291],[37.798,13.299],[37.797,13.305],[37.792,13.311],[37.781,13.32],[37.786,13.325],[37.792,13.341],[37.804,13.353],[37.811,13.366],[37.81,13.373],[37.798,13.386],[37.798,13.393],[37.794,13.399],[37.802,13.406],[37.796,13.409],[37.792,13.419],[37.779,13.423],[37.768,13.428],[37.761,13.425],[37.747,13.422],[37.742,13.415],[37.74,13.399],[37.735,13.397],[37.727,13.399],[37.72,13.403],[37.715,13.41],[37.715,13.416],[37.719,13.423],[37.719,13.432],[37.716,13.441],[37.716,13.449],[37.725,13.452],[37.722,13.457],[37.714,13.46],[37.706,13.47],[37.699,13.474],[37.695,13.473],[37.686,13.466],[37.684,13.46],[37.68,13.457],[37.678,13.451],[37.667,13.447],[37.663,13.443],[37.657,13.442],[37.657,13.435],[37.638,13.415],[37.626,13.409],[37.618,13.409],[37.612,13.412],[37.605,13.41],[37.591,13.398],[37.583,13.398],[37.568,13.389]]]}},{"type":"Feature","properties":{"name":"Debay Telatgen"},"geometry":{"type":"Polygon","coordinates":[[[38.048,10.338],[38.055,10.341],[38.07,10.341],[38.075,10.337],[38.079,10.342],[38.084,10.346],[38.097,10.348],[38.108,10.348],[38.115,10.344],[38.115,10.35],[38.118,10.356],[38.117,10.371],[38.114,10.378],[38.113,10.385],[38.114,10.39],[38.123,10.402],[38.128,10.405],[38.133,10.405],[38.141,10.415],[38.135,10.418],[38.128,10.426],[38.121,10.427],[38.114,10.432],[38.112,10.437],[38.112,10.443],[38.109,10.448],[38.098,10.455],[38.098,10.461],[38.101,10.467],[38.107,10.469],[38.113,10.465],[38.117,10.471],[38.118,10.479],[38.116,10.487],[38.109,10.489],[38.105,10.493],[38.101,10.513],[38.107,10.526],[38.084,10.537],[38.063,10.564],[38.062,10.579],[38.054,10.59],[38.054,10.595],[38.056,10.6],[38.057,10.606],[38.055,10.611],[38.049,10.614],[38.04,10.615],[38.006,10.636],[38.001,10.645],[38.0,10.654],[37.996,10.659],[37.991,10.661],[37.987,10.673],[37.977,10.683],[37.944,10.687],[37.938,10.693],[37.937,10.7],[37.916,10.708],[37.905,10.717],[37.892,10.72],[37.865,10.716],[37.859,10.714],[37.845,10.704],[37.819,10.671],[37.822,10.662],[37.831,10.655],[37.839,10.644],[37.84,10.639],[37.853,10.628],[37.869,10.615],[37.886,10.595],[37.889,10.584],[37.892,10.577],[37.902,10.572],[37.914,10.557],[37.925,10.536],[37.927,10.526],[37.934,10.525],[37.941,10.521],[37.945,10.513],[37.944,10.505],[37.941,10.498],[37.941,10.492],[37.945,10.487],[37.965,10.477],[37.986,10.443],[37.989,10.425],[37.998,10.415],[38.008,10.411],[38.012,10.407],[38.015,10.402],[38.017,10.396],[38.015,10.387],[38.022,10.377],[38.034,10.357],[38.045,10.349],[38.049,10.344],[38.048,10.338]]]}},{"type":"Feature","properties":{"name":"Debre Elias"},"geometry":{"type":"Polygon","coordinates":[[[37.047,10.289],[37.052,10.285],[37.063,10.283],[37.071,10.277],[37.075,10.272],[37.079,10.264],[37.088,10.26],[37.095,10.259],[37.115,10.252],[37.136,10.247],[37.175,10.244],[37.183,10.242],[37.191,10.237],[37.197,10.232],[37.201,10.224],[37.198,10.215],[37.183,10.189],[37.172,10.175],[37.169,10.169],[37.169,10.164],[37.181,10.145],[37.192,10.113],[37.196,10.105],[37.207,10.096],[37.214,10.089],[37.237,10.078],[37.242,10.077],[37.263,10.078],[37.272,10.075],[37.283,10.066],[37.289,10.064],[37.293,10.059],[37.297,10.054],[37.301,10.04],[37.306,10.028],[37.319,10.019],[37.324,10.009],[37.34,10.005],[37.346,10.007],[37.35,10.013],[37.358,10.041],[37.363,10.044],[37.374,10.043],[37.381,10.044],[37.388,10.048],[37.393,10.055],[37.394,10.061],[37.394,10.097],[37.397,10.102],[37.396,10.108],[37.405,10.122],[37.411,10.128],[37.422,10.154],[37.427,10.16],[37.434,10.16],[37.442,10.163],[37.454,10.17],[37.465,10.183],[37.476,10.19],[37.49,10.196],[37.495,10.202],[37.495,10.209],[37.491,10.222],[37.491,10.23],[37.496,10.247],[37.497,10.262],[37.493,10.269],[37.5,10.282],[37.5,10.288],[37.495,10.303],[37.502,10.312],[37.503,10.318],[37.5,10.324],[37.506,10.335],[37.507,10.343],[37.511,10.348],[37.514,10.354],[37.508,10.358],[37.515,10.367],[37.522,10.372],[37.525,10.381],[37.519,10.388],[37.514,10.386],[37.506,10.386],[37.5,10.386],[37.494,10.391],[37.491,10.385],[37.487,10.381],[37.486,10.389],[37.479,10.393],[37.47,10.395],[37.463,10.389],[37.455,10.386],[37.451,10.391],[37.446,10.395],[37.438,10.392],[37.431,10.396],[37.41,10.395],[37.4,10.389],[37.393,10.389],[37.383,10.395],[37.369,10.395],[37.353,10.383],[37.345,10.385],[37.34,10.39],[37.334,10.391],[37.321,10.384],[37.319,10.378],[37.312,10.377],[37.307,10.375],[37.305,10.37],[37.299,10.366],[37.295,10.36],[37.283,10.358],[37.277,10.36],[37.266,10.35],[37.26,10.341],[37.259,10.333],[37.253,10.325],[37.247,10.322],[37.236,10.32],[37.231,10.318],[37.197,10.319],[37.172,10.328],[37.15,10.329],[37.144,10.335],[37.136,10.334],[37.123,10.328],[37.113,10.324],[37.107,10.319],[37.094,10.318],[37.09,10.316],[37.068,10.298],[37.059,10.293],[37.047,10.289]]]}},{"type":"Feature","properties":{"name":"Debresina"},"geometry":{"type":"Polygon","coordinates":[[[38.921,10.881],[38.915,10.884],[38.89,10.887],[38.838,10.885],[38.825,10.883],[38.807,10.879],[38.794,10.88],[38.776,10.877],[38.762,10.872],[38.748,10.872],[38.731,10.868],[38.717,10.868],[38.711,10.865],[38.693,10.864],[38.681,10.86],[38.675,10.856],[38.636,10.848],[38.625,10.837],[38.591,10.817],[38.584,10.817],[38.573,10.811],[38.56,10.807],[38.539,10.802],[38.527,10.801],[38.523,10.794],[38.529,10.789],[38.53,10.783],[38.522,10.777],[38.513,10.762],[38.508,10.743],[38.511,10.724],[38.509,10.716],[38.51,10.704],[38.514,10.698],[38.515,10.692],[38.513,10.687],[38.507,10.682],[38.506,10.667],[38.497,10.658],[38.491,10.644],[38.487,10.64],[38.482,10.638],[38.476,10.631],[38.469,10.597],[38.464,10.593],[38.463,10.586],[38.468,10.566],[38.477,10.568],[38.484,10.572],[38.506,10.593],[38.518,10.597],[38.532,10.608],[38.538,10.609],[38.544,10.608],[38.55,10.611],[38.574,10.609],[38.597,10.606],[38.624,10.61],[38.638,10.609],[38.653,10.609],[38.659,10.612],[38.67,10.622],[38.684,10.628],[38.701,10.638],[38.731,10.643],[38.738,10.647],[38.742,10.65],[38.749,10.664],[38.754,10.678],[38.769,10.694],[38.791,10.699],[38.796,10.702],[38.805,10.703],[38.831,10.702],[38.844,10.704],[38.855,10.708],[38.86,10.712],[38.871,10.73],[38.88,10.734],[38.888,10.733],[38.893,10.736],[38.897,10.775],[38.898,10.783],[38.907,10.797],[38.909,10.803],[38.904,10.826],[38.905,10.834],[38.915,10.847],[38.918,10.853],[38.917,10.859],[38.921,10.872],[38.921,10.881]]]}},{"type":"Feature","properties":{"name":"Dega Damot"},"geometry":{"type":"Polygon","coordinates":[[[37.71,11.056],[37.708,11.049],[37.699,11.039],[37.695,11.033],[37.684,11.022],[37.667,11.015],[37.653,11.011],[37.629,11.003],[37.613,11.003],[37.58,11.011],[37.565,11.01],[37.558,11.014],[37.55,11.011],[37.542,11.011],[37.539,11.006],[37.537,10.992],[37.525,10.983],[37.515,10.97],[37.509,10.965],[37.513,10.945],[37.511,10.93],[37.507,10.924],[37.501,10.922],[37.495,10.917],[37.503,10.901],[37.507,10.897],[37.502,10.887],[37.501,10.88],[37.517,10.875],[37.514,10.867],[37.514,10.86],[37.51,10.855],[37.505,10.854],[37.499,10.856],[37.493,10.854],[37.49,10.846],[37.496,10.84],[37.503,10.841],[37.509,10.839],[37.51,10.834],[37.494,10.827],[37.488,10.823],[37.484,10.812],[37.478,10.811],[37.471,10.812],[37.47,10.799],[37.468,10.792],[37.456,10.783],[37.454,10.765],[37.46,10.76],[37.465,10.762],[37.467,10.768],[37.479,10.773],[37.493,10.768],[37.491,10.763],[37.483,10.761],[37.487,10.746],[37.486,10.74],[37.493,10.739],[37.503,10.732],[37.506,10.726],[37.497,10.712],[37.51,10.708],[37.518,10.709],[37.532,10.714],[37.539,10.714],[37.544,10.708],[37.545,10.7],[37.552,10.696],[37.559,10.681],[37.565,10.683],[37.591,10.685],[37.606,10.684],[37.643,10.696],[37.657,10.701],[37.676,10.703],[37.691,10.707],[37.694,10.712],[37.72,10.719],[37.745,10.734],[37.751,10.738],[37.759,10.739],[37.766,10.737],[37.772,10.734],[37.776,10.737],[37.776,10.744],[37.774,10.75],[37.769,10.755],[37.762,10.752],[37.755,10.754],[37.749,10.758],[37.743,10.76],[37.739,10.754],[37.732,10.754],[37.716,10.766],[37.716,10.773],[37.711,10.78],[37.707,10.791],[37.708,10.798],[37.705,10.816],[37.701,10.821],[37.696,10.824],[37.693,10.831],[37.691,10.855],[37.694,10.87],[37.694,10.885],[37.696,10.892],[37.696,10.905],[37.707,10.926],[37.711,10.951],[37.716,10.966],[37.715,10.973],[37.71,10.98],[37.711,10.987],[37.721,11.002],[37.727,11.007],[37.74,11.012],[37.745,11.016],[37.745,11.032],[37.749,11.035],[37.75,11.042],[37.757,11.056],[37.752,11.061],[37.749,11.056],[37.738,11.047],[37.731,11.044],[37.725,11.045],[37.721,11.042],[37.715,11.048],[37.71,11.056]]]}},{"type":"Feature","properties":{"name":"Dehana"},"geometry":{"type":"Polygon","coordinates":[[[38.829,12.271],[38.838,12.276],[38.862,12.274],[38.869,12.276],[38.896,12.303],[38.901,12.31],[38.916,12.338],[38.917,12.346],[38.91,12.354],[38.898,12.362],[38.895,12.366],[38.895,12.372],[38.899,12.384],[38.901,12.397],[38.911,12.416],[38.912,12.431],[38.915,12.443],[38.919,12.449],[38.924,12.451],[38.934,12.451],[38.939,12.454],[38.94,12.462],[38.935,12.492],[38.917,12.505],[38.907,12.518],[38.845,12.559],[38.839,12.566],[38.834,12.57],[38.815,12.587],[38.809,12.59],[38.806,12.583],[38.798,12.558],[38.794,12.551],[38.787,12.552],[38.768,12.565],[38.762,12.566],[38.74,12.565],[38.731,12.567],[38.73,12.575],[38.732,12.584],[38.727,12.589],[38.721,12.59],[38.697,12.601],[38.689,12.609],[38.676,12.617],[38.668,12.628],[38.663,12.632],[38.636,12.624],[38.631,12.62],[38.623,12.61],[38.596,12.598],[38.576,12.583],[38.536,12.594],[38.513,12.608],[38.495,12.61],[38.489,12.613],[38.48,12.627],[38.473,12.621],[38.476,12.615],[38.478,12.608],[38.464,12.595],[38.464,12.588],[38.46,12.583],[38.451,12.581],[38.448,12.574],[38.435,12.569],[38.432,12.556],[38.429,12.552],[38.423,12.55],[38.426,12.539],[38.425,12.531],[38.419,12.529],[38.423,12.523],[38.427,12.507],[38.431,12.498],[38.428,12.487],[38.431,12.479],[38.436,12.473],[38.435,12.465],[38.429,12.452],[38.437,12.433],[38.436,12.422],[38.444,12.409],[38.445,12.402],[38.448,12.397],[38.461,12.38],[38.482,12.362],[38.482,12.353],[38.489,12.341],[38.485,12.334],[38.486,12.324],[38.484,12.317],[38.477,12.307],[38.479,12.3],[38.484,12.293],[38.498,12.287],[38.518,12.282],[38.532,12.286],[38.544,12.294],[38.565,12.293],[38.571,12.29],[38.584,12.289],[38.592,12.286],[38.628,12.282],[38.634,12.28],[38.64,12.276],[38.652,12.275],[38.671,12.269],[38.683,12.271],[38.689,12.27],[38.694,12.273],[38.703,12.274],[38.726,12.288],[38.738,12.292],[38.752,12.291],[38.768,12.285],[38.773,12.281],[38.781,12.278],[38.795,12.269],[38.805,12.265],[38.813,12.264],[38.821,12.267],[38.829,12.271]]]}},{"type":"Feature","properties":{"name":"Dejen"},"geometry":{"type":"Polygon","coordinates":[[[38.102,10.023],[38.114,10.017],[38.119,10.019],[38.118,10.025],[38.119,10.03],[38.126,10.044],[38.132,10.048],[38.138,10.048],[38.143,10.044],[38.146,10.038],[38.151,10.036],[38.161,10.045],[38.168,10.047],[38.171,10.052],[38.171,10.059],[38.177,10.064],[38.185,10.068],[38.205,10.083],[38.217,10.087],[38.223,10.093],[38.241,10.104],[38.249,10.103],[38.252,10.097],[38.279,10.131],[38.283,10.139],[38.282,10.144],[38.289,10.158],[38.292,10.167],[38.292,10.184],[38.303,10.195],[38.307,10.207],[38.308,10.216],[38.291,10.236],[38.277,10.257],[38.277,10.262],[38.274,10.271],[38.266,10.283],[38.263,10.3],[38.265,10.313],[38.263,10.323],[38.251,10.338],[38.243,10.339],[38.237,10.335],[38.229,10.335],[38.219,10.339],[38.203,10.339],[38.195,10.328],[38.188,10.322],[38.182,10.318],[38.175,10.316],[38.172,10.312],[38.172,10.299],[38.159,10.296],[38.153,10.296],[38.148,10.303],[38.141,10.307],[38.135,10.316],[38.121,10.323],[38.12,10.329],[38.122,10.335],[38.119,10.341],[38.115,10.344],[38.108,10.348],[38.097,10.348],[38.084,10.346],[38.079,10.342],[38.075,10.337],[38.07,10.341],[38.055,10.341],[38.048,10.338],[38.048,10.333],[38.05,10.327],[38.055,10.323],[38.062,10.31],[38.071,10.299],[38.074,10.294],[38.072,10.278],[38.074,10.272],[38.079,10.27],[38.078,10.257],[38.075,10.252],[38.082,10.247],[38.084,10.241],[38.091,10.241],[38.095,10.234],[38.095,10.214],[38.092,10.19],[38.083,10.174],[38.082,10.16],[38.08,10.153],[38.081,10.13],[38.088,10.107],[38.092,10.1],[38.094,10.093],[38.094,10.084],[38.092,10.075],[38.095,10.067],[38.1,10.061],[38.102,10.053],[38.1,10.046],[38.102,10.03],[38.102,10.023]]]}},{"type":"Feature","properties":{"name":"Delanta"},"geometry":{"type":"Polygon","coordinates":[[[39.327,11.593],[39.337,11.612],[39.339,11.621],[39.357,11.662],[39.362,11.665],[39.38,11.671],[39.386,11.675],[39.389,11.679],[39.396,11.684],[39.4,11.692],[39.406,11.693],[39.415,11.691],[39.422,11.692],[39.422,11.703],[39.424,11.709],[39.441,11.718],[39.459,11.724],[39.46,11.737],[39.462,11.744],[39.436,11.767],[39.436,11.774],[39.439,11.779],[39.437,11.785],[39.432,11.79],[39.42,11.796],[39.418,11.802],[39.419,11.808],[39.423,11.813],[39.423,11.819],[39.404,11.819],[39.395,11.824],[39.385,11.833],[39.376,11.836],[39.35,11.84],[39.334,11.837],[39.331,11.84],[39.321,11.824],[39.316,11.821],[39.312,11.816],[39.306,11.815],[39.3,11.817],[39.286,11.812],[39.282,11.809],[39.26,11.798],[39.257,11.792],[39.248,11.783],[39.248,11.777],[39.251,11.756],[39.249,11.75],[39.25,11.733],[39.248,11.719],[39.244,11.714],[39.238,11.707],[39.217,11.702],[39.201,11.689],[39.173,11.682],[39.163,11.67],[39.155,11.664],[39.152,11.659],[39.147,11.647],[39.137,11.642],[39.113,11.639],[39.112,11.628],[39.108,11.623],[39.101,11.62],[39.063,11.582],[39.054,11.572],[39.046,11.556],[39.039,11.553],[39.026,11.55],[39.008,11.538],[38.99,11.537],[38.978,11.529],[38.974,11.524],[38.977,11.518],[38.98,11.512],[38.979,11.506],[38.986,11.493],[38.987,11.487],[38.992,11.482],[39.0,11.479],[39.004,11.464],[39.008,11.458],[39.004,11.445],[38.986,11.424],[38.984,11.419],[38.992,11.398],[38.992,11.393],[38.998,11.397],[39.015,11.398],[39.019,11.396],[39.025,11.396],[39.03,11.401],[39.035,11.404],[39.039,11.409],[39.044,11.409],[39.056,11.419],[39.075,11.431],[39.081,11.428],[39.09,11.43],[39.099,11.435],[39.115,11.439],[39.121,11.445],[39.132,11.447],[39.153,11.455],[39.159,11.453],[39.174,11.456],[39.183,11.455],[39.199,11.463],[39.212,11.471],[39.218,11.473],[39.227,11.473],[39.24,11.482],[39.255,11.484],[39.261,11.487],[39.255,11.492],[39.257,11.497],[39.277,11.518],[39.282,11.536],[39.283,11.548],[39.303,11.581],[39.311,11.591],[39.327,11.593]]]}},{"type":"Feature","properties":{"name":"Dembecha"},"geometry":{"type":"Polygon","coordinates":[[[37.643,10.696],[37.606,10.684],[37.591,10.685],[37.565,10.683],[37.559,10.681],[37.552,10.696],[37.545,10.7],[37.544,10.708],[37.539,10.714],[37.532,10.714],[37.518,10.709],[37.51,10.708],[37.497,10.712],[37.489,10.71],[37.479,10.701],[37.47,10.684],[37.466,10.678],[37.46,10.675],[37.452,10.66],[37.442,10.65],[37.424,10.64],[37.42,10.634],[37.414,10.632],[37.409,10.626],[37.402,10.623],[37.388,10.625],[37.381,10.627],[37.37,10.636],[37.363,10.636],[37.357,10.628],[37.344,10.624],[37.336,10.61],[37.331,10.607],[37.329,10.601],[37.323,10.598],[37.315,10.588],[37.299,10.583],[37.295,10.58],[37.278,10.579],[37.273,10.582],[37.267,10.581],[37.261,10.578],[37.259,10.572],[37.256,10.566],[37.246,10.56],[37.237,10.56],[37.227,10.549],[37.218,10.535],[37.212,10.53],[37.205,10.526],[37.202,10.522],[37.195,10.519],[37.189,10.512],[37.184,10.504],[37.184,10.491],[37.179,10.486],[37.173,10.485],[37.174,10.479],[37.168,10.474],[37.166,10.467],[37.159,10.459],[37.159,10.446],[37.157,10.441],[37.137,10.437],[37.124,10.423],[37.124,10.415],[37.116,10.41],[37.116,10.404],[37.112,10.366],[37.107,10.358],[37.111,10.352],[37.111,10.346],[37.106,10.343],[37.101,10.338],[37.102,10.331],[37.113,10.324],[37.123,10.328],[37.136,10.334],[37.144,10.335],[37.15,10.329],[37.172,10.328],[37.197,10.319],[37.231,10.318],[37.236,10.32],[37.247,10.322],[37.253,10.325],[37.259,10.333],[37.26,10.341],[37.266,10.35],[37.277,10.36],[37.273,10.383],[37.285,10.392],[37.288,10.398],[37.289,10.405],[37.288,10.41],[37.292,10.423],[37.305,10.434],[37.306,10.439],[37.302,10.452],[37.307,10.459],[37.326,10.468],[37.332,10.468],[37.335,10.463],[37.34,10.463],[37.353,10.468],[37.376,10.472],[37.392,10.479],[37.405,10.48],[37.412,10.484],[37.421,10.487],[37.429,10.486],[37.436,10.483],[37.445,10.483],[37.454,10.486],[37.456,10.492],[37.461,10.498],[37.47,10.505],[37.48,10.509],[37.487,10.519],[37.5,10.524],[37.511,10.532],[37.516,10.535],[37.523,10.536],[37.531,10.538],[37.545,10.55],[37.546,10.559],[37.543,10.576],[37.553,10.581],[37.555,10.595],[37.559,10.602],[37.566,10.602],[37.571,10.6],[37.575,10.596],[37.581,10.583],[37.586,10.583],[37.591,10.597],[37.605,10.612],[37.611,10.623],[37.615,10.636],[37.616,10.647],[37.62,10.654],[37.629,10.666],[37.648,10.679],[37.651,10.687],[37.643,10.696]]]}},{"type":"Feature","properties":{"name":"Dembia"},"geometry":{"type":"Polygon","coordinates":[[[37.098,12.318],[37.1,12.313],[37.106,12.308],[37.108,12.293],[37.111,12.283],[37.114,12.274],[37.118,12.27],[37.113,12.246],[37.118,12.243],[37.125,12.252],[37.144,12.266],[37.156,12.268],[37.161,12.265],[37.161,12.26],[37.158,12.254],[37.161,12.248],[37.168,12.243],[37.173,12.233],[37.172,12.219],[37.174,12.214],[37.173,12.203],[37.182,12.194],[37.188,12.191],[37.193,12.194],[37.199,12.194],[37.208,12.192],[37.205,12.203],[37.213,12.207],[37.224,12.206],[37.23,12.211],[37.243,12.208],[37.249,12.204],[37.254,12.196],[37.263,12.197],[37.277,12.202],[37.282,12.201],[37.287,12.205],[37.289,12.214],[37.301,12.231],[37.295,12.247],[37.304,12.263],[37.315,12.27],[37.327,12.275],[37.341,12.278],[37.346,12.274],[37.358,12.27],[37.362,12.265],[37.36,12.26],[37.374,12.258],[37.378,12.264],[37.383,12.266],[37.383,12.274],[37.385,12.278],[37.389,12.275],[37.403,12.273],[37.415,12.281],[37.42,12.28],[37.427,12.275],[37.435,12.278],[37.446,12.286],[37.464,12.292],[37.48,12.3],[37.484,12.315],[37.463,12.334],[37.449,12.342],[37.446,12.349],[37.445,12.356],[37.449,12.361],[37.457,12.382],[37.438,12.396],[37.433,12.401],[37.422,12.423],[37.41,12.43],[37.405,12.436],[37.409,12.47],[37.4,12.475],[37.401,12.48],[37.406,12.483],[37.409,12.486],[37.406,12.491],[37.402,12.494],[37.394,12.493],[37.388,12.486],[37.383,12.483],[37.386,12.505],[37.38,12.51],[37.377,12.52],[37.369,12.522],[37.366,12.528],[37.363,12.544],[37.359,12.579],[37.354,12.585],[37.344,12.603],[37.319,12.608],[37.315,12.613],[37.312,12.625],[37.305,12.628],[37.298,12.619],[37.291,12.614],[37.286,12.618],[37.279,12.631],[37.272,12.635],[37.266,12.632],[37.251,12.621],[37.239,12.62],[37.223,12.624],[37.215,12.621],[37.206,12.614],[37.199,12.614],[37.186,12.612],[37.179,12.612],[37.174,12.597],[37.182,12.577],[37.186,12.573],[37.189,12.562],[37.193,12.556],[37.196,12.549],[37.193,12.541],[37.191,12.527],[37.186,12.509],[37.193,12.488],[37.185,12.487],[37.179,12.484],[37.168,12.493],[37.149,12.502],[37.144,12.508],[37.136,12.512],[37.128,12.513],[37.122,12.509],[37.114,12.502],[37.113,12.487],[37.108,12.473],[37.093,12.454],[37.093,12.447],[37.091,12.442],[37.073,12.443],[37.07,12.436],[37.066,12.43],[37.065,12.423],[37.077,12.402],[37.099,12.396],[37.098,12.378],[37.098,12.363],[37.095,12.346],[37.096,12.332],[37.098,12.318]]]}},{"type":"Feature","properties":{"name":"Dera"},"geometry":{"type":"Polygon","coordinates":[[[37.654,11.421],[37.658,11.418],[37.671,11.398],[37.676,11.383],[37.682,11.381],[37.688,11.363],[37.691,11.358],[37.703,11.348],[37.71,11.336],[37.718,11.33],[37.726,11.314],[37.732,11.31],[37.736,11.304],[37.751,11.291],[37.768,11.282],[37.775,11.287],[37.779,11.302],[37.776,11.338],[37.771,11.361],[37.759,11.38],[37.757,11.387],[37.758,11.397],[37.789,11.396],[37.795,11.406],[37.797,11.419],[37.808,11.433],[37.812,11.437],[37.822,11.442],[37.833,11.454],[37.851,11.457],[37.856,11.462],[37.864,11.485],[37.878,11.498],[37.88,11.503],[37.88,11.517],[37.89,11.54],[37.895,11.546],[37.903,11.547],[37.906,11.553],[37.91,11.566],[37.923,11.574],[37.916,11.58],[37.9,11.584],[37.885,11.584],[37.879,11.587],[37.876,11.594],[37.877,11.602],[37.872,11.607],[37.869,11.613],[37.862,11.613],[37.856,11.609],[37.851,11.609],[37.844,11.612],[37.851,11.625],[37.851,11.631],[37.849,11.639],[37.836,11.654],[37.826,11.66],[37.829,11.668],[37.839,11.679],[37.822,11.679],[37.816,11.686],[37.797,11.679],[37.778,11.682],[37.767,11.689],[37.757,11.684],[37.74,11.69],[37.724,11.7],[37.722,11.71],[37.735,11.724],[37.729,11.726],[37.721,11.726],[37.718,11.732],[37.718,11.738],[37.715,11.743],[37.714,11.748],[37.71,11.753],[37.705,11.766],[37.702,11.771],[37.7,11.776],[37.694,11.786],[37.682,11.785],[37.671,11.786],[37.658,11.793],[37.655,11.797],[37.649,11.794],[37.647,11.8],[37.643,11.803],[37.643,11.812],[37.635,11.824],[37.643,11.826],[37.649,11.84],[37.643,11.84],[37.637,11.836],[37.632,11.839],[37.634,11.844],[37.63,11.85],[37.632,11.858],[37.621,11.865],[37.598,11.876],[37.581,11.878],[37.566,11.871],[37.555,11.859],[37.549,11.859],[37.542,11.869],[37.536,11.867],[37.531,11.872],[37.517,11.879],[37.513,11.885],[37.507,11.887],[37.499,11.894],[37.503,11.884],[37.501,11.876],[37.501,11.87],[37.507,11.864],[37.51,11.852],[37.516,11.853],[37.515,11.838],[37.508,11.831],[37.5,11.833],[37.497,11.827],[37.482,11.826],[37.479,11.82],[37.473,11.83],[37.47,11.821],[37.47,11.815],[37.46,11.808],[37.462,11.801],[37.454,11.799],[37.45,11.795],[37.456,11.79],[37.457,11.775],[37.455,11.77],[37.449,11.766],[37.447,11.753],[37.441,11.753],[37.436,11.748],[37.436,11.742],[37.426,11.731],[37.437,11.717],[37.444,11.719],[37.456,11.726],[37.462,11.724],[37.466,11.717],[37.473,11.718],[37.494,11.726],[37.501,11.716],[37.499,11.708],[37.502,11.687],[37.522,11.665],[37.529,11.653],[37.542,11.645],[37.541,11.637],[37.536,11.632],[37.528,11.628],[37.524,11.622],[37.518,11.624],[37.513,11.621],[37.512,11.615],[37.52,11.605],[37.518,11.591],[37.536,11.583],[37.541,11.579],[37.543,11.574],[37.531,11.551],[37.524,11.544],[37.515,11.531],[37.514,11.524],[37.515,11.509],[37.529,11.5],[37.537,11.499],[37.548,11.504],[37.564,11.495],[37.574,11.487],[37.585,11.488],[37.591,11.485],[37.598,11.488],[37.605,11.488],[37.611,11.485],[37.622,11.482],[37.632,11.472],[37.632,11.463],[37.635,11.455],[37.653,11.428],[37.654,11.421]]]}},{"type":"Feature","properties":{"name":"Dessie Zuria"},"geometry":{"type":"MultiPolygon","coordinates":[[[[39.607,11.238],[39.607,11.258],[39.598,11.264],[39.597,11.257],[39.603,11.241],[39.607,11.238]]],[[[39.681,10.997],[39.715,10.997],[39.723,10.995],[39.728,10.987],[39.743,10.983],[39.745,10.988],[39.748,10.998],[39.745,11.004],[39.746,11.01],[39.743,11.023],[39.744,11.035],[39.738,11.037],[39.732,11.059],[39.733,11.067],[39.729,11.072],[39.707,11.081],[39.708,11.096],[39.712,11.103],[39.717,11.108],[39.732,11.106],[39.742,11.115],[39.746,11.109],[39.744,11.1],[39.745,11.095],[39.752,11.089],[39.76,11.087],[39.775,11.087],[39.788,11.089],[39.797,11.092],[39.815,11.096],[39.821,11.1],[39.826,11.104],[39.831,11.103],[39.833,11.109],[39.832,11.116],[39.817,11.128],[39.807,11.144],[39.803,11.155],[39.799,11.163],[39.791,11.169],[39.786,11.17],[39.756,11.173],[39.734,11.175],[39.725,11.173],[39.72,11.167],[39.72,11.162],[39.71,11.151],[39.711,11.143],[39.708,11.134],[39.702,11.124],[39.699,11.13],[39.684,11.146],[39.68,11.17],[39.68,11.185],[39.673,11.19],[39.67,11.196],[39.664,11.198],[39.658,11.203],[39.652,11.204],[39.65,11.211],[39.646,11.218],[39.636,11.226],[39.629,11.232],[39.624,11.236],[39.607,11.238],[39.606,11.231],[39.61,11.227],[39.616,11.229],[39.62,11.224],[39.62,11.215],[39.616,11.201],[39.618,11.194],[39.618,11.175],[39.621,11.162],[39.616,11.157],[39.614,11.152],[39.613,11.132],[39.61,11.123],[39.604,11.117],[39.598,11.119],[39.586,11.13],[39.579,11.136],[39.575,11.143],[39.569,11.145],[39.561,11.143],[39.553,11.147],[39.543,11.16],[39.541,11.167],[39.535,11.177],[39.526,11.188],[39.511,11.2],[39.478,11.224],[39.47,11.224],[39.476,11.179],[39.476,11.167],[39.475,11.16],[39.467,11.138],[39.451,11.143],[39.439,11.144],[39.432,11.141],[39.425,11.141],[39.402,11.133],[39.395,11.135],[39.391,11.14],[39.388,11.146],[39.378,11.157],[39.369,11.172],[39.364,11.187],[39.357,11.196],[39.357,11.205],[39.354,11.212],[39.348,11.216],[39.343,11.229],[39.328,11.249],[39.326,11.257],[39.314,11.265],[39.318,11.249],[39.316,11.239],[39.318,11.225],[39.314,11.202],[39.316,11.188],[39.312,11.167],[39.313,11.158],[39.312,11.15],[39.306,11.135],[39.309,11.12],[39.306,11.104],[39.306,11.097],[39.31,11.085],[39.314,11.081],[39.321,11.063],[39.341,11.048],[39.354,11.034],[39.353,11.028],[39.355,10.997],[39.364,10.993],[39.373,10.985],[39.368,10.98],[39.362,10.979],[39.357,10.976],[39.359,10.967],[39.361,10.947],[39.36,10.932],[39.362,10.927],[39.371,10.927],[39.381,10.915],[39.387,10.911],[39.391,10.903],[39.396,10.876],[39.394,10.871],[39.395,10.864],[39.406,10.863],[39.428,10.864],[39.429,10.87],[39.441,10.887],[39.45,10.894],[39.458,10.896],[39.468,10.885],[39.474,10.885],[39.489,10.89],[39.502,10.888],[39.507,10.89],[39.513,10.888],[39.521,10.889],[39.53,10.902],[39.533,10.908],[39.533,10.928],[39.543,10.941],[39.55,10.944],[39.562,10.946],[39.571,10.938],[39.585,10.934],[39.598,10.924],[39.605,10.926],[39.599,10.933],[39.586,10.943],[39.588,10.951],[39.591,10.957],[39.602,10.975],[39.602,10.992],[39.609,11.008],[39.615,11.011],[39.622,11.009],[39.629,11.005],[39.632,10.996],[39.638,10.995],[39.653,10.994],[39.671,11.007],[39.681,10.997]]]]}},{"type":"Feature","properties":{"name":"East Esite"},"geometry":{"type":"Polygon","coordinates":[[[37.906,11.553],[37.91,11.549],[37.937,11.545],[37.94,11.554],[37.947,11.566],[37.96,11.567],[37.969,11.577],[37.974,11.58],[37.99,11.585],[38.001,11.594],[38.013,11.596],[38.028,11.605],[38.039,11.608],[38.045,11.597],[38.05,11.576],[38.051,11.549],[38.045,11.536],[38.038,11.538],[38.032,11.535],[38.028,11.527],[38.027,11.52],[38.028,11.513],[38.032,11.507],[38.031,11.498],[38.026,11.484],[38.022,11.459],[38.016,11.44],[38.022,11.442],[38.029,11.441],[38.035,11.437],[38.038,11.431],[38.039,11.424],[38.059,11.397],[38.066,11.381],[38.066,11.373],[38.052,11.344],[38.048,11.331],[38.049,11.318],[38.046,11.305],[38.037,11.288],[38.031,11.29],[38.026,11.294],[38.024,11.3],[38.015,11.297],[38.008,11.293],[37.998,11.282],[37.991,11.267],[37.986,11.261],[37.985,11.246],[37.998,11.23],[37.999,11.215],[37.992,11.207],[37.995,11.2],[38.002,11.194],[38.006,11.179],[38.02,11.172],[38.025,11.17],[38.042,11.17],[38.057,11.168],[38.074,11.156],[38.108,11.155],[38.116,11.152],[38.122,11.156],[38.129,11.156],[38.136,11.159],[38.156,11.161],[38.161,11.177],[38.163,11.191],[38.169,11.202],[38.168,11.213],[38.166,11.218],[38.167,11.224],[38.172,11.235],[38.18,11.267],[38.178,11.275],[38.167,11.298],[38.159,11.306],[38.153,11.331],[38.15,11.336],[38.144,11.341],[38.137,11.342],[38.134,11.354],[38.135,11.359],[38.111,11.395],[38.107,11.398],[38.103,11.41],[38.104,11.415],[38.108,11.423],[38.112,11.44],[38.113,11.449],[38.118,11.462],[38.131,11.468],[38.136,11.474],[38.143,11.472],[38.149,11.467],[38.157,11.465],[38.18,11.464],[38.185,11.467],[38.189,11.496],[38.196,11.503],[38.201,11.512],[38.19,11.512],[38.191,11.519],[38.208,11.521],[38.219,11.517],[38.22,11.532],[38.222,11.537],[38.226,11.541],[38.229,11.548],[38.216,11.547],[38.216,11.572],[38.218,11.58],[38.221,11.586],[38.231,11.582],[38.235,11.575],[38.244,11.57],[38.255,11.566],[38.253,11.574],[38.263,11.586],[38.262,11.591],[38.257,11.594],[38.252,11.601],[38.247,11.614],[38.241,11.62],[38.234,11.63],[38.227,11.63],[38.221,11.637],[38.221,11.643],[38.223,11.651],[38.236,11.663],[38.235,11.669],[38.224,11.685],[38.237,11.692],[38.237,11.711],[38.232,11.713],[38.228,11.71],[38.221,11.709],[38.207,11.709],[38.194,11.707],[38.188,11.711],[38.181,11.713],[38.174,11.712],[38.158,11.716],[38.139,11.716],[38.115,11.723],[38.106,11.721],[38.087,11.724],[38.068,11.735],[38.062,11.736],[38.059,11.731],[38.059,11.714],[38.055,11.709],[38.048,11.707],[38.024,11.714],[38.018,11.71],[38.021,11.691],[38.004,11.685],[37.977,11.69],[37.967,11.698],[37.954,11.704],[37.948,11.709],[37.941,11.712],[37.935,11.711],[37.93,11.698],[37.93,11.692],[37.926,11.689],[37.919,11.686],[37.911,11.688],[37.892,11.701],[37.887,11.702],[37.881,11.699],[37.878,11.683],[37.874,11.679],[37.857,11.684],[37.852,11.684],[37.839,11.679],[37.829,11.668],[37.826,11.66],[37.836,11.654],[37.849,11.639],[37.851,11.631],[37.851,11.625],[37.844,11.612],[37.851,11.609],[37.856,11.609],[37.862,11.613],[37.869,11.613],[37.872,11.607],[37.877,11.602],[37.876,11.594],[37.879,11.587],[37.885,11.584],[37.9,11.584],[37.916,11.58],[37.923,11.574],[37.91,11.566],[37.906,11.553]]]}},{"type":"Feature","properties":{"name":"East Belesa"},"geometry":{"type":"Polygon","coordinates":[[[38.48,12.627],[38.475,12.635],[38.469,12.641],[38.468,12.649],[38.464,12.654],[38.458,12.657],[38.457,12.665],[38.45,12.672],[38.453,12.686],[38.449,12.693],[38.45,12.699],[38.458,12.712],[38.459,12.719],[38.454,12.727],[38.465,12.735],[38.464,12.741],[38.451,12.747],[38.443,12.745],[38.438,12.741],[38.425,12.739],[38.405,12.75],[38.397,12.751],[38.386,12.746],[38.379,12.746],[38.355,12.759],[38.339,12.757],[38.332,12.753],[38.305,12.747],[38.288,12.737],[38.283,12.732],[38.27,12.732],[38.265,12.737],[38.259,12.732],[38.252,12.73],[38.245,12.733],[38.231,12.743],[38.216,12.748],[38.201,12.739],[38.194,12.742],[38.18,12.735],[38.172,12.735],[38.157,12.727],[38.141,12.717],[38.135,12.715],[38.131,12.71],[38.119,12.7],[38.106,12.698],[38.099,12.694],[38.089,12.681],[38.083,12.677],[38.079,12.668],[38.072,12.664],[38.072,12.659],[38.063,12.644],[38.066,12.638],[38.063,12.634],[38.062,12.628],[38.056,12.627],[38.054,12.623],[38.052,12.617],[38.046,12.616],[38.045,12.61],[38.04,12.608],[38.034,12.608],[38.029,12.607],[38.024,12.595],[38.002,12.585],[37.988,12.572],[37.977,12.56],[37.976,12.551],[37.982,12.537],[37.971,12.532],[37.961,12.524],[37.958,12.519],[37.952,12.496],[37.943,12.484],[37.933,12.464],[37.923,12.454],[37.909,12.446],[37.914,12.439],[37.921,12.436],[37.925,12.431],[37.937,12.418],[37.935,12.388],[37.94,12.36],[37.949,12.347],[37.943,12.342],[37.938,12.339],[37.932,12.342],[37.925,12.35],[37.913,12.368],[37.903,12.389],[37.898,12.396],[37.891,12.393],[37.895,12.386],[37.897,12.366],[37.907,12.343],[37.912,12.322],[37.931,12.309],[37.944,12.304],[37.958,12.305],[37.957,12.29],[37.963,12.289],[37.969,12.294],[37.972,12.3],[37.978,12.304],[37.985,12.301],[37.985,12.294],[37.992,12.293],[37.999,12.299],[38.005,12.309],[38.018,12.306],[38.023,12.308],[38.026,12.313],[38.033,12.313],[38.045,12.325],[38.063,12.333],[38.066,12.327],[38.07,12.305],[38.076,12.302],[38.091,12.301],[38.099,12.302],[38.109,12.306],[38.12,12.316],[38.126,12.328],[38.145,12.327],[38.166,12.335],[38.184,12.347],[38.197,12.361],[38.223,12.378],[38.234,12.381],[38.243,12.387],[38.256,12.391],[38.261,12.395],[38.272,12.406],[38.283,12.416],[38.287,12.422],[38.29,12.433],[38.293,12.438],[38.304,12.449],[38.311,12.461],[38.323,12.472],[38.342,12.485],[38.356,12.514],[38.365,12.525],[38.37,12.53],[38.391,12.54],[38.397,12.545],[38.403,12.549],[38.423,12.55],[38.429,12.552],[38.432,12.556],[38.435,12.569],[38.448,12.574],[38.451,12.581],[38.46,12.583],[38.464,12.588],[38.464,12.595],[38.478,12.608],[38.476,12.615],[38.473,12.621],[38.48,12.627]]]}},{"type":"Feature","properties":{"name":"Ebenat"},"geometry":{"type":"Polygon","coordinates":[[[38.479,12.3],[38.477,12.307],[38.484,12.317],[38.486,12.324],[38.485,12.334],[38.489,12.341],[38.482,12.353],[38.482,12.362],[38.461,12.38],[38.448,12.397],[38.445,12.402],[38.444,12.409],[38.436,12.422],[38.437,12.433],[38.429,12.452],[38.435,12.465],[38.436,12.473],[38.431,12.479],[38.428,12.487],[38.431,12.498],[38.427,12.507],[38.423,12.523],[38.419,12.529],[38.425,12.531],[38.426,12.539],[38.423,12.55],[38.403,12.549],[38.397,12.545],[38.391,12.54],[38.37,12.53],[38.365,12.525],[38.356,12.514],[38.342,12.485],[38.323,12.472],[38.311,12.461],[38.304,12.449],[38.293,12.438],[38.29,12.433],[38.287,12.422],[38.283,12.416],[38.272,12.406],[38.261,12.395],[38.256,12.391],[38.243,12.387],[38.234,12.381],[38.223,12.378],[38.197,12.361],[38.184,12.347],[38.166,12.335],[38.145,12.327],[38.126,12.328],[38.12,12.316],[38.109,12.306],[38.099,12.302],[38.091,12.301],[38.076,12.302],[38.07,12.305],[38.066,12.327],[38.063,12.333],[38.045,12.325],[38.033,12.313],[38.026,12.313],[38.023,12.308],[38.018,12.306],[38.005,12.309],[37.999,12.299],[37.992,12.293],[37.985,12.294],[37.985,12.301],[37.978,12.304],[37.972,12.3],[37.969,12.294],[37.963,12.289],[37.957,12.29],[37.958,12.305],[37.944,12.304],[37.934,12.281],[37.939,12.273],[37.953,12.263],[37.954,12.255],[37.952,12.242],[37.953,12.235],[37.959,12.227],[37.96,12.219],[37.97,12.196],[37.966,12.193],[37.938,12.182],[37.933,12.177],[37.938,12.173],[37.95,12.167],[37.951,12.162],[37.95,12.147],[37.957,12.089],[37.953,12.055],[37.949,12.037],[37.955,12.037],[37.961,12.042],[37.971,12.041],[37.977,12.044],[37.991,12.045],[38.004,12.023],[38.019,12.006],[38.044,12.003],[38.08,11.976],[38.097,11.964],[38.106,11.956],[38.112,11.957],[38.128,11.972],[38.143,11.98],[38.15,11.98],[38.163,11.992],[38.169,11.993],[38.172,11.984],[38.178,11.975],[38.184,11.969],[38.189,11.961],[38.21,11.941],[38.226,11.943],[38.234,11.947],[38.239,11.955],[38.246,11.958],[38.253,11.957],[38.26,11.959],[38.268,11.955],[38.277,11.939],[38.277,11.933],[38.271,11.928],[38.271,11.924],[38.286,11.914],[38.293,11.908],[38.294,11.9],[38.294,11.888],[38.3,11.89],[38.319,11.902],[38.34,11.911],[38.347,11.916],[38.363,11.931],[38.37,11.946],[38.387,11.97],[38.391,11.98],[38.393,12.0],[38.413,12.037],[38.417,12.049],[38.424,12.058],[38.439,12.072],[38.442,12.078],[38.447,12.095],[38.448,12.111],[38.451,12.124],[38.458,12.142],[38.461,12.156],[38.467,12.163],[38.472,12.164],[38.467,12.196],[38.463,12.204],[38.464,12.209],[38.458,12.212],[38.448,12.221],[38.446,12.229],[38.448,12.241],[38.453,12.248],[38.456,12.259],[38.455,12.265],[38.46,12.284],[38.464,12.288],[38.472,12.297],[38.479,12.3]]]}},{"type":"Feature","properties":{"name":"Eferatana Gidem"},"geometry":{"type":"Polygon","coordinates":[[[39.824,10.476],[39.814,10.47],[39.806,10.469],[39.797,10.462],[39.791,10.454],[39.795,10.445],[39.8,10.44],[39.804,10.407],[39.809,10.402],[39.818,10.373],[39.816,10.353],[39.82,10.31],[39.817,10.303],[39.811,10.249],[39.818,10.241],[39.829,10.235],[39.835,10.23],[39.832,10.209],[39.832,10.193],[39.829,10.178],[39.829,10.169],[39.835,10.163],[39.848,10.159],[39.862,10.15],[39.872,10.139],[39.877,10.131],[39.884,10.124],[39.899,10.106],[39.928,10.091],[39.949,10.085],[39.97,10.086],[39.981,10.089],[39.99,10.089],[39.988,10.098],[39.982,10.103],[39.964,10.11],[39.952,10.103],[39.924,10.111],[39.917,10.116],[39.914,10.121],[39.913,10.128],[39.913,10.133],[39.916,10.14],[39.93,10.15],[39.931,10.16],[39.924,10.166],[39.923,10.175],[39.931,10.19],[39.932,10.198],[39.921,10.216],[39.927,10.226],[39.933,10.232],[39.938,10.234],[39.923,10.271],[39.927,10.278],[39.938,10.285],[39.932,10.289],[39.924,10.29],[39.92,10.293],[39.917,10.3],[39.916,10.306],[39.919,10.313],[39.92,10.322],[39.933,10.33],[39.939,10.332],[39.952,10.326],[39.959,10.326],[39.977,10.336],[39.962,10.348],[39.956,10.352],[39.943,10.355],[39.939,10.359],[39.939,10.378],[39.942,10.388],[39.943,10.399],[39.942,10.422],[39.944,10.434],[39.936,10.436],[39.938,10.45],[39.937,10.46],[39.931,10.468],[39.937,10.48],[39.933,10.486],[39.926,10.509],[39.918,10.507],[39.912,10.508],[39.901,10.5],[39.885,10.493],[39.873,10.485],[39.868,10.478],[39.863,10.461],[39.867,10.447],[39.853,10.449],[39.831,10.462],[39.831,10.476],[39.824,10.476]]]}},{"type":"Feature","properties":{"name":"Enarj Enawga"},"geometry":{"type":"Polygon","coordinates":[[[37.977,10.683],[37.99,10.691],[38.008,10.693],[38.027,10.695],[38.052,10.693],[38.079,10.68],[38.081,10.668],[38.097,10.656],[38.112,10.637],[38.127,10.628],[38.142,10.618],[38.15,10.615],[38.158,10.609],[38.165,10.607],[38.177,10.609],[38.186,10.599],[38.211,10.584],[38.229,10.58],[38.233,10.576],[38.238,10.575],[38.243,10.576],[38.249,10.575],[38.26,10.567],[38.266,10.566],[38.283,10.57],[38.306,10.564],[38.314,10.564],[38.351,10.569],[38.359,10.565],[38.369,10.554],[38.386,10.555],[38.399,10.551],[38.412,10.553],[38.418,10.556],[38.434,10.558],[38.456,10.549],[38.464,10.543],[38.464,10.552],[38.468,10.566],[38.463,10.586],[38.464,10.593],[38.469,10.597],[38.476,10.631],[38.47,10.635],[38.455,10.638],[38.444,10.644],[38.419,10.648],[38.409,10.664],[38.401,10.671],[38.394,10.675],[38.389,10.679],[38.383,10.692],[38.37,10.708],[38.367,10.727],[38.36,10.74],[38.354,10.747],[38.32,10.744],[38.301,10.752],[38.29,10.764],[38.282,10.767],[38.273,10.768],[38.268,10.771],[38.256,10.771],[38.248,10.772],[38.244,10.777],[38.235,10.782],[38.23,10.788],[38.218,10.786],[38.213,10.782],[38.203,10.782],[38.189,10.784],[38.181,10.789],[38.172,10.799],[38.162,10.802],[38.155,10.806],[38.145,10.818],[38.133,10.82],[38.126,10.82],[38.11,10.814],[38.099,10.819],[38.092,10.818],[38.085,10.815],[38.078,10.818],[38.06,10.811],[38.048,10.802],[38.038,10.803],[38.034,10.808],[38.029,10.804],[38.019,10.801],[38.013,10.797],[38.007,10.786],[37.982,10.763],[37.959,10.749],[37.954,10.738],[37.948,10.732],[37.945,10.718],[37.937,10.7],[37.938,10.693],[37.944,10.687],[37.977,10.683]]]}},{"type":"Feature","properties":{"name":"Enbise Sar Midir"},"geometry":{"type":"Polygon","coordinates":[[[38.527,10.801],[38.52,10.806],[38.517,10.813],[38.509,10.834],[38.509,10.84],[38.517,10.851],[38.519,10.865],[38.524,10.871],[38.527,10.88],[38.522,10.9],[38.518,10.908],[38.518,10.917],[38.51,10.934],[38.504,10.939],[38.499,10.956],[38.493,10.964],[38.499,10.972],[38.498,10.979],[38.49,10.994],[38.478,11.029],[38.474,11.036],[38.451,11.067],[38.439,11.081],[38.433,11.083],[38.426,11.083],[38.421,11.079],[38.416,11.077],[38.41,11.077],[38.39,11.082],[38.39,11.074],[38.387,11.067],[38.38,11.061],[38.363,11.057],[38.338,11.048],[38.333,11.044],[38.331,11.037],[38.332,11.028],[38.335,11.019],[38.328,11.019],[38.31,11.007],[38.287,10.999],[38.283,10.993],[38.284,10.986],[38.264,10.985],[38.256,10.98],[38.253,10.975],[38.257,10.958],[38.249,10.94],[38.24,10.93],[38.236,10.916],[38.237,10.907],[38.235,10.897],[38.235,10.869],[38.229,10.847],[38.237,10.83],[38.246,10.819],[38.263,10.789],[38.268,10.785],[38.271,10.778],[38.268,10.771],[38.273,10.768],[38.282,10.767],[38.29,10.764],[38.301,10.752],[38.32,10.744],[38.354,10.747],[38.36,10.74],[38.367,10.727],[38.37,10.708],[38.383,10.692],[38.389,10.679],[38.394,10.675],[38.401,10.671],[38.409,10.664],[38.419,10.648],[38.444,10.644],[38.455,10.638],[38.47,10.635],[38.476,10.631],[38.482,10.638],[38.487,10.64],[38.491,10.644],[38.497,10.658],[38.506,10.667],[38.507,10.682],[38.513,10.687],[38.515,10.692],[38.514,10.698],[38.51,10.704],[38.509,10.716],[38.511,10.724],[38.508,10.743],[38.513,10.762],[38.522,10.777],[38.53,10.783],[38.529,10.789],[38.523,10.794],[38.527,10.801]]]}},{"type":"Feature","properties":{"name":"Enemay"},"geometry":{"type":"Polygon","coordinates":[[[38.115,10.344],[38.119,10.341],[38.122,10.335],[38.12,10.329],[38.121,10.323],[38.135,10.316],[38.141,10.307],[38.148,10.303],[38.153,10.296],[38.159,10.296],[38.172,10.299],[38.172,10.312],[38.175,10.316],[38.182,10.318],[38.188,10.322],[38.195,10.328],[38.203,10.339],[38.219,10.339],[38.229,10.335],[38.237,10.335],[38.243,10.339],[38.251,10.338],[38.252,10.344],[38.246,10.346],[38.242,10.351],[38.239,10.357],[38.225,10.37],[38.223,10.375],[38.229,10.38],[38.236,10.382],[38.256,10.382],[38.274,10.391],[38.278,10.397],[38.276,10.417],[38.277,10.423],[38.296,10.432],[38.303,10.436],[38.308,10.442],[38.31,10.447],[38.31,10.453],[38.303,10.474],[38.306,10.478],[38.312,10.484],[38.314,10.491],[38.312,10.499],[38.316,10.515],[38.328,10.529],[38.341,10.539],[38.369,10.554],[38.359,10.565],[38.351,10.569],[38.314,10.564],[38.306,10.564],[38.283,10.57],[38.266,10.566],[38.26,10.567],[38.249,10.575],[38.243,10.576],[38.238,10.575],[38.233,10.576],[38.229,10.58],[38.211,10.584],[38.186,10.599],[38.177,10.609],[38.165,10.607],[38.158,10.609],[38.15,10.615],[38.142,10.618],[38.127,10.628],[38.112,10.637],[38.097,10.656],[38.081,10.668],[38.079,10.68],[38.052,10.693],[38.027,10.695],[38.008,10.693],[37.99,10.691],[37.977,10.683],[37.987,10.673],[37.991,10.661],[37.996,10.659],[38.0,10.654],[38.001,10.645],[38.006,10.636],[38.04,10.615],[38.049,10.614],[38.055,10.611],[38.057,10.606],[38.056,10.6],[38.054,10.595],[38.054,10.59],[38.062,10.579],[38.063,10.564],[38.084,10.537],[38.107,10.526],[38.101,10.513],[38.105,10.493],[38.109,10.489],[38.116,10.487],[38.118,10.479],[38.117,10.471],[38.113,10.465],[38.107,10.469],[38.101,10.467],[38.098,10.461],[38.098,10.455],[38.109,10.448],[38.112,10.443],[38.112,10.437],[38.114,10.432],[38.121,10.427],[38.128,10.426],[38.135,10.418],[38.141,10.415],[38.133,10.405],[38.128,10.405],[38.123,10.402],[38.114,10.39],[38.113,10.385],[38.114,10.378],[38.117,10.371],[38.118,10.356],[38.115,10.35],[38.115,10.344]]]}},{"type":"Feature","properties":{"name":"Fagta Lakoma"},"geometry":{"type":"Polygon","coordinates":[[[37.081,11.037],[37.08,11.043],[37.072,11.055],[37.071,11.078],[37.086,11.096],[37.083,11.102],[37.073,11.114],[37.079,11.138],[37.079,11.157],[37.076,11.161],[37.069,11.165],[37.072,11.169],[37.069,11.174],[37.049,11.182],[37.045,11.187],[37.038,11.178],[37.027,11.187],[37.021,11.187],[37.006,11.183],[36.999,11.182],[36.994,11.178],[36.994,11.17],[36.979,11.162],[36.974,11.157],[36.969,11.152],[36.962,11.152],[36.959,11.145],[36.953,11.138],[36.946,11.138],[36.94,11.142],[36.938,11.149],[36.943,11.16],[36.938,11.165],[36.931,11.168],[36.926,11.166],[36.925,11.159],[36.919,11.157],[36.899,11.155],[36.883,11.168],[36.878,11.164],[36.872,11.172],[36.86,11.173],[36.845,11.164],[36.841,11.157],[36.834,11.153],[36.826,11.151],[36.814,11.151],[36.799,11.14],[36.794,11.133],[36.785,11.134],[36.771,11.145],[36.766,11.142],[36.753,11.13],[36.747,11.117],[36.741,11.115],[36.737,11.112],[36.727,11.111],[36.716,11.103],[36.704,11.099],[36.702,11.093],[36.699,11.081],[36.695,11.078],[36.69,11.078],[36.672,11.079],[36.665,11.083],[36.667,11.073],[36.671,11.066],[36.677,11.063],[36.681,11.043],[36.685,11.037],[36.699,11.043],[36.705,11.038],[36.713,11.039],[36.721,11.038],[36.733,11.031],[36.743,11.03],[36.761,11.015],[36.775,11.014],[36.782,11.011],[36.788,10.991],[36.792,10.985],[36.797,10.98],[36.804,10.977],[36.815,10.968],[36.834,10.965],[36.839,10.961],[36.844,10.959],[36.86,10.962],[36.865,10.966],[36.871,10.966],[36.878,10.968],[36.874,10.979],[36.878,10.986],[36.883,10.99],[36.903,10.995],[36.911,10.995],[36.922,10.991],[36.927,10.995],[36.936,11.014],[36.937,11.019],[36.932,11.025],[36.938,11.028],[36.952,11.028],[36.958,11.024],[36.965,11.023],[36.968,11.018],[36.973,11.016],[36.977,11.022],[36.985,11.025],[36.99,11.037],[36.995,11.04],[37.001,11.039],[37.006,11.032],[37.011,11.029],[37.017,11.035],[37.019,11.03],[37.024,11.025],[37.029,11.02],[37.035,11.02],[37.058,11.026],[37.065,11.031],[37.075,11.039],[37.081,11.037]]]}},{"type":"Feature","properties":{"name":"Farta"},"geometry":{"type":"Polygon","coordinates":[[[38.237,11.711],[38.234,11.743],[38.234,11.751],[38.244,11.767],[38.246,11.772],[38.246,11.783],[38.249,11.792],[38.257,11.801],[38.265,11.817],[38.273,11.827],[38.278,11.852],[38.275,11.867],[38.278,11.876],[38.288,11.883],[38.294,11.888],[38.294,11.9],[38.293,11.908],[38.286,11.914],[38.271,11.924],[38.271,11.928],[38.277,11.933],[38.277,11.939],[38.268,11.955],[38.26,11.959],[38.253,11.957],[38.246,11.958],[38.239,11.955],[38.234,11.947],[38.226,11.943],[38.21,11.941],[38.189,11.961],[38.184,11.969],[38.178,11.975],[38.172,11.984],[38.169,11.993],[38.163,11.992],[38.15,11.98],[38.143,11.98],[38.128,11.972],[38.112,11.957],[38.106,11.956],[38.097,11.964],[38.08,11.976],[38.044,12.003],[38.019,12.006],[38.004,12.023],[37.991,12.045],[37.977,12.044],[37.979,12.038],[37.98,12.028],[37.972,12.009],[37.964,11.995],[37.959,11.991],[37.951,11.989],[37.952,11.975],[37.956,11.97],[37.954,11.964],[37.948,11.956],[37.926,11.939],[37.927,11.921],[37.923,11.908],[37.915,11.889],[37.917,11.881],[37.912,11.872],[37.914,11.861],[37.903,11.847],[37.897,11.842],[37.889,11.839],[37.881,11.834],[37.874,11.818],[37.866,11.804],[37.865,11.796],[37.869,11.792],[37.87,11.787],[37.874,11.782],[37.874,11.773],[37.872,11.766],[37.866,11.762],[37.855,11.762],[37.851,11.756],[37.852,11.751],[37.846,11.741],[37.856,11.728],[37.857,11.72],[37.856,11.713],[37.875,11.705],[37.881,11.699],[37.887,11.702],[37.892,11.701],[37.911,11.688],[37.919,11.686],[37.926,11.689],[37.93,11.692],[37.93,11.698],[37.935,11.711],[37.941,11.712],[37.948,11.709],[37.954,11.704],[37.967,11.698],[37.977,11.69],[38.004,11.685],[38.021,11.691],[38.018,11.71],[38.024,11.714],[38.048,11.707],[38.055,11.709],[38.059,11.714],[38.059,11.731],[38.062,11.736],[38.068,11.735],[38.087,11.724],[38.106,11.721],[38.115,11.723],[38.139,11.716],[38.158,11.716],[38.174,11.712],[38.181,11.713],[38.188,11.711],[38.194,11.707],[38.207,11.709],[38.221,11.709],[38.228,11.71],[38.232,11.713],[38.237,11.711]]]}},{"type":"Feature","properties":{"name":"Fogera"},"geometry":{"type":"Polygon","coordinates":[[[37.839,11.679],[37.852,11.684],[37.857,11.684],[37.874,11.679],[37.878,11.683],[37.881,11.699],[37.875,11.705],[37.856,11.713],[37.857,11.72],[37.856,11.728],[37.846,11.741],[37.852,11.751],[37.851,11.756],[37.855,11.762],[37.866,11.762],[37.872,11.766],[37.874,11.773],[37.874,11.782],[37.87,11.787],[37.869,11.792],[37.865,11.796],[37.866,11.804],[37.874,11.818],[37.881,11.834],[37.889,11.839],[37.897,11.842],[37.903,11.847],[37.914,11.861],[37.912,11.872],[37.917,11.881],[37.915,11.889],[37.923,11.908],[37.927,11.921],[37.926,11.939],[37.948,11.956],[37.954,11.964],[37.956,11.97],[37.952,11.975],[37.951,11.989],[37.959,11.991],[37.964,11.995],[37.972,12.009],[37.98,12.028],[37.979,12.038],[37.977,12.044],[37.971,12.041],[37.961,12.042],[37.955,12.037],[37.949,12.037],[37.943,12.041],[37.924,12.034],[37.912,12.037],[37.899,12.037],[37.894,12.035],[37.889,12.034],[37.874,12.039],[37.871,12.031],[37.857,12.03],[37.854,12.037],[37.85,12.029],[37.84,12.022],[37.832,12.022],[37.821,12.026],[37.797,12.03],[37.791,12.027],[37.785,12.032],[37.775,12.025],[37.769,12.024],[37.762,12.02],[37.746,12.023],[37.743,12.016],[37.737,12.013],[37.724,11.998],[37.713,11.989],[37.708,11.989],[37.7,11.986],[37.682,11.982],[37.677,11.985],[37.669,11.984],[37.661,11.972],[37.653,11.969],[37.639,11.965],[37.628,11.969],[37.623,11.976],[37.619,11.993],[37.606,12.002],[37.591,12.002],[37.58,11.995],[37.574,11.989],[37.572,11.981],[37.573,11.974],[37.571,11.968],[37.545,11.918],[37.523,11.896],[37.515,11.897],[37.513,11.904],[37.499,11.894],[37.507,11.887],[37.513,11.885],[37.517,11.879],[37.531,11.872],[37.536,11.867],[37.542,11.869],[37.549,11.859],[37.555,11.859],[37.566,11.871],[37.581,11.878],[37.598,11.876],[37.621,11.865],[37.632,11.858],[37.63,11.85],[37.634,11.844],[37.632,11.839],[37.637,11.836],[37.643,11.84],[37.649,11.84],[37.643,11.826],[37.635,11.824],[37.643,11.812],[37.643,11.803],[37.647,11.8],[37.649,11.794],[37.655,11.797],[37.658,11.793],[37.671,11.786],[37.682,11.785],[37.694,11.786],[37.7,11.776],[37.702,11.771],[37.705,11.766],[37.71,11.753],[37.714,11.748],[37.715,11.743],[37.718,11.738],[37.718,11.732],[37.721,11.726],[37.729,11.726],[37.735,11.724],[37.722,11.71],[37.724,11.7],[37.74,11.69],[37.757,11.684],[37.767,11.689],[37.778,11.682],[37.797,11.679],[37.816,11.686],[37.822,11.679],[37.839,11.679]]]}},{"type":"Feature","properties":{"name":"Gaz Gibla"},"geometry":{"type":"Polygon","coordinates":[[[39.246,12.354],[39.232,12.352],[39.219,12.356],[39.213,12.353],[39.204,12.355],[39.193,12.36],[39.183,12.369],[39.178,12.372],[39.177,12.365],[39.164,12.352],[39.154,12.346],[39.137,12.357],[39.115,12.354],[39.118,12.36],[39.134,12.374],[39.118,12.376],[39.1,12.401],[39.092,12.403],[39.087,12.406],[39.085,12.417],[39.081,12.421],[39.08,12.427],[39.082,12.455],[39.077,12.472],[39.076,12.493],[39.072,12.497],[39.053,12.503],[39.028,12.495],[39.011,12.496],[39.004,12.501],[38.999,12.516],[38.992,12.517],[38.982,12.504],[38.974,12.499],[38.943,12.492],[38.935,12.492],[38.94,12.462],[38.939,12.454],[38.934,12.451],[38.924,12.451],[38.919,12.449],[38.915,12.443],[38.912,12.431],[38.911,12.416],[38.901,12.397],[38.899,12.384],[38.895,12.372],[38.895,12.366],[38.898,12.362],[38.91,12.354],[38.917,12.346],[38.916,12.338],[38.901,12.31],[38.896,12.303],[38.869,12.276],[38.88,12.27],[38.895,12.27],[38.901,12.267],[38.918,12.263],[38.957,12.247],[38.968,12.247],[38.982,12.249],[39.0,12.245],[39.006,12.242],[39.007,12.232],[39.005,12.213],[39.008,12.169],[39.014,12.164],[39.051,12.174],[39.081,12.176],[39.086,12.175],[39.09,12.17],[39.09,12.161],[39.094,12.143],[39.093,12.137],[39.09,12.132],[39.092,12.126],[39.102,12.118],[39.108,12.117],[39.121,12.118],[39.131,12.12],[39.138,12.127],[39.149,12.145],[39.156,12.166],[39.159,12.172],[39.167,12.173],[39.176,12.18],[39.186,12.191],[39.188,12.197],[39.191,12.201],[39.196,12.205],[39.199,12.218],[39.211,12.238],[39.217,12.258],[39.22,12.263],[39.242,12.289],[39.248,12.3],[39.256,12.311],[39.264,12.331],[39.264,12.335],[39.252,12.345],[39.246,12.354]]]}},{"type":"Feature","properties":{"name":"Menz Gera Midir"},"geometry":{"type":"Polygon","coordinates":[[[39.746,10.532],[39.74,10.533],[39.733,10.529],[39.727,10.53],[39.72,10.526],[39.716,10.514],[39.712,10.51],[39.709,10.505],[39.699,10.498],[39.692,10.497],[39.678,10.501],[39.664,10.497],[39.655,10.49],[39.634,10.481],[39.623,10.472],[39.611,10.47],[39.605,10.459],[39.584,10.446],[39.563,10.441],[39.536,10.443],[39.524,10.442],[39.519,10.444],[39.513,10.444],[39.504,10.44],[39.496,10.439],[39.489,10.436],[39.48,10.434],[39.46,10.437],[39.456,10.432],[39.451,10.421],[39.449,10.412],[39.436,10.395],[39.439,10.389],[39.433,10.371],[39.422,10.359],[39.415,10.354],[39.399,10.331],[39.41,10.323],[39.417,10.311],[39.423,10.298],[39.428,10.297],[39.435,10.297],[39.443,10.302],[39.457,10.305],[39.47,10.312],[39.479,10.314],[39.486,10.312],[39.487,10.3],[39.48,10.295],[39.479,10.288],[39.482,10.283],[39.474,10.277],[39.479,10.273],[39.468,10.261],[39.456,10.256],[39.451,10.251],[39.457,10.25],[39.447,10.244],[39.441,10.239],[39.435,10.237],[39.437,10.232],[39.445,10.233],[39.455,10.23],[39.463,10.236],[39.474,10.251],[39.481,10.252],[39.489,10.251],[39.495,10.23],[39.495,10.223],[39.492,10.21],[39.493,10.204],[39.504,10.194],[39.511,10.196],[39.529,10.202],[39.538,10.203],[39.545,10.21],[39.564,10.217],[39.576,10.222],[39.595,10.224],[39.611,10.229],[39.619,10.228],[39.63,10.223],[39.635,10.227],[39.641,10.228],[39.648,10.227],[39.653,10.224],[39.658,10.224],[39.667,10.227],[39.675,10.238],[39.682,10.244],[39.694,10.244],[39.709,10.249],[39.73,10.247],[39.735,10.25],[39.742,10.25],[39.753,10.263],[39.76,10.265],[39.769,10.264],[39.786,10.253],[39.808,10.245],[39.811,10.249],[39.817,10.303],[39.82,10.31],[39.816,10.353],[39.818,10.373],[39.809,10.402],[39.804,10.407],[39.8,10.44],[39.795,10.445],[39.791,10.454],[39.797,10.462],[39.806,10.469],[39.814,10.47],[39.824,10.476],[39.815,10.482],[39.8,10.487],[39.795,10.492],[39.792,10.498],[39.792,10.505],[39.795,10.511],[39.792,10.544],[39.778,10.557],[39.771,10.555],[39.766,10.55],[39.765,10.544],[39.755,10.525],[39.751,10.521],[39.746,10.532]]]}},{"type":"Feature","properties":{"name":"Gidan"},"geometry":{"type":"Polygon","coordinates":[[[39.264,12.331],[39.256,12.311],[39.248,12.3],[39.242,12.289],[39.22,12.263],[39.217,12.258],[39.211,12.238],[39.199,12.218],[39.196,12.205],[39.202,12.202],[39.208,12.183],[39.209,12.173],[39.208,12.165],[39.201,12.148],[39.202,12.141],[39.207,12.135],[39.21,12.127],[39.209,12.104],[39.207,12.098],[39.183,12.055],[39.183,12.04],[39.181,12.034],[39.172,12.013],[39.167,11.997],[39.159,11.987],[39.157,11.98],[39.157,11.973],[39.167,11.956],[39.168,11.944],[39.167,11.937],[39.161,11.933],[39.154,11.932],[39.141,11.925],[39.135,11.926],[39.115,11.923],[39.107,11.92],[39.105,11.913],[39.126,11.907],[39.15,11.892],[39.168,11.886],[39.174,11.882],[39.189,11.876],[39.196,11.878],[39.202,11.885],[39.214,11.885],[39.221,11.886],[39.236,11.894],[39.245,11.895],[39.265,11.883],[39.272,11.885],[39.279,11.883],[39.288,11.885],[39.291,11.894],[39.321,11.886],[39.335,11.886],[39.348,11.89],[39.353,11.898],[39.36,11.901],[39.368,11.902],[39.373,11.905],[39.372,11.911],[39.378,11.916],[39.381,11.93],[39.387,11.934],[39.393,11.936],[39.408,11.95],[39.408,11.957],[39.411,11.966],[39.41,11.982],[39.415,11.988],[39.427,11.979],[39.434,11.966],[39.439,11.965],[39.446,11.965],[39.453,11.963],[39.454,11.956],[39.474,11.94],[39.487,11.943],[39.497,11.94],[39.502,11.947],[39.499,11.969],[39.51,11.981],[39.514,11.987],[39.516,11.993],[39.511,12.009],[39.517,12.02],[39.519,12.039],[39.528,12.063],[39.53,12.07],[39.513,12.075],[39.506,12.074],[39.5,12.076],[39.494,12.082],[39.491,12.088],[39.492,12.095],[39.476,12.097],[39.468,12.1],[39.465,12.106],[39.465,12.112],[39.46,12.115],[39.448,12.113],[39.441,12.113],[39.428,12.117],[39.424,12.122],[39.407,12.122],[39.403,12.125],[39.408,12.139],[39.418,12.157],[39.407,12.161],[39.405,12.166],[39.404,12.172],[39.409,12.185],[39.408,12.19],[39.392,12.191],[39.396,12.211],[39.385,12.215],[39.385,12.223],[39.38,12.231],[39.377,12.239],[39.392,12.244],[39.387,12.25],[39.382,12.253],[39.38,12.259],[39.381,12.265],[39.38,12.272],[39.374,12.279],[39.373,12.302],[39.351,12.299],[39.343,12.301],[39.335,12.301],[39.323,12.306],[39.306,12.298],[39.292,12.297],[39.286,12.3],[39.281,12.306],[39.264,12.331]]]}},{"type":"Feature","properties":{"name":"Gishe Rabel"},"geometry":{"type":"Polygon","coordinates":[[[39.498,10.677],[39.484,10.671],[39.48,10.667],[39.476,10.625],[39.475,10.6],[39.472,10.582],[39.471,10.562],[39.472,10.55],[39.475,10.545],[39.482,10.54],[39.486,10.535],[39.49,10.527],[39.494,10.516],[39.495,10.504],[39.487,10.487],[39.466,10.466],[39.461,10.451],[39.46,10.437],[39.48,10.434],[39.489,10.436],[39.496,10.439],[39.504,10.44],[39.513,10.444],[39.519,10.444],[39.524,10.442],[39.536,10.443],[39.563,10.441],[39.584,10.446],[39.605,10.459],[39.611,10.47],[39.623,10.472],[39.634,10.481],[39.655,10.49],[39.664,10.497],[39.678,10.501],[39.692,10.497],[39.699,10.498],[39.709,10.505],[39.712,10.51],[39.716,10.514],[39.72,10.526],[39.727,10.53],[39.733,10.529],[39.74,10.533],[39.746,10.532],[39.747,10.539],[39.743,10.544],[39.742,10.553],[39.744,10.561],[39.743,10.568],[39.733,10.575],[39.727,10.574],[39.718,10.577],[39.724,10.592],[39.724,10.618],[39.722,10.626],[39.717,10.628],[39.701,10.632],[39.695,10.635],[39.696,10.641],[39.702,10.648],[39.706,10.655],[39.708,10.669],[39.707,10.675],[39.715,10.679],[39.716,10.687],[39.714,10.693],[39.702,10.695],[39.696,10.7],[39.693,10.709],[39.696,10.725],[39.692,10.731],[39.694,10.745],[39.677,10.744],[39.662,10.738],[39.656,10.739],[39.65,10.735],[39.645,10.73],[39.632,10.721],[39.623,10.712],[39.604,10.704],[39.593,10.698],[39.588,10.681],[39.581,10.67],[39.575,10.67],[39.57,10.667],[39.555,10.661],[39.551,10.656],[39.531,10.64],[39.524,10.644],[39.521,10.649],[39.52,10.657],[39.516,10.666],[39.508,10.67],[39.498,10.677]]]}},{"type":"Feature","properties":{"name":"Goncha Siso Enese"},"geometry":{"type":"Polygon","coordinates":[[[38.116,11.152],[38.116,11.139],[38.115,11.132],[38.1,11.108],[38.081,11.092],[38.069,11.089],[38.062,11.084],[38.049,11.069],[38.004,11.052],[38.002,11.046],[38.004,11.03],[38.011,11.013],[38.009,11.008],[38.009,11.002],[38.016,10.991],[38.021,10.986],[38.022,10.974],[38.019,10.967],[38.014,10.964],[38.01,10.945],[38.016,10.942],[38.018,10.936],[38.014,10.928],[38.017,10.921],[38.027,10.924],[38.035,10.908],[38.037,10.9],[38.035,10.892],[38.029,10.888],[38.024,10.872],[38.021,10.858],[38.021,10.848],[38.024,10.842],[38.029,10.839],[38.03,10.832],[38.024,10.825],[38.014,10.823],[38.001,10.815],[37.999,10.807],[38.013,10.797],[38.019,10.801],[38.029,10.804],[38.034,10.808],[38.038,10.803],[38.048,10.802],[38.06,10.811],[38.078,10.818],[38.085,10.815],[38.092,10.818],[38.099,10.819],[38.11,10.814],[38.126,10.82],[38.133,10.82],[38.145,10.818],[38.155,10.806],[38.162,10.802],[38.172,10.799],[38.181,10.789],[38.189,10.784],[38.203,10.782],[38.213,10.782],[38.218,10.786],[38.23,10.788],[38.235,10.782],[38.244,10.777],[38.248,10.772],[38.256,10.771],[38.268,10.771],[38.271,10.778],[38.268,10.785],[38.263,10.789],[38.246,10.819],[38.237,10.83],[38.229,10.847],[38.235,10.869],[38.235,10.897],[38.237,10.907],[38.236,10.916],[38.24,10.93],[38.249,10.94],[38.257,10.958],[38.253,10.975],[38.256,10.98],[38.264,10.985],[38.284,10.986],[38.283,10.993],[38.287,10.999],[38.31,11.007],[38.328,11.019],[38.335,11.019],[38.332,11.028],[38.331,11.037],[38.333,11.044],[38.338,11.048],[38.363,11.057],[38.38,11.061],[38.387,11.067],[38.39,11.074],[38.39,11.082],[38.385,11.09],[38.373,11.102],[38.366,11.104],[38.343,11.107],[38.332,11.122],[38.325,11.128],[38.31,11.137],[38.298,11.147],[38.292,11.149],[38.286,11.147],[38.279,11.143],[38.271,11.142],[38.265,11.143],[38.253,11.149],[38.236,11.152],[38.212,11.14],[38.205,11.139],[38.199,11.139],[38.178,11.141],[38.166,11.149],[38.156,11.161],[38.136,11.159],[38.129,11.156],[38.122,11.156],[38.116,11.152]]]}},{"type":"Feature","properties":{"name":"Gonder Zuria"},"geometry":{"type":"Polygon","coordinates":[[[37.48,12.3],[37.485,12.297],[37.492,12.295],[37.499,12.288],[37.501,12.281],[37.507,12.278],[37.519,12.264],[37.521,12.256],[37.526,12.251],[37.527,12.245],[37.539,12.239],[37.541,12.234],[37.546,12.23],[37.554,12.228],[37.559,12.224],[37.562,12.212],[37.562,12.205],[37.56,12.197],[37.567,12.194],[37.569,12.185],[37.575,12.176],[37.576,12.16],[37.585,12.156],[37.593,12.143],[37.595,12.13],[37.6,12.127],[37.613,12.132],[37.627,12.135],[37.635,12.123],[37.643,12.122],[37.649,12.125],[37.638,12.141],[37.637,12.147],[37.642,12.149],[37.648,12.147],[37.652,12.14],[37.66,12.14],[37.667,12.142],[37.678,12.148],[37.685,12.15],[37.684,12.159],[37.687,12.165],[37.694,12.171],[37.708,12.173],[37.728,12.17],[37.734,12.172],[37.74,12.177],[37.743,12.184],[37.753,12.188],[37.757,12.213],[37.75,12.211],[37.737,12.213],[37.732,12.219],[37.726,12.221],[37.721,12.227],[37.713,12.231],[37.704,12.241],[37.699,12.243],[37.694,12.241],[37.689,12.255],[37.686,12.259],[37.666,12.256],[37.67,12.261],[37.671,12.269],[37.665,12.276],[37.656,12.277],[37.647,12.299],[37.661,12.315],[37.675,12.324],[37.68,12.33],[37.682,12.338],[37.686,12.342],[37.691,12.339],[37.694,12.331],[37.722,12.328],[37.727,12.331],[37.743,12.351],[37.745,12.357],[37.742,12.365],[37.743,12.377],[37.739,12.396],[37.737,12.412],[37.732,12.414],[37.723,12.414],[37.715,12.404],[37.713,12.416],[37.701,12.422],[37.689,12.419],[37.678,12.408],[37.672,12.406],[37.664,12.406],[37.662,12.412],[37.661,12.419],[37.668,12.426],[37.676,12.437],[37.669,12.45],[37.662,12.468],[37.662,12.475],[37.668,12.488],[37.668,12.503],[37.666,12.509],[37.655,12.515],[37.648,12.521],[37.647,12.535],[37.638,12.548],[37.62,12.547],[37.621,12.557],[37.619,12.571],[37.632,12.57],[37.639,12.571],[37.661,12.577],[37.654,12.59],[37.646,12.591],[37.639,12.595],[37.63,12.594],[37.622,12.595],[37.615,12.603],[37.602,12.608],[37.596,12.606],[37.588,12.607],[37.579,12.61],[37.567,12.62],[37.556,12.631],[37.555,12.639],[37.549,12.641],[37.564,12.666],[37.564,12.672],[37.555,12.679],[37.55,12.672],[37.544,12.669],[37.537,12.67],[37.531,12.672],[37.533,12.68],[37.527,12.682],[37.52,12.68],[37.509,12.674],[37.505,12.677],[37.503,12.69],[37.495,12.685],[37.491,12.689],[37.49,12.695],[37.485,12.699],[37.473,12.694],[37.459,12.7],[37.429,12.699],[37.427,12.691],[37.412,12.686],[37.405,12.68],[37.397,12.678],[37.39,12.674],[37.387,12.669],[37.399,12.655],[37.402,12.648],[37.415,12.609],[37.421,12.598],[37.396,12.603],[37.4,12.586],[37.387,12.583],[37.368,12.582],[37.354,12.585],[37.359,12.579],[37.363,12.544],[37.366,12.528],[37.369,12.522],[37.377,12.52],[37.38,12.51],[37.386,12.505],[37.383,12.483],[37.388,12.486],[37.394,12.493],[37.402,12.494],[37.406,12.491],[37.409,12.486],[37.406,12.483],[37.401,12.48],[37.4,12.475],[37.409,12.47],[37.405,12.436],[37.41,12.43],[37.422,12.423],[37.433,12.401],[37.438,12.396],[37.457,12.382],[37.449,12.361],[37.445,12.356],[37.446,12.349],[37.449,12.342],[37.463,12.334],[37.484,12.315],[37.48,12.3]]]}},{"type":"Feature","properties":{"name":"Gonje"},"geometry":{"type":"Polygon","coordinates":[[[37.726,11.071],[37.718,11.07],[37.713,11.069],[37.701,11.071],[37.696,11.074],[37.691,11.096],[37.714,11.108],[37.728,11.111],[37.746,11.112],[37.761,11.107],[37.768,11.111],[37.774,11.116],[37.775,11.126],[37.777,11.132],[37.789,11.136],[37.794,11.142],[37.796,11.148],[37.79,11.146],[37.784,11.147],[37.752,11.139],[37.745,11.135],[37.735,11.133],[37.726,11.134],[37.713,11.129],[37.699,11.13],[37.679,11.135],[37.639,11.125],[37.633,11.125],[37.622,11.122],[37.598,11.122],[37.585,11.119],[37.577,11.12],[37.569,11.123],[37.565,11.129],[37.565,11.136],[37.567,11.143],[37.551,11.143],[37.544,11.141],[37.545,11.133],[37.543,11.128],[37.526,11.119],[37.523,11.113],[37.531,11.101],[37.539,11.099],[37.551,11.09],[37.556,11.079],[37.555,11.073],[37.559,11.069],[37.558,11.054],[37.563,11.041],[37.556,11.021],[37.558,11.014],[37.565,11.01],[37.58,11.011],[37.613,11.003],[37.629,11.003],[37.653,11.011],[37.667,11.015],[37.684,11.022],[37.695,11.033],[37.699,11.039],[37.708,11.049],[37.71,11.056],[37.716,11.062],[37.721,11.064],[37.726,11.071]]]}},{"type":"Feature","properties":{"name":"Guagusa Shikudad"},"geometry":{"type":"Polygon","coordinates":[[[36.935,10.723],[36.949,10.705],[36.954,10.705],[36.959,10.708],[36.966,10.71],[36.961,10.717],[36.959,10.723],[36.963,10.729],[36.971,10.72],[36.976,10.719],[36.98,10.722],[36.981,10.729],[36.983,10.735],[36.998,10.738],[37.003,10.741],[37.006,10.748],[37.01,10.752],[37.016,10.751],[37.013,10.745],[37.012,10.739],[37.014,10.732],[37.021,10.731],[37.026,10.734],[37.027,10.747],[37.035,10.749],[37.04,10.754],[37.054,10.764],[37.066,10.76],[37.065,10.784],[37.074,10.785],[37.077,10.779],[37.099,10.791],[37.094,10.798],[37.091,10.81],[37.091,10.817],[37.098,10.826],[37.106,10.825],[37.119,10.821],[37.121,10.828],[37.121,10.842],[37.125,10.85],[37.118,10.851],[37.111,10.863],[37.112,10.87],[37.115,10.877],[37.112,10.884],[37.109,10.896],[37.11,10.902],[37.113,10.912],[37.103,10.924],[37.093,10.931],[37.089,10.936],[37.087,10.943],[37.083,10.946],[37.071,10.933],[37.071,10.918],[37.067,10.913],[37.06,10.915],[37.039,10.911],[37.039,10.893],[37.033,10.886],[37.033,10.893],[37.019,10.887],[37.006,10.885],[36.996,10.887],[36.988,10.891],[36.984,10.896],[36.979,10.893],[36.971,10.893],[36.969,10.88],[36.97,10.873],[36.964,10.871],[36.965,10.864],[36.961,10.858],[36.95,10.853],[36.945,10.848],[36.945,10.839],[36.927,10.817],[36.927,10.811],[36.93,10.805],[36.941,10.803],[36.941,10.787],[36.945,10.779],[36.946,10.765],[36.95,10.761],[36.949,10.754],[36.942,10.735],[36.935,10.723]]]}},{"type":"Feature","properties":{"name":"Guangua"},"geometry":{"type":"Polygon","coordinates":[[[36.323,10.88],[36.31,10.863],[36.31,10.855],[36.315,10.852],[36.31,10.837],[36.311,10.828],[36.306,10.821],[36.296,10.816],[36.3,10.811],[36.293,10.807],[36.283,10.805],[36.284,10.797],[36.289,10.773],[36.286,10.752],[36.286,10.745],[36.295,10.744],[36.312,10.748],[36.314,10.754],[36.325,10.764],[36.326,10.77],[36.332,10.771],[36.342,10.79],[36.35,10.791],[36.358,10.791],[36.378,10.787],[36.374,10.774],[36.377,10.766],[36.375,10.759],[36.363,10.749],[36.36,10.743],[36.353,10.741],[36.332,10.727],[36.327,10.715],[36.318,10.705],[36.317,10.698],[36.323,10.686],[36.319,10.68],[36.312,10.68],[36.313,10.675],[36.321,10.668],[36.325,10.663],[36.319,10.653],[36.312,10.65],[36.307,10.645],[36.304,10.639],[36.308,10.625],[36.302,10.624],[36.298,10.621],[36.292,10.621],[36.287,10.616],[36.282,10.605],[36.285,10.6],[36.294,10.598],[36.307,10.579],[36.303,10.572],[36.303,10.555],[36.309,10.553],[36.312,10.549],[36.312,10.543],[36.319,10.529],[36.327,10.524],[36.344,10.522],[36.349,10.525],[36.356,10.528],[36.36,10.531],[36.364,10.519],[36.365,10.507],[36.372,10.506],[36.383,10.491],[36.392,10.469],[36.41,10.456],[36.418,10.455],[36.423,10.457],[36.429,10.456],[36.436,10.453],[36.446,10.457],[36.45,10.46],[36.456,10.476],[36.464,10.48],[36.486,10.484],[36.512,10.48],[36.519,10.48],[36.528,10.484],[36.531,10.49],[36.535,10.493],[36.548,10.498],[36.567,10.508],[36.598,10.522],[36.607,10.534],[36.627,10.538],[36.643,10.544],[36.643,10.549],[36.654,10.563],[36.675,10.599],[36.67,10.607],[36.669,10.614],[36.669,10.62],[36.665,10.625],[36.649,10.631],[36.65,10.635],[36.653,10.64],[36.647,10.644],[36.617,10.65],[36.614,10.655],[36.617,10.66],[36.622,10.664],[36.626,10.669],[36.637,10.691],[36.646,10.697],[36.66,10.722],[36.661,10.727],[36.658,10.731],[36.664,10.739],[36.67,10.743],[36.671,10.75],[36.674,10.758],[36.685,10.767],[36.69,10.774],[36.686,10.781],[36.681,10.797],[36.681,10.811],[36.688,10.822],[36.693,10.826],[36.705,10.83],[36.704,10.837],[36.687,10.862],[36.689,10.873],[36.7,10.882],[36.71,10.898],[36.712,10.906],[36.709,10.912],[36.695,10.913],[36.683,10.922],[36.68,10.927],[36.668,10.932],[36.666,10.937],[36.67,10.948],[36.668,10.954],[36.65,10.966],[36.632,10.969],[36.64,10.994],[36.646,10.996],[36.651,11.001],[36.663,11.002],[36.663,11.011],[36.665,11.017],[36.672,11.017],[36.677,11.023],[36.685,11.037],[36.681,11.043],[36.677,11.063],[36.671,11.066],[36.667,11.073],[36.665,11.083],[36.661,11.088],[36.656,11.098],[36.645,11.099],[36.625,11.111],[36.612,11.112],[36.607,11.115],[36.6,11.115],[36.591,11.112],[36.583,11.113],[36.579,11.111],[36.576,11.102],[36.568,11.103],[36.56,11.101],[36.556,11.094],[36.535,11.099],[36.533,11.114],[36.526,11.114],[36.516,11.106],[36.501,11.086],[36.492,11.077],[36.49,11.07],[36.486,11.067],[36.479,11.068],[36.471,11.056],[36.452,11.054],[36.445,11.051],[36.437,11.04],[36.428,11.036],[36.423,11.032],[36.418,11.002],[36.367,10.947],[36.355,10.938],[36.351,10.931],[36.354,10.922],[36.348,10.918],[36.346,10.912],[36.332,10.899],[36.331,10.893],[36.333,10.888],[36.328,10.883],[36.323,10.88]]]}},{"type":"Feature","properties":{"name":"Guba Lafto"},"geometry":{"type":"Polygon","coordinates":[[[39.558,11.708],[39.556,11.717],[39.549,11.729],[39.537,11.737],[39.546,11.755],[39.563,11.776],[39.569,11.775],[39.571,11.767],[39.585,11.767],[39.596,11.765],[39.612,11.765],[39.62,11.766],[39.66,11.767],[39.679,11.762],[39.685,11.762],[39.691,11.767],[39.702,11.769],[39.713,11.777],[39.72,11.779],[39.735,11.774],[39.74,11.771],[39.771,11.762],[39.774,11.757],[39.779,11.753],[39.798,11.752],[39.801,11.758],[39.794,11.786],[39.791,11.792],[39.781,11.802],[39.758,11.816],[39.755,11.828],[39.755,11.84],[39.741,11.85],[39.733,11.881],[39.733,11.9],[39.718,11.893],[39.704,11.895],[39.685,11.893],[39.666,11.887],[39.658,11.887],[39.628,11.87],[39.618,11.867],[39.612,11.868],[39.602,11.875],[39.593,11.876],[39.585,11.875],[39.579,11.87],[39.571,11.866],[39.553,11.876],[39.541,11.88],[39.519,11.883],[39.507,11.892],[39.501,11.901],[39.5,11.909],[39.502,11.928],[39.501,11.934],[39.497,11.94],[39.487,11.943],[39.474,11.94],[39.454,11.956],[39.453,11.963],[39.446,11.965],[39.439,11.965],[39.434,11.966],[39.427,11.979],[39.415,11.988],[39.41,11.982],[39.411,11.966],[39.408,11.957],[39.408,11.95],[39.393,11.936],[39.387,11.934],[39.381,11.93],[39.378,11.916],[39.372,11.911],[39.373,11.905],[39.368,11.902],[39.36,11.901],[39.353,11.898],[39.348,11.89],[39.335,11.886],[39.321,11.886],[39.291,11.894],[39.288,11.885],[39.279,11.883],[39.272,11.885],[39.265,11.883],[39.26,11.869],[39.254,11.859],[39.218,11.847],[39.207,11.841],[39.205,11.834],[39.207,11.826],[39.218,11.82],[39.232,11.806],[39.238,11.806],[39.235,11.792],[39.236,11.786],[39.241,11.78],[39.248,11.777],[39.248,11.783],[39.257,11.792],[39.26,11.798],[39.282,11.809],[39.286,11.812],[39.3,11.817],[39.306,11.815],[39.312,11.816],[39.316,11.821],[39.321,11.824],[39.331,11.84],[39.334,11.837],[39.35,11.84],[39.376,11.836],[39.385,11.833],[39.395,11.824],[39.404,11.819],[39.423,11.819],[39.423,11.813],[39.419,11.808],[39.418,11.802],[39.42,11.796],[39.432,11.79],[39.437,11.785],[39.439,11.779],[39.436,11.774],[39.436,11.767],[39.462,11.744],[39.46,11.737],[39.459,11.724],[39.441,11.718],[39.424,11.709],[39.422,11.703],[39.422,11.692],[39.415,11.691],[39.406,11.693],[39.4,11.692],[39.396,11.684],[39.389,11.679],[39.386,11.675],[39.38,11.671],[39.362,11.665],[39.357,11.662],[39.339,11.621],[39.337,11.612],[39.327,11.593],[39.336,11.595],[39.345,11.595],[39.354,11.591],[39.361,11.59],[39.376,11.589],[39.393,11.586],[39.414,11.588],[39.435,11.586],[39.465,11.594],[39.47,11.598],[39.478,11.603],[39.483,11.608],[39.481,11.615],[39.488,11.63],[39.49,11.641],[39.497,11.647],[39.504,11.658],[39.509,11.662],[39.522,11.665],[39.537,11.67],[39.542,11.676],[39.545,11.691],[39.544,11.709],[39.558,11.708]]]}},{"type":"Feature","properties":{"name":"Guzamn"},"geometry":{"type":"Polygon","coordinates":[[[37.831,10.32],[37.825,10.324],[37.812,10.35],[37.81,10.363],[37.802,10.364],[37.794,10.364],[37.781,10.362],[37.771,10.359],[37.765,10.361],[37.766,10.367],[37.763,10.373],[37.764,10.379],[37.763,10.385],[37.759,10.392],[37.759,10.398],[37.749,10.411],[37.747,10.417],[37.746,10.426],[37.735,10.434],[37.732,10.439],[37.731,10.446],[37.728,10.451],[37.72,10.446],[37.717,10.439],[37.717,10.431],[37.715,10.424],[37.715,10.409],[37.701,10.42],[37.697,10.417],[37.694,10.424],[37.687,10.425],[37.683,10.421],[37.682,10.415],[37.676,10.412],[37.655,10.411],[37.646,10.409],[37.637,10.409],[37.638,10.415],[37.645,10.421],[37.642,10.426],[37.633,10.435],[37.628,10.432],[37.62,10.43],[37.615,10.426],[37.607,10.414],[37.601,10.409],[37.594,10.406],[37.591,10.399],[37.579,10.39],[37.577,10.375],[37.579,10.367],[37.56,10.364],[37.551,10.355],[37.549,10.342],[37.55,10.336],[37.544,10.331],[37.539,10.33],[37.527,10.33],[37.524,10.335],[37.513,10.344],[37.511,10.348],[37.507,10.343],[37.506,10.335],[37.5,10.324],[37.503,10.318],[37.502,10.312],[37.495,10.303],[37.5,10.288],[37.5,10.282],[37.493,10.269],[37.497,10.262],[37.496,10.247],[37.491,10.23],[37.491,10.222],[37.495,10.209],[37.495,10.202],[37.49,10.196],[37.476,10.19],[37.465,10.183],[37.454,10.17],[37.442,10.163],[37.434,10.16],[37.427,10.16],[37.422,10.154],[37.411,10.128],[37.405,10.122],[37.396,10.108],[37.397,10.102],[37.394,10.097],[37.394,10.061],[37.393,10.055],[37.388,10.048],[37.399,10.047],[37.419,10.038],[37.425,10.035],[37.445,10.016],[37.454,10.013],[37.462,10.013],[37.477,10.016],[37.481,10.023],[37.49,10.028],[37.497,10.028],[37.51,10.021],[37.525,10.03],[37.534,10.039],[37.545,10.043],[37.568,10.067],[37.576,10.095],[37.606,10.133],[37.615,10.141],[37.633,10.147],[37.64,10.154],[37.645,10.163],[37.657,10.17],[37.665,10.192],[37.671,10.198],[37.704,10.214],[37.715,10.226],[37.716,10.232],[37.72,10.236],[37.733,10.241],[37.733,10.247],[37.753,10.267],[37.755,10.273],[37.753,10.285],[37.76,10.295],[37.765,10.299],[37.772,10.303],[37.783,10.3],[37.812,10.302],[37.824,10.3],[37.833,10.301],[37.829,10.312],[37.831,10.32]]]}},{"type":"Feature","properties":{"name":"Habru"},"geometry":{"type":"Polygon","coordinates":[[[39.67,11.469],[39.68,11.471],[39.684,11.473],[39.699,11.475],[39.706,11.474],[39.714,11.475],[39.723,11.471],[39.731,11.468],[39.738,11.469],[39.745,11.474],[39.753,11.475],[39.763,11.476],[39.77,11.474],[39.796,11.481],[39.805,11.486],[39.817,11.497],[39.823,11.501],[39.854,11.514],[39.89,11.539],[39.907,11.553],[39.926,11.578],[39.937,11.587],[39.967,11.6],[39.973,11.605],[39.98,11.606],[39.992,11.612],[39.998,11.613],[40.016,11.646],[39.995,11.682],[39.971,11.665],[39.951,11.683],[39.925,11.702],[39.912,11.719],[39.903,11.737],[39.886,11.763],[39.88,11.768],[39.876,11.78],[39.874,11.799],[39.879,11.859],[39.879,11.883],[39.881,11.891],[39.861,11.883],[39.853,11.881],[39.832,11.891],[39.808,11.896],[39.796,11.908],[39.789,11.908],[39.774,11.916],[39.76,11.912],[39.754,11.908],[39.745,11.906],[39.733,11.9],[39.733,11.881],[39.741,11.85],[39.755,11.84],[39.755,11.828],[39.758,11.816],[39.781,11.802],[39.791,11.792],[39.794,11.786],[39.801,11.758],[39.798,11.752],[39.779,11.753],[39.774,11.757],[39.771,11.762],[39.74,11.771],[39.735,11.774],[39.72,11.779],[39.713,11.777],[39.702,11.769],[39.691,11.767],[39.685,11.762],[39.679,11.762],[39.66,11.767],[39.62,11.766],[39.612,11.765],[39.596,11.765],[39.585,11.767],[39.571,11.767],[39.569,11.775],[39.563,11.776],[39.546,11.755],[39.537,11.737],[39.549,11.729],[39.556,11.717],[39.558,11.708],[39.577,11.704],[39.583,11.696],[39.586,11.658],[39.583,11.618],[39.587,11.607],[39.594,11.574],[39.6,11.562],[39.601,11.551],[39.6,11.545],[39.593,11.531],[39.594,11.522],[39.601,11.522],[39.612,11.524],[39.62,11.524],[39.629,11.518],[39.636,11.511],[39.641,11.513],[39.649,11.509],[39.652,11.504],[39.663,11.505],[39.668,11.502],[39.667,11.495],[39.67,11.485],[39.669,11.478],[39.67,11.469]]]}},{"type":"Feature","properties":{"name":"Hagere Mariam"},"geometry":{"type":"Polygon","coordinates":[[[39.286,9.279],[39.267,9.246],[39.261,9.251],[39.235,9.295],[39.208,9.293],[39.179,9.272],[39.195,9.253],[39.201,9.251],[39.215,9.229],[39.189,9.21],[39.215,9.174],[39.235,9.159],[39.25,9.137],[39.295,9.15],[39.324,9.15],[39.321,9.141],[39.33,9.138],[39.344,9.101],[39.349,9.089],[39.349,9.078],[39.355,9.072],[39.358,9.063],[39.364,9.052],[39.369,9.046],[39.392,9.034],[39.398,9.037],[39.404,9.037],[39.41,9.042],[39.422,9.059],[39.433,9.065],[39.436,9.07],[39.445,9.076],[39.451,9.073],[39.463,9.079],[39.471,9.073],[39.48,9.073],[39.486,9.075],[39.492,9.075],[39.497,9.081],[39.495,9.092],[39.498,9.104],[39.509,9.109],[39.504,9.13],[39.504,9.141],[39.507,9.15],[39.516,9.155],[39.519,9.161],[39.531,9.172],[39.535,9.187],[39.528,9.202],[39.525,9.21],[39.518,9.219],[39.516,9.225],[39.504,9.235],[39.502,9.243],[39.505,9.257],[39.511,9.262],[39.516,9.277],[39.5,9.28],[39.477,9.294],[39.464,9.303],[39.459,9.317],[39.452,9.319],[39.442,9.316],[39.408,9.317],[39.396,9.31],[39.392,9.304],[39.379,9.295],[39.372,9.286],[39.365,9.275],[39.357,9.26],[39.346,9.251],[39.329,9.242],[39.315,9.245],[39.308,9.25],[39.292,9.277],[39.286,9.279]]]}},{"type":"Feature","properties":{"name":"Hulet Ej Enese"},"geometry":{"type":"Polygon","coordinates":[[[37.845,10.704],[37.859,10.714],[37.865,10.716],[37.892,10.72],[37.905,10.717],[37.916,10.708],[37.937,10.7],[37.945,10.718],[37.948,10.732],[37.954,10.738],[37.959,10.749],[37.982,10.763],[38.007,10.786],[38.013,10.797],[37.999,10.807],[38.001,10.815],[38.014,10.823],[38.024,10.825],[38.03,10.832],[38.029,10.839],[38.024,10.842],[38.021,10.848],[38.021,10.858],[38.024,10.872],[38.029,10.888],[38.035,10.892],[38.037,10.9],[38.035,10.908],[38.027,10.924],[38.017,10.921],[38.014,10.928],[38.018,10.936],[38.016,10.942],[38.01,10.945],[38.014,10.964],[38.019,10.967],[38.022,10.974],[38.021,10.986],[38.016,10.991],[38.009,11.002],[38.009,11.008],[38.011,11.013],[38.004,11.03],[38.002,11.046],[38.004,11.052],[38.049,11.069],[38.062,11.084],[38.069,11.089],[38.081,11.092],[38.1,11.108],[38.115,11.132],[38.116,11.139],[38.116,11.152],[38.108,11.155],[38.074,11.156],[38.057,11.168],[38.042,11.17],[38.025,11.17],[38.02,11.172],[38.006,11.179],[38.002,11.194],[37.995,11.2],[37.976,11.199],[37.962,11.196],[37.951,11.192],[37.945,11.192],[37.94,11.199],[37.932,11.202],[37.926,11.208],[37.916,11.211],[37.909,11.21],[37.877,11.214],[37.872,11.218],[37.862,11.231],[37.856,11.235],[37.844,11.231],[37.838,11.227],[37.826,11.224],[37.823,11.217],[37.82,11.2],[37.817,11.194],[37.819,11.183],[37.818,11.163],[37.803,11.162],[37.798,11.155],[37.796,11.148],[37.794,11.142],[37.789,11.136],[37.777,11.132],[37.775,11.126],[37.774,11.116],[37.768,11.111],[37.761,11.107],[37.746,11.112],[37.728,11.111],[37.714,11.108],[37.691,11.096],[37.696,11.074],[37.701,11.071],[37.713,11.069],[37.718,11.07],[37.726,11.071],[37.738,11.08],[37.745,11.086],[37.751,11.08],[37.754,11.073],[37.772,11.058],[37.773,11.053],[37.782,11.038],[37.786,11.025],[37.798,11.009],[37.797,10.997],[37.795,10.991],[37.787,10.976],[37.783,10.961],[37.778,10.955],[37.774,10.943],[37.775,10.937],[37.773,10.92],[37.773,10.908],[37.768,10.895],[37.765,10.871],[37.772,10.858],[37.775,10.846],[37.773,10.831],[37.776,10.816],[37.776,10.809],[37.779,10.803],[37.783,10.798],[37.788,10.788],[37.802,10.784],[37.828,10.755],[37.834,10.742],[37.84,10.713],[37.84,10.706],[37.845,10.704]]]}},{"type":"Feature","properties":{"name":"Jabi Tehnan"},"geometry":{"type":"Polygon","coordinates":[[[37.116,10.404],[37.116,10.41],[37.124,10.415],[37.124,10.423],[37.137,10.437],[37.157,10.441],[37.159,10.446],[37.159,10.459],[37.166,10.467],[37.168,10.474],[37.174,10.479],[37.173,10.485],[37.179,10.486],[37.184,10.491],[37.184,10.504],[37.189,10.512],[37.195,10.519],[37.202,10.522],[37.205,10.526],[37.212,10.53],[37.218,10.535],[37.227,10.549],[37.237,10.56],[37.246,10.56],[37.256,10.566],[37.259,10.572],[37.261,10.578],[37.267,10.581],[37.273,10.582],[37.278,10.579],[37.295,10.58],[37.299,10.583],[37.315,10.588],[37.323,10.598],[37.329,10.601],[37.331,10.607],[37.336,10.61],[37.344,10.624],[37.357,10.628],[37.363,10.636],[37.37,10.636],[37.381,10.627],[37.388,10.625],[37.402,10.623],[37.409,10.626],[37.414,10.632],[37.42,10.634],[37.424,10.64],[37.442,10.65],[37.452,10.66],[37.46,10.675],[37.466,10.678],[37.47,10.684],[37.479,10.701],[37.489,10.71],[37.497,10.712],[37.506,10.726],[37.503,10.732],[37.493,10.739],[37.486,10.74],[37.487,10.746],[37.483,10.761],[37.491,10.763],[37.493,10.768],[37.479,10.773],[37.467,10.768],[37.465,10.762],[37.46,10.76],[37.456,10.755],[37.449,10.75],[37.443,10.753],[37.444,10.763],[37.44,10.769],[37.435,10.774],[37.423,10.775],[37.417,10.778],[37.415,10.801],[37.417,10.809],[37.416,10.821],[37.416,10.833],[37.404,10.838],[37.397,10.844],[37.398,10.852],[37.4,10.858],[37.398,10.881],[37.388,10.908],[37.386,10.914],[37.386,10.921],[37.382,10.927],[37.377,10.932],[37.371,10.934],[37.366,10.93],[37.369,10.914],[37.368,10.907],[37.362,10.903],[37.354,10.902],[37.332,10.907],[37.327,10.912],[37.323,10.918],[37.319,10.921],[37.307,10.92],[37.3,10.907],[37.289,10.903],[37.274,10.916],[37.265,10.913],[37.256,10.895],[37.244,10.883],[37.242,10.876],[37.248,10.865],[37.255,10.86],[37.253,10.852],[37.245,10.849],[37.24,10.852],[37.236,10.857],[37.215,10.859],[37.215,10.846],[37.212,10.841],[37.193,10.842],[37.196,10.833],[37.195,10.827],[37.185,10.811],[37.185,10.803],[37.188,10.797],[37.181,10.781],[37.17,10.758],[37.169,10.75],[37.161,10.747],[37.159,10.739],[37.162,10.733],[37.163,10.726],[37.149,10.725],[37.144,10.73],[37.131,10.729],[37.128,10.725],[37.129,10.719],[37.119,10.713],[37.125,10.705],[37.131,10.693],[37.129,10.686],[37.121,10.676],[37.122,10.669],[37.12,10.664],[37.103,10.658],[37.1,10.653],[37.107,10.624],[37.103,10.62],[37.107,10.613],[37.113,10.607],[37.13,10.596],[37.136,10.582],[37.129,10.548],[37.126,10.541],[37.11,10.537],[37.106,10.531],[37.093,10.533],[37.087,10.53],[37.088,10.514],[37.085,10.507],[37.072,10.5],[37.072,10.495],[37.088,10.482],[37.098,10.457],[37.095,10.444],[37.1,10.42],[37.107,10.411],[37.116,10.404]]]}},{"type":"Feature","properties":{"name":"Jama"},"geometry":{"type":"Polygon","coordinates":[[[39.334,10.593],[39.321,10.595],[39.315,10.591],[39.305,10.574],[39.298,10.572],[39.283,10.574],[39.258,10.588],[39.247,10.587],[39.229,10.57],[39.218,10.565],[39.206,10.553],[39.185,10.548],[39.179,10.536],[39.174,10.532],[39.154,10.501],[39.151,10.495],[39.15,10.478],[39.142,10.463],[39.126,10.448],[39.103,10.438],[39.101,10.432],[39.102,10.426],[39.097,10.406],[39.091,10.395],[39.083,10.394],[39.073,10.387],[39.059,10.381],[39.055,10.377],[39.06,10.374],[39.063,10.367],[39.064,10.352],[39.068,10.346],[39.082,10.342],[39.088,10.336],[39.096,10.323],[39.103,10.323],[39.109,10.331],[39.136,10.338],[39.16,10.325],[39.166,10.318],[39.169,10.301],[39.181,10.289],[39.19,10.285],[39.203,10.282],[39.214,10.292],[39.222,10.308],[39.246,10.303],[39.245,10.282],[39.24,10.276],[39.233,10.273],[39.225,10.265],[39.219,10.252],[39.202,10.241],[39.194,10.225],[39.192,10.217],[39.175,10.188],[39.174,10.182],[39.182,10.181],[39.186,10.173],[39.199,10.165],[39.204,10.16],[39.219,10.16],[39.223,10.167],[39.23,10.168],[39.234,10.175],[39.256,10.186],[39.275,10.201],[39.277,10.207],[39.28,10.211],[39.282,10.216],[39.289,10.228],[39.299,10.253],[39.305,10.257],[39.309,10.264],[39.315,10.267],[39.319,10.271],[39.32,10.277],[39.324,10.283],[39.33,10.285],[39.335,10.29],[39.344,10.29],[39.36,10.3],[39.364,10.303],[39.378,10.323],[39.395,10.334],[39.393,10.352],[39.399,10.359],[39.407,10.376],[39.405,10.387],[39.408,10.412],[39.412,10.417],[39.42,10.434],[39.417,10.461],[39.406,10.473],[39.401,10.493],[39.404,10.508],[39.403,10.515],[39.396,10.525],[39.389,10.547],[39.378,10.566],[39.376,10.579],[39.373,10.584],[39.36,10.58],[39.353,10.583],[39.347,10.581],[39.334,10.593]]]}},{"type":"Feature","properties":{"name":"Janamora"},"geometry":{"type":"Polygon","coordinates":[[[38.299,13.313],[38.289,13.324],[38.273,13.339],[38.267,13.343],[38.262,13.34],[38.249,13.334],[38.241,13.333],[38.232,13.336],[38.223,13.336],[38.217,13.341],[38.213,13.353],[38.208,13.36],[38.202,13.364],[38.196,13.366],[38.19,13.365],[38.194,13.345],[38.192,13.336],[38.204,13.329],[38.195,13.326],[38.188,13.328],[38.183,13.324],[38.177,13.321],[38.173,13.316],[38.179,13.285],[38.174,13.277],[38.166,13.272],[38.159,13.261],[38.169,13.256],[38.187,13.257],[38.194,13.253],[38.194,13.246],[38.189,13.237],[38.178,13.229],[38.15,13.214],[38.142,13.214],[38.098,13.197],[38.084,13.19],[38.08,13.186],[38.062,13.161],[38.059,13.154],[38.057,13.147],[38.061,13.14],[38.07,13.132],[38.073,13.123],[38.069,13.117],[38.062,13.109],[38.051,13.103],[38.052,13.097],[38.042,13.089],[38.044,13.073],[38.037,13.07],[38.032,13.065],[38.016,13.043],[38.01,13.038],[37.998,13.033],[37.996,13.028],[37.998,13.023],[38.003,13.017],[38.011,13.017],[38.016,13.015],[38.018,13.01],[38.021,13.005],[38.021,12.998],[38.019,12.992],[38.025,12.96],[38.034,12.947],[38.05,12.935],[38.056,12.932],[38.059,12.924],[38.051,12.915],[38.056,12.909],[38.065,12.916],[38.069,12.908],[38.061,12.886],[38.058,12.881],[38.052,12.883],[38.047,12.878],[38.047,12.884],[38.044,12.889],[38.034,12.891],[38.029,12.886],[38.03,12.879],[38.022,12.876],[38.03,12.863],[38.032,12.856],[38.027,12.856],[38.014,12.861],[38.008,12.866],[37.997,12.882],[37.992,12.887],[37.994,12.877],[37.998,12.87],[38.0,12.865],[38.016,12.849],[38.027,12.842],[38.043,12.834],[38.046,12.825],[38.051,12.82],[38.056,12.817],[38.064,12.804],[38.098,12.779],[38.105,12.776],[38.11,12.772],[38.117,12.772],[38.123,12.773],[38.16,12.765],[38.182,12.752],[38.194,12.742],[38.201,12.739],[38.216,12.748],[38.231,12.743],[38.245,12.733],[38.252,12.73],[38.259,12.732],[38.265,12.737],[38.27,12.732],[38.283,12.732],[38.288,12.737],[38.305,12.747],[38.332,12.753],[38.339,12.757],[38.334,12.762],[38.332,12.77],[38.335,12.794],[38.341,12.804],[38.346,12.818],[38.352,12.829],[38.353,12.837],[38.336,12.858],[38.336,12.864],[38.342,12.865],[38.35,12.876],[38.347,12.9],[38.348,12.905],[38.359,12.912],[38.367,12.907],[38.37,12.902],[38.367,12.898],[38.371,12.894],[38.388,12.894],[38.384,12.9],[38.385,12.906],[38.382,12.912],[38.386,12.916],[38.388,12.923],[38.391,12.928],[38.384,12.934],[38.378,12.935],[38.372,12.939],[38.366,12.954],[38.361,12.951],[38.357,12.946],[38.352,12.945],[38.349,12.951],[38.343,12.947],[38.339,12.952],[38.336,12.957],[38.338,12.969],[38.347,12.976],[38.349,12.983],[38.342,12.988],[38.334,12.99],[38.328,12.995],[38.325,13.015],[38.302,13.047],[38.295,13.08],[38.281,13.115],[38.309,13.133],[38.313,13.151],[38.325,13.173],[38.331,13.18],[38.337,13.203],[38.344,13.221],[38.35,13.228],[38.365,13.233],[38.368,13.24],[38.368,13.255],[38.339,13.28],[38.324,13.287],[38.311,13.297],[38.299,13.313]]]}},{"type":"Feature","properties":{"name":"Jawi"},"geometry":{"type":"Polygon","coordinates":[[[36.126,11.72],[36.119,11.707],[36.146,11.686],[36.158,11.687],[36.166,11.679],[36.186,11.691],[36.19,11.694],[36.202,11.707],[36.208,11.722],[36.232,11.723],[36.237,11.738],[36.262,11.754],[36.284,11.773],[36.31,11.804],[36.33,11.797],[36.342,11.782],[36.338,11.774],[36.342,11.769],[36.34,11.762],[36.341,11.749],[36.34,11.744],[36.34,11.738],[36.335,11.724],[36.335,11.718],[36.333,11.705],[36.348,11.697],[36.333,11.667],[36.339,11.652],[36.349,11.606],[36.366,11.601],[36.376,11.609],[36.38,11.597],[36.392,11.584],[36.391,11.572],[36.404,11.547],[36.415,11.546],[36.414,11.533],[36.435,11.512],[36.44,11.505],[36.445,11.494],[36.439,11.493],[36.436,11.488],[36.426,11.478],[36.42,11.468],[36.41,11.459],[36.411,11.415],[36.449,11.428],[36.468,11.429],[36.472,11.437],[36.49,11.441],[36.499,11.445],[36.504,11.459],[36.513,11.459],[36.522,11.445],[36.531,11.435],[36.534,11.395],[36.542,11.395],[36.552,11.387],[36.565,11.372],[36.564,11.359],[36.56,11.355],[36.54,11.346],[36.535,11.336],[36.548,11.338],[36.557,11.33],[36.563,11.319],[36.563,11.313],[36.558,11.303],[36.546,11.306],[36.538,11.306],[36.53,11.303],[36.516,11.29],[36.506,11.286],[36.496,11.29],[36.491,11.28],[36.484,11.273],[36.468,11.266],[36.477,11.246],[36.472,11.234],[36.461,11.227],[36.468,11.216],[36.469,11.198],[36.467,11.187],[36.469,11.179],[36.468,11.156],[36.476,11.158],[36.484,11.154],[36.49,11.147],[36.504,11.138],[36.512,11.138],[36.531,11.142],[36.55,11.139],[36.554,11.133],[36.554,11.128],[36.557,11.121],[36.561,11.114],[36.567,11.112],[36.574,11.113],[36.579,11.111],[36.583,11.113],[36.588,11.126],[36.585,11.152],[36.592,11.165],[36.592,11.175],[36.586,11.2],[36.591,11.205],[36.59,11.213],[36.588,11.221],[36.587,11.227],[36.591,11.233],[36.605,11.245],[36.628,11.248],[36.637,11.253],[36.638,11.26],[36.635,11.265],[36.625,11.27],[36.622,11.28],[36.635,11.283],[36.643,11.28],[36.683,11.29],[36.689,11.287],[36.693,11.29],[36.691,11.297],[36.686,11.302],[36.684,11.308],[36.694,11.315],[36.703,11.32],[36.705,11.328],[36.731,11.332],[36.74,11.347],[36.752,11.352],[36.753,11.358],[36.748,11.365],[36.753,11.366],[36.761,11.361],[36.764,11.366],[36.765,11.378],[36.767,11.386],[36.767,11.394],[36.763,11.4],[36.761,11.408],[36.769,11.411],[36.762,11.415],[36.751,11.424],[36.741,11.427],[36.736,11.432],[36.731,11.431],[36.719,11.425],[36.714,11.419],[36.705,11.415],[36.693,11.412],[36.687,11.413],[36.679,11.408],[36.67,11.405],[36.655,11.406],[36.644,11.403],[36.64,11.407],[36.648,11.418],[36.653,11.421],[36.657,11.425],[36.659,11.441],[36.655,11.443],[36.636,11.447],[36.624,11.453],[36.603,11.46],[36.576,11.463],[36.561,11.463],[36.543,11.464],[36.517,11.472],[36.512,11.475],[36.525,11.484],[36.527,11.489],[36.532,11.492],[36.536,11.496],[36.539,11.503],[36.538,11.509],[36.545,11.519],[36.544,11.526],[36.547,11.537],[36.564,11.544],[36.582,11.573],[36.588,11.581],[36.606,11.595],[36.638,11.628],[36.655,11.643],[36.654,11.651],[36.662,11.665],[36.662,11.672],[36.659,11.681],[36.663,11.688],[36.663,11.696],[36.663,11.718],[36.662,11.727],[36.646,11.718],[36.64,11.716],[36.633,11.717],[36.612,11.742],[36.598,11.753],[36.584,11.778],[36.581,11.785],[36.592,11.789],[36.595,11.795],[36.599,11.81],[36.599,11.823],[36.586,11.879],[36.601,11.882],[36.61,11.882],[36.606,11.907],[36.61,11.912],[36.616,11.909],[36.628,11.91],[36.628,11.917],[36.623,11.923],[36.623,11.93],[36.588,11.958],[36.549,11.971],[36.545,11.966],[36.538,11.977],[36.526,11.981],[36.515,11.988],[36.509,11.988],[36.484,11.99],[36.475,11.997],[36.453,12.002],[36.446,12.005],[36.439,12.006],[36.433,12.01],[36.41,12.016],[36.384,12.029],[36.381,12.037],[36.367,12.034],[36.355,12.046],[36.348,12.05],[36.342,12.051],[36.337,12.047],[36.331,12.045],[36.324,12.047],[36.311,12.045],[36.295,12.04],[36.288,12.037],[36.282,12.032],[36.28,12.025],[36.26,12.023],[36.253,12.021],[36.226,12.002],[36.217,12.001],[36.21,12.004],[36.203,12.0],[36.194,12.002],[36.187,12.0],[36.176,12.007],[36.17,12.002],[36.146,12.01],[36.141,12.009],[36.137,12.013],[36.129,12.009],[36.11,12.025],[36.101,12.03],[36.093,12.028],[36.087,12.025],[36.084,12.029],[36.08,12.037],[36.071,12.043],[36.065,12.049],[36.057,12.046],[36.054,12.038],[36.053,12.032],[36.059,12.027],[36.058,12.021],[36.051,12.023],[36.041,12.018],[36.033,12.019],[36.026,12.022],[36.021,12.017],[36.008,12.011],[36.0,12.013],[35.972,12.004],[35.967,12.005],[35.962,12.001],[35.967,11.985],[35.973,11.971],[35.97,11.959],[35.979,11.961],[35.997,11.928],[36.022,11.915],[36.043,11.896],[36.035,11.893],[36.039,11.886],[36.051,11.884],[36.046,11.877],[36.057,11.875],[36.05,11.867],[36.052,11.858],[36.055,11.85],[36.067,11.852],[36.085,11.836],[36.082,11.825],[36.096,11.814],[36.106,11.817],[36.118,11.775],[36.124,11.735],[36.117,11.724],[36.126,11.72]]]}},{"type":"Feature","properties":{"name":"Jille Timuga"},"geometry":{"type":"Polygon","coordinates":[[[39.99,10.089],[39.994,10.078],[40.025,10.075],[40.07,10.08],[40.108,10.072],[40.133,10.072],[40.159,10.091],[40.138,10.146],[40.13,10.174],[40.151,10.234],[40.156,10.258],[40.148,10.278],[40.158,10.286],[40.161,10.302],[40.16,10.357],[40.164,10.376],[40.165,10.413],[40.162,10.436],[40.154,10.44],[40.137,10.438],[40.132,10.431],[40.108,10.422],[40.096,10.413],[40.088,10.412],[40.049,10.418],[40.04,10.408],[40.034,10.404],[40.029,10.398],[40.023,10.394],[40.018,10.391],[40.008,10.389],[39.999,10.391],[39.993,10.389],[39.984,10.38],[39.976,10.374],[39.969,10.371],[39.957,10.374],[39.95,10.378],[39.948,10.384],[39.942,10.388],[39.939,10.378],[39.939,10.359],[39.943,10.355],[39.956,10.352],[39.962,10.348],[39.977,10.336],[39.959,10.326],[39.952,10.326],[39.939,10.332],[39.933,10.33],[39.92,10.322],[39.919,10.313],[39.916,10.306],[39.917,10.3],[39.92,10.293],[39.924,10.29],[39.932,10.289],[39.938,10.285],[39.927,10.278],[39.923,10.271],[39.938,10.234],[39.933,10.232],[39.927,10.226],[39.921,10.216],[39.932,10.198],[39.931,10.19],[39.923,10.175],[39.924,10.166],[39.931,10.16],[39.93,10.15],[39.916,10.14],[39.913,10.133],[39.913,10.128],[39.914,10.121],[39.917,10.116],[39.924,10.111],[39.952,10.103],[39.964,10.11],[39.982,10.103],[39.988,10.098],[39.99,10.089]]]}},{"type":"Feature","properties":{"name":"Kalu"},"geometry":{"type":"Polygon","coordinates":[[[39.673,10.895],[39.683,10.886],[39.689,10.884],[39.695,10.879],[39.72,10.872],[39.726,10.873],[39.736,10.881],[39.744,10.883],[39.752,10.88],[39.766,10.886],[39.77,10.891],[39.779,10.891],[39.783,10.886],[39.788,10.882],[39.789,10.876],[39.796,10.879],[39.806,10.886],[39.814,10.894],[39.822,10.898],[39.829,10.899],[39.833,10.892],[39.839,10.887],[39.839,10.882],[39.836,10.869],[39.836,10.861],[39.838,10.854],[39.848,10.85],[39.853,10.851],[39.859,10.857],[39.867,10.859],[39.888,10.863],[39.881,10.875],[39.876,10.879],[39.88,10.883],[39.89,10.89],[39.889,10.897],[39.891,10.914],[39.89,10.943],[39.896,10.95],[39.89,10.957],[39.882,10.957],[39.874,10.96],[39.867,10.966],[39.878,10.978],[39.884,10.981],[39.893,10.981],[39.903,10.977],[39.912,10.979],[39.92,10.984],[39.924,10.994],[39.938,11.0],[39.953,11.016],[39.941,11.029],[39.937,11.035],[39.943,11.04],[39.948,11.047],[39.952,11.05],[39.972,11.033],[39.983,11.029],[39.991,11.028],[39.998,11.03],[39.993,11.041],[39.994,11.048],[39.99,11.055],[39.988,11.062],[39.98,11.072],[39.977,11.085],[39.964,11.102],[39.961,11.108],[39.966,11.113],[39.968,11.12],[39.967,11.129],[39.977,11.145],[39.976,11.152],[39.982,11.157],[39.974,11.172],[39.977,11.178],[39.977,11.183],[39.969,11.192],[39.951,11.19],[39.936,11.202],[39.931,11.209],[39.924,11.229],[39.922,11.239],[39.916,11.237],[39.909,11.229],[39.895,11.232],[39.896,11.24],[39.891,11.246],[39.89,11.253],[39.893,11.265],[39.896,11.271],[39.89,11.273],[39.885,11.277],[39.871,11.3],[39.865,11.304],[39.849,11.305],[39.849,11.31],[39.851,11.314],[39.844,11.315],[39.837,11.312],[39.824,11.3],[39.821,11.294],[39.82,11.285],[39.826,11.257],[39.801,11.254],[39.79,11.255],[39.775,11.259],[39.767,11.26],[39.767,11.247],[39.772,11.233],[39.775,11.217],[39.773,11.209],[39.767,11.198],[39.759,11.19],[39.759,11.183],[39.756,11.173],[39.786,11.17],[39.791,11.169],[39.799,11.163],[39.803,11.155],[39.807,11.144],[39.817,11.128],[39.832,11.116],[39.833,11.109],[39.831,11.103],[39.826,11.104],[39.821,11.1],[39.815,11.096],[39.797,11.092],[39.788,11.089],[39.775,11.087],[39.76,11.087],[39.752,11.089],[39.745,11.095],[39.744,11.1],[39.746,11.109],[39.742,11.115],[39.732,11.106],[39.717,11.108],[39.712,11.103],[39.708,11.096],[39.707,11.081],[39.729,11.072],[39.733,11.067],[39.732,11.059],[39.738,11.037],[39.744,11.035],[39.743,11.023],[39.746,11.01],[39.745,11.004],[39.748,10.998],[39.745,10.988],[39.743,10.983],[39.728,10.987],[39.723,10.995],[39.715,10.997],[39.681,10.997],[39.679,10.991],[39.679,10.985],[39.692,10.972],[39.692,10.966],[39.686,10.948],[39.679,10.945],[39.678,10.937],[39.671,10.923],[39.67,10.909],[39.673,10.895]]]}},{"type":"Feature","properties":{"name":"Kelela"},"geometry":{"type":"Polygon","coordinates":[[[39.247,10.587],[39.242,10.595],[39.239,10.602],[39.244,10.612],[39.243,10.632],[39.236,10.646],[39.226,10.654],[39.222,10.668],[39.215,10.68],[39.201,10.686],[39.195,10.698],[39.194,10.71],[39.196,10.715],[39.187,10.715],[39.183,10.709],[39.181,10.699],[39.175,10.702],[39.168,10.72],[39.154,10.732],[39.148,10.726],[39.145,10.716],[39.131,10.719],[39.125,10.715],[39.119,10.714],[39.123,10.731],[39.121,10.739],[39.11,10.747],[39.097,10.746],[39.09,10.747],[39.077,10.74],[39.066,10.737],[39.059,10.737],[39.043,10.729],[39.032,10.732],[39.025,10.728],[39.021,10.732],[39.024,10.747],[39.023,10.753],[39.017,10.757],[39.004,10.759],[38.992,10.759],[38.979,10.757],[38.972,10.761],[38.972,10.769],[38.969,10.781],[38.964,10.776],[38.959,10.77],[38.946,10.768],[38.936,10.762],[38.932,10.757],[38.913,10.741],[38.915,10.734],[38.942,10.71],[38.938,10.704],[38.902,10.687],[38.895,10.681],[38.88,10.673],[38.878,10.667],[38.878,10.651],[38.891,10.63],[38.885,10.616],[38.874,10.598],[38.866,10.573],[38.863,10.568],[38.853,10.558],[38.84,10.549],[38.832,10.535],[38.825,10.529],[38.81,10.525],[38.801,10.521],[38.79,10.507],[38.782,10.49],[38.778,10.477],[38.774,10.47],[38.771,10.457],[38.758,10.444],[38.754,10.438],[38.73,10.387],[38.747,10.385],[38.762,10.377],[38.773,10.367],[38.792,10.367],[38.807,10.37],[38.816,10.365],[38.847,10.362],[38.877,10.357],[38.882,10.359],[38.89,10.358],[38.904,10.349],[38.912,10.348],[38.921,10.35],[38.94,10.348],[38.953,10.34],[38.956,10.335],[38.972,10.33],[38.978,10.332],[38.998,10.344],[39.013,10.359],[39.018,10.369],[39.031,10.374],[39.041,10.374],[39.055,10.377],[39.059,10.381],[39.073,10.387],[39.083,10.394],[39.091,10.395],[39.097,10.406],[39.102,10.426],[39.101,10.432],[39.103,10.438],[39.126,10.448],[39.142,10.463],[39.15,10.478],[39.151,10.495],[39.154,10.501],[39.174,10.532],[39.179,10.536],[39.185,10.548],[39.206,10.553],[39.218,10.565],[39.229,10.57],[39.247,10.587]]]}},{"type":"Feature","properties":{"name":"Kewet"},"geometry":{"type":"Polygon","coordinates":[[[39.832,10.193],[39.828,10.193],[39.822,10.191],[39.816,10.182],[39.8,10.176],[39.804,10.171],[39.805,10.164],[39.803,10.159],[39.798,10.157],[39.793,10.152],[39.792,10.147],[39.796,10.129],[39.794,10.124],[39.787,10.124],[39.778,10.121],[39.773,10.115],[39.77,10.099],[39.777,10.096],[39.769,10.068],[39.765,10.061],[39.766,10.053],[39.772,10.047],[39.77,10.04],[39.765,10.036],[39.757,10.032],[39.753,10.025],[39.752,10.019],[39.755,10.012],[39.763,10.012],[39.765,10.005],[39.763,9.998],[39.752,9.977],[39.74,9.964],[39.738,9.959],[39.739,9.942],[39.743,9.937],[39.743,9.931],[39.74,9.925],[39.74,9.916],[39.745,9.916],[39.759,9.922],[39.765,9.927],[39.776,9.95],[39.782,9.952],[39.8,9.946],[39.808,9.947],[39.818,9.953],[39.837,9.956],[39.862,9.942],[39.865,9.936],[39.864,9.931],[39.873,9.909],[39.91,9.9],[39.926,9.885],[39.935,9.875],[39.925,9.858],[39.915,9.857],[39.914,9.846],[39.941,9.835],[39.957,9.827],[39.954,9.818],[39.981,9.799],[39.986,9.798],[39.989,9.783],[39.985,9.771],[39.994,9.765],[40.009,9.783],[40.009,9.79],[40.005,9.796],[40.012,9.82],[40.018,9.821],[40.029,9.831],[40.036,9.844],[40.054,9.843],[40.072,9.858],[40.059,9.865],[40.064,9.903],[40.07,9.906],[40.079,9.906],[40.09,9.936],[40.081,9.949],[40.068,9.961],[40.067,9.967],[40.06,9.978],[40.044,9.992],[40.033,9.995],[40.011,9.992],[39.993,9.994],[39.948,9.994],[39.924,10.012],[39.942,10.044],[39.944,10.06],[39.938,10.063],[39.928,10.091],[39.899,10.106],[39.884,10.124],[39.877,10.131],[39.872,10.139],[39.862,10.15],[39.848,10.159],[39.835,10.163],[39.829,10.169],[39.829,10.178],[39.832,10.193]]]}},{"type":"Feature","properties":{"name":"Menz Keya Gabriel"},"geometry":{"type":"Polygon","coordinates":[[[39.399,10.331],[39.395,10.334],[39.378,10.323],[39.364,10.303],[39.36,10.3],[39.344,10.29],[39.335,10.29],[39.33,10.285],[39.324,10.283],[39.32,10.277],[39.319,10.271],[39.315,10.267],[39.309,10.264],[39.305,10.257],[39.299,10.253],[39.289,10.228],[39.282,10.216],[39.28,10.211],[39.277,10.207],[39.275,10.201],[39.256,10.186],[39.234,10.175],[39.23,10.168],[39.235,10.161],[39.255,10.158],[39.262,10.156],[39.275,10.146],[39.271,10.14],[39.264,10.133],[39.262,10.128],[39.261,10.111],[39.264,10.101],[39.277,10.091],[39.282,10.084],[39.294,10.088],[39.31,10.078],[39.316,10.061],[39.316,10.052],[39.31,10.047],[39.306,10.042],[39.301,10.031],[39.299,10.019],[39.299,10.008],[39.305,10.0],[39.313,9.998],[39.32,9.997],[39.33,10.001],[39.352,10.016],[39.355,10.021],[39.361,10.038],[39.363,10.051],[39.376,10.07],[39.382,10.076],[39.397,10.082],[39.406,10.087],[39.422,10.108],[39.429,10.13],[39.434,10.141],[39.445,10.151],[39.452,10.154],[39.466,10.157],[39.472,10.181],[39.487,10.201],[39.493,10.204],[39.492,10.21],[39.495,10.223],[39.495,10.23],[39.489,10.251],[39.481,10.252],[39.474,10.251],[39.463,10.236],[39.455,10.23],[39.445,10.233],[39.437,10.232],[39.435,10.237],[39.441,10.239],[39.447,10.244],[39.457,10.25],[39.451,10.251],[39.456,10.256],[39.468,10.261],[39.479,10.273],[39.474,10.277],[39.482,10.283],[39.479,10.288],[39.48,10.295],[39.487,10.3],[39.486,10.312],[39.479,10.314],[39.47,10.312],[39.457,10.305],[39.443,10.302],[39.435,10.297],[39.428,10.297],[39.423,10.298],[39.417,10.311],[39.41,10.323],[39.399,10.331]]]}},{"type":"Feature","properties":{"name":"Kutaber"},"geometry":{"type":"Polygon","coordinates":[[[39.352,11.435],[39.361,11.422],[39.358,11.415],[39.366,11.398],[39.362,11.387],[39.36,11.374],[39.346,11.354],[39.343,11.348],[39.344,11.341],[39.337,11.324],[39.338,11.317],[39.332,11.307],[39.329,11.293],[39.32,11.278],[39.314,11.27],[39.314,11.265],[39.326,11.257],[39.328,11.249],[39.343,11.229],[39.348,11.216],[39.354,11.212],[39.357,11.205],[39.357,11.196],[39.364,11.187],[39.369,11.172],[39.378,11.157],[39.388,11.146],[39.391,11.14],[39.395,11.135],[39.402,11.133],[39.425,11.141],[39.432,11.141],[39.439,11.144],[39.451,11.143],[39.467,11.138],[39.475,11.16],[39.476,11.167],[39.476,11.179],[39.47,11.224],[39.478,11.224],[39.511,11.2],[39.526,11.188],[39.535,11.177],[39.541,11.167],[39.543,11.16],[39.553,11.147],[39.561,11.143],[39.569,11.145],[39.575,11.143],[39.579,11.136],[39.586,11.13],[39.598,11.119],[39.604,11.117],[39.61,11.123],[39.613,11.132],[39.614,11.152],[39.616,11.157],[39.621,11.162],[39.618,11.175],[39.618,11.194],[39.616,11.201],[39.62,11.215],[39.62,11.224],[39.616,11.229],[39.61,11.227],[39.606,11.231],[39.607,11.238],[39.603,11.241],[39.597,11.257],[39.598,11.264],[39.598,11.285],[39.594,11.287],[39.583,11.3],[39.574,11.308],[39.561,11.337],[39.557,11.341],[39.545,11.353],[39.529,11.361],[39.506,11.376],[39.496,11.408],[39.495,11.415],[39.491,11.424],[39.485,11.427],[39.456,11.43],[39.429,11.429],[39.411,11.432],[39.388,11.431],[39.377,11.434],[39.352,11.435]]]}},{"type":"Feature","properties":{"name":"Lasta"},"geometry":{"type":"Polygon","coordinates":[[[38.814,12.02],[38.83,11.987],[38.839,11.977],[38.84,11.962],[38.836,11.954],[38.837,11.949],[38.841,11.936],[38.847,11.928],[38.859,11.917],[38.872,11.907],[38.878,11.904],[38.885,11.903],[38.899,11.894],[38.908,11.892],[38.914,11.896],[38.922,11.896],[38.928,11.892],[38.935,11.893],[38.958,11.902],[38.963,11.908],[38.97,11.911],[38.978,11.912],[38.994,11.908],[39.004,11.903],[39.025,11.895],[39.038,11.889],[39.049,11.892],[39.064,11.892],[39.087,11.897],[39.098,11.902],[39.1,11.908],[39.105,11.913],[39.107,11.92],[39.115,11.923],[39.135,11.926],[39.141,11.925],[39.154,11.932],[39.161,11.933],[39.167,11.937],[39.168,11.944],[39.167,11.956],[39.157,11.973],[39.157,11.98],[39.159,11.987],[39.167,11.997],[39.172,12.013],[39.181,12.034],[39.183,12.04],[39.183,12.055],[39.207,12.098],[39.209,12.104],[39.21,12.127],[39.207,12.135],[39.202,12.141],[39.201,12.148],[39.208,12.165],[39.209,12.173],[39.208,12.183],[39.202,12.202],[39.196,12.205],[39.191,12.201],[39.188,12.197],[39.186,12.191],[39.176,12.18],[39.167,12.173],[39.159,12.172],[39.156,12.166],[39.149,12.145],[39.138,12.127],[39.131,12.12],[39.121,12.118],[39.108,12.117],[39.102,12.118],[39.092,12.126],[39.09,12.132],[39.093,12.137],[39.094,12.143],[39.09,12.161],[39.09,12.17],[39.086,12.175],[39.081,12.176],[39.051,12.174],[39.014,12.164],[39.008,12.169],[39.005,12.213],[39.007,12.232],[39.006,12.242],[39.0,12.245],[38.982,12.249],[38.968,12.247],[38.957,12.247],[38.918,12.263],[38.901,12.267],[38.895,12.27],[38.88,12.27],[38.869,12.276],[38.862,12.274],[38.838,12.276],[38.829,12.271],[38.831,12.267],[38.842,12.258],[38.846,12.253],[38.853,12.24],[38.856,12.227],[38.859,12.22],[38.864,12.216],[38.881,12.211],[38.885,12.207],[38.88,12.197],[38.908,12.191],[38.921,12.186],[38.927,12.18],[38.93,12.172],[38.94,12.16],[38.953,12.13],[38.955,12.122],[38.95,12.115],[38.944,12.108],[38.952,12.1],[38.956,12.094],[38.959,12.087],[38.957,12.08],[38.95,12.078],[38.943,12.079],[38.932,12.083],[38.925,12.083],[38.92,12.079],[38.908,12.063],[38.881,12.043],[38.876,12.041],[38.87,12.043],[38.858,12.041],[38.852,12.041],[38.824,12.033],[38.817,12.027],[38.814,12.02]]]}},{"type":"Feature","properties":{"name":"Lay Armacho"},"geometry":{"type":"Polygon","coordinates":[[[37.179,12.612],[37.186,12.612],[37.199,12.614],[37.206,12.614],[37.215,12.621],[37.223,12.624],[37.239,12.62],[37.251,12.621],[37.266,12.632],[37.272,12.635],[37.279,12.631],[37.286,12.618],[37.291,12.614],[37.298,12.619],[37.305,12.628],[37.312,12.625],[37.315,12.613],[37.319,12.608],[37.344,12.603],[37.354,12.585],[37.368,12.582],[37.387,12.583],[37.4,12.586],[37.396,12.603],[37.421,12.598],[37.415,12.609],[37.402,12.648],[37.399,12.655],[37.387,12.669],[37.39,12.674],[37.397,12.678],[37.405,12.68],[37.412,12.686],[37.427,12.691],[37.429,12.699],[37.459,12.7],[37.473,12.694],[37.485,12.699],[37.49,12.695],[37.491,12.689],[37.495,12.685],[37.503,12.69],[37.505,12.677],[37.509,12.674],[37.52,12.68],[37.527,12.682],[37.533,12.68],[37.531,12.672],[37.537,12.67],[37.544,12.669],[37.55,12.672],[37.555,12.679],[37.563,12.695],[37.559,12.701],[37.553,12.704],[37.554,12.711],[37.551,12.718],[37.536,12.722],[37.529,12.727],[37.526,12.736],[37.522,12.756],[37.516,12.771],[37.508,12.782],[37.506,12.791],[37.505,12.805],[37.509,12.816],[37.513,12.819],[37.513,12.835],[37.508,12.846],[37.497,12.855],[37.491,12.857],[37.487,12.87],[37.494,12.887],[37.499,12.91],[37.498,12.916],[37.495,12.921],[37.483,12.928],[37.479,12.933],[37.46,12.948],[37.456,12.952],[37.455,12.958],[37.439,12.974],[37.422,12.985],[37.419,12.994],[37.413,12.999],[37.401,13.004],[37.397,13.0],[37.393,12.992],[37.383,12.984],[37.372,12.964],[37.373,12.957],[37.377,12.951],[37.376,12.932],[37.368,12.926],[37.353,12.928],[37.339,12.941],[37.316,12.949],[37.304,12.957],[37.307,12.949],[37.306,12.93],[37.313,12.918],[37.307,12.902],[37.308,12.896],[37.3,12.882],[37.298,12.869],[37.295,12.861],[37.291,12.858],[37.288,12.852],[37.273,12.846],[37.244,12.838],[37.23,12.839],[37.226,12.833],[37.21,12.838],[37.204,12.837],[37.198,12.84],[37.19,12.841],[37.181,12.833],[37.187,12.827],[37.187,12.813],[37.194,12.806],[37.197,12.798],[37.194,12.789],[37.204,12.776],[37.206,12.77],[37.212,12.769],[37.214,12.763],[37.221,12.761],[37.222,12.751],[37.224,12.743],[37.223,12.737],[37.225,12.729],[37.225,12.722],[37.229,12.716],[37.229,12.71],[37.226,12.697],[37.227,12.691],[37.224,12.683],[37.209,12.673],[37.198,12.657],[37.19,12.649],[37.182,12.63],[37.177,12.63],[37.174,12.623],[37.178,12.62],[37.179,12.612]]]}},{"type":"Feature","properties":{"name":"Lay Gayint"},"geometry":{"type":"Polygon","coordinates":[[[38.472,12.164],[38.467,12.163],[38.461,12.156],[38.458,12.142],[38.451,12.124],[38.448,12.111],[38.447,12.095],[38.442,12.078],[38.439,12.072],[38.424,12.058],[38.417,12.049],[38.413,12.037],[38.393,12.0],[38.391,11.98],[38.387,11.97],[38.37,11.946],[38.363,11.931],[38.347,11.916],[38.34,11.911],[38.319,11.902],[38.3,11.89],[38.294,11.888],[38.288,11.883],[38.278,11.876],[38.275,11.867],[38.278,11.852],[38.273,11.827],[38.265,11.817],[38.257,11.801],[38.249,11.792],[38.246,11.783],[38.246,11.772],[38.244,11.767],[38.234,11.751],[38.234,11.743],[38.237,11.711],[38.237,11.692],[38.224,11.685],[38.235,11.669],[38.236,11.663],[38.223,11.651],[38.221,11.643],[38.221,11.637],[38.227,11.63],[38.234,11.63],[38.241,11.62],[38.247,11.614],[38.252,11.601],[38.257,11.594],[38.262,11.591],[38.263,11.586],[38.253,11.574],[38.255,11.566],[38.254,11.561],[38.262,11.559],[38.275,11.553],[38.279,11.558],[38.286,11.571],[38.289,11.584],[38.296,11.603],[38.308,11.593],[38.316,11.594],[38.33,11.605],[38.324,11.611],[38.325,11.617],[38.331,11.618],[38.337,11.621],[38.353,11.639],[38.361,11.641],[38.364,11.636],[38.37,11.634],[38.376,11.636],[38.382,11.633],[38.386,11.62],[38.39,11.614],[38.404,11.62],[38.409,11.625],[38.41,11.631],[38.401,11.65],[38.403,11.655],[38.4,11.66],[38.4,11.666],[38.402,11.678],[38.409,11.676],[38.416,11.678],[38.433,11.669],[38.442,11.661],[38.448,11.65],[38.453,11.647],[38.456,11.654],[38.457,11.668],[38.46,11.678],[38.489,11.678],[38.507,11.676],[38.525,11.678],[38.534,11.699],[38.546,11.71],[38.565,11.721],[38.609,11.723],[38.607,11.728],[38.604,11.745],[38.599,11.751],[38.584,11.758],[38.571,11.767],[38.565,11.769],[38.559,11.773],[38.554,11.79],[38.565,11.807],[38.566,11.815],[38.57,11.821],[38.568,11.826],[38.546,11.846],[38.548,11.853],[38.548,11.865],[38.551,11.871],[38.563,11.883],[38.566,11.891],[38.586,11.923],[38.589,11.93],[38.601,11.944],[38.602,11.95],[38.607,11.956],[38.623,11.963],[38.629,11.966],[38.632,11.971],[38.634,11.977],[38.635,12.0],[38.641,12.018],[38.64,12.026],[38.636,12.032],[38.626,12.039],[38.618,12.049],[38.611,12.064],[38.606,12.073],[38.595,12.078],[38.585,12.078],[38.571,12.082],[38.564,12.087],[38.559,12.094],[38.552,12.106],[38.529,12.121],[38.52,12.122],[38.512,12.121],[38.507,12.113],[38.501,12.114],[38.495,12.121],[38.489,12.123],[38.485,12.128],[38.479,12.148],[38.472,12.164]]]}},{"type":"Feature","properties":{"name":"Legambo"},"geometry":{"type":"Polygon","coordinates":[[[38.897,10.775],[38.903,10.772],[38.908,10.774],[38.919,10.765],[38.926,10.762],[38.936,10.762],[38.946,10.768],[38.959,10.77],[38.964,10.776],[38.969,10.781],[38.972,10.769],[38.972,10.761],[38.979,10.757],[38.992,10.759],[39.004,10.759],[39.017,10.757],[39.023,10.753],[39.024,10.747],[39.021,10.732],[39.025,10.728],[39.032,10.732],[39.043,10.729],[39.059,10.737],[39.066,10.737],[39.077,10.74],[39.09,10.747],[39.097,10.746],[39.11,10.747],[39.121,10.739],[39.123,10.731],[39.119,10.714],[39.125,10.715],[39.131,10.719],[39.145,10.716],[39.148,10.726],[39.154,10.732],[39.168,10.72],[39.175,10.702],[39.181,10.699],[39.183,10.709],[39.187,10.715],[39.196,10.715],[39.196,10.722],[39.212,10.764],[39.215,10.77],[39.22,10.81],[39.235,10.814],[39.242,10.818],[39.244,10.827],[39.252,10.83],[39.258,10.831],[39.266,10.828],[39.27,10.818],[39.276,10.822],[39.278,10.827],[39.305,10.823],[39.311,10.819],[39.321,10.806],[39.323,10.797],[39.323,10.79],[39.342,10.784],[39.36,10.774],[39.361,10.785],[39.366,10.796],[39.378,10.807],[39.383,10.813],[39.394,10.836],[39.4,10.837],[39.404,10.84],[39.412,10.839],[39.413,10.844],[39.43,10.853],[39.433,10.859],[39.428,10.864],[39.406,10.863],[39.395,10.864],[39.394,10.871],[39.396,10.876],[39.391,10.903],[39.387,10.911],[39.381,10.915],[39.371,10.927],[39.362,10.927],[39.36,10.932],[39.361,10.947],[39.359,10.967],[39.357,10.976],[39.362,10.979],[39.368,10.98],[39.373,10.985],[39.364,10.993],[39.355,10.997],[39.35,10.995],[39.348,10.984],[39.35,10.968],[39.348,10.96],[39.339,10.946],[39.335,10.915],[39.329,10.917],[39.319,10.942],[39.309,10.957],[39.289,10.944],[39.283,10.944],[39.284,10.963],[39.282,10.97],[39.269,10.979],[39.234,10.994],[39.228,10.994],[39.22,10.984],[39.209,10.974],[39.203,10.964],[39.19,10.959],[39.179,10.949],[39.174,10.947],[39.169,10.947],[39.162,10.95],[39.158,10.955],[39.133,10.953],[39.126,10.953],[39.12,10.947],[39.12,10.938],[39.122,10.931],[39.122,10.926],[39.116,10.921],[39.11,10.919],[39.104,10.92],[39.075,10.933],[39.067,10.933],[39.062,10.928],[39.059,10.923],[39.054,10.917],[39.01,10.913],[38.993,10.909],[38.986,10.906],[38.979,10.898],[38.963,10.891],[38.96,10.884],[38.954,10.878],[38.948,10.876],[38.933,10.877],[38.921,10.881],[38.921,10.872],[38.917,10.859],[38.918,10.853],[38.915,10.847],[38.905,10.834],[38.904,10.826],[38.909,10.803],[38.907,10.797],[38.898,10.783],[38.897,10.775]]]}},{"type":"Feature","properties":{"name":"Legehida"},"geometry":{"type":"Polygon","coordinates":[[[39.334,10.593],[39.344,10.604],[39.345,10.612],[39.344,10.619],[39.346,10.626],[39.35,10.63],[39.356,10.632],[39.367,10.64],[39.381,10.638],[39.388,10.639],[39.385,10.646],[39.374,10.652],[39.371,10.658],[39.363,10.681],[39.363,10.694],[39.36,10.717],[39.36,10.727],[39.357,10.737],[39.358,10.745],[39.36,10.75],[39.363,10.769],[39.36,10.774],[39.342,10.784],[39.323,10.79],[39.323,10.797],[39.321,10.806],[39.311,10.819],[39.305,10.823],[39.278,10.827],[39.276,10.822],[39.27,10.818],[39.266,10.828],[39.258,10.831],[39.252,10.83],[39.244,10.827],[39.242,10.818],[39.235,10.814],[39.22,10.81],[39.215,10.77],[39.212,10.764],[39.196,10.722],[39.196,10.715],[39.194,10.71],[39.195,10.698],[39.201,10.686],[39.215,10.68],[39.222,10.668],[39.226,10.654],[39.236,10.646],[39.243,10.632],[39.244,10.612],[39.239,10.602],[39.242,10.595],[39.247,10.587],[39.258,10.588],[39.283,10.574],[39.298,10.572],[39.305,10.574],[39.315,10.591],[39.321,10.595],[39.334,10.593]]]}},{"type":"Feature","properties":{"name":"Libo Kemkem"},"geometry":{"type":"Polygon","coordinates":[[[37.96,12.219],[37.947,12.221],[37.939,12.225],[37.932,12.233],[37.921,12.26],[37.906,12.26],[37.9,12.266],[37.884,12.29],[37.877,12.288],[37.878,12.282],[37.874,12.279],[37.854,12.272],[37.842,12.26],[37.836,12.244],[37.828,12.235],[37.82,12.234],[37.813,12.235],[37.81,12.241],[37.819,12.253],[37.815,12.266],[37.817,12.283],[37.815,12.292],[37.804,12.306],[37.791,12.308],[37.792,12.313],[37.796,12.319],[37.792,12.343],[37.789,12.348],[37.78,12.357],[37.767,12.365],[37.761,12.364],[37.757,12.358],[37.752,12.355],[37.745,12.357],[37.743,12.351],[37.727,12.331],[37.722,12.328],[37.694,12.331],[37.691,12.339],[37.686,12.342],[37.682,12.338],[37.68,12.33],[37.675,12.324],[37.661,12.315],[37.647,12.299],[37.656,12.277],[37.665,12.276],[37.671,12.269],[37.67,12.261],[37.666,12.256],[37.686,12.259],[37.689,12.255],[37.694,12.241],[37.699,12.243],[37.704,12.241],[37.713,12.231],[37.721,12.227],[37.726,12.221],[37.732,12.219],[37.737,12.213],[37.75,12.211],[37.757,12.213],[37.753,12.188],[37.743,12.184],[37.74,12.177],[37.734,12.172],[37.728,12.17],[37.708,12.173],[37.694,12.171],[37.687,12.165],[37.684,12.159],[37.685,12.15],[37.678,12.148],[37.667,12.142],[37.66,12.14],[37.652,12.14],[37.648,12.147],[37.642,12.149],[37.637,12.147],[37.638,12.141],[37.649,12.125],[37.643,12.122],[37.635,12.123],[37.627,12.135],[37.613,12.132],[37.6,12.127],[37.603,12.123],[37.608,12.119],[37.614,12.111],[37.618,12.101],[37.617,12.09],[37.608,12.067],[37.601,12.052],[37.601,12.045],[37.591,12.035],[37.592,12.027],[37.591,12.02],[37.58,11.995],[37.591,12.002],[37.606,12.002],[37.619,11.993],[37.623,11.976],[37.628,11.969],[37.639,11.965],[37.653,11.969],[37.661,11.972],[37.669,11.984],[37.677,11.985],[37.682,11.982],[37.7,11.986],[37.708,11.989],[37.713,11.989],[37.724,11.998],[37.737,12.013],[37.743,12.016],[37.746,12.023],[37.762,12.02],[37.769,12.024],[37.775,12.025],[37.785,12.032],[37.791,12.027],[37.797,12.03],[37.821,12.026],[37.832,12.022],[37.84,12.022],[37.85,12.029],[37.854,12.037],[37.857,12.03],[37.871,12.031],[37.874,12.039],[37.889,12.034],[37.894,12.035],[37.899,12.037],[37.912,12.037],[37.924,12.034],[37.943,12.041],[37.949,12.037],[37.953,12.055],[37.957,12.089],[37.95,12.147],[37.951,12.162],[37.95,12.167],[37.938,12.173],[37.933,12.177],[37.938,12.182],[37.966,12.193],[37.97,12.196],[37.96,12.219]]]}},{"type":"Feature","properties":{"name":"Mecha"},"geometry":{"type":"Polygon","coordinates":[[[36.974,11.253],[36.98,11.249],[36.982,11.24],[36.983,11.231],[36.988,11.223],[36.994,11.218],[36.995,11.21],[37.002,11.207],[37.007,11.207],[37.01,11.195],[37.005,11.191],[37.006,11.183],[37.021,11.187],[37.027,11.187],[37.038,11.178],[37.045,11.187],[37.049,11.182],[37.069,11.174],[37.072,11.169],[37.069,11.165],[37.076,11.161],[37.079,11.157],[37.079,11.138],[37.088,11.138],[37.097,11.125],[37.103,11.129],[37.117,11.135],[37.124,11.136],[37.13,11.139],[37.135,11.14],[37.141,11.137],[37.142,11.13],[37.148,11.126],[37.171,11.123],[37.18,11.126],[37.198,11.103],[37.203,11.11],[37.209,11.131],[37.216,11.146],[37.221,11.143],[37.226,11.136],[37.229,11.128],[37.225,11.118],[37.226,11.11],[37.235,11.097],[37.241,11.097],[37.251,11.11],[37.267,11.125],[37.274,11.129],[37.285,11.12],[37.292,11.113],[37.294,11.106],[37.303,11.121],[37.309,11.123],[37.317,11.132],[37.316,11.144],[37.312,11.148],[37.298,11.158],[37.296,11.164],[37.297,11.172],[37.296,11.179],[37.292,11.184],[37.297,11.196],[37.299,11.224],[37.301,11.229],[37.308,11.236],[37.314,11.233],[37.317,11.22],[37.33,11.232],[37.338,11.235],[37.345,11.257],[37.355,11.26],[37.36,11.266],[37.362,11.271],[37.355,11.297],[37.354,11.305],[37.356,11.32],[37.356,11.333],[37.366,11.331],[37.372,11.333],[37.367,11.345],[37.361,11.349],[37.349,11.352],[37.34,11.361],[37.334,11.363],[37.328,11.367],[37.331,11.373],[37.329,11.381],[37.33,11.386],[37.335,11.388],[37.332,11.394],[37.326,11.396],[37.307,11.384],[37.301,11.388],[37.3,11.393],[37.309,11.409],[37.305,11.415],[37.308,11.421],[37.304,11.423],[37.3,11.428],[37.293,11.431],[37.287,11.431],[37.283,11.435],[37.276,11.435],[37.27,11.433],[37.26,11.432],[37.251,11.435],[37.244,11.435],[37.247,11.445],[37.242,11.463],[37.237,11.47],[37.224,11.479],[37.211,11.498],[37.179,11.527],[37.174,11.555],[37.173,11.572],[37.172,11.579],[37.15,11.587],[37.138,11.597],[37.112,11.6],[37.108,11.607],[37.109,11.621],[37.102,11.625],[37.087,11.629],[37.08,11.627],[37.073,11.628],[37.068,11.627],[37.06,11.617],[37.061,11.605],[37.068,11.608],[37.075,11.606],[37.077,11.6],[37.083,11.592],[37.082,11.585],[37.061,11.569],[37.059,11.556],[37.059,11.549],[37.056,11.543],[37.048,11.538],[37.04,11.535],[37.034,11.525],[37.036,11.502],[37.023,11.497],[37.009,11.489],[37.004,11.485],[37.001,11.473],[37.008,11.469],[37.007,11.462],[37.009,11.446],[37.013,11.441],[37.017,11.428],[37.022,11.422],[37.026,11.41],[37.027,11.405],[37.02,11.383],[37.02,11.376],[37.025,11.373],[37.03,11.372],[37.033,11.368],[37.033,11.36],[37.029,11.356],[37.019,11.347],[37.006,11.347],[36.992,11.33],[36.989,11.324],[36.99,11.318],[36.985,11.311],[36.979,11.306],[36.985,11.292],[36.983,11.287],[36.983,11.28],[36.979,11.273],[36.979,11.268],[36.975,11.261],[36.974,11.253]]]}},{"type":"Feature","properties":{"name":"Mehal Sayint"},"geometry":{"type":"Polygon","coordinates":[[[38.838,10.885],[38.824,10.907],[38.823,10.912],[38.81,10.92],[38.795,10.942],[38.787,10.964],[38.781,10.97],[38.774,10.98],[38.772,10.989],[38.765,11.002],[38.759,11.005],[38.722,11.017],[38.685,11.018],[38.678,11.02],[38.657,11.033],[38.644,11.047],[38.62,11.059],[38.611,11.061],[38.603,11.06],[38.587,11.05],[38.576,11.034],[38.557,11.023],[38.549,11.021],[38.543,11.018],[38.529,10.999],[38.517,10.977],[38.516,10.969],[38.499,10.956],[38.504,10.939],[38.51,10.934],[38.518,10.917],[38.518,10.908],[38.522,10.9],[38.527,10.88],[38.524,10.871],[38.519,10.865],[38.517,10.851],[38.509,10.84],[38.509,10.834],[38.517,10.813],[38.52,10.806],[38.527,10.801],[38.539,10.802],[38.56,10.807],[38.573,10.811],[38.584,10.817],[38.591,10.817],[38.625,10.837],[38.636,10.848],[38.675,10.856],[38.681,10.86],[38.693,10.864],[38.711,10.865],[38.717,10.868],[38.731,10.868],[38.748,10.872],[38.762,10.872],[38.776,10.877],[38.794,10.88],[38.807,10.879],[38.825,10.883],[38.838,10.885]]]}},{"type":"Feature","properties":{"name":"Mekdela"},"geometry":{"type":"Polygon","coordinates":[[[38.706,11.415],[38.701,11.409],[38.678,11.398],[38.675,11.392],[38.67,11.389],[38.656,11.385],[38.651,11.378],[38.649,11.369],[38.644,11.364],[38.639,11.354],[38.635,11.351],[38.635,11.344],[38.642,11.338],[38.64,11.332],[38.633,11.327],[38.632,11.319],[38.626,11.299],[38.617,11.298],[38.618,11.291],[38.609,11.28],[38.61,11.27],[38.622,11.265],[38.649,11.262],[38.657,11.259],[38.674,11.258],[38.682,11.255],[38.698,11.254],[38.704,11.248],[38.708,11.241],[38.733,11.224],[38.743,11.221],[38.766,11.22],[38.785,11.214],[38.792,11.215],[38.798,11.211],[38.811,11.203],[38.817,11.194],[38.83,11.181],[38.835,11.173],[38.853,11.168],[38.876,11.157],[38.887,11.148],[38.898,11.135],[38.914,11.119],[38.92,11.115],[38.939,11.107],[38.964,11.1],[38.975,11.089],[38.992,11.077],[38.995,11.069],[39.009,11.063],[39.028,11.041],[39.04,11.015],[39.047,11.004],[39.048,10.995],[39.058,10.978],[39.066,10.971],[39.073,10.969],[39.085,10.97],[39.094,10.973],[39.102,10.972],[39.102,10.983],[39.096,11.0],[39.098,11.044],[39.12,11.078],[39.133,11.11],[39.142,11.123],[39.128,11.136],[39.136,11.151],[39.154,11.173],[39.156,11.178],[39.154,11.183],[39.14,11.191],[39.135,11.195],[39.144,11.221],[39.149,11.222],[39.15,11.228],[39.156,11.23],[39.162,11.227],[39.169,11.227],[39.169,11.236],[39.166,11.25],[39.168,11.255],[39.168,11.262],[39.155,11.279],[39.127,11.305],[39.124,11.316],[39.12,11.321],[39.105,11.326],[39.091,11.343],[39.086,11.354],[39.081,11.357],[39.076,11.354],[39.069,11.352],[39.061,11.359],[39.051,11.384],[39.05,11.393],[39.039,11.409],[39.035,11.404],[39.03,11.401],[39.025,11.396],[39.019,11.396],[39.015,11.398],[38.998,11.397],[38.992,11.393],[38.974,11.391],[38.965,11.392],[38.949,11.379],[38.947,11.368],[38.942,11.363],[38.936,11.362],[38.929,11.352],[38.922,11.346],[38.916,11.349],[38.901,11.348],[38.897,11.355],[38.895,11.367],[38.891,11.375],[38.881,11.377],[38.862,11.378],[38.856,11.376],[38.854,11.381],[38.848,11.385],[38.841,11.383],[38.836,11.378],[38.824,11.372],[38.802,11.369],[38.791,11.379],[38.785,11.381],[38.78,11.381],[38.77,11.389],[38.762,11.391],[38.747,11.405],[38.738,11.407],[38.728,11.419],[38.721,11.419],[38.713,11.416],[38.706,11.415]]]}},{"type":"Feature","properties":{"name":"Meket"},"geometry":{"type":"Polygon","coordinates":[[[38.64,12.026],[38.641,12.018],[38.635,12.0],[38.634,11.977],[38.632,11.971],[38.629,11.966],[38.623,11.963],[38.607,11.956],[38.602,11.95],[38.601,11.944],[38.589,11.93],[38.586,11.923],[38.566,11.891],[38.563,11.883],[38.551,11.871],[38.548,11.865],[38.548,11.853],[38.546,11.846],[38.568,11.826],[38.57,11.821],[38.566,11.815],[38.565,11.807],[38.554,11.79],[38.559,11.773],[38.565,11.769],[38.571,11.767],[38.584,11.758],[38.599,11.751],[38.604,11.745],[38.607,11.728],[38.609,11.723],[38.628,11.709],[38.632,11.704],[38.633,11.699],[38.629,11.689],[38.627,11.676],[38.629,11.637],[38.631,11.629],[38.635,11.62],[38.643,11.611],[38.651,11.594],[38.67,11.59],[38.67,11.596],[38.673,11.6],[38.679,11.6],[38.69,11.61],[38.742,11.596],[38.747,11.597],[38.748,11.604],[38.746,11.612],[38.747,11.618],[38.75,11.624],[38.757,11.631],[38.768,11.653],[38.768,11.659],[38.761,11.67],[38.756,11.676],[38.755,11.684],[38.762,11.69],[38.768,11.689],[38.774,11.683],[38.797,11.689],[38.805,11.688],[38.815,11.67],[38.82,11.665],[38.832,11.661],[38.833,11.651],[38.837,11.647],[38.85,11.645],[38.863,11.644],[38.868,11.637],[38.876,11.637],[38.882,11.641],[38.881,11.647],[38.887,11.651],[38.886,11.657],[38.89,11.673],[38.893,11.678],[38.893,11.684],[38.89,11.69],[38.892,11.697],[38.896,11.701],[38.917,11.705],[38.927,11.691],[38.932,11.678],[38.96,11.692],[38.968,11.694],[38.975,11.693],[38.978,11.688],[38.984,11.686],[38.992,11.691],[38.991,11.697],[38.995,11.704],[39.008,11.71],[39.017,11.719],[39.012,11.73],[39.014,11.736],[39.027,11.759],[39.036,11.767],[39.05,11.775],[39.057,11.777],[39.072,11.778],[39.079,11.78],[39.085,11.786],[39.096,11.79],[39.109,11.793],[39.13,11.783],[39.141,11.77],[39.144,11.778],[39.145,11.794],[39.153,11.801],[39.164,11.803],[39.18,11.797],[39.188,11.798],[39.207,11.826],[39.205,11.834],[39.207,11.841],[39.218,11.847],[39.254,11.859],[39.26,11.869],[39.265,11.883],[39.245,11.895],[39.236,11.894],[39.221,11.886],[39.214,11.885],[39.202,11.885],[39.196,11.878],[39.189,11.876],[39.174,11.882],[39.168,11.886],[39.15,11.892],[39.126,11.907],[39.105,11.913],[39.1,11.908],[39.098,11.902],[39.087,11.897],[39.064,11.892],[39.049,11.892],[39.038,11.889],[39.025,11.895],[39.004,11.903],[38.994,11.908],[38.978,11.912],[38.97,11.911],[38.963,11.908],[38.958,11.902],[38.935,11.893],[38.928,11.892],[38.922,11.896],[38.914,11.896],[38.908,11.892],[38.899,11.894],[38.885,11.903],[38.878,11.904],[38.872,11.907],[38.859,11.917],[38.847,11.928],[38.841,11.936],[38.837,11.949],[38.836,11.954],[38.84,11.962],[38.839,11.977],[38.83,11.987],[38.814,12.02],[38.788,12.02],[38.783,12.023],[38.78,12.028],[38.771,12.036],[38.765,12.036],[38.728,12.027],[38.719,12.029],[38.711,12.028],[38.702,12.031],[38.694,12.032],[38.665,12.032],[38.64,12.026]]]}},{"type":"Feature","properties":{"name":"Menz Lalo Midir"},"geometry":{"type":"Polygon","coordinates":[[[39.493,10.204],[39.487,10.201],[39.472,10.181],[39.466,10.157],[39.452,10.154],[39.445,10.151],[39.434,10.141],[39.429,10.13],[39.422,10.108],[39.406,10.087],[39.397,10.082],[39.382,10.076],[39.376,10.07],[39.363,10.051],[39.361,10.038],[39.355,10.021],[39.352,10.016],[39.33,10.001],[39.32,9.997],[39.342,9.986],[39.363,9.994],[39.372,9.998],[39.377,10.004],[39.38,10.01],[39.389,10.022],[39.396,10.028],[39.402,10.031],[39.409,10.032],[39.417,10.03],[39.436,10.031],[39.447,10.028],[39.453,10.028],[39.469,10.031],[39.479,10.036],[39.485,10.04],[39.489,10.047],[39.494,10.05],[39.509,10.063],[39.513,10.068],[39.519,10.078],[39.53,10.085],[39.537,10.083],[39.545,10.084],[39.548,10.092],[39.554,10.095],[39.562,10.096],[39.569,10.106],[39.57,10.113],[39.582,10.135],[39.589,10.137],[39.594,10.139],[39.597,10.144],[39.602,10.148],[39.611,10.152],[39.618,10.157],[39.629,10.163],[39.64,10.17],[39.687,10.191],[39.694,10.192],[39.7,10.196],[39.7,10.203],[39.697,10.207],[39.688,10.217],[39.68,10.218],[39.667,10.227],[39.658,10.224],[39.653,10.224],[39.648,10.227],[39.641,10.228],[39.635,10.227],[39.63,10.223],[39.619,10.228],[39.611,10.229],[39.595,10.224],[39.576,10.222],[39.564,10.217],[39.545,10.21],[39.538,10.203],[39.529,10.202],[39.511,10.196],[39.504,10.194],[39.493,10.204]]]}},{"type":"Feature","properties":{"name":"Menz Mama Midir"},"geometry":{"type":"Polygon","coordinates":[[[39.811,10.249],[39.808,10.245],[39.786,10.253],[39.769,10.264],[39.76,10.265],[39.753,10.263],[39.742,10.25],[39.735,10.25],[39.73,10.247],[39.709,10.249],[39.694,10.244],[39.682,10.244],[39.675,10.238],[39.667,10.227],[39.68,10.218],[39.688,10.217],[39.697,10.207],[39.7,10.203],[39.7,10.196],[39.694,10.192],[39.687,10.191],[39.64,10.17],[39.629,10.163],[39.618,10.157],[39.611,10.152],[39.602,10.148],[39.597,10.144],[39.594,10.139],[39.589,10.137],[39.582,10.135],[39.57,10.113],[39.569,10.106],[39.562,10.096],[39.554,10.095],[39.548,10.092],[39.545,10.084],[39.537,10.083],[39.53,10.085],[39.519,10.078],[39.513,10.068],[39.509,10.063],[39.494,10.05],[39.489,10.047],[39.485,10.04],[39.479,10.036],[39.469,10.031],[39.453,10.028],[39.447,10.028],[39.436,10.031],[39.417,10.03],[39.409,10.032],[39.402,10.031],[39.396,10.028],[39.389,10.022],[39.38,10.01],[39.377,10.004],[39.372,9.998],[39.363,9.994],[39.342,9.986],[39.347,9.979],[39.355,9.961],[39.362,9.955],[39.369,9.96],[39.386,9.98],[39.393,9.985],[39.417,9.985],[39.427,9.98],[39.435,9.979],[39.441,9.981],[39.447,9.992],[39.461,10.0],[39.468,10.001],[39.486,10.003],[39.509,9.993],[39.515,9.994],[39.541,9.992],[39.548,9.995],[39.56,9.995],[39.573,10.002],[39.582,10.005],[39.59,10.005],[39.597,10.003],[39.625,10.001],[39.632,10.003],[39.642,10.01],[39.649,10.01],[39.667,10.022],[39.688,10.027],[39.699,10.031],[39.703,10.035],[39.714,10.041],[39.734,10.043],[39.739,10.049],[39.741,10.054],[39.752,10.065],[39.759,10.066],[39.765,10.061],[39.769,10.068],[39.777,10.096],[39.77,10.099],[39.773,10.115],[39.778,10.121],[39.787,10.124],[39.794,10.124],[39.796,10.129],[39.792,10.147],[39.793,10.152],[39.798,10.157],[39.803,10.159],[39.805,10.164],[39.804,10.171],[39.8,10.176],[39.816,10.182],[39.822,10.191],[39.828,10.193],[39.832,10.193],[39.832,10.209],[39.835,10.23],[39.829,10.235],[39.818,10.241],[39.811,10.249]]]}},{"type":"Feature","properties":{"name":"Merahbete"},"geometry":{"type":"Polygon","coordinates":[[[39.174,10.182],[39.153,10.185],[39.136,10.17],[39.117,10.165],[39.11,10.159],[39.106,10.154],[39.096,10.151],[39.09,10.153],[39.078,10.149],[39.071,10.152],[39.062,10.151],[39.054,10.148],[39.047,10.142],[39.041,10.138],[39.027,10.137],[39.013,10.138],[39.006,10.135],[38.994,10.138],[38.971,10.147],[38.958,10.141],[38.952,10.137],[38.937,10.137],[38.93,10.139],[38.927,10.134],[38.906,10.138],[38.899,10.136],[38.892,10.13],[38.886,10.114],[38.877,10.111],[38.857,10.114],[38.853,10.119],[38.843,10.111],[38.84,10.115],[38.83,10.111],[38.824,10.111],[38.812,10.095],[38.806,10.094],[38.8,10.091],[38.793,10.09],[38.778,10.084],[38.766,10.072],[38.759,10.069],[38.752,10.064],[38.742,10.062],[38.735,10.057],[38.722,10.052],[38.706,10.054],[38.702,10.05],[38.697,10.052],[38.69,10.051],[38.664,10.058],[38.658,10.052],[38.661,10.046],[38.662,10.035],[38.67,10.02],[38.675,10.016],[38.682,10.014],[38.687,10.009],[38.695,10.009],[38.711,9.999],[38.719,9.997],[38.726,9.992],[38.734,9.994],[38.741,9.988],[38.753,9.986],[38.759,9.982],[38.766,9.982],[38.772,9.979],[38.78,9.983],[38.786,9.979],[38.79,9.973],[38.798,9.969],[38.801,9.963],[38.818,9.958],[38.821,9.95],[38.832,9.939],[38.839,9.939],[38.843,9.936],[38.849,9.939],[38.856,9.932],[38.869,9.927],[38.874,9.92],[38.878,9.913],[38.882,9.909],[38.893,9.916],[38.9,9.913],[38.903,9.907],[38.909,9.909],[38.914,9.904],[38.922,9.907],[38.929,9.909],[38.938,9.912],[38.951,9.913],[38.956,9.917],[38.978,9.919],[38.985,9.922],[38.991,9.925],[38.998,9.936],[39.016,9.946],[39.029,9.947],[39.034,9.949],[39.049,9.967],[39.055,9.97],[39.071,9.973],[39.083,9.989],[39.086,9.996],[39.094,10.001],[39.099,10.012],[39.106,10.017],[39.114,10.019],[39.128,10.035],[39.135,10.037],[39.141,10.042],[39.146,10.048],[39.152,10.053],[39.164,10.052],[39.17,10.058],[39.171,10.066],[39.176,10.064],[39.18,10.073],[39.187,10.075],[39.192,10.084],[39.198,10.089],[39.205,10.086],[39.213,10.086],[39.236,10.092],[39.251,10.091],[39.257,10.093],[39.264,10.101],[39.261,10.111],[39.262,10.128],[39.264,10.133],[39.271,10.14],[39.275,10.146],[39.262,10.156],[39.255,10.158],[39.235,10.161],[39.23,10.168],[39.223,10.167],[39.219,10.16],[39.204,10.16],[39.199,10.165],[39.186,10.173],[39.182,10.181],[39.174,10.182]]]}},{"type":"Feature","properties":{"name":"Metema"},"geometry":{"type":"Polygon","coordinates":[[[36.769,12.828],[36.779,12.847],[36.777,12.857],[36.769,12.878],[36.771,12.885],[36.77,12.899],[36.773,12.907],[36.774,12.915],[36.772,12.927],[36.774,12.938],[36.771,12.944],[36.763,12.945],[36.734,12.943],[36.723,12.943],[36.721,12.949],[36.719,12.965],[36.714,12.982],[36.707,12.995],[36.696,13.012],[36.694,13.018],[36.695,13.031],[36.694,13.039],[36.696,13.048],[36.694,13.062],[36.691,13.074],[36.678,13.095],[36.671,13.101],[36.656,13.104],[36.643,13.101],[36.625,13.1],[36.53,13.102],[36.489,13.101],[36.477,13.099],[36.463,13.091],[36.451,13.089],[36.437,13.089],[36.43,13.087],[36.424,13.083],[36.418,13.066],[36.4,13.047],[36.392,13.033],[36.382,13.025],[36.373,13.011],[36.372,13.003],[36.378,12.989],[36.386,12.963],[36.386,12.956],[36.383,12.95],[36.369,12.941],[36.362,12.94],[36.356,12.941],[36.349,12.941],[36.342,12.935],[36.337,12.923],[36.335,12.905],[36.33,12.901],[36.328,12.892],[36.322,12.895],[36.316,12.896],[36.311,12.893],[36.303,12.902],[36.299,12.905],[36.286,12.906],[36.27,12.915],[36.255,12.919],[36.255,12.924],[36.26,12.935],[36.264,12.948],[36.262,12.952],[36.256,12.953],[36.255,12.96],[36.251,12.966],[36.242,12.967],[36.223,12.965],[36.215,12.969],[36.198,12.981],[36.192,12.997],[36.185,13.005],[36.18,13.009],[36.177,13.004],[36.169,12.979],[36.158,12.964],[36.158,12.956],[36.154,12.941],[36.154,12.934],[36.158,12.922],[36.18,12.896],[36.182,12.874],[36.176,12.809],[36.177,12.778],[36.17,12.741],[36.157,12.707],[36.156,12.699],[36.158,12.687],[36.153,12.683],[36.109,12.687],[36.106,12.698],[36.103,12.704],[36.097,12.709],[36.074,12.72],[36.06,12.723],[36.052,12.723],[36.034,12.718],[36.016,12.72],[36.009,12.718],[36.003,12.714],[36.002,12.709],[36.003,12.658],[36.001,12.627],[36.005,12.62],[36.015,12.613],[36.01,12.603],[36.011,12.597],[36.03,12.589],[36.038,12.58],[36.045,12.575],[36.059,12.572],[36.066,12.573],[36.073,12.577],[36.078,12.574],[36.075,12.568],[36.076,12.562],[36.081,12.559],[36.087,12.56],[36.092,12.555],[36.098,12.553],[36.102,12.557],[36.114,12.551],[36.12,12.552],[36.127,12.564],[36.138,12.556],[36.144,12.558],[36.151,12.564],[36.166,12.563],[36.176,12.57],[36.183,12.57],[36.189,12.573],[36.197,12.582],[36.209,12.577],[36.216,12.577],[36.219,12.587],[36.233,12.589],[36.258,12.582],[36.273,12.576],[36.281,12.569],[36.29,12.557],[36.312,12.553],[36.33,12.541],[36.337,12.542],[36.343,12.538],[36.35,12.536],[36.354,12.524],[36.363,12.517],[36.375,12.518],[36.389,12.514],[36.394,12.51],[36.398,12.495],[36.406,12.491],[36.415,12.49],[36.421,12.495],[36.427,12.493],[36.429,12.486],[36.427,12.478],[36.425,12.471],[36.42,12.466],[36.42,12.46],[36.411,12.463],[36.405,12.463],[36.401,12.456],[36.392,12.449],[36.379,12.444],[36.373,12.446],[36.366,12.445],[36.361,12.439],[36.354,12.437],[36.349,12.425],[36.344,12.421],[36.339,12.414],[36.339,12.405],[36.346,12.404],[36.346,12.39],[36.348,12.384],[36.352,12.378],[36.361,12.378],[36.368,12.364],[36.378,12.352],[36.392,12.345],[36.403,12.336],[36.414,12.337],[36.429,12.342],[36.434,12.341],[36.439,12.339],[36.444,12.332],[36.454,12.322],[36.461,12.318],[36.468,12.317],[36.498,12.29],[36.525,12.304],[36.535,12.307],[36.555,12.321],[36.558,12.326],[36.553,12.333],[36.548,12.337],[36.544,12.344],[36.537,12.348],[36.532,12.356],[36.53,12.364],[36.526,12.37],[36.513,12.373],[36.521,12.383],[36.528,12.386],[36.534,12.384],[36.539,12.384],[36.553,12.389],[36.566,12.384],[36.575,12.387],[36.573,12.408],[36.575,12.414],[36.587,12.422],[36.59,12.428],[36.589,12.437],[36.585,12.442],[36.566,12.451],[36.562,12.456],[36.557,12.477],[36.543,12.499],[36.535,12.523],[36.532,12.53],[36.521,12.541],[36.508,12.533],[36.492,12.528],[36.483,12.527],[36.483,12.532],[36.49,12.56],[36.49,12.577],[36.479,12.587],[36.455,12.6],[36.45,12.604],[36.448,12.611],[36.449,12.618],[36.456,12.618],[36.483,12.613],[36.496,12.612],[36.524,12.623],[36.529,12.617],[36.534,12.593],[36.538,12.588],[36.549,12.584],[36.555,12.581],[36.561,12.573],[36.568,12.568],[36.577,12.556],[36.583,12.55],[36.589,12.547],[36.593,12.54],[36.598,12.534],[36.613,12.552],[36.625,12.56],[36.63,12.568],[36.637,12.574],[36.643,12.575],[36.669,12.57],[36.671,12.576],[36.67,12.584],[36.676,12.59],[36.691,12.601],[36.71,12.612],[36.714,12.628],[36.718,12.634],[36.714,12.638],[36.697,12.652],[36.693,12.658],[36.694,12.673],[36.698,12.694],[36.695,12.702],[36.694,12.716],[36.688,12.727],[36.683,12.731],[36.675,12.746],[36.668,12.754],[36.657,12.764],[36.654,12.768],[36.653,12.782],[36.654,12.79],[36.657,12.794],[36.661,12.791],[36.669,12.789],[36.676,12.789],[36.682,12.785],[36.693,12.797],[36.701,12.798],[36.715,12.817],[36.741,12.828],[36.752,12.826],[36.758,12.828],[36.763,12.826],[36.769,12.828]]]}},{"type":"Feature","properties":{"name":"Michakel"},"geometry":{"type":"Polygon","coordinates":[[[37.648,10.679],[37.629,10.666],[37.62,10.654],[37.616,10.647],[37.615,10.636],[37.611,10.623],[37.605,10.612],[37.591,10.597],[37.586,10.583],[37.581,10.583],[37.575,10.596],[37.571,10.6],[37.566,10.602],[37.559,10.602],[37.555,10.595],[37.553,10.581],[37.543,10.576],[37.546,10.559],[37.545,10.55],[37.531,10.538],[37.523,10.536],[37.516,10.535],[37.511,10.532],[37.5,10.524],[37.487,10.519],[37.48,10.509],[37.47,10.505],[37.461,10.498],[37.456,10.492],[37.454,10.486],[37.445,10.483],[37.436,10.483],[37.429,10.486],[37.421,10.487],[37.412,10.484],[37.405,10.48],[37.392,10.479],[37.376,10.472],[37.353,10.468],[37.34,10.463],[37.335,10.463],[37.332,10.468],[37.326,10.468],[37.307,10.459],[37.302,10.452],[37.306,10.439],[37.305,10.434],[37.292,10.423],[37.288,10.41],[37.289,10.405],[37.288,10.398],[37.285,10.392],[37.273,10.383],[37.277,10.36],[37.283,10.358],[37.295,10.36],[37.299,10.366],[37.305,10.37],[37.307,10.375],[37.312,10.377],[37.319,10.378],[37.321,10.384],[37.334,10.391],[37.34,10.39],[37.345,10.385],[37.353,10.383],[37.369,10.395],[37.383,10.395],[37.393,10.389],[37.4,10.389],[37.41,10.395],[37.431,10.396],[37.438,10.392],[37.446,10.395],[37.451,10.391],[37.455,10.386],[37.463,10.389],[37.47,10.395],[37.479,10.393],[37.486,10.389],[37.487,10.381],[37.491,10.385],[37.494,10.391],[37.5,10.386],[37.506,10.386],[37.514,10.386],[37.519,10.388],[37.525,10.381],[37.522,10.372],[37.515,10.367],[37.508,10.358],[37.514,10.354],[37.511,10.348],[37.513,10.344],[37.524,10.335],[37.527,10.33],[37.539,10.33],[37.544,10.331],[37.55,10.336],[37.549,10.342],[37.551,10.355],[37.56,10.364],[37.579,10.367],[37.577,10.375],[37.579,10.39],[37.591,10.399],[37.594,10.406],[37.601,10.409],[37.607,10.414],[37.615,10.426],[37.62,10.43],[37.628,10.432],[37.633,10.435],[37.642,10.426],[37.645,10.421],[37.668,10.431],[37.664,10.436],[37.648,10.442],[37.643,10.446],[37.669,10.472],[37.671,10.48],[37.671,10.486],[37.674,10.492],[37.68,10.498],[37.679,10.507],[37.683,10.512],[37.679,10.519],[37.672,10.518],[37.667,10.512],[37.658,10.509],[37.653,10.513],[37.653,10.526],[37.656,10.531],[37.653,10.537],[37.647,10.541],[37.64,10.528],[37.633,10.529],[37.633,10.544],[37.636,10.549],[37.638,10.556],[37.631,10.562],[37.631,10.57],[37.638,10.578],[37.642,10.585],[37.663,10.598],[37.672,10.597],[37.677,10.594],[37.688,10.598],[37.693,10.602],[37.698,10.607],[37.715,10.632],[37.716,10.64],[37.699,10.647],[37.682,10.644],[37.672,10.639],[37.669,10.643],[37.667,10.655],[37.659,10.671],[37.659,10.679],[37.654,10.68],[37.648,10.679]]]}},{"type":"Feature","properties":{"name":"Mimo Weremo"},"geometry":{"type":"Polygon","coordinates":[[[39.055,10.377],[39.041,10.374],[39.031,10.374],[39.018,10.369],[39.013,10.359],[38.998,10.344],[38.978,10.332],[38.972,10.33],[38.956,10.335],[38.953,10.34],[38.94,10.348],[38.921,10.35],[38.912,10.348],[38.904,10.349],[38.89,10.358],[38.882,10.359],[38.877,10.357],[38.847,10.362],[38.846,10.356],[38.854,10.335],[38.857,10.296],[38.86,10.287],[38.862,10.279],[38.845,10.257],[38.845,10.252],[38.848,10.245],[38.845,10.239],[38.836,10.227],[38.834,10.213],[38.835,10.205],[38.839,10.199],[38.835,10.18],[38.835,10.163],[38.84,10.15],[38.845,10.145],[38.848,10.14],[38.849,10.125],[38.853,10.119],[38.857,10.114],[38.877,10.111],[38.886,10.114],[38.892,10.13],[38.899,10.136],[38.906,10.138],[38.927,10.134],[38.93,10.139],[38.937,10.137],[38.952,10.137],[38.958,10.141],[38.971,10.147],[38.994,10.138],[39.006,10.135],[39.013,10.138],[39.027,10.137],[39.041,10.138],[39.047,10.142],[39.054,10.148],[39.062,10.151],[39.071,10.152],[39.078,10.149],[39.09,10.153],[39.096,10.151],[39.106,10.154],[39.11,10.159],[39.117,10.165],[39.136,10.17],[39.153,10.185],[39.174,10.182],[39.175,10.188],[39.192,10.217],[39.194,10.225],[39.202,10.241],[39.219,10.252],[39.225,10.265],[39.233,10.273],[39.24,10.276],[39.245,10.282],[39.246,10.303],[39.222,10.308],[39.214,10.292],[39.203,10.282],[39.19,10.285],[39.181,10.289],[39.169,10.301],[39.166,10.318],[39.16,10.325],[39.136,10.338],[39.109,10.331],[39.103,10.323],[39.096,10.323],[39.088,10.336],[39.082,10.342],[39.068,10.346],[39.064,10.352],[39.063,10.367],[39.06,10.374],[39.055,10.377]]]}},{"type":"Feature","properties":{"name":"Minjar Shenkora"},"geometry":{"type":"Polygon","coordinates":[[[39.509,9.109],[39.498,9.104],[39.495,9.092],[39.497,9.081],[39.492,9.075],[39.486,9.075],[39.48,9.073],[39.471,9.073],[39.463,9.079],[39.451,9.073],[39.445,9.076],[39.436,9.07],[39.433,9.065],[39.422,9.059],[39.41,9.042],[39.404,9.037],[39.398,9.037],[39.392,9.034],[39.369,9.046],[39.364,9.052],[39.358,9.063],[39.348,9.065],[39.316,9.061],[39.298,9.054],[39.289,9.0],[39.27,8.982],[39.259,8.964],[39.266,8.923],[39.26,8.911],[39.242,8.89],[39.238,8.863],[39.261,8.852],[39.266,8.844],[39.245,8.838],[39.245,8.829],[39.255,8.814],[39.273,8.784],[39.274,8.768],[39.263,8.748],[39.271,8.726],[39.287,8.719],[39.3,8.72],[39.306,8.723],[39.309,8.727],[39.325,8.748],[39.332,8.742],[39.343,8.728],[39.362,8.722],[39.378,8.732],[39.374,8.768],[39.375,8.781],[39.379,8.792],[39.387,8.8],[39.406,8.811],[39.419,8.816],[39.432,8.791],[39.441,8.769],[39.45,8.753],[39.471,8.743],[39.493,8.726],[39.502,8.716],[39.535,8.759],[39.553,8.77],[39.563,8.819],[39.592,8.798],[39.6,8.794],[39.618,8.788],[39.635,8.8],[39.651,8.804],[39.663,8.814],[39.68,8.817],[39.718,8.817],[39.734,8.827],[39.732,8.845],[39.738,8.858],[39.739,8.873],[39.749,8.911],[39.747,9.011],[39.747,9.016],[39.742,9.024],[39.741,9.041],[39.747,9.056],[39.748,9.064],[39.743,9.092],[39.735,9.095],[39.73,9.091],[39.7,9.089],[39.68,9.084],[39.668,9.08],[39.66,9.081],[39.654,9.08],[39.637,9.07],[39.632,9.066],[39.625,9.064],[39.617,9.056],[39.608,9.036],[39.599,9.029],[39.59,9.028],[39.562,9.037],[39.555,9.043],[39.555,9.057],[39.553,9.068],[39.547,9.071],[39.544,9.077],[39.529,9.077],[39.524,9.083],[39.518,9.086],[39.515,9.098],[39.509,9.109]]]}},{"type":"Feature","properties":{"name":"Mirab Armacho"},"geometry":{"type":"Polygon","coordinates":[[[36.452,13.769],[36.446,13.765],[36.44,13.742],[36.403,13.644],[36.4,13.628],[36.385,13.568],[36.382,13.546],[36.379,13.538],[36.365,13.525],[36.351,13.501],[36.311,13.427],[36.289,13.388],[36.279,13.367],[36.261,13.299],[36.258,13.281],[36.238,13.216],[36.2,13.07],[36.18,13.009],[36.185,13.005],[36.192,12.997],[36.198,12.981],[36.215,12.969],[36.223,12.965],[36.242,12.967],[36.251,12.966],[36.255,12.96],[36.256,12.953],[36.262,12.952],[36.264,12.948],[36.26,12.935],[36.255,12.924],[36.255,12.919],[36.27,12.915],[36.286,12.906],[36.299,12.905],[36.303,12.902],[36.311,12.893],[36.316,12.896],[36.322,12.895],[36.328,12.892],[36.33,12.901],[36.335,12.905],[36.337,12.923],[36.342,12.935],[36.349,12.941],[36.356,12.941],[36.362,12.94],[36.369,12.941],[36.383,12.95],[36.386,12.956],[36.386,12.963],[36.378,12.989],[36.372,13.003],[36.373,13.011],[36.382,13.025],[36.392,13.033],[36.4,13.047],[36.418,13.066],[36.424,13.083],[36.43,13.087],[36.437,13.089],[36.451,13.089],[36.463,13.091],[36.477,13.099],[36.489,13.101],[36.53,13.102],[36.625,13.1],[36.643,13.101],[36.656,13.104],[36.671,13.101],[36.678,13.095],[36.691,13.074],[36.694,13.062],[36.696,13.048],[36.694,13.039],[36.695,13.031],[36.694,13.018],[36.696,13.012],[36.707,12.995],[36.714,12.982],[36.719,12.965],[36.721,12.949],[36.723,12.943],[36.734,12.943],[36.763,12.945],[36.771,12.944],[36.772,12.951],[36.762,12.981],[36.763,12.988],[36.767,12.996],[36.774,13.0],[36.817,13.018],[36.822,13.024],[36.829,13.039],[36.83,13.048],[36.829,13.06],[36.834,13.077],[36.83,13.102],[36.829,13.108],[36.825,13.114],[36.824,13.122],[36.818,13.136],[36.813,13.154],[36.802,13.162],[36.797,13.17],[36.768,13.199],[36.751,13.22],[36.742,13.22],[36.732,13.218],[36.724,13.22],[36.72,13.223],[36.707,13.227],[36.7,13.227],[36.701,13.233],[36.696,13.237],[36.689,13.239],[36.683,13.251],[36.686,13.258],[36.687,13.266],[36.682,13.268],[36.679,13.274],[36.66,13.284],[36.645,13.286],[36.643,13.293],[36.635,13.297],[36.616,13.297],[36.55,13.317],[36.545,13.322],[36.533,13.326],[36.52,13.342],[36.513,13.357],[36.51,13.368],[36.506,13.375],[36.509,13.381],[36.508,13.395],[36.502,13.407],[36.506,13.421],[36.502,13.427],[36.496,13.431],[36.494,13.436],[36.492,13.45],[36.493,13.456],[36.486,13.475],[36.485,13.483],[36.491,13.516],[36.494,13.525],[36.501,13.534],[36.504,13.546],[36.504,13.552],[36.501,13.558],[36.501,13.564],[36.509,13.573],[36.513,13.582],[36.52,13.586],[36.527,13.607],[36.514,13.632],[36.511,13.65],[36.507,13.653],[36.505,13.666],[36.499,13.666],[36.495,13.671],[36.483,13.689],[36.478,13.694],[36.477,13.701],[36.479,13.705],[36.479,13.721],[36.485,13.728],[36.481,13.735],[36.468,13.744],[36.456,13.755],[36.452,13.769]]]}},{"type":"Feature","properties":{"name":"Mojan Wedera"},"geometry":{"type":"Polygon","coordinates":[[[39.305,10.0],[39.309,9.993],[39.31,9.987],[39.298,9.972],[39.295,9.966],[39.295,9.961],[39.299,9.956],[39.305,9.942],[39.319,9.932],[39.336,9.915],[39.349,9.907],[39.36,9.903],[39.367,9.9],[39.371,9.895],[39.38,9.882],[39.386,9.877],[39.4,9.871],[39.405,9.867],[39.436,9.858],[39.444,9.853],[39.46,9.853],[39.485,9.849],[39.501,9.85],[39.544,9.843],[39.553,9.843],[39.6,9.86],[39.635,9.86],[39.647,9.867],[39.667,9.869],[39.674,9.874],[39.679,9.869],[39.687,9.867],[39.684,9.859],[39.697,9.846],[39.704,9.843],[39.71,9.844],[39.738,9.834],[39.743,9.84],[39.744,9.847],[39.743,9.864],[39.74,9.874],[39.726,9.883],[39.722,9.889],[39.719,9.902],[39.711,9.903],[39.701,9.899],[39.69,9.904],[39.683,9.924],[39.682,9.932],[39.69,9.933],[39.692,9.946],[39.689,9.952],[39.699,9.959],[39.708,9.97],[39.708,9.986],[39.706,9.991],[39.681,9.997],[39.668,9.993],[39.662,9.995],[39.651,10.004],[39.649,10.01],[39.642,10.01],[39.632,10.003],[39.625,10.001],[39.597,10.003],[39.59,10.005],[39.582,10.005],[39.573,10.002],[39.56,9.995],[39.548,9.995],[39.541,9.992],[39.515,9.994],[39.509,9.993],[39.486,10.003],[39.468,10.001],[39.461,10.0],[39.447,9.992],[39.441,9.981],[39.435,9.979],[39.427,9.98],[39.417,9.985],[39.393,9.985],[39.386,9.98],[39.369,9.96],[39.362,9.955],[39.355,9.961],[39.347,9.979],[39.342,9.986],[39.32,9.997],[39.313,9.998],[39.305,10.0]]]}},{"type":"Feature","properties":{"name":"Moretna Jiru"},"geometry":{"type":"Polygon","coordinates":[[[39.264,10.101],[39.257,10.093],[39.251,10.091],[39.236,10.092],[39.213,10.086],[39.205,10.086],[39.198,10.089],[39.192,10.084],[39.187,10.075],[39.18,10.073],[39.176,10.064],[39.171,10.066],[39.17,10.058],[39.164,10.052],[39.152,10.053],[39.146,10.048],[39.141,10.042],[39.135,10.037],[39.128,10.035],[39.114,10.019],[39.106,10.017],[39.099,10.012],[39.094,10.001],[39.086,9.996],[39.083,9.989],[39.071,9.973],[39.055,9.97],[39.049,9.967],[39.034,9.949],[39.029,9.947],[39.016,9.946],[38.998,9.936],[38.991,9.925],[38.985,9.922],[38.978,9.919],[38.956,9.917],[38.951,9.913],[38.938,9.912],[38.929,9.909],[38.933,9.903],[38.939,9.9],[38.945,9.886],[38.956,9.877],[38.964,9.865],[38.98,9.852],[38.987,9.849],[38.994,9.848],[39.008,9.84],[39.019,9.835],[39.033,9.834],[39.046,9.829],[39.056,9.829],[39.102,9.835],[39.12,9.839],[39.126,9.838],[39.135,9.83],[39.141,9.826],[39.149,9.825],[39.153,9.818],[39.161,9.815],[39.177,9.813],[39.194,9.816],[39.202,9.813],[39.208,9.814],[39.213,9.819],[39.223,9.843],[39.232,9.845],[39.237,9.851],[39.234,9.856],[39.223,9.861],[39.216,9.857],[39.209,9.859],[39.202,9.858],[39.206,9.866],[39.221,9.879],[39.248,9.88],[39.266,9.885],[39.262,9.896],[39.261,9.917],[39.262,9.938],[39.26,9.947],[39.26,9.955],[39.27,9.971],[39.283,9.981],[39.293,9.994],[39.299,10.008],[39.299,10.019],[39.301,10.031],[39.306,10.042],[39.31,10.047],[39.316,10.052],[39.316,10.061],[39.31,10.078],[39.294,10.088],[39.282,10.084],[39.277,10.091],[39.264,10.101]]]}},{"type":"Feature","properties":{"name":"Quara"},"geometry":{"type":"Polygon","coordinates":[[[35.967,11.985],[35.962,12.001],[35.967,12.005],[35.972,12.004],[36.0,12.013],[36.008,12.011],[36.021,12.017],[36.026,12.022],[36.033,12.019],[36.041,12.018],[36.051,12.023],[36.058,12.021],[36.059,12.027],[36.053,12.032],[36.054,12.038],[36.057,12.046],[36.065,12.049],[36.071,12.043],[36.08,12.037],[36.084,12.029],[36.087,12.025],[36.093,12.028],[36.101,12.03],[36.11,12.025],[36.129,12.009],[36.137,12.013],[36.141,12.009],[36.146,12.01],[36.17,12.002],[36.176,12.007],[36.187,12.0],[36.194,12.002],[36.203,12.0],[36.21,12.004],[36.217,12.001],[36.226,12.002],[36.253,12.021],[36.26,12.023],[36.28,12.025],[36.282,12.032],[36.288,12.037],[36.295,12.04],[36.311,12.045],[36.324,12.047],[36.331,12.045],[36.337,12.047],[36.342,12.051],[36.348,12.05],[36.355,12.046],[36.367,12.034],[36.381,12.037],[36.387,12.038],[36.392,12.042],[36.4,12.042],[36.416,12.052],[36.427,12.057],[36.433,12.058],[36.44,12.062],[36.45,12.072],[36.452,12.079],[36.459,12.091],[36.469,12.118],[36.455,12.128],[36.446,12.14],[36.415,12.15],[36.406,12.156],[36.405,12.162],[36.419,12.171],[36.427,12.181],[36.435,12.181],[36.441,12.184],[36.444,12.189],[36.45,12.193],[36.454,12.198],[36.458,12.212],[36.465,12.21],[36.478,12.217],[36.484,12.222],[36.485,12.228],[36.484,12.234],[36.48,12.24],[36.48,12.25],[36.474,12.256],[36.477,12.26],[36.482,12.264],[36.485,12.269],[36.492,12.271],[36.494,12.282],[36.498,12.29],[36.468,12.317],[36.461,12.318],[36.454,12.322],[36.444,12.332],[36.439,12.339],[36.434,12.341],[36.429,12.342],[36.414,12.337],[36.403,12.336],[36.392,12.345],[36.378,12.352],[36.368,12.364],[36.361,12.378],[36.352,12.378],[36.348,12.384],[36.346,12.39],[36.346,12.404],[36.339,12.405],[36.339,12.414],[36.344,12.421],[36.349,12.425],[36.354,12.437],[36.361,12.439],[36.366,12.445],[36.373,12.446],[36.379,12.444],[36.392,12.449],[36.401,12.456],[36.405,12.463],[36.411,12.463],[36.42,12.46],[36.42,12.466],[36.425,12.471],[36.427,12.478],[36.429,12.486],[36.427,12.493],[36.421,12.495],[36.415,12.49],[36.406,12.491],[36.398,12.495],[36.394,12.51],[36.389,12.514],[36.375,12.518],[36.363,12.517],[36.354,12.524],[36.35,12.536],[36.343,12.538],[36.337,12.542],[36.33,12.541],[36.312,12.553],[36.29,12.557],[36.281,12.569],[36.273,12.576],[36.258,12.582],[36.233,12.589],[36.219,12.587],[36.216,12.577],[36.209,12.577],[36.197,12.582],[36.189,12.573],[36.183,12.57],[36.176,12.57],[36.166,12.563],[36.151,12.564],[36.144,12.558],[36.138,12.556],[36.127,12.564],[36.12,12.552],[36.114,12.551],[36.102,12.557],[36.098,12.553],[36.092,12.555],[36.087,12.56],[36.081,12.559],[36.076,12.562],[36.075,12.568],[36.078,12.574],[36.073,12.577],[36.066,12.573],[36.059,12.572],[36.045,12.575],[36.038,12.58],[36.03,12.589],[36.011,12.597],[36.01,12.603],[36.015,12.613],[36.005,12.62],[36.001,12.627],[36.003,12.658],[36.002,12.709],[35.773,12.661],[35.771,12.666],[35.762,12.67],[35.749,12.658],[35.737,12.66],[35.73,12.668],[35.722,12.671],[35.7,12.668],[35.686,12.649],[35.691,12.64],[35.692,12.632],[35.692,12.625],[35.684,12.61],[35.667,12.602],[35.661,12.601],[35.648,12.606],[35.431,12.237],[35.435,12.234],[35.439,12.229],[35.442,12.221],[35.443,12.212],[35.442,12.206],[35.438,12.198],[35.434,12.192],[35.424,12.186],[35.41,12.185],[35.401,12.187],[35.333,12.068],[35.338,12.064],[35.341,12.058],[35.344,12.048],[35.344,12.035],[35.341,12.024],[35.336,12.02],[35.324,12.014],[35.308,12.017],[35.303,12.016],[35.276,11.941],[35.258,11.935],[35.276,11.905],[35.285,11.885],[35.288,11.871],[35.288,11.857],[35.285,11.847],[35.289,11.831],[35.297,11.82],[35.298,11.808],[35.297,11.8],[35.304,11.804],[35.314,11.793],[35.326,11.795],[35.336,11.783],[35.338,11.774],[35.365,11.754],[35.395,11.747],[35.423,11.73],[35.442,11.731],[35.462,11.736],[35.474,11.737],[35.518,11.719],[35.535,11.73],[35.577,11.768],[35.591,11.774],[35.624,11.777],[35.646,11.782],[35.662,11.794],[35.667,11.827],[35.684,11.826],[35.695,11.832],[35.706,11.823],[35.72,11.83],[35.738,11.834],[35.757,11.832],[35.764,11.838],[35.775,11.834],[35.804,11.839],[35.816,11.829],[35.824,11.828],[35.849,11.841],[35.861,11.851],[35.869,11.86],[35.871,11.866],[35.875,11.887],[35.888,11.892],[35.912,11.906],[35.919,11.906],[35.926,11.913],[35.937,11.922],[35.944,11.937],[35.941,11.955],[35.934,11.961],[35.936,11.967],[35.94,11.971],[35.967,11.985]]]}},{"type":"Feature","properties":{"name":"Quarit"},"geometry":{"type":"Polygon","coordinates":[[[37.558,11.014],[37.556,11.021],[37.563,11.041],[37.558,11.054],[37.559,11.069],[37.555,11.073],[37.556,11.079],[37.551,11.09],[37.539,11.099],[37.531,11.101],[37.523,11.113],[37.517,11.112],[37.512,11.108],[37.496,11.105],[37.491,11.106],[37.506,11.116],[37.5,11.119],[37.493,11.121],[37.488,11.117],[37.482,11.115],[37.469,11.114],[37.465,11.109],[37.458,11.094],[37.446,11.08],[37.442,11.077],[37.437,11.075],[37.43,11.077],[37.424,11.08],[37.41,11.098],[37.398,11.104],[37.393,11.121],[37.354,11.125],[37.349,11.119],[37.356,11.104],[37.359,11.091],[37.371,11.092],[37.372,11.085],[37.37,11.078],[37.363,11.067],[37.373,11.062],[37.376,11.057],[37.373,11.053],[37.366,11.05],[37.354,11.052],[37.347,11.049],[37.338,11.034],[37.331,11.036],[37.325,11.034],[37.326,11.02],[37.321,11.016],[37.32,11.01],[37.324,10.996],[37.333,10.984],[37.324,10.971],[37.323,10.964],[37.326,10.959],[37.325,10.954],[37.315,10.943],[37.31,10.934],[37.307,10.92],[37.319,10.921],[37.323,10.918],[37.327,10.912],[37.332,10.907],[37.354,10.902],[37.362,10.903],[37.368,10.907],[37.369,10.914],[37.366,10.93],[37.371,10.934],[37.377,10.932],[37.382,10.927],[37.386,10.921],[37.386,10.914],[37.388,10.908],[37.398,10.881],[37.4,10.858],[37.398,10.852],[37.397,10.844],[37.404,10.838],[37.416,10.833],[37.416,10.821],[37.417,10.809],[37.415,10.801],[37.417,10.778],[37.423,10.775],[37.435,10.774],[37.44,10.769],[37.444,10.763],[37.443,10.753],[37.449,10.75],[37.456,10.755],[37.46,10.76],[37.454,10.765],[37.456,10.783],[37.468,10.792],[37.47,10.799],[37.471,10.812],[37.478,10.811],[37.484,10.812],[37.488,10.823],[37.494,10.827],[37.51,10.834],[37.509,10.839],[37.503,10.841],[37.496,10.84],[37.49,10.846],[37.493,10.854],[37.499,10.856],[37.505,10.854],[37.51,10.855],[37.514,10.86],[37.514,10.867],[37.517,10.875],[37.501,10.88],[37.502,10.887],[37.507,10.897],[37.503,10.901],[37.495,10.917],[37.501,10.922],[37.507,10.924],[37.511,10.93],[37.513,10.945],[37.509,10.965],[37.515,10.97],[37.525,10.983],[37.537,10.992],[37.539,11.006],[37.542,11.011],[37.55,11.011],[37.558,11.014]]]}},{"type":"Feature","properties":{"name":"Sahla"},"geometry":{"type":"Polygon","coordinates":[[[38.342,12.988],[38.349,12.983],[38.347,12.976],[38.338,12.969],[38.336,12.957],[38.339,12.952],[38.343,12.947],[38.349,12.951],[38.352,12.945],[38.357,12.946],[38.361,12.951],[38.366,12.954],[38.372,12.939],[38.378,12.935],[38.384,12.934],[38.391,12.928],[38.388,12.923],[38.386,12.916],[38.382,12.912],[38.385,12.906],[38.384,12.9],[38.388,12.894],[38.371,12.894],[38.367,12.898],[38.37,12.902],[38.367,12.907],[38.359,12.912],[38.348,12.905],[38.347,12.9],[38.35,12.876],[38.342,12.865],[38.336,12.864],[38.336,12.858],[38.353,12.837],[38.352,12.829],[38.346,12.818],[38.341,12.804],[38.335,12.794],[38.332,12.77],[38.334,12.762],[38.339,12.757],[38.355,12.759],[38.379,12.746],[38.386,12.746],[38.397,12.751],[38.405,12.75],[38.425,12.739],[38.438,12.741],[38.443,12.745],[38.451,12.747],[38.464,12.741],[38.473,12.75],[38.479,12.75],[38.485,12.753],[38.49,12.758],[38.5,12.755],[38.505,12.756],[38.511,12.759],[38.516,12.768],[38.521,12.765],[38.527,12.763],[38.534,12.768],[38.537,12.772],[38.544,12.776],[38.554,12.784],[38.564,12.797],[38.574,12.794],[38.583,12.796],[38.59,12.799],[38.597,12.799],[38.604,12.801],[38.62,12.802],[38.625,12.803],[38.629,12.807],[38.649,12.818],[38.656,12.815],[38.661,12.811],[38.667,12.811],[38.683,12.819],[38.687,12.822],[38.685,12.829],[38.68,12.835],[38.678,12.851],[38.673,12.854],[38.672,12.862],[38.663,12.876],[38.663,12.885],[38.665,12.905],[38.664,12.913],[38.658,12.923],[38.645,12.924],[38.631,12.939],[38.617,12.938],[38.608,12.933],[38.6,12.935],[38.589,12.929],[38.577,12.94],[38.579,12.948],[38.577,12.956],[38.582,12.962],[38.59,12.967],[38.591,12.981],[38.595,12.988],[38.602,12.993],[38.603,13.002],[38.609,13.014],[38.614,13.018],[38.621,13.017],[38.627,13.018],[38.633,13.027],[38.638,13.03],[38.634,13.035],[38.637,13.04],[38.643,13.042],[38.645,13.047],[38.641,13.05],[38.638,13.058],[38.646,13.059],[38.652,13.069],[38.626,13.082],[38.622,13.088],[38.62,13.094],[38.615,13.101],[38.609,13.116],[38.604,13.131],[38.603,13.139],[38.595,13.156],[38.591,13.168],[38.587,13.172],[38.574,13.179],[38.552,13.188],[38.538,13.189],[38.53,13.177],[38.521,13.167],[38.516,13.16],[38.515,13.153],[38.518,13.147],[38.518,13.139],[38.516,13.134],[38.511,13.133],[38.506,13.128],[38.515,13.114],[38.512,13.109],[38.499,13.114],[38.491,13.103],[38.488,13.09],[38.482,13.087],[38.47,13.09],[38.463,13.089],[38.468,13.081],[38.466,13.073],[38.463,13.067],[38.455,13.068],[38.452,13.062],[38.456,13.057],[38.461,13.052],[38.462,13.046],[38.456,13.044],[38.441,13.042],[38.429,13.037],[38.421,13.038],[38.415,13.044],[38.405,13.061],[38.39,13.065],[38.382,13.064],[38.378,13.059],[38.381,13.051],[38.38,13.024],[38.385,13.018],[38.38,13.015],[38.358,13.015],[38.35,13.011],[38.345,13.006],[38.342,13.0],[38.342,12.988]]]}},{"type":"Feature","properties":{"name":"Sayint"},"geometry":{"type":"Polygon","coordinates":[[[38.921,10.881],[38.933,10.877],[38.948,10.876],[38.954,10.878],[38.96,10.884],[38.963,10.891],[38.979,10.898],[38.986,10.906],[38.993,10.909],[39.01,10.913],[39.054,10.917],[39.059,10.923],[39.062,10.928],[39.067,10.933],[39.075,10.933],[39.104,10.92],[39.11,10.919],[39.116,10.921],[39.122,10.926],[39.122,10.931],[39.12,10.938],[39.12,10.947],[39.126,10.953],[39.109,10.965],[39.102,10.972],[39.094,10.973],[39.085,10.97],[39.073,10.969],[39.066,10.971],[39.058,10.978],[39.048,10.995],[39.047,11.004],[39.04,11.015],[39.028,11.041],[39.009,11.063],[38.995,11.069],[38.992,11.077],[38.975,11.089],[38.964,11.1],[38.939,11.107],[38.92,11.115],[38.914,11.119],[38.898,11.135],[38.887,11.148],[38.876,11.157],[38.853,11.168],[38.835,11.173],[38.83,11.181],[38.817,11.194],[38.811,11.203],[38.798,11.211],[38.792,11.215],[38.785,11.214],[38.766,11.22],[38.743,11.221],[38.733,11.224],[38.708,11.241],[38.704,11.248],[38.698,11.254],[38.682,11.255],[38.674,11.258],[38.657,11.259],[38.649,11.262],[38.622,11.265],[38.61,11.27],[38.606,11.265],[38.595,11.255],[38.59,11.25],[38.585,11.236],[38.574,11.231],[38.57,11.227],[38.58,11.215],[38.579,11.201],[38.576,11.195],[38.576,11.191],[38.572,11.185],[38.564,11.184],[38.563,11.175],[38.556,11.171],[38.552,11.167],[38.546,11.157],[38.53,11.148],[38.517,11.145],[38.517,11.137],[38.513,11.131],[38.504,11.121],[38.495,11.114],[38.487,11.103],[38.482,11.099],[38.478,11.093],[38.477,11.085],[38.471,11.08],[38.467,11.074],[38.48,11.057],[38.48,11.041],[38.474,11.036],[38.478,11.029],[38.49,10.994],[38.498,10.979],[38.499,10.972],[38.493,10.964],[38.499,10.956],[38.516,10.969],[38.517,10.977],[38.529,10.999],[38.543,11.018],[38.549,11.021],[38.557,11.023],[38.576,11.034],[38.587,11.05],[38.603,11.06],[38.611,11.061],[38.62,11.059],[38.644,11.047],[38.657,11.033],[38.678,11.02],[38.685,11.018],[38.722,11.017],[38.759,11.005],[38.765,11.002],[38.772,10.989],[38.774,10.98],[38.781,10.97],[38.787,10.964],[38.795,10.942],[38.81,10.92],[38.823,10.912],[38.824,10.907],[38.838,10.885],[38.89,10.887],[38.915,10.884],[38.921,10.881]]]}},{"type":"Feature","properties":{"name":"Sekela"},"geometry":{"type":"Polygon","coordinates":[[[37.083,10.946],[37.087,10.943],[37.089,10.936],[37.093,10.931],[37.103,10.924],[37.113,10.912],[37.11,10.902],[37.109,10.896],[37.112,10.884],[37.115,10.877],[37.112,10.87],[37.111,10.863],[37.118,10.851],[37.125,10.85],[37.121,10.842],[37.121,10.828],[37.119,10.821],[37.126,10.819],[37.132,10.819],[37.144,10.813],[37.144,10.808],[37.151,10.794],[37.168,10.808],[37.18,10.802],[37.168,10.795],[37.168,10.789],[37.174,10.783],[37.181,10.781],[37.188,10.797],[37.185,10.803],[37.185,10.811],[37.195,10.827],[37.196,10.833],[37.193,10.842],[37.212,10.841],[37.215,10.846],[37.215,10.859],[37.236,10.857],[37.24,10.852],[37.245,10.849],[37.253,10.852],[37.255,10.86],[37.248,10.865],[37.242,10.876],[37.244,10.883],[37.256,10.895],[37.265,10.913],[37.274,10.916],[37.289,10.903],[37.3,10.907],[37.307,10.92],[37.31,10.934],[37.315,10.943],[37.325,10.954],[37.326,10.959],[37.323,10.964],[37.324,10.971],[37.333,10.984],[37.324,10.996],[37.32,11.01],[37.321,11.016],[37.326,11.02],[37.325,11.034],[37.331,11.036],[37.338,11.034],[37.347,11.049],[37.354,11.052],[37.366,11.05],[37.373,11.053],[37.376,11.057],[37.373,11.062],[37.363,11.067],[37.37,11.078],[37.372,11.085],[37.371,11.092],[37.359,11.091],[37.356,11.104],[37.349,11.119],[37.342,11.12],[37.324,11.115],[37.322,11.121],[37.323,11.127],[37.317,11.132],[37.309,11.123],[37.303,11.121],[37.294,11.106],[37.292,11.113],[37.285,11.12],[37.274,11.129],[37.267,11.125],[37.251,11.11],[37.241,11.097],[37.235,11.097],[37.226,11.11],[37.225,11.118],[37.229,11.128],[37.226,11.136],[37.221,11.143],[37.216,11.146],[37.209,11.131],[37.203,11.11],[37.198,11.103],[37.18,11.126],[37.171,11.123],[37.148,11.126],[37.142,11.13],[37.141,11.137],[37.135,11.14],[37.13,11.139],[37.124,11.136],[37.117,11.135],[37.103,11.129],[37.097,11.125],[37.088,11.138],[37.079,11.138],[37.073,11.114],[37.083,11.102],[37.086,11.096],[37.071,11.078],[37.072,11.055],[37.08,11.043],[37.081,11.037],[37.087,11.024],[37.086,11.018],[37.089,11.013],[37.093,11.023],[37.099,11.029],[37.106,11.033],[37.11,11.026],[37.106,11.022],[37.105,11.016],[37.105,11.008],[37.116,10.996],[37.119,10.989],[37.121,10.98],[37.131,10.97],[37.132,10.961],[37.129,10.957],[37.123,10.957],[37.107,10.956],[37.095,10.958],[37.091,10.956],[37.083,10.946]]]}},{"type":"Feature","properties":{"name":"Semen Achefer"},"geometry":{"type":"MultiPolygon","coordinates":[[[[36.856,11.52],[36.853,11.514],[36.855,11.507],[36.858,11.512],[36.856,11.52]]],[[[37.061,11.569],[37.082,11.585],[37.083,11.592],[37.077,11.6],[37.075,11.606],[37.068,11.608],[37.061,11.605],[37.06,11.617],[37.068,11.627],[37.073,11.628],[37.08,11.627],[37.087,11.629],[37.093,11.632],[37.102,11.63],[37.111,11.631],[37.111,11.639],[37.115,11.643],[37.118,11.651],[37.128,11.66],[37.127,11.666],[37.123,11.672],[37.122,11.679],[37.124,11.684],[37.13,11.687],[37.136,11.684],[37.142,11.686],[37.162,11.701],[37.17,11.704],[37.185,11.706],[37.202,11.706],[37.207,11.708],[37.212,11.713],[37.214,11.718],[37.212,11.725],[37.204,11.725],[37.195,11.731],[37.187,11.733],[37.18,11.746],[37.179,11.756],[37.179,11.767],[37.175,11.77],[37.157,11.771],[37.149,11.767],[37.141,11.768],[37.134,11.771],[37.13,11.776],[37.125,11.788],[37.124,11.808],[37.12,11.813],[37.115,11.82],[37.117,11.825],[37.12,11.832],[37.119,11.839],[37.111,11.835],[37.107,11.839],[37.103,11.831],[37.103,11.823],[37.106,11.816],[37.105,11.805],[37.112,11.808],[37.109,11.801],[37.099,11.796],[37.092,11.799],[37.088,11.805],[37.081,11.806],[37.08,11.822],[37.074,11.827],[37.055,11.831],[37.048,11.836],[37.046,11.851],[37.047,11.858],[37.035,11.87],[37.03,11.881],[37.019,11.887],[37.013,11.883],[37.005,11.883],[36.998,11.886],[36.993,11.898],[36.971,11.905],[36.965,11.903],[36.945,11.875],[36.934,11.867],[36.926,11.864],[36.915,11.857],[36.889,11.854],[36.878,11.845],[36.867,11.839],[36.868,11.83],[36.867,11.823],[36.863,11.817],[36.863,11.808],[36.855,11.795],[36.853,11.789],[36.853,11.784],[36.861,11.771],[36.867,11.766],[36.872,11.766],[36.877,11.763],[36.877,11.755],[36.875,11.749],[36.87,11.742],[36.857,11.743],[36.843,11.74],[36.839,11.735],[36.835,11.724],[36.817,11.715],[36.811,11.705],[36.809,11.697],[36.786,11.678],[36.78,11.675],[36.766,11.676],[36.761,11.679],[36.753,11.678],[36.748,11.682],[36.741,11.684],[36.727,11.686],[36.713,11.687],[36.708,11.685],[36.697,11.677],[36.685,11.658],[36.663,11.643],[36.655,11.643],[36.661,11.632],[36.668,11.628],[36.681,11.625],[36.728,11.606],[36.736,11.604],[36.744,11.604],[36.752,11.607],[36.76,11.606],[36.766,11.603],[36.774,11.597],[36.794,11.575],[36.801,11.563],[36.799,11.555],[36.798,11.545],[36.81,11.546],[36.822,11.54],[36.84,11.534],[36.853,11.528],[36.856,11.52],[36.861,11.523],[36.865,11.528],[36.865,11.536],[36.87,11.541],[36.873,11.555],[36.887,11.573],[36.904,11.565],[36.929,11.568],[36.943,11.576],[36.946,11.583],[36.95,11.587],[36.955,11.584],[36.959,11.577],[36.966,11.577],[36.972,11.581],[36.977,11.587],[36.979,11.595],[36.985,11.597],[36.993,11.595],[37.008,11.589],[37.011,11.582],[37.016,11.579],[37.024,11.579],[37.03,11.581],[37.037,11.581],[37.042,11.587],[37.049,11.587],[37.052,11.58],[37.061,11.569]]]]}},{"type":"Feature","properties":{"name":"Senan"},"geometry":{"type":"Polygon","coordinates":[[[37.914,10.421],[37.914,10.429],[37.911,10.436],[37.913,10.442],[37.915,10.463],[37.913,10.479],[37.908,10.484],[37.904,10.491],[37.893,10.54],[37.887,10.543],[37.887,10.55],[37.889,10.555],[37.886,10.565],[37.891,10.572],[37.892,10.577],[37.889,10.584],[37.886,10.595],[37.869,10.615],[37.853,10.628],[37.84,10.639],[37.839,10.644],[37.831,10.655],[37.822,10.662],[37.819,10.671],[37.81,10.676],[37.786,10.683],[37.742,10.674],[37.722,10.666],[37.712,10.665],[37.698,10.668],[37.683,10.666],[37.681,10.677],[37.667,10.68],[37.659,10.679],[37.659,10.671],[37.667,10.655],[37.669,10.643],[37.672,10.639],[37.682,10.644],[37.699,10.647],[37.716,10.64],[37.715,10.632],[37.698,10.607],[37.693,10.602],[37.688,10.598],[37.677,10.594],[37.672,10.597],[37.663,10.598],[37.642,10.585],[37.638,10.578],[37.631,10.57],[37.631,10.562],[37.638,10.556],[37.636,10.549],[37.633,10.544],[37.633,10.529],[37.64,10.528],[37.647,10.541],[37.653,10.537],[37.656,10.531],[37.653,10.526],[37.653,10.513],[37.658,10.509],[37.667,10.512],[37.672,10.518],[37.679,10.519],[37.683,10.512],[37.679,10.507],[37.68,10.498],[37.674,10.492],[37.671,10.486],[37.671,10.48],[37.669,10.472],[37.643,10.446],[37.648,10.442],[37.664,10.436],[37.668,10.431],[37.645,10.421],[37.638,10.415],[37.637,10.409],[37.646,10.409],[37.655,10.411],[37.676,10.412],[37.682,10.415],[37.683,10.421],[37.687,10.425],[37.694,10.424],[37.697,10.417],[37.701,10.42],[37.715,10.409],[37.715,10.424],[37.717,10.431],[37.717,10.439],[37.72,10.446],[37.728,10.451],[37.731,10.446],[37.732,10.439],[37.735,10.434],[37.746,10.426],[37.747,10.417],[37.749,10.411],[37.759,10.398],[37.759,10.392],[37.763,10.385],[37.764,10.379],[37.763,10.373],[37.766,10.367],[37.765,10.361],[37.771,10.359],[37.781,10.362],[37.794,10.364],[37.802,10.364],[37.81,10.363],[37.812,10.35],[37.825,10.324],[37.831,10.32],[37.834,10.329],[37.834,10.34],[37.844,10.371],[37.85,10.375],[37.878,10.373],[37.886,10.37],[37.894,10.369],[37.9,10.385],[37.9,10.392],[37.9,10.398],[37.896,10.405],[37.893,10.414],[37.914,10.421]]]}},{"type":"Feature","properties":{"name":"Shebel Bereta"},"geometry":{"type":"Polygon","coordinates":[[[38.252,10.097],[38.253,10.089],[38.259,10.089],[38.273,10.093],[38.282,10.092],[38.287,10.089],[38.296,10.09],[38.301,10.096],[38.303,10.104],[38.309,10.109],[38.323,10.108],[38.327,10.115],[38.325,10.124],[38.327,10.134],[38.334,10.152],[38.341,10.157],[38.349,10.16],[38.355,10.156],[38.358,10.152],[38.359,10.145],[38.367,10.141],[38.376,10.141],[38.398,10.145],[38.402,10.15],[38.403,10.156],[38.407,10.161],[38.427,10.173],[38.427,10.179],[38.422,10.182],[38.431,10.194],[38.42,10.214],[38.42,10.221],[38.425,10.224],[38.432,10.233],[38.449,10.241],[38.455,10.248],[38.457,10.255],[38.456,10.262],[38.464,10.269],[38.462,10.277],[38.459,10.283],[38.461,10.291],[38.473,10.293],[38.467,10.306],[38.469,10.312],[38.475,10.316],[38.476,10.323],[38.476,10.332],[38.482,10.345],[38.48,10.352],[38.477,10.357],[38.478,10.364],[38.484,10.366],[38.491,10.365],[38.487,10.373],[38.49,10.394],[38.483,10.406],[38.482,10.418],[38.485,10.428],[38.486,10.44],[38.482,10.445],[38.481,10.451],[38.483,10.456],[38.48,10.461],[38.486,10.475],[38.487,10.483],[38.479,10.492],[38.478,10.5],[38.481,10.505],[38.48,10.513],[38.471,10.525],[38.469,10.536],[38.464,10.543],[38.456,10.549],[38.434,10.558],[38.418,10.556],[38.412,10.553],[38.399,10.551],[38.386,10.555],[38.369,10.554],[38.341,10.539],[38.328,10.529],[38.316,10.515],[38.312,10.499],[38.314,10.491],[38.312,10.484],[38.306,10.478],[38.303,10.474],[38.31,10.453],[38.31,10.447],[38.308,10.442],[38.303,10.436],[38.296,10.432],[38.277,10.423],[38.276,10.417],[38.278,10.397],[38.274,10.391],[38.256,10.382],[38.236,10.382],[38.229,10.38],[38.223,10.375],[38.225,10.37],[38.239,10.357],[38.242,10.351],[38.246,10.346],[38.252,10.344],[38.251,10.338],[38.263,10.323],[38.265,10.313],[38.263,10.3],[38.266,10.283],[38.274,10.271],[38.277,10.262],[38.277,10.257],[38.291,10.236],[38.308,10.216],[38.307,10.207],[38.303,10.195],[38.292,10.184],[38.292,10.167],[38.289,10.158],[38.282,10.144],[38.283,10.139],[38.279,10.131],[38.252,10.097]]]}},{"type":"Feature","properties":{"name":"Simada"},"geometry":{"type":"Polygon","coordinates":[[[38.156,11.161],[38.166,11.149],[38.178,11.141],[38.199,11.139],[38.205,11.139],[38.212,11.14],[38.236,11.152],[38.253,11.149],[38.265,11.143],[38.271,11.142],[38.279,11.143],[38.286,11.147],[38.292,11.149],[38.298,11.147],[38.31,11.137],[38.325,11.128],[38.332,11.122],[38.343,11.107],[38.366,11.104],[38.373,11.102],[38.385,11.09],[38.39,11.082],[38.41,11.077],[38.416,11.077],[38.421,11.079],[38.426,11.083],[38.433,11.083],[38.439,11.081],[38.451,11.067],[38.474,11.036],[38.48,11.041],[38.48,11.057],[38.467,11.074],[38.471,11.08],[38.477,11.085],[38.478,11.093],[38.482,11.099],[38.487,11.103],[38.495,11.114],[38.504,11.121],[38.513,11.131],[38.517,11.137],[38.517,11.145],[38.53,11.148],[38.546,11.157],[38.552,11.167],[38.556,11.171],[38.563,11.175],[38.564,11.184],[38.572,11.185],[38.576,11.191],[38.576,11.195],[38.579,11.201],[38.58,11.215],[38.57,11.227],[38.574,11.231],[38.585,11.236],[38.59,11.25],[38.595,11.255],[38.606,11.265],[38.61,11.27],[38.609,11.28],[38.618,11.291],[38.617,11.298],[38.626,11.299],[38.632,11.319],[38.633,11.327],[38.64,11.332],[38.642,11.338],[38.635,11.344],[38.635,11.351],[38.639,11.354],[38.644,11.364],[38.638,11.368],[38.632,11.371],[38.619,11.382],[38.599,11.389],[38.594,11.393],[38.582,11.425],[38.577,11.433],[38.57,11.44],[38.563,11.452],[38.553,11.465],[38.55,11.471],[38.535,11.484],[38.478,11.514],[38.467,11.525],[38.461,11.533],[38.445,11.544],[38.42,11.553],[38.396,11.566],[38.381,11.579],[38.353,11.587],[38.338,11.597],[38.335,11.601],[38.33,11.605],[38.316,11.594],[38.308,11.593],[38.296,11.603],[38.289,11.584],[38.286,11.571],[38.279,11.558],[38.275,11.553],[38.262,11.559],[38.254,11.561],[38.255,11.566],[38.244,11.57],[38.235,11.575],[38.231,11.582],[38.221,11.586],[38.218,11.58],[38.216,11.572],[38.216,11.547],[38.229,11.548],[38.226,11.541],[38.222,11.537],[38.22,11.532],[38.219,11.517],[38.208,11.521],[38.191,11.519],[38.19,11.512],[38.201,11.512],[38.196,11.503],[38.189,11.496],[38.185,11.467],[38.18,11.464],[38.157,11.465],[38.149,11.467],[38.143,11.472],[38.136,11.474],[38.131,11.468],[38.118,11.462],[38.113,11.449],[38.112,11.44],[38.108,11.423],[38.104,11.415],[38.103,11.41],[38.107,11.398],[38.111,11.395],[38.135,11.359],[38.134,11.354],[38.137,11.342],[38.144,11.341],[38.15,11.336],[38.153,11.331],[38.159,11.306],[38.167,11.298],[38.178,11.275],[38.18,11.267],[38.172,11.235],[38.167,11.224],[38.166,11.218],[38.168,11.213],[38.169,11.202],[38.163,11.191],[38.161,11.177],[38.156,11.161]]]}},{"type":"Feature","properties":{"name":"Siya Debirna Wayu"},"geometry":{"type":"Polygon","coordinates":[[[39.008,9.84],[39.005,9.835],[39.006,9.828],[39.01,9.822],[39.014,9.818],[39.015,9.812],[39.012,9.799],[39.008,9.794],[39.003,9.789],[39.003,9.782],[39.009,9.776],[39.005,9.752],[39.013,9.753],[39.017,9.759],[39.024,9.759],[39.036,9.754],[39.037,9.748],[39.051,9.754],[39.07,9.754],[39.077,9.756],[39.083,9.758],[39.088,9.762],[39.093,9.764],[39.103,9.756],[39.105,9.75],[39.098,9.745],[39.099,9.736],[39.11,9.733],[39.118,9.734],[39.124,9.736],[39.134,9.742],[39.14,9.742],[39.144,9.736],[39.146,9.73],[39.145,9.722],[39.149,9.716],[39.147,9.709],[39.146,9.694],[39.157,9.69],[39.163,9.69],[39.167,9.694],[39.175,9.696],[39.179,9.69],[39.185,9.687],[39.185,9.721],[39.198,9.717],[39.201,9.71],[39.206,9.708],[39.209,9.712],[39.212,9.706],[39.218,9.709],[39.224,9.706],[39.226,9.7],[39.229,9.695],[39.234,9.7],[39.24,9.703],[39.246,9.703],[39.251,9.706],[39.261,9.73],[39.269,9.741],[39.281,9.734],[39.288,9.735],[39.293,9.746],[39.299,9.749],[39.309,9.745],[39.314,9.732],[39.321,9.725],[39.33,9.725],[39.343,9.728],[39.348,9.726],[39.352,9.733],[39.355,9.745],[39.358,9.75],[39.361,9.759],[39.374,9.776],[39.373,9.782],[39.377,9.796],[39.367,9.802],[39.357,9.821],[39.351,9.828],[39.344,9.832],[39.324,9.84],[39.308,9.856],[39.301,9.867],[39.285,9.869],[39.272,9.869],[39.267,9.874],[39.266,9.885],[39.248,9.88],[39.221,9.879],[39.206,9.866],[39.202,9.858],[39.209,9.859],[39.216,9.857],[39.223,9.861],[39.234,9.856],[39.237,9.851],[39.232,9.845],[39.223,9.843],[39.213,9.819],[39.208,9.814],[39.202,9.813],[39.194,9.816],[39.177,9.813],[39.161,9.815],[39.153,9.818],[39.149,9.825],[39.141,9.826],[39.135,9.83],[39.126,9.838],[39.12,9.839],[39.102,9.835],[39.056,9.829],[39.046,9.829],[39.033,9.834],[39.019,9.835],[39.008,9.84]]]}},{"type":"Feature","properties":{"name":"Tach Armacho"},"geometry":{"type":"Polygon","coordinates":[[[37.181,12.833],[37.19,12.841],[37.198,12.84],[37.204,12.837],[37.21,12.838],[37.226,12.833],[37.23,12.839],[37.244,12.838],[37.273,12.846],[37.288,12.852],[37.291,12.858],[37.295,12.861],[37.298,12.869],[37.3,12.882],[37.308,12.896],[37.307,12.902],[37.313,12.918],[37.306,12.93],[37.307,12.949],[37.304,12.957],[37.316,12.949],[37.339,12.941],[37.353,12.928],[37.368,12.926],[37.376,12.932],[37.377,12.951],[37.373,12.957],[37.372,12.964],[37.383,12.984],[37.393,12.992],[37.397,13.0],[37.401,13.004],[37.413,12.999],[37.419,12.994],[37.422,12.985],[37.439,12.974],[37.454,12.974],[37.46,12.972],[37.493,12.976],[37.499,12.98],[37.503,12.985],[37.515,12.991],[37.527,12.993],[37.533,12.995],[37.53,13.001],[37.524,13.022],[37.526,13.036],[37.523,13.05],[37.521,13.078],[37.514,13.093],[37.499,13.096],[37.471,13.094],[37.451,13.098],[37.444,13.096],[37.421,13.08],[37.406,13.077],[37.393,13.08],[37.381,13.076],[37.377,13.088],[37.371,13.092],[37.363,13.091],[37.355,13.093],[37.347,13.096],[37.343,13.101],[37.337,13.105],[37.328,13.107],[37.313,13.105],[37.307,13.108],[37.288,13.104],[37.281,13.105],[37.275,13.108],[37.273,13.115],[37.275,13.122],[37.266,13.127],[37.263,13.131],[37.241,13.144],[37.239,13.16],[37.241,13.178],[37.23,13.187],[37.223,13.19],[37.208,13.203],[37.202,13.202],[37.197,13.211],[37.195,13.218],[37.186,13.217],[37.171,13.219],[37.153,13.232],[37.147,13.233],[37.133,13.239],[37.121,13.24],[37.113,13.242],[37.1,13.236],[37.085,13.231],[37.078,13.233],[37.067,13.228],[37.06,13.228],[37.051,13.231],[37.02,13.236],[37.013,13.234],[37.005,13.238],[37.0,13.237],[36.993,13.234],[36.984,13.236],[36.977,13.235],[36.968,13.228],[36.954,13.229],[36.944,13.231],[36.934,13.231],[36.927,13.226],[36.922,13.226],[36.909,13.236],[36.9,13.237],[36.891,13.241],[36.883,13.239],[36.874,13.241],[36.866,13.236],[36.855,13.233],[36.824,13.24],[36.816,13.244],[36.809,13.244],[36.795,13.248],[36.78,13.249],[36.762,13.255],[36.746,13.254],[36.74,13.256],[36.731,13.254],[36.709,13.262],[36.704,13.26],[36.687,13.266],[36.686,13.258],[36.683,13.251],[36.689,13.239],[36.696,13.237],[36.701,13.233],[36.7,13.227],[36.707,13.227],[36.72,13.223],[36.724,13.22],[36.732,13.218],[36.742,13.22],[36.751,13.22],[36.768,13.199],[36.797,13.17],[36.802,13.162],[36.813,13.154],[36.818,13.136],[36.824,13.122],[36.825,13.114],[36.829,13.108],[36.83,13.102],[36.834,13.077],[36.829,13.06],[36.83,13.048],[36.829,13.039],[36.822,13.024],[36.817,13.018],[36.774,13.0],[36.767,12.996],[36.763,12.988],[36.762,12.981],[36.772,12.951],[36.771,12.944],[36.774,12.938],[36.772,12.927],[36.774,12.915],[36.773,12.907],[36.77,12.899],[36.771,12.885],[36.769,12.878],[36.777,12.857],[36.779,12.847],[36.769,12.828],[36.778,12.82],[36.787,12.822],[36.806,12.815],[36.813,12.815],[36.822,12.808],[36.833,12.804],[36.85,12.811],[36.859,12.813],[36.858,12.821],[36.866,12.823],[36.881,12.825],[36.897,12.834],[36.903,12.833],[36.909,12.834],[36.925,12.847],[36.93,12.852],[36.937,12.855],[36.943,12.852],[36.953,12.859],[36.96,12.861],[36.969,12.855],[36.98,12.853],[36.985,12.858],[36.991,12.859],[36.995,12.863],[37.0,12.864],[37.007,12.865],[37.012,12.864],[37.036,12.867],[37.042,12.866],[37.054,12.876],[37.065,12.881],[37.073,12.89],[37.084,12.896],[37.091,12.896],[37.114,12.887],[37.133,12.884],[37.156,12.864],[37.166,12.848],[37.176,12.837],[37.181,12.833]]]}},{"type":"Feature","properties":{"name":"Tach Gayint"},"geometry":{"type":"Polygon","coordinates":[[[38.67,11.59],[38.651,11.594],[38.643,11.611],[38.635,11.62],[38.631,11.629],[38.629,11.637],[38.627,11.676],[38.629,11.689],[38.633,11.699],[38.632,11.704],[38.628,11.709],[38.609,11.723],[38.565,11.721],[38.546,11.71],[38.534,11.699],[38.525,11.678],[38.507,11.676],[38.489,11.678],[38.46,11.678],[38.457,11.668],[38.456,11.654],[38.453,11.647],[38.448,11.65],[38.442,11.661],[38.433,11.669],[38.416,11.678],[38.409,11.676],[38.402,11.678],[38.4,11.666],[38.4,11.66],[38.403,11.655],[38.401,11.65],[38.41,11.631],[38.409,11.625],[38.404,11.62],[38.39,11.614],[38.386,11.62],[38.382,11.633],[38.376,11.636],[38.37,11.634],[38.364,11.636],[38.361,11.641],[38.353,11.639],[38.337,11.621],[38.331,11.618],[38.325,11.617],[38.324,11.611],[38.33,11.605],[38.335,11.601],[38.338,11.597],[38.353,11.587],[38.381,11.579],[38.396,11.566],[38.42,11.553],[38.445,11.544],[38.461,11.533],[38.467,11.525],[38.478,11.514],[38.535,11.484],[38.55,11.471],[38.553,11.465],[38.563,11.452],[38.57,11.44],[38.577,11.433],[38.582,11.425],[38.594,11.393],[38.599,11.389],[38.619,11.382],[38.632,11.371],[38.638,11.368],[38.644,11.364],[38.649,11.369],[38.651,11.378],[38.656,11.385],[38.67,11.389],[38.675,11.392],[38.678,11.398],[38.701,11.409],[38.706,11.415],[38.706,11.423],[38.698,11.435],[38.698,11.442],[38.702,11.45],[38.703,11.457],[38.703,11.475],[38.706,11.499],[38.705,11.507],[38.706,11.514],[38.716,11.522],[38.719,11.528],[38.719,11.538],[38.715,11.546],[38.707,11.557],[38.696,11.565],[38.683,11.569],[38.673,11.578],[38.67,11.59]]]}},{"type":"Feature","properties":{"name":"Takusa"},"geometry":{"type":"Polygon","coordinates":[[[37.013,12.016],[37.023,12.075],[37.033,12.087],[37.028,12.092],[37.026,12.097],[37.029,12.109],[37.034,12.118],[37.032,12.126],[37.034,12.136],[37.034,12.149],[37.036,12.156],[37.065,12.211],[37.071,12.217],[37.113,12.246],[37.118,12.27],[37.114,12.274],[37.111,12.283],[37.108,12.293],[37.106,12.308],[37.1,12.313],[37.098,12.318],[37.084,12.315],[37.066,12.307],[37.051,12.308],[37.044,12.312],[37.042,12.32],[37.039,12.325],[37.032,12.322],[37.028,12.316],[37.02,12.293],[37.013,12.29],[37.001,12.297],[36.996,12.298],[36.993,12.303],[36.992,12.309],[36.99,12.314],[36.977,12.318],[36.952,12.314],[36.946,12.317],[36.948,12.323],[36.944,12.328],[36.933,12.335],[36.92,12.336],[36.914,12.334],[36.907,12.337],[36.877,12.343],[36.872,12.346],[36.859,12.343],[36.853,12.345],[36.841,12.349],[36.837,12.363],[36.831,12.366],[36.801,12.377],[36.782,12.383],[36.776,12.387],[36.757,12.39],[36.752,12.394],[36.742,12.397],[36.735,12.396],[36.722,12.389],[36.721,12.382],[36.716,12.38],[36.709,12.379],[36.705,12.383],[36.697,12.382],[36.692,12.387],[36.685,12.389],[36.678,12.388],[36.672,12.388],[36.66,12.381],[36.655,12.381],[36.653,12.376],[36.644,12.38],[36.635,12.381],[36.63,12.385],[36.619,12.385],[36.59,12.391],[36.583,12.391],[36.58,12.386],[36.575,12.387],[36.566,12.384],[36.553,12.389],[36.539,12.384],[36.534,12.384],[36.528,12.386],[36.521,12.383],[36.513,12.373],[36.526,12.37],[36.53,12.364],[36.532,12.356],[36.537,12.348],[36.544,12.344],[36.548,12.337],[36.553,12.333],[36.558,12.326],[36.555,12.321],[36.535,12.307],[36.525,12.304],[36.498,12.29],[36.494,12.282],[36.492,12.271],[36.485,12.269],[36.482,12.264],[36.477,12.26],[36.474,12.256],[36.48,12.25],[36.48,12.24],[36.484,12.234],[36.485,12.228],[36.484,12.222],[36.478,12.217],[36.465,12.21],[36.458,12.212],[36.454,12.198],[36.45,12.193],[36.444,12.189],[36.441,12.184],[36.435,12.181],[36.427,12.181],[36.419,12.171],[36.405,12.162],[36.406,12.156],[36.415,12.15],[36.446,12.14],[36.455,12.128],[36.469,12.118],[36.476,12.115],[36.485,12.106],[36.501,12.101],[36.507,12.102],[36.514,12.101],[36.527,12.094],[36.531,12.097],[36.546,12.092],[36.563,12.09],[36.577,12.099],[36.587,12.099],[36.595,12.106],[36.606,12.11],[36.611,12.116],[36.612,12.122],[36.62,12.124],[36.626,12.129],[36.637,12.127],[36.643,12.128],[36.649,12.126],[36.656,12.126],[36.678,12.139],[36.683,12.135],[36.692,12.133],[36.701,12.135],[36.71,12.138],[36.714,12.141],[36.717,12.146],[36.722,12.148],[36.736,12.151],[36.74,12.144],[36.754,12.145],[36.762,12.14],[36.769,12.122],[36.768,12.114],[36.77,12.106],[36.78,12.099],[36.786,12.099],[36.791,12.096],[36.801,12.093],[36.809,12.092],[36.815,12.094],[36.82,12.098],[36.825,12.099],[36.833,12.098],[36.837,12.093],[36.854,12.091],[36.866,12.093],[36.873,12.091],[36.889,12.08],[36.906,12.064],[36.924,12.051],[36.928,12.046],[36.926,12.038],[36.94,12.033],[36.96,12.018],[36.978,12.013],[36.99,12.016],[36.998,12.015],[37.013,12.016]]]}},{"type":"Feature","properties":{"name":"Tarema Ber"},"geometry":{"type":"Polygon","coordinates":[[[39.851,9.749],[39.857,9.754],[39.863,9.755],[39.877,9.754],[39.925,9.741],[39.95,9.732],[39.967,9.731],[39.974,9.73],[40.01,9.734],[40.015,9.739],[40.007,9.742],[40.003,9.749],[39.992,9.758],[39.994,9.765],[39.985,9.771],[39.989,9.783],[39.986,9.798],[39.981,9.799],[39.954,9.818],[39.957,9.827],[39.941,9.835],[39.914,9.846],[39.915,9.857],[39.925,9.858],[39.935,9.875],[39.926,9.885],[39.91,9.9],[39.873,9.909],[39.864,9.931],[39.865,9.936],[39.862,9.942],[39.837,9.956],[39.818,9.953],[39.808,9.947],[39.8,9.946],[39.782,9.952],[39.776,9.95],[39.765,9.927],[39.759,9.922],[39.745,9.916],[39.74,9.916],[39.74,9.925],[39.743,9.931],[39.743,9.937],[39.739,9.942],[39.738,9.959],[39.74,9.964],[39.752,9.977],[39.763,9.998],[39.765,10.005],[39.763,10.012],[39.755,10.012],[39.752,10.019],[39.753,10.025],[39.757,10.032],[39.765,10.036],[39.77,10.04],[39.772,10.047],[39.766,10.053],[39.765,10.061],[39.759,10.066],[39.752,10.065],[39.741,10.054],[39.739,10.049],[39.734,10.043],[39.714,10.041],[39.703,10.035],[39.699,10.031],[39.688,10.027],[39.667,10.022],[39.649,10.01],[39.651,10.004],[39.662,9.995],[39.668,9.993],[39.681,9.997],[39.706,9.991],[39.708,9.986],[39.708,9.97],[39.699,9.959],[39.689,9.952],[39.692,9.946],[39.69,9.933],[39.682,9.932],[39.683,9.924],[39.69,9.904],[39.701,9.899],[39.711,9.903],[39.719,9.902],[39.722,9.889],[39.726,9.883],[39.74,9.874],[39.743,9.864],[39.744,9.847],[39.743,9.84],[39.738,9.834],[39.739,9.828],[39.73,9.795],[39.731,9.785],[39.736,9.766],[39.733,9.759],[39.725,9.752],[39.723,9.745],[39.724,9.739],[39.729,9.734],[39.73,9.724],[39.733,9.723],[39.737,9.727],[39.748,9.751],[39.755,9.759],[39.764,9.762],[39.772,9.761],[39.78,9.763],[39.792,9.762],[39.799,9.765],[39.804,9.762],[39.819,9.764],[39.833,9.76],[39.844,9.755],[39.851,9.749]]]}},{"type":"Feature","properties":{"name":"Tenta"},"geometry":{"type":"Polygon","coordinates":[[[39.261,11.487],[39.255,11.484],[39.24,11.482],[39.227,11.473],[39.218,11.473],[39.212,11.471],[39.199,11.463],[39.183,11.455],[39.174,11.456],[39.159,11.453],[39.153,11.455],[39.132,11.447],[39.121,11.445],[39.115,11.439],[39.099,11.435],[39.09,11.43],[39.081,11.428],[39.075,11.431],[39.056,11.419],[39.044,11.409],[39.039,11.409],[39.05,11.393],[39.051,11.384],[39.061,11.359],[39.069,11.352],[39.076,11.354],[39.081,11.357],[39.086,11.354],[39.091,11.343],[39.105,11.326],[39.12,11.321],[39.124,11.316],[39.127,11.305],[39.155,11.279],[39.168,11.262],[39.168,11.255],[39.166,11.25],[39.169,11.236],[39.169,11.227],[39.162,11.227],[39.156,11.23],[39.15,11.228],[39.149,11.222],[39.144,11.221],[39.135,11.195],[39.14,11.191],[39.154,11.183],[39.156,11.178],[39.154,11.173],[39.136,11.151],[39.128,11.136],[39.142,11.123],[39.133,11.11],[39.12,11.078],[39.098,11.044],[39.096,11.0],[39.102,10.983],[39.102,10.972],[39.109,10.965],[39.126,10.953],[39.133,10.953],[39.158,10.955],[39.162,10.95],[39.169,10.947],[39.174,10.947],[39.179,10.949],[39.19,10.959],[39.203,10.964],[39.209,10.974],[39.22,10.984],[39.228,10.994],[39.234,10.994],[39.269,10.979],[39.282,10.97],[39.284,10.963],[39.283,10.944],[39.289,10.944],[39.309,10.957],[39.319,10.942],[39.329,10.917],[39.335,10.915],[39.339,10.946],[39.348,10.96],[39.35,10.968],[39.348,10.984],[39.35,10.995],[39.355,10.997],[39.353,11.028],[39.354,11.034],[39.341,11.048],[39.321,11.063],[39.314,11.081],[39.31,11.085],[39.306,11.097],[39.306,11.104],[39.309,11.12],[39.306,11.135],[39.312,11.15],[39.313,11.158],[39.312,11.167],[39.316,11.188],[39.314,11.202],[39.318,11.225],[39.316,11.239],[39.318,11.249],[39.314,11.265],[39.314,11.27],[39.32,11.278],[39.329,11.293],[39.332,11.307],[39.338,11.317],[39.337,11.324],[39.344,11.341],[39.343,11.348],[39.346,11.354],[39.36,11.374],[39.362,11.387],[39.366,11.398],[39.358,11.415],[39.361,11.422],[39.352,11.435],[39.347,11.44],[39.348,11.449],[39.343,11.455],[39.316,11.47],[39.295,11.477],[39.289,11.481],[39.274,11.485],[39.268,11.489],[39.261,11.487]]]}},{"type":"Feature","properties":{"name":"Thehulederie"},"geometry":{"type":"Polygon","coordinates":[[[39.598,11.285],[39.598,11.264],[39.607,11.258],[39.607,11.238],[39.624,11.236],[39.629,11.232],[39.636,11.226],[39.646,11.218],[39.65,11.211],[39.652,11.204],[39.658,11.203],[39.664,11.198],[39.67,11.196],[39.673,11.19],[39.68,11.185],[39.68,11.17],[39.684,11.146],[39.699,11.13],[39.702,11.124],[39.708,11.134],[39.711,11.143],[39.71,11.151],[39.72,11.162],[39.72,11.167],[39.725,11.173],[39.734,11.175],[39.756,11.173],[39.759,11.183],[39.759,11.19],[39.767,11.198],[39.773,11.209],[39.775,11.217],[39.772,11.233],[39.767,11.247],[39.767,11.26],[39.766,11.279],[39.755,11.294],[39.745,11.301],[39.732,11.307],[39.726,11.322],[39.725,11.327],[39.734,11.337],[39.74,11.343],[39.741,11.352],[39.75,11.379],[39.751,11.391],[39.75,11.398],[39.741,11.424],[39.742,11.431],[39.757,11.455],[39.763,11.461],[39.77,11.474],[39.763,11.476],[39.753,11.475],[39.745,11.474],[39.738,11.469],[39.731,11.468],[39.723,11.471],[39.714,11.475],[39.706,11.474],[39.699,11.475],[39.684,11.473],[39.68,11.471],[39.67,11.469],[39.669,11.462],[39.654,11.461],[39.648,11.459],[39.623,11.439],[39.618,11.434],[39.616,11.428],[39.623,11.41],[39.632,11.401],[39.635,11.395],[39.635,11.388],[39.641,11.372],[39.639,11.36],[39.639,11.352],[39.637,11.347],[39.619,11.328],[39.617,11.318],[39.62,11.309],[39.621,11.299],[39.603,11.291],[39.598,11.285]]]}},{"type":"Feature","properties":{"name":"West Esite"},"geometry":{"type":"Polygon","coordinates":[[[37.768,11.282],[37.787,11.264],[37.798,11.259],[37.806,11.259],[37.81,11.255],[37.816,11.254],[37.827,11.255],[37.832,11.253],[37.837,11.247],[37.856,11.235],[37.862,11.231],[37.872,11.218],[37.877,11.214],[37.909,11.21],[37.916,11.211],[37.926,11.208],[37.932,11.202],[37.94,11.199],[37.945,11.192],[37.951,11.192],[37.962,11.196],[37.976,11.199],[37.995,11.2],[37.992,11.207],[37.999,11.215],[37.998,11.23],[37.985,11.246],[37.986,11.261],[37.991,11.267],[37.998,11.282],[38.008,11.293],[38.015,11.297],[38.024,11.3],[38.026,11.294],[38.031,11.29],[38.037,11.288],[38.046,11.305],[38.049,11.318],[38.048,11.331],[38.052,11.344],[38.066,11.373],[38.066,11.381],[38.059,11.397],[38.039,11.424],[38.038,11.431],[38.035,11.437],[38.029,11.441],[38.022,11.442],[38.016,11.44],[38.022,11.459],[38.026,11.484],[38.031,11.498],[38.032,11.507],[38.028,11.513],[38.027,11.52],[38.028,11.527],[38.032,11.535],[38.038,11.538],[38.045,11.536],[38.051,11.549],[38.05,11.576],[38.045,11.597],[38.039,11.608],[38.028,11.605],[38.013,11.596],[38.001,11.594],[37.99,11.585],[37.974,11.58],[37.969,11.577],[37.96,11.567],[37.947,11.566],[37.94,11.554],[37.937,11.545],[37.91,11.549],[37.906,11.553],[37.903,11.547],[37.895,11.546],[37.89,11.54],[37.88,11.517],[37.88,11.503],[37.878,11.498],[37.864,11.485],[37.856,11.462],[37.851,11.457],[37.833,11.454],[37.822,11.442],[37.812,11.437],[37.808,11.433],[37.797,11.419],[37.795,11.406],[37.789,11.396],[37.758,11.397],[37.757,11.387],[37.759,11.38],[37.771,11.361],[37.776,11.338],[37.779,11.302],[37.775,11.287],[37.768,11.282]]]}},{"type":"Feature","properties":{"name":"Wadla"},"geometry":{"type":"Polygon","coordinates":[[[38.974,11.524],[38.978,11.529],[38.99,11.537],[39.008,11.538],[39.026,11.55],[39.039,11.553],[39.046,11.556],[39.054,11.572],[39.063,11.582],[39.101,11.62],[39.108,11.623],[39.112,11.628],[39.113,11.639],[39.137,11.642],[39.147,11.647],[39.152,11.659],[39.155,11.664],[39.163,11.67],[39.173,11.682],[39.201,11.689],[39.217,11.702],[39.238,11.707],[39.244,11.714],[39.248,11.719],[39.25,11.733],[39.249,11.75],[39.251,11.756],[39.248,11.777],[39.241,11.78],[39.236,11.786],[39.235,11.792],[39.238,11.806],[39.232,11.806],[39.218,11.82],[39.207,11.826],[39.188,11.798],[39.18,11.797],[39.164,11.803],[39.153,11.801],[39.145,11.794],[39.144,11.778],[39.141,11.77],[39.13,11.783],[39.109,11.793],[39.096,11.79],[39.085,11.786],[39.079,11.78],[39.072,11.778],[39.057,11.777],[39.05,11.775],[39.036,11.767],[39.027,11.759],[39.014,11.736],[39.012,11.73],[39.017,11.719],[39.008,11.71],[38.995,11.704],[38.991,11.697],[38.992,11.691],[38.984,11.686],[38.978,11.688],[38.975,11.693],[38.968,11.694],[38.96,11.692],[38.932,11.678],[38.927,11.691],[38.917,11.705],[38.896,11.701],[38.892,11.697],[38.89,11.69],[38.893,11.684],[38.893,11.678],[38.89,11.673],[38.886,11.657],[38.887,11.651],[38.881,11.647],[38.882,11.641],[38.876,11.637],[38.868,11.637],[38.863,11.644],[38.85,11.645],[38.837,11.647],[38.833,11.651],[38.832,11.661],[38.82,11.665],[38.815,11.67],[38.805,11.688],[38.797,11.689],[38.774,11.683],[38.768,11.689],[38.762,11.69],[38.755,11.684],[38.756,11.676],[38.761,11.67],[38.768,11.659],[38.768,11.653],[38.757,11.631],[38.75,11.624],[38.747,11.618],[38.746,11.612],[38.748,11.604],[38.747,11.597],[38.762,11.591],[38.785,11.587],[38.795,11.582],[38.802,11.569],[38.807,11.564],[38.827,11.55],[38.839,11.546],[38.865,11.55],[38.874,11.548],[38.88,11.545],[38.886,11.538],[38.896,11.538],[38.911,11.532],[38.928,11.529],[38.932,11.524],[38.966,11.522],[38.974,11.524]]]}},{"type":"Feature","properties":{"name":"Wegde"},"geometry":{"type":"Polygon","coordinates":[[[38.468,10.566],[38.464,10.552],[38.464,10.543],[38.469,10.536],[38.471,10.525],[38.48,10.513],[38.481,10.505],[38.478,10.5],[38.479,10.492],[38.487,10.483],[38.486,10.475],[38.48,10.461],[38.483,10.456],[38.481,10.451],[38.482,10.445],[38.486,10.44],[38.485,10.428],[38.482,10.418],[38.483,10.406],[38.49,10.394],[38.487,10.373],[38.491,10.365],[38.504,10.364],[38.516,10.368],[38.525,10.369],[38.535,10.367],[38.542,10.371],[38.561,10.377],[38.567,10.375],[38.579,10.378],[38.593,10.375],[38.606,10.376],[38.625,10.379],[38.631,10.383],[38.657,10.375],[38.665,10.374],[38.672,10.375],[38.677,10.378],[38.683,10.38],[38.698,10.38],[38.713,10.388],[38.73,10.387],[38.754,10.438],[38.758,10.444],[38.771,10.457],[38.774,10.47],[38.778,10.477],[38.782,10.49],[38.79,10.507],[38.801,10.521],[38.81,10.525],[38.825,10.529],[38.832,10.535],[38.84,10.549],[38.853,10.558],[38.863,10.568],[38.866,10.573],[38.874,10.598],[38.885,10.616],[38.891,10.63],[38.878,10.651],[38.878,10.667],[38.88,10.673],[38.895,10.681],[38.902,10.687],[38.938,10.704],[38.942,10.71],[38.915,10.734],[38.913,10.741],[38.932,10.757],[38.936,10.762],[38.926,10.762],[38.919,10.765],[38.908,10.774],[38.903,10.772],[38.897,10.775],[38.893,10.736],[38.888,10.733],[38.88,10.734],[38.871,10.73],[38.86,10.712],[38.855,10.708],[38.844,10.704],[38.831,10.702],[38.805,10.703],[38.796,10.702],[38.791,10.699],[38.769,10.694],[38.754,10.678],[38.749,10.664],[38.742,10.65],[38.738,10.647],[38.731,10.643],[38.701,10.638],[38.684,10.628],[38.67,10.622],[38.659,10.612],[38.653,10.609],[38.638,10.609],[38.624,10.61],[38.597,10.606],[38.574,10.609],[38.55,10.611],[38.544,10.608],[38.538,10.609],[38.532,10.608],[38.518,10.597],[38.506,10.593],[38.484,10.572],[38.477,10.568],[38.468,10.566]]]}},{"type":"Feature","properties":{"name":"Wegera"},"geometry":{"type":"Polygon","coordinates":[[[37.533,12.995],[37.527,12.993],[37.515,12.991],[37.503,12.985],[37.499,12.98],[37.493,12.976],[37.46,12.972],[37.454,12.974],[37.439,12.974],[37.455,12.958],[37.456,12.952],[37.46,12.948],[37.479,12.933],[37.483,12.928],[37.495,12.921],[37.498,12.916],[37.499,12.91],[37.494,12.887],[37.487,12.87],[37.491,12.857],[37.497,12.855],[37.508,12.846],[37.513,12.835],[37.513,12.819],[37.509,12.816],[37.505,12.805],[37.506,12.791],[37.508,12.782],[37.516,12.771],[37.522,12.756],[37.526,12.736],[37.529,12.727],[37.536,12.722],[37.551,12.718],[37.554,12.711],[37.553,12.704],[37.559,12.701],[37.563,12.695],[37.555,12.679],[37.564,12.672],[37.564,12.666],[37.549,12.641],[37.555,12.639],[37.556,12.631],[37.567,12.62],[37.579,12.61],[37.588,12.607],[37.596,12.606],[37.602,12.608],[37.615,12.603],[37.622,12.595],[37.63,12.594],[37.639,12.595],[37.646,12.591],[37.654,12.59],[37.661,12.59],[37.692,12.586],[37.698,12.59],[37.705,12.606],[37.71,12.612],[37.714,12.608],[37.717,12.596],[37.722,12.588],[37.733,12.578],[37.741,12.583],[37.759,12.614],[37.765,12.619],[37.771,12.62],[37.792,12.638],[37.8,12.64],[37.807,12.637],[37.812,12.65],[37.805,12.655],[37.8,12.656],[37.795,12.66],[37.797,12.668],[37.803,12.68],[37.811,12.684],[37.818,12.684],[37.827,12.683],[37.844,12.678],[37.865,12.676],[37.876,12.671],[37.894,12.667],[37.906,12.659],[37.915,12.65],[37.92,12.636],[37.924,12.643],[37.928,12.652],[37.929,12.66],[37.924,12.667],[37.926,12.673],[37.936,12.683],[37.943,12.681],[37.948,12.668],[37.953,12.664],[37.966,12.666],[37.99,12.654],[38.002,12.654],[38.01,12.651],[38.015,12.648],[38.025,12.645],[38.035,12.635],[38.056,12.627],[38.062,12.628],[38.063,12.634],[38.066,12.638],[38.063,12.644],[38.072,12.659],[38.072,12.664],[38.079,12.668],[38.083,12.677],[38.089,12.681],[38.099,12.694],[38.106,12.698],[38.119,12.7],[38.131,12.71],[38.135,12.715],[38.141,12.717],[38.157,12.727],[38.172,12.735],[38.18,12.735],[38.194,12.742],[38.182,12.752],[38.16,12.765],[38.123,12.773],[38.117,12.772],[38.11,12.772],[38.105,12.776],[38.098,12.779],[38.064,12.804],[38.056,12.817],[38.051,12.82],[38.046,12.825],[38.043,12.834],[38.027,12.842],[38.016,12.849],[38.0,12.865],[37.998,12.87],[37.991,12.87],[37.982,12.875],[37.961,12.892],[37.953,12.894],[37.946,12.891],[37.939,12.895],[37.938,12.902],[37.934,12.907],[37.928,12.904],[37.923,12.906],[37.921,12.911],[37.915,12.916],[37.912,12.923],[37.909,12.918],[37.903,12.906],[37.89,12.908],[37.883,12.911],[37.875,12.912],[37.869,12.917],[37.841,12.923],[37.833,12.922],[37.824,12.923],[37.8,12.917],[37.778,12.918],[37.765,12.912],[37.752,12.9],[37.739,12.894],[37.725,12.878],[37.714,12.875],[37.699,12.877],[37.687,12.884],[37.683,12.89],[37.678,12.892],[37.659,12.891],[37.649,12.897],[37.641,12.91],[37.633,12.908],[37.625,12.908],[37.624,12.925],[37.628,12.936],[37.621,12.945],[37.616,12.949],[37.606,12.951],[37.59,12.947],[37.58,12.943],[37.574,12.942],[37.568,12.944],[37.548,12.961],[37.545,12.965],[37.542,12.978],[37.538,12.99],[37.533,12.995]]]}},{"type":"Feature","properties":{"name":"Wemberma"},"geometry":{"type":"Polygon","coordinates":[[[36.686,10.319],[36.687,10.324],[36.682,10.336],[36.689,10.346],[36.692,10.358],[36.719,10.359],[36.724,10.362],[36.732,10.362],[36.747,10.361],[36.753,10.367],[36.763,10.368],[36.767,10.363],[36.777,10.347],[36.793,10.344],[36.8,10.339],[36.807,10.336],[36.813,10.338],[36.818,10.343],[36.834,10.343],[36.84,10.342],[36.87,10.342],[36.874,10.349],[36.881,10.356],[36.887,10.358],[36.9,10.356],[36.922,10.363],[36.931,10.363],[36.942,10.371],[36.961,10.391],[36.967,10.396],[36.973,10.398],[36.982,10.412],[36.987,10.415],[36.993,10.426],[37.004,10.441],[37.007,10.461],[37.005,10.468],[37.009,10.483],[36.996,10.507],[36.998,10.513],[37.002,10.519],[37.003,10.527],[37.0,10.536],[37.0,10.544],[37.004,10.55],[37.002,10.564],[37.004,10.569],[37.001,10.574],[37.002,10.582],[37.0,10.589],[36.99,10.602],[36.995,10.608],[36.995,10.614],[36.992,10.619],[36.997,10.634],[36.993,10.643],[36.99,10.663],[36.984,10.667],[36.983,10.674],[36.984,10.686],[36.987,10.699],[36.984,10.704],[36.978,10.704],[36.973,10.708],[36.966,10.71],[36.959,10.708],[36.954,10.705],[36.949,10.705],[36.935,10.723],[36.929,10.721],[36.925,10.714],[36.921,10.7],[36.921,10.687],[36.928,10.682],[36.92,10.671],[36.913,10.667],[36.905,10.67],[36.898,10.675],[36.893,10.675],[36.883,10.669],[36.877,10.67],[36.872,10.672],[36.866,10.672],[36.861,10.676],[36.853,10.676],[36.836,10.666],[36.829,10.664],[36.825,10.66],[36.82,10.66],[36.816,10.655],[36.829,10.647],[36.821,10.632],[36.828,10.629],[36.829,10.624],[36.798,10.6],[36.796,10.595],[36.787,10.586],[36.783,10.58],[36.777,10.577],[36.754,10.58],[36.748,10.577],[36.748,10.56],[36.752,10.55],[36.747,10.532],[36.741,10.525],[36.725,10.52],[36.7,10.535],[36.687,10.55],[36.681,10.552],[36.662,10.546],[36.643,10.544],[36.627,10.538],[36.607,10.534],[36.598,10.522],[36.567,10.508],[36.548,10.498],[36.535,10.493],[36.531,10.49],[36.528,10.484],[36.538,10.474],[36.547,10.458],[36.544,10.45],[36.533,10.432],[36.524,10.411],[36.521,10.407],[36.521,10.4],[36.524,10.395],[36.532,10.383],[36.533,10.377],[36.54,10.366],[36.549,10.362],[36.558,10.364],[36.574,10.364],[36.59,10.37],[36.606,10.366],[36.618,10.356],[36.638,10.348],[36.656,10.323],[36.663,10.317],[36.669,10.315],[36.686,10.319]]]}},{"type":"Feature","properties":{"name":"Were Ilu"},"geometry":{"type":"Polygon","coordinates":[[[39.598,10.924],[39.585,10.934],[39.571,10.938],[39.562,10.946],[39.55,10.944],[39.543,10.941],[39.533,10.928],[39.533,10.908],[39.53,10.902],[39.521,10.889],[39.513,10.888],[39.507,10.89],[39.502,10.888],[39.489,10.89],[39.474,10.885],[39.468,10.885],[39.458,10.896],[39.45,10.894],[39.441,10.887],[39.429,10.87],[39.428,10.864],[39.433,10.859],[39.43,10.853],[39.413,10.844],[39.412,10.839],[39.404,10.84],[39.4,10.837],[39.394,10.836],[39.383,10.813],[39.378,10.807],[39.366,10.796],[39.361,10.785],[39.36,10.774],[39.363,10.769],[39.36,10.75],[39.358,10.745],[39.357,10.737],[39.36,10.727],[39.36,10.717],[39.363,10.694],[39.363,10.681],[39.371,10.658],[39.374,10.652],[39.385,10.646],[39.388,10.639],[39.381,10.638],[39.367,10.64],[39.356,10.632],[39.35,10.63],[39.346,10.626],[39.344,10.619],[39.345,10.612],[39.344,10.604],[39.334,10.593],[39.347,10.581],[39.353,10.583],[39.36,10.58],[39.373,10.584],[39.376,10.579],[39.378,10.566],[39.389,10.547],[39.396,10.525],[39.403,10.515],[39.404,10.508],[39.401,10.493],[39.406,10.473],[39.417,10.461],[39.42,10.434],[39.412,10.417],[39.408,10.412],[39.405,10.387],[39.407,10.376],[39.399,10.359],[39.393,10.352],[39.395,10.334],[39.399,10.331],[39.415,10.354],[39.422,10.359],[39.433,10.371],[39.439,10.389],[39.436,10.395],[39.449,10.412],[39.451,10.421],[39.456,10.432],[39.46,10.437],[39.461,10.451],[39.466,10.466],[39.487,10.487],[39.495,10.504],[39.494,10.516],[39.49,10.527],[39.486,10.535],[39.482,10.54],[39.475,10.545],[39.472,10.55],[39.471,10.562],[39.472,10.582],[39.475,10.6],[39.476,10.625],[39.48,10.667],[39.484,10.671],[39.498,10.677],[39.496,10.683],[39.497,10.704],[39.506,10.724],[39.508,10.738],[39.509,10.743],[39.517,10.758],[39.533,10.776],[39.55,10.789],[39.56,10.802],[39.573,10.809],[39.576,10.815],[39.59,10.83],[39.593,10.835],[39.591,10.842],[39.593,10.851],[39.584,10.871],[39.582,10.903],[39.585,10.909],[39.597,10.914],[39.6,10.919],[39.598,10.924]]]}},{"type":"Feature","properties":{"name":"West Belesa"},"geometry":{"type":"Polygon","coordinates":[[[38.056,12.627],[38.035,12.635],[38.025,12.645],[38.015,12.648],[38.01,12.651],[38.002,12.654],[37.99,12.654],[37.966,12.666],[37.953,12.664],[37.948,12.668],[37.943,12.681],[37.936,12.683],[37.926,12.673],[37.924,12.667],[37.929,12.66],[37.928,12.652],[37.924,12.643],[37.92,12.636],[37.915,12.65],[37.906,12.659],[37.894,12.667],[37.876,12.671],[37.865,12.676],[37.844,12.678],[37.827,12.683],[37.818,12.684],[37.811,12.684],[37.803,12.68],[37.797,12.668],[37.795,12.66],[37.8,12.656],[37.805,12.655],[37.812,12.65],[37.807,12.637],[37.8,12.64],[37.792,12.638],[37.771,12.62],[37.765,12.619],[37.759,12.614],[37.741,12.583],[37.733,12.578],[37.722,12.588],[37.717,12.596],[37.714,12.608],[37.71,12.612],[37.705,12.606],[37.698,12.59],[37.692,12.586],[37.661,12.59],[37.654,12.59],[37.661,12.577],[37.639,12.571],[37.632,12.57],[37.619,12.571],[37.621,12.557],[37.62,12.547],[37.638,12.548],[37.647,12.535],[37.648,12.521],[37.655,12.515],[37.666,12.509],[37.668,12.503],[37.668,12.488],[37.662,12.475],[37.662,12.468],[37.669,12.45],[37.676,12.437],[37.668,12.426],[37.661,12.419],[37.662,12.412],[37.664,12.406],[37.672,12.406],[37.678,12.408],[37.689,12.419],[37.701,12.422],[37.713,12.416],[37.715,12.404],[37.723,12.414],[37.732,12.414],[37.737,12.412],[37.739,12.396],[37.743,12.377],[37.742,12.365],[37.745,12.357],[37.752,12.355],[37.757,12.358],[37.761,12.364],[37.767,12.365],[37.78,12.357],[37.789,12.348],[37.792,12.343],[37.796,12.319],[37.792,12.313],[37.791,12.308],[37.804,12.306],[37.815,12.292],[37.817,12.283],[37.815,12.266],[37.819,12.253],[37.81,12.241],[37.813,12.235],[37.82,12.234],[37.828,12.235],[37.836,12.244],[37.842,12.26],[37.854,12.272],[37.874,12.279],[37.878,12.282],[37.877,12.288],[37.884,12.29],[37.9,12.266],[37.906,12.26],[37.921,12.26],[37.932,12.233],[37.939,12.225],[37.947,12.221],[37.96,12.219],[37.959,12.227],[37.953,12.235],[37.952,12.242],[37.954,12.255],[37.953,12.263],[37.939,12.273],[37.934,12.281],[37.944,12.304],[37.931,12.309],[37.912,12.322],[37.907,12.343],[37.897,12.366],[37.895,12.386],[37.891,12.393],[37.898,12.396],[37.903,12.389],[37.913,12.368],[37.925,12.35],[37.932,12.342],[37.938,12.339],[37.943,12.342],[37.949,12.347],[37.94,12.36],[37.935,12.388],[37.937,12.418],[37.925,12.431],[37.921,12.436],[37.914,12.439],[37.909,12.446],[37.923,12.454],[37.933,12.464],[37.943,12.484],[37.952,12.496],[37.958,12.519],[37.961,12.524],[37.971,12.532],[37.982,12.537],[37.976,12.551],[37.977,12.56],[37.988,12.572],[38.002,12.585],[38.024,12.595],[38.029,12.607],[38.034,12.608],[38.04,12.608],[38.045,12.61],[38.046,12.616],[38.052,12.617],[38.054,12.623],[38.056,12.627]]]}},{"type":"Feature","properties":{"name":"Worebabu"},"geometry":{"type":"Polygon","coordinates":[[[40.067,11.43],[40.068,11.444],[40.062,11.475],[40.056,11.489],[40.025,11.532],[40.007,11.559],[39.994,11.585],[39.993,11.598],[39.998,11.613],[39.992,11.612],[39.98,11.606],[39.973,11.605],[39.967,11.6],[39.937,11.587],[39.926,11.578],[39.907,11.553],[39.89,11.539],[39.854,11.514],[39.823,11.501],[39.817,11.497],[39.805,11.486],[39.796,11.481],[39.77,11.474],[39.763,11.461],[39.757,11.455],[39.742,11.431],[39.741,11.424],[39.75,11.398],[39.751,11.391],[39.75,11.379],[39.741,11.352],[39.74,11.343],[39.734,11.337],[39.725,11.327],[39.726,11.322],[39.732,11.307],[39.745,11.301],[39.755,11.294],[39.766,11.279],[39.767,11.26],[39.775,11.259],[39.79,11.255],[39.801,11.254],[39.826,11.257],[39.82,11.285],[39.821,11.294],[39.824,11.3],[39.837,11.312],[39.844,11.315],[39.851,11.314],[39.858,11.315],[39.89,11.333],[39.902,11.335],[39.908,11.335],[39.915,11.341],[39.923,11.344],[39.949,11.348],[39.96,11.357],[39.973,11.362],[39.982,11.37],[40.009,11.401],[40.012,11.408],[40.02,11.414],[40.037,11.419],[40.052,11.425],[40.067,11.43]]]}},{"type":"Feature","properties":{"name":"Yilmana Densa"},"geometry":{"type":"Polygon","coordinates":[[[37.355,11.297],[37.362,11.271],[37.36,11.266],[37.355,11.26],[37.345,11.257],[37.338,11.235],[37.33,11.232],[37.317,11.22],[37.314,11.233],[37.308,11.236],[37.301,11.229],[37.299,11.224],[37.297,11.196],[37.292,11.184],[37.296,11.179],[37.297,11.172],[37.296,11.164],[37.298,11.158],[37.312,11.148],[37.316,11.144],[37.317,11.132],[37.323,11.127],[37.322,11.121],[37.324,11.115],[37.342,11.12],[37.349,11.119],[37.354,11.125],[37.393,11.121],[37.398,11.104],[37.41,11.098],[37.424,11.08],[37.43,11.077],[37.437,11.075],[37.442,11.077],[37.446,11.08],[37.458,11.094],[37.465,11.109],[37.469,11.114],[37.482,11.115],[37.488,11.117],[37.493,11.121],[37.5,11.119],[37.506,11.116],[37.491,11.106],[37.496,11.105],[37.512,11.108],[37.517,11.112],[37.523,11.113],[37.526,11.119],[37.543,11.128],[37.545,11.133],[37.544,11.141],[37.551,11.143],[37.567,11.143],[37.565,11.136],[37.565,11.129],[37.569,11.123],[37.577,11.12],[37.585,11.119],[37.598,11.122],[37.622,11.122],[37.633,11.125],[37.639,11.125],[37.679,11.135],[37.699,11.13],[37.713,11.129],[37.726,11.134],[37.735,11.133],[37.745,11.135],[37.752,11.139],[37.784,11.147],[37.79,11.146],[37.796,11.148],[37.798,11.155],[37.803,11.162],[37.818,11.163],[37.819,11.183],[37.817,11.194],[37.82,11.2],[37.823,11.217],[37.826,11.224],[37.838,11.227],[37.844,11.231],[37.856,11.235],[37.837,11.247],[37.832,11.253],[37.827,11.255],[37.816,11.254],[37.81,11.255],[37.806,11.259],[37.798,11.259],[37.787,11.264],[37.768,11.282],[37.751,11.291],[37.736,11.304],[37.732,11.31],[37.726,11.314],[37.718,11.33],[37.71,11.336],[37.703,11.348],[37.691,11.358],[37.688,11.363],[37.682,11.381],[37.676,11.383],[37.671,11.398],[37.658,11.418],[37.654,11.421],[37.649,11.416],[37.639,11.41],[37.62,11.41],[37.613,11.407],[37.606,11.4],[37.6,11.402],[37.584,11.418],[37.57,11.408],[37.565,11.407],[37.563,11.402],[37.552,11.385],[37.546,11.382],[37.529,11.388],[37.519,11.387],[37.516,11.393],[37.517,11.409],[37.509,11.412],[37.503,11.412],[37.488,11.415],[37.472,11.408],[37.462,11.398],[37.453,11.39],[37.447,11.387],[37.441,11.387],[37.436,11.38],[37.429,11.379],[37.422,11.376],[37.417,11.371],[37.415,11.365],[37.418,11.358],[37.414,11.348],[37.401,11.344],[37.4,11.319],[37.398,11.305],[37.395,11.291],[37.391,11.287],[37.383,11.283],[37.377,11.286],[37.371,11.297],[37.355,11.297]]]}},{"type":"Feature","properties":{"name":"Ziquala"},"geometry":{"type":"Polygon","coordinates":[[[38.809,12.59],[38.806,12.596],[38.801,12.601],[38.779,12.619],[38.777,12.625],[38.784,12.643],[38.798,12.648],[38.814,12.657],[38.836,12.66],[38.847,12.671],[38.867,12.681],[38.859,12.695],[38.855,12.713],[38.85,12.722],[38.847,12.75],[38.841,12.774],[38.852,12.78],[38.862,12.783],[38.877,12.78],[38.881,12.785],[38.889,12.801],[38.894,12.803],[38.908,12.803],[38.914,12.806],[38.931,12.818],[38.935,12.832],[38.926,12.841],[38.924,12.858],[38.927,12.863],[38.944,12.869],[38.947,12.876],[38.945,12.882],[38.938,12.893],[38.938,12.898],[38.943,12.92],[38.939,12.927],[38.925,12.935],[38.93,12.949],[38.929,12.954],[38.924,12.957],[38.916,12.954],[38.91,12.951],[38.903,12.945],[38.895,12.942],[38.886,12.941],[38.88,12.944],[38.872,12.944],[38.864,12.947],[38.861,12.953],[38.855,12.958],[38.848,12.971],[38.808,13.006],[38.798,13.017],[38.793,13.025],[38.791,13.032],[38.794,13.044],[38.792,13.051],[38.786,13.054],[38.779,13.055],[38.772,13.053],[38.76,13.063],[38.748,13.07],[38.74,13.076],[38.735,13.087],[38.729,13.092],[38.727,13.097],[38.721,13.101],[38.721,13.113],[38.72,13.12],[38.714,13.125],[38.712,13.132],[38.707,13.139],[38.701,13.142],[38.696,13.137],[38.689,13.136],[38.682,13.124],[38.677,13.122],[38.677,13.115],[38.674,13.11],[38.661,13.103],[38.665,13.092],[38.665,13.086],[38.658,13.084],[38.652,13.069],[38.646,13.059],[38.638,13.058],[38.641,13.05],[38.645,13.047],[38.643,13.042],[38.637,13.04],[38.634,13.035],[38.638,13.03],[38.633,13.027],[38.627,13.018],[38.621,13.017],[38.614,13.018],[38.609,13.014],[38.603,13.002],[38.602,12.993],[38.595,12.988],[38.591,12.981],[38.59,12.967],[38.582,12.962],[38.577,12.956],[38.579,12.948],[38.577,12.94],[38.589,12.929],[38.6,12.935],[38.608,12.933],[38.617,12.938],[38.631,12.939],[38.645,12.924],[38.658,12.923],[38.664,12.913],[38.665,12.905],[38.663,12.885],[38.663,12.876],[38.672,12.862],[38.673,12.854],[38.678,12.851],[38.68,12.835],[38.685,12.829],[38.687,12.822],[38.683,12.819],[38.667,12.811],[38.661,12.811],[38.656,12.815],[38.649,12.818],[38.629,12.807],[38.625,12.803],[38.62,12.802],[38.604,12.801],[38.597,12.799],[38.59,12.799],[38.583,12.796],[38.574,12.794],[38.564,12.797],[38.554,12.784],[38.544,12.776],[38.537,12.772],[38.534,12.768],[38.527,12.763],[38.521,12.765],[38.516,12.768],[38.511,12.759],[38.505,12.756],[38.5,12.755],[38.49,12.758],[38.485,12.753],[38.479,12.75],[38.473,12.75],[38.464,12.741],[38.465,12.735],[38.454,12.727],[38.459,12.719],[38.458,12.712],[38.45,12.699],[38.449,12.693],[38.453,12.686],[38.45,12.672],[38.457,12.665],[38.458,12.657],[38.464,12.654],[38.468,12.649],[38.469,12.641],[38.475,12.635],[38.48,12.627],[38.489,12.613],[38.495,12.61],[38.513,12.608],[38.536,12.594],[38.576,12.583],[38.596,12.598],[38.623,12.61],[38.631,12.62],[38.636,12.624],[38.663,12.632],[38.668,12.628],[38.676,12.617],[38.689,12.609],[38.697,12.601],[38.721,12.59],[38.727,12.589],[38.732,12.584],[38.73,12.575],[38.731,12.567],[38.74,12.565],[38.762,12.566],[38.768,12.565],[38.787,12.552],[38.794,12.551],[38.798,12.558],[38.806,12.583],[38.809,12.59]]]}},{"type":"Feature","properties":{"name":"Tsegede"},"geometry":{"type":"Polygon","coordinates":[[[36.52,13.586],[36.513,13.582],[36.509,13.573],[36.501,13.564],[36.501,13.558],[36.504,13.552],[36.504,13.546],[36.501,13.534],[36.494,13.525],[36.491,13.516],[36.485,13.483],[36.486,13.475],[36.493,13.456],[36.492,13.45],[36.494,13.436],[36.496,13.431],[36.502,13.427],[36.506,13.421],[36.502,13.407],[36.508,13.395],[36.509,13.381],[36.506,13.375],[36.51,13.368],[36.513,13.357],[36.52,13.342],[36.533,13.326],[36.545,13.322],[36.55,13.317],[36.616,13.297],[36.635,13.297],[36.643,13.293],[36.645,13.286],[36.66,13.284],[36.679,13.274],[36.682,13.268],[36.687,13.266],[36.704,13.26],[36.709,13.262],[36.731,13.254],[36.74,13.256],[36.746,13.254],[36.762,13.255],[36.78,13.249],[36.795,13.248],[36.809,13.244],[36.816,13.244],[36.824,13.24],[36.855,13.233],[36.866,13.236],[36.874,13.241],[36.883,13.239],[36.891,13.241],[36.9,13.237],[36.909,13.236],[36.922,13.226],[36.927,13.226],[36.934,13.231],[36.944,13.231],[36.954,13.229],[36.968,13.228],[36.977,13.235],[36.984,13.236],[36.993,13.234],[37.0,13.237],[37.005,13.238],[37.013,13.234],[37.02,13.236],[37.051,13.231],[37.06,13.228],[37.067,13.228],[37.078,13.233],[37.085,13.231],[37.1,13.236],[37.113,13.242],[37.121,13.24],[37.133,13.239],[37.147,13.233],[37.153,13.232],[37.171,13.219],[37.186,13.217],[37.195,13.218],[37.197,13.211],[37.202,13.202],[37.208,13.203],[37.223,13.19],[37.23,13.187],[37.241,13.178],[37.239,13.16],[37.241,13.144],[37.263,13.131],[37.266,13.127],[37.275,13.122],[37.273,13.115],[37.275,13.108],[37.281,13.105],[37.288,13.104],[37.307,13.108],[37.313,13.105],[37.328,13.107],[37.337,13.105],[37.343,13.101],[37.347,13.096],[37.355,13.093],[37.363,13.091],[37.371,13.092],[37.377,13.088],[37.381,13.076],[37.393,13.08],[37.406,13.077],[37.421,13.08],[37.444,13.096],[37.451,13.098],[37.45,13.113],[37.456,13.122],[37.461,13.131],[37.471,13.141],[37.478,13.156],[37.495,13.169],[37.497,13.177],[37.502,13.183],[37.506,13.187],[37.511,13.19],[37.523,13.188],[37.535,13.192],[37.538,13.2],[37.538,13.216],[37.542,13.221],[37.537,13.243],[37.531,13.256],[37.525,13.297],[37.528,13.317],[37.532,13.319],[37.537,13.325],[37.543,13.33],[37.568,13.34],[37.571,13.348],[37.572,13.361],[37.569,13.376],[37.568,13.389],[37.562,13.388],[37.558,13.391],[37.553,13.389],[37.533,13.378],[37.527,13.372],[37.519,13.367],[37.511,13.367],[37.504,13.369],[37.496,13.368],[37.491,13.364],[37.484,13.365],[37.477,13.368],[37.472,13.368],[37.463,13.36],[37.451,13.356],[37.441,13.355],[37.438,13.359],[37.432,13.36],[37.426,13.364],[37.42,13.369],[37.417,13.375],[37.41,13.371],[37.404,13.362],[37.397,13.358],[37.389,13.357],[37.366,13.361],[37.36,13.358],[37.356,13.352],[37.353,13.343],[37.353,13.335],[37.351,13.327],[37.345,13.325],[37.34,13.319],[37.336,13.311],[37.323,13.298],[37.314,13.298],[37.281,13.286],[37.277,13.289],[37.265,13.291],[37.257,13.296],[37.251,13.296],[37.247,13.293],[37.242,13.284],[37.241,13.278],[37.225,13.275],[37.215,13.267],[37.212,13.26],[37.206,13.256],[37.187,13.283],[37.176,13.289],[37.164,13.293],[37.159,13.298],[37.151,13.301],[37.128,13.306],[37.116,13.312],[37.1,13.317],[37.085,13.315],[37.079,13.312],[37.077,13.319],[37.07,13.318],[37.066,13.331],[37.053,13.334],[37.041,13.352],[37.036,13.354],[37.026,13.355],[37.014,13.361],[37.003,13.357],[36.998,13.36],[36.983,13.362],[36.977,13.365],[36.971,13.366],[36.965,13.37],[36.961,13.368],[36.958,13.363],[36.952,13.365],[36.947,13.37],[36.939,13.381],[36.93,13.373],[36.928,13.378],[36.92,13.377],[36.916,13.383],[36.91,13.385],[36.906,13.389],[36.905,13.395],[36.896,13.408],[36.882,13.408],[36.875,13.414],[36.872,13.42],[36.862,13.426],[36.855,13.432],[36.845,13.436],[36.845,13.442],[36.839,13.445],[36.826,13.449],[36.818,13.447],[36.813,13.436],[36.809,13.419],[36.803,13.414],[36.789,13.408],[36.784,13.404],[36.773,13.39],[36.771,13.383],[36.768,13.379],[36.763,13.375],[36.75,13.372],[36.746,13.368],[36.735,13.364],[36.732,13.369],[36.723,13.367],[36.716,13.368],[36.706,13.373],[36.686,13.375],[36.673,13.369],[36.665,13.367],[36.657,13.37],[36.65,13.381],[36.645,13.379],[36.637,13.383],[36.629,13.383],[36.61,13.376],[36.606,13.378],[36.603,13.383],[36.593,13.39],[36.589,13.403],[36.58,13.412],[36.577,13.418],[36.57,13.426],[36.567,13.447],[36.572,13.45],[36.574,13.457],[36.572,13.468],[36.575,13.479],[36.58,13.483],[36.597,13.49],[36.602,13.499],[36.599,13.505],[36.58,13.521],[36.573,13.523],[36.566,13.534],[36.567,13.54],[36.565,13.548],[36.559,13.552],[36.563,13.556],[36.561,13.564],[36.555,13.572],[36.541,13.576],[36.539,13.583],[36.532,13.582],[36.52,13.586]]]}},{"type":"Feature","properties":{"name":"Addi Arekay"},"geometry":{"type":"Polygon","coordinates":[[[37.695,13.473],[37.699,13.474],[37.706,13.47],[37.714,13.46],[37.722,13.457],[37.725,13.452],[37.716,13.449],[37.716,13.441],[37.719,13.432],[37.719,13.423],[37.715,13.416],[37.715,13.41],[37.72,13.403],[37.727,13.399],[37.735,13.397],[37.74,13.399],[37.742,13.415],[37.747,13.422],[37.761,13.425],[37.768,13.428],[37.779,13.423],[37.792,13.419],[37.796,13.409],[37.802,13.406],[37.794,13.399],[37.798,13.393],[37.798,13.386],[37.81,13.373],[37.811,13.366],[37.804,13.353],[37.792,13.341],[37.786,13.325],[37.781,13.32],[37.792,13.311],[37.797,13.305],[37.798,13.299],[37.796,13.291],[37.802,13.28],[37.807,13.257],[37.81,13.251],[37.827,13.252],[37.844,13.263],[37.857,13.267],[37.857,13.282],[37.888,13.275],[37.898,13.274],[37.908,13.275],[37.927,13.291],[37.936,13.28],[37.939,13.267],[37.929,13.26],[37.92,13.244],[37.92,13.238],[37.924,13.23],[37.924,13.224],[37.929,13.21],[37.947,13.2],[37.953,13.203],[37.953,13.209],[37.96,13.212],[37.966,13.212],[37.982,13.218],[37.984,13.213],[37.99,13.206],[38.008,13.219],[38.011,13.225],[38.013,13.232],[38.019,13.235],[38.031,13.231],[38.039,13.233],[38.05,13.239],[38.063,13.237],[38.07,13.239],[38.07,13.252],[38.072,13.262],[38.08,13.265],[38.085,13.266],[38.09,13.271],[38.101,13.276],[38.105,13.28],[38.108,13.286],[38.125,13.283],[38.139,13.284],[38.143,13.279],[38.15,13.276],[38.155,13.271],[38.153,13.263],[38.159,13.261],[38.166,13.272],[38.174,13.277],[38.179,13.285],[38.173,13.316],[38.177,13.321],[38.183,13.324],[38.188,13.328],[38.195,13.326],[38.204,13.329],[38.192,13.336],[38.194,13.345],[38.19,13.365],[38.196,13.366],[38.202,13.364],[38.208,13.36],[38.213,13.353],[38.217,13.341],[38.223,13.336],[38.232,13.336],[38.241,13.333],[38.249,13.334],[38.262,13.34],[38.259,13.354],[38.256,13.361],[38.254,13.371],[38.256,13.393],[38.253,13.4],[38.254,13.411],[38.242,13.424],[38.234,13.454],[38.232,13.483],[38.228,13.49],[38.221,13.49],[38.212,13.488],[38.202,13.481],[38.189,13.485],[38.175,13.494],[38.159,13.484],[38.156,13.477],[38.146,13.472],[38.136,13.479],[38.131,13.485],[38.129,13.493],[38.125,13.499],[38.122,13.507],[38.116,13.495],[38.084,13.484],[38.072,13.477],[38.067,13.472],[38.06,13.468],[38.053,13.469],[38.046,13.481],[38.038,13.483],[38.031,13.483],[38.025,13.486],[38.022,13.482],[38.016,13.487],[38.009,13.501],[38.002,13.502],[37.969,13.494],[37.963,13.49],[37.947,13.467],[37.905,13.448],[37.888,13.454],[37.876,13.468],[37.867,13.476],[37.818,13.464],[37.813,13.48],[37.81,13.52],[37.793,13.521],[37.786,13.54],[37.77,13.563],[37.775,13.575],[37.785,13.588],[37.785,13.598],[37.776,13.612],[37.777,13.634],[37.77,13.629],[37.765,13.619],[37.766,13.603],[37.762,13.597],[37.761,13.592],[37.755,13.592],[37.747,13.579],[37.747,13.572],[37.737,13.573],[37.728,13.564],[37.725,13.555],[37.721,13.547],[37.715,13.543],[37.716,13.535],[37.71,13.531],[37.709,13.522],[37.701,13.504],[37.7,13.496],[37.696,13.489],[37.692,13.485],[37.695,13.473]]]}},{"type":"Feature","properties":{"name":"Tselemt"},"geometry":{"type":"Polygon","coordinates":[[[38.228,13.49],[38.232,13.483],[38.234,13.454],[38.242,13.424],[38.254,13.411],[38.253,13.4],[38.256,13.393],[38.254,13.371],[38.256,13.361],[38.259,13.354],[38.262,13.34],[38.267,13.343],[38.273,13.339],[38.289,13.324],[38.299,13.313],[38.303,13.317],[38.305,13.324],[38.309,13.33],[38.325,13.339],[38.346,13.342],[38.355,13.354],[38.367,13.361],[38.377,13.374],[38.383,13.371],[38.388,13.366],[38.386,13.36],[38.39,13.354],[38.399,13.352],[38.407,13.348],[38.407,13.359],[38.41,13.364],[38.407,13.376],[38.411,13.381],[38.426,13.37],[38.436,13.367],[38.433,13.38],[38.433,13.386],[38.437,13.396],[38.46,13.409],[38.465,13.414],[38.469,13.422],[38.476,13.425],[38.484,13.425],[38.496,13.433],[38.517,13.44],[38.531,13.441],[38.543,13.439],[38.57,13.431],[38.577,13.426],[38.581,13.421],[38.593,13.416],[38.608,13.412],[38.616,13.413],[38.623,13.412],[38.619,13.429],[38.617,13.452],[38.634,13.473],[38.649,13.482],[38.662,13.485],[38.677,13.484],[38.674,13.493],[38.677,13.498],[38.673,13.51],[38.663,13.532],[38.637,13.507],[38.623,13.496],[38.615,13.491],[38.606,13.491],[38.591,13.507],[38.58,13.504],[38.574,13.498],[38.568,13.487],[38.563,13.484],[38.546,13.484],[38.535,13.482],[38.513,13.474],[38.485,13.47],[38.462,13.46],[38.47,13.476],[38.466,13.48],[38.468,13.486],[38.499,13.485],[38.492,13.496],[38.498,13.507],[38.504,13.512],[38.509,13.512],[38.523,13.518],[38.533,13.519],[38.543,13.526],[38.552,13.539],[38.555,13.551],[38.55,13.553],[38.533,13.554],[38.502,13.559],[38.491,13.559],[38.478,13.553],[38.474,13.558],[38.474,13.565],[38.466,13.568],[38.459,13.56],[38.454,13.558],[38.444,13.561],[38.444,13.57],[38.452,13.585],[38.442,13.585],[38.434,13.58],[38.427,13.572],[38.425,13.562],[38.407,13.54],[38.4,13.54],[38.4,13.546],[38.392,13.554],[38.386,13.552],[38.381,13.545],[38.366,13.553],[38.361,13.554],[38.35,13.543],[38.342,13.538],[38.329,13.551],[38.326,13.544],[38.327,13.535],[38.321,13.525],[38.324,13.51],[38.321,13.503],[38.299,13.493],[38.28,13.486],[38.269,13.488],[38.26,13.487],[38.251,13.497],[38.249,13.502],[38.244,13.497],[38.228,13.49]]]}},{"type":"Feature","properties":{"name":"Abergele"},"geometry":{"type":"Polygon","coordinates":[[[39.26,12.915],[39.252,12.919],[39.233,12.917],[39.216,12.923],[39.204,12.93],[39.194,12.929],[39.176,12.939],[39.164,12.949],[39.156,12.951],[39.151,12.954],[39.143,12.957],[39.12,12.962],[39.101,12.959],[39.084,12.96],[39.075,12.977],[39.054,12.991],[39.045,12.994],[39.035,13.001],[39.015,13.002],[39.01,13.005],[39.001,13.004],[38.995,13.012],[39.005,13.024],[39.001,13.04],[38.995,13.046],[38.991,13.064],[38.991,13.082],[38.979,13.1],[39.011,13.115],[39.021,13.128],[39.027,13.129],[39.038,13.135],[39.043,13.156],[39.042,13.162],[39.037,13.171],[39.018,13.179],[38.998,13.204],[38.986,13.203],[38.966,13.208],[38.957,13.213],[38.957,13.22],[38.954,13.224],[38.953,13.238],[38.93,13.236],[38.919,13.231],[38.914,13.225],[38.894,13.224],[38.877,13.221],[38.868,13.216],[38.864,13.21],[38.851,13.215],[38.839,13.23],[38.835,13.233],[38.82,13.235],[38.802,13.248],[38.791,13.251],[38.78,13.25],[38.744,13.266],[38.732,13.263],[38.731,13.27],[38.736,13.283],[38.741,13.287],[38.74,13.297],[38.734,13.291],[38.727,13.291],[38.72,13.288],[38.714,13.288],[38.701,13.29],[38.691,13.289],[38.682,13.284],[38.661,13.265],[38.645,13.267],[38.633,13.27],[38.627,13.269],[38.562,13.265],[38.556,13.262],[38.553,13.247],[38.559,13.239],[38.561,13.231],[38.558,13.219],[38.56,13.199],[38.552,13.188],[38.574,13.179],[38.587,13.172],[38.591,13.168],[38.595,13.156],[38.603,13.139],[38.604,13.131],[38.609,13.116],[38.615,13.101],[38.62,13.094],[38.622,13.088],[38.626,13.082],[38.652,13.069],[38.658,13.084],[38.665,13.086],[38.665,13.092],[38.661,13.103],[38.674,13.11],[38.677,13.115],[38.677,13.122],[38.682,13.124],[38.689,13.136],[38.696,13.137],[38.701,13.142],[38.707,13.139],[38.712,13.132],[38.714,13.125],[38.72,13.12],[38.721,13.113],[38.721,13.101],[38.727,13.097],[38.729,13.092],[38.735,13.087],[38.74,13.076],[38.748,13.07],[38.76,13.063],[38.772,13.053],[38.779,13.055],[38.786,13.054],[38.792,13.051],[38.794,13.044],[38.791,13.032],[38.793,13.025],[38.798,13.017],[38.808,13.006],[38.848,12.971],[38.855,12.958],[38.861,12.953],[38.864,12.947],[38.872,12.944],[38.88,12.944],[38.886,12.941],[38.895,12.942],[38.903,12.945],[38.91,12.951],[38.916,12.954],[38.924,12.957],[38.929,12.954],[38.93,12.949],[38.925,12.935],[38.939,12.927],[38.943,12.92],[38.938,12.898],[38.938,12.893],[38.945,12.882],[38.953,12.883],[38.96,12.88],[38.974,12.879],[38.974,12.891],[38.979,12.895],[39.001,12.899],[39.014,12.903],[39.033,12.888],[39.043,12.89],[39.06,12.897],[39.068,12.898],[39.074,12.896],[39.085,12.898],[39.093,12.898],[39.094,12.89],[39.099,12.879],[39.115,12.863],[39.127,12.842],[39.132,12.84],[39.145,12.837],[39.182,12.825],[39.191,12.827],[39.197,12.827],[39.203,12.829],[39.222,12.839],[39.233,12.837],[39.245,12.832],[39.263,12.832],[39.279,12.827],[39.291,12.839],[39.311,12.853],[39.308,12.867],[39.304,12.871],[39.296,12.872],[39.28,12.857],[39.264,12.895],[39.26,12.915]]]}},{"type":"Feature","properties":{"name":"Sekota"},"geometry":{"type":"Polygon","coordinates":[[[39.279,12.827],[39.263,12.832],[39.245,12.832],[39.233,12.837],[39.222,12.839],[39.203,12.829],[39.197,12.827],[39.191,12.827],[39.182,12.825],[39.145,12.837],[39.132,12.84],[39.127,12.842],[39.115,12.863],[39.099,12.879],[39.094,12.89],[39.093,12.898],[39.085,12.898],[39.074,12.896],[39.068,12.898],[39.06,12.897],[39.043,12.89],[39.033,12.888],[39.014,12.903],[39.001,12.899],[38.979,12.895],[38.974,12.891],[38.974,12.879],[38.96,12.88],[38.953,12.883],[38.945,12.882],[38.947,12.876],[38.944,12.869],[38.927,12.863],[38.924,12.858],[38.926,12.841],[38.935,12.832],[38.931,12.818],[38.914,12.806],[38.908,12.803],[38.894,12.803],[38.889,12.801],[38.881,12.785],[38.877,12.78],[38.862,12.783],[38.852,12.78],[38.841,12.774],[38.847,12.75],[38.85,12.722],[38.855,12.713],[38.859,12.695],[38.867,12.681],[38.847,12.671],[38.836,12.66],[38.814,12.657],[38.798,12.648],[38.784,12.643],[38.777,12.625],[38.779,12.619],[38.801,12.601],[38.806,12.596],[38.809,12.59],[38.815,12.587],[38.834,12.57],[38.839,12.566],[38.845,12.559],[38.907,12.518],[38.917,12.505],[38.935,12.492],[38.943,12.492],[38.974,12.499],[38.982,12.504],[38.992,12.517],[38.999,12.516],[39.004,12.501],[39.011,12.496],[39.028,12.495],[39.053,12.503],[39.072,12.497],[39.076,12.493],[39.077,12.472],[39.082,12.455],[39.08,12.427],[39.081,12.421],[39.085,12.417],[39.087,12.406],[39.092,12.403],[39.1,12.401],[39.118,12.376],[39.134,12.374],[39.118,12.36],[39.115,12.354],[39.137,12.357],[39.154,12.346],[39.164,12.352],[39.177,12.365],[39.178,12.372],[39.183,12.369],[39.193,12.36],[39.204,12.355],[39.213,12.353],[39.219,12.356],[39.232,12.352],[39.246,12.354],[39.247,12.361],[39.245,12.366],[39.241,12.395],[39.242,12.41],[39.241,12.433],[39.238,12.442],[39.237,12.45],[39.237,12.474],[39.232,12.487],[39.232,12.494],[39.231,12.502],[39.223,12.517],[39.224,12.523],[39.219,12.531],[39.218,12.537],[39.215,12.544],[39.21,12.55],[39.21,12.561],[39.205,12.577],[39.184,12.613],[39.184,12.631],[39.175,12.644],[39.182,12.653],[39.188,12.657],[39.2,12.661],[39.213,12.662],[39.232,12.667],[39.24,12.664],[39.267,12.678],[39.281,12.689],[39.286,12.705],[39.27,12.724],[39.275,12.727],[39.282,12.744],[39.28,12.759],[39.269,12.772],[39.277,12.789],[39.297,12.786],[39.304,12.794],[39.308,12.812],[39.279,12.827]]]}},{"type":"Feature","properties":{"name":"Kobo"},"geometry":{"type":"Polygon","coordinates":[[[39.373,12.302],[39.374,12.279],[39.38,12.272],[39.381,12.265],[39.38,12.259],[39.382,12.253],[39.387,12.25],[39.392,12.244],[39.377,12.239],[39.38,12.231],[39.385,12.223],[39.385,12.215],[39.396,12.211],[39.392,12.191],[39.408,12.19],[39.409,12.185],[39.404,12.172],[39.405,12.166],[39.407,12.161],[39.418,12.157],[39.408,12.139],[39.403,12.125],[39.407,12.122],[39.424,12.122],[39.428,12.117],[39.441,12.113],[39.448,12.113],[39.46,12.115],[39.465,12.112],[39.465,12.106],[39.468,12.1],[39.476,12.097],[39.492,12.095],[39.491,12.088],[39.494,12.082],[39.5,12.076],[39.506,12.074],[39.513,12.075],[39.53,12.07],[39.528,12.063],[39.519,12.039],[39.517,12.02],[39.511,12.009],[39.516,11.993],[39.514,11.987],[39.51,11.981],[39.499,11.969],[39.502,11.947],[39.497,11.94],[39.501,11.934],[39.502,11.928],[39.5,11.909],[39.501,11.901],[39.507,11.892],[39.519,11.883],[39.541,11.88],[39.553,11.876],[39.571,11.866],[39.579,11.87],[39.585,11.875],[39.593,11.876],[39.602,11.875],[39.612,11.868],[39.618,11.867],[39.628,11.87],[39.658,11.887],[39.666,11.887],[39.685,11.893],[39.704,11.895],[39.718,11.893],[39.733,11.9],[39.745,11.906],[39.754,11.908],[39.76,11.912],[39.774,11.916],[39.789,11.908],[39.796,11.908],[39.808,11.896],[39.832,11.891],[39.853,11.881],[39.861,11.883],[39.881,11.891],[39.888,11.907],[39.884,11.927],[39.877,11.975],[39.871,11.99],[39.868,11.996],[39.862,12.013],[39.855,12.03],[39.842,12.054],[39.844,12.066],[39.861,12.084],[39.863,12.089],[39.829,12.101],[39.82,12.124],[39.814,12.157],[39.808,12.171],[39.801,12.196],[39.804,12.212],[39.804,12.23],[39.808,12.24],[39.828,12.241],[39.825,12.292],[39.826,12.318],[39.818,12.325],[39.801,12.317],[39.778,12.312],[39.762,12.304],[39.759,12.321],[39.74,12.314],[39.722,12.309],[39.707,12.307],[39.68,12.309],[39.66,12.307],[39.633,12.308],[39.622,12.301],[39.626,12.289],[39.615,12.276],[39.606,12.271],[39.598,12.271],[39.593,12.272],[39.573,12.257],[39.556,12.256],[39.544,12.266],[39.539,12.293],[39.524,12.327],[39.508,12.334],[39.471,12.322],[39.456,12.326],[39.442,12.316],[39.428,12.303],[39.42,12.297],[39.404,12.296],[39.389,12.301],[39.373,12.302]]]}},{"type":"Feature","properties":{"name":"Artuma Fursi"},"geometry":{"type":"Polygon","coordinates":[[[39.912,10.508],[39.918,10.507],[39.926,10.509],[39.933,10.486],[39.937,10.48],[39.931,10.468],[39.937,10.46],[39.938,10.45],[39.936,10.436],[39.944,10.434],[39.942,10.422],[39.943,10.399],[39.942,10.388],[39.948,10.384],[39.95,10.378],[39.957,10.374],[39.969,10.371],[39.976,10.374],[39.984,10.38],[39.993,10.389],[39.999,10.391],[40.008,10.389],[40.018,10.391],[40.023,10.394],[40.029,10.398],[40.034,10.404],[40.04,10.408],[40.049,10.418],[40.088,10.412],[40.096,10.413],[40.108,10.422],[40.132,10.431],[40.137,10.438],[40.154,10.44],[40.152,10.471],[40.129,10.618],[40.122,10.657],[40.088,10.641],[40.082,10.636],[40.07,10.631],[40.064,10.627],[40.028,10.616],[40.021,10.607],[40.015,10.603],[40.003,10.594],[39.987,10.585],[39.976,10.588],[39.957,10.601],[39.946,10.615],[39.936,10.619],[39.922,10.617],[39.912,10.625],[39.896,10.647],[39.887,10.66],[39.871,10.675],[39.854,10.672],[39.843,10.667],[39.839,10.664],[39.839,10.658],[39.829,10.645],[39.839,10.624],[39.853,10.623],[39.86,10.616],[39.866,10.616],[39.87,10.612],[39.866,10.599],[39.869,10.584],[39.877,10.56],[39.878,10.554],[39.883,10.549],[39.889,10.552],[39.892,10.556],[39.899,10.555],[39.905,10.549],[39.911,10.548],[39.916,10.544],[39.92,10.532],[39.906,10.527],[39.902,10.522],[39.904,10.516],[39.912,10.508]]]}},{"type":"Feature","properties":{"name":"Dewa Harewa"},"geometry":{"type":"Polygon","coordinates":[[[39.932,10.824],[39.927,10.819],[39.938,10.817],[39.954,10.798],[39.949,10.792],[39.948,10.785],[39.953,10.776],[39.954,10.771],[39.945,10.77],[39.946,10.761],[39.954,10.745],[39.957,10.731],[39.956,10.723],[39.958,10.716],[39.969,10.707],[39.976,10.695],[39.984,10.695],[39.994,10.693],[39.995,10.687],[39.994,10.681],[39.992,10.676],[39.991,10.67],[39.988,10.666],[39.989,10.659],[39.995,10.65],[39.995,10.641],[39.997,10.636],[40.002,10.635],[40.014,10.624],[40.028,10.616],[40.064,10.627],[40.07,10.631],[40.082,10.636],[40.088,10.641],[40.122,10.657],[40.115,10.699],[40.11,10.725],[40.103,10.741],[40.103,10.756],[40.109,10.765],[40.123,10.769],[40.134,10.78],[40.141,10.783],[40.168,10.806],[40.165,10.829],[40.168,10.835],[40.169,10.843],[40.168,10.848],[40.171,10.874],[40.177,10.879],[40.179,10.885],[40.181,10.898],[40.15,10.897],[40.135,10.891],[40.114,10.874],[40.105,10.868],[40.085,10.863],[40.078,10.864],[40.065,10.857],[40.049,10.853],[40.039,10.853],[40.029,10.854],[40.013,10.848],[40.007,10.843],[39.992,10.836],[39.986,10.844],[39.979,10.848],[39.972,10.848],[39.958,10.845],[39.943,10.829],[39.932,10.824]]]}},{"type":"Feature","properties":{"name":"Afdera"},"geometry":{"type":"Polygon","coordinates":[[[41.497,13.468],[41.441,13.52],[41.379,13.571],[41.351,13.598],[41.315,13.631],[41.292,13.663],[41.251,13.713],[41.217,13.748],[41.192,13.768],[41.17,13.79],[41.107,13.766],[41.06,13.752],[40.953,13.728],[40.853,13.704],[40.599,13.662],[40.543,13.638],[40.464,13.612],[40.401,13.583],[40.345,13.552],[40.181,13.47],[40.202,13.425],[40.203,13.392],[40.253,13.397],[40.298,13.399],[40.334,13.408],[40.369,13.394],[40.394,13.393],[40.411,13.4],[40.434,13.407],[40.464,13.399],[40.485,13.378],[40.506,13.36],[40.566,13.304],[40.588,13.302],[40.609,13.287],[40.627,13.264],[40.631,13.239],[40.652,13.21],[40.676,13.194],[40.694,13.176],[40.745,13.148],[40.758,13.133],[40.757,13.117],[40.742,13.104],[40.727,13.088],[40.701,13.068],[40.677,13.047],[40.643,12.991],[40.622,12.962],[40.623,12.944],[40.709,12.993],[40.81,12.994],[40.911,12.987],[41.019,12.996],[41.078,12.998],[41.181,12.999],[41.277,13.02],[41.302,13.061],[41.306,13.117],[41.341,13.205],[41.374,13.321],[41.403,13.351],[41.497,13.468]]]}},{"type":"Feature","properties":{"name":"Erebti"},"geometry":{"type":"Polygon","coordinates":[[[40.203,13.392],[40.19,13.373],[40.184,13.354],[40.173,13.277],[40.16,13.25],[40.153,13.229],[40.152,13.207],[40.17,13.183],[40.167,13.139],[40.173,13.106],[40.178,13.061],[40.181,13.016],[40.192,12.93],[40.197,12.871],[40.286,12.921],[40.391,12.961],[40.445,12.98],[40.471,12.997],[40.525,13.013],[40.569,13.005],[40.593,12.989],[40.622,12.962],[40.643,12.991],[40.677,13.047],[40.701,13.068],[40.727,13.088],[40.742,13.104],[40.757,13.117],[40.758,13.133],[40.745,13.148],[40.694,13.176],[40.676,13.194],[40.652,13.21],[40.631,13.239],[40.627,13.264],[40.609,13.287],[40.588,13.302],[40.566,13.304],[40.506,13.36],[40.485,13.378],[40.464,13.399],[40.434,13.407],[40.411,13.4],[40.394,13.393],[40.369,13.394],[40.334,13.408],[40.298,13.399],[40.253,13.397],[40.203,13.392]]]}},{"type":"Feature","properties":{"name":"Elidar"},"geometry":{"type":"Polygon","coordinates":[[[41.798,11.647],[41.804,11.668],[41.827,11.708],[41.835,11.726],[41.854,11.743],[41.867,11.764],[41.92,11.803],[41.943,11.825],[41.965,11.857],[41.981,11.871],[41.998,11.896],[42.042,11.98],[42.064,12.019],[42.079,12.041],[42.091,12.065],[42.113,12.095],[42.125,12.108],[42.181,12.177],[42.2,12.208],[42.212,12.214],[42.23,12.236],[42.245,12.261],[42.267,12.29],[42.282,12.317],[42.296,12.346],[42.312,12.37],[42.32,12.388],[42.338,12.404],[42.356,12.446],[42.342,12.465],[42.336,12.48],[42.311,12.522],[42.281,12.557],[42.243,12.616],[42.235,12.624],[42.228,12.634],[42.22,12.641],[42.197,12.673],[42.137,12.747],[42.114,12.765],[42.097,12.784],[42.096,12.794],[42.051,12.844],[42.044,12.856],[42.011,12.921],[41.999,12.936],[41.973,12.984],[41.931,13.03],[41.885,13.084],[41.9,12.838],[41.807,12.795],[41.726,12.776],[41.608,12.745],[41.519,12.74],[41.467,12.733],[41.39,12.714],[41.278,12.72],[41.2,12.71],[41.143,12.722],[41.138,12.718],[41.11,12.693],[41.13,12.673],[41.153,12.642],[41.167,12.593],[41.165,12.563],[41.176,12.547],[41.194,12.499],[41.21,12.468],[41.215,12.443],[41.204,12.399],[41.205,12.379],[41.226,12.317],[41.233,12.28],[41.248,12.256],[41.257,12.232],[41.259,12.218],[41.288,12.172],[41.304,12.154],[41.321,12.121],[41.326,12.091],[41.322,12.076],[41.33,12.047],[41.345,12.018],[41.359,11.979],[41.368,11.938],[41.376,11.909],[41.384,11.87],[41.382,11.841],[41.349,11.776],[41.335,11.744],[41.329,11.702],[41.316,11.658],[41.354,11.649],[41.377,11.649],[41.403,11.659],[41.421,11.675],[41.455,11.712],[41.469,11.755],[41.477,11.769],[41.488,11.779],[41.499,11.779],[41.512,11.774],[41.523,11.75],[41.554,11.719],[41.581,11.704],[41.62,11.707],[41.655,11.706],[41.681,11.696],[41.685,11.681],[41.691,11.675],[41.711,11.664],[41.75,11.653],[41.798,11.647]]]}},{"type":"Feature","properties":{"name":"Teru"},"geometry":{"type":"Polygon","coordinates":[[[40.622,12.962],[40.593,12.989],[40.569,13.005],[40.525,13.013],[40.471,12.997],[40.445,12.98],[40.391,12.961],[40.286,12.921],[40.197,12.871],[40.17,12.843],[40.183,12.805],[40.19,12.78],[40.191,12.71],[40.2,12.674],[40.181,12.639],[40.176,12.612],[40.174,12.581],[40.166,12.538],[40.156,12.519],[40.136,12.501],[40.078,12.466],[40.065,12.439],[40.072,12.411],[40.081,12.385],[40.102,12.367],[40.12,12.344],[40.132,12.321],[40.169,12.301],[40.199,12.288],[40.3,12.307],[40.345,12.317],[40.383,12.298],[40.441,12.297],[40.477,12.303],[40.515,12.334],[40.554,12.378],[40.627,12.473],[40.656,12.488],[40.682,12.526],[40.679,12.56],[40.679,12.607],[40.673,12.646],[40.646,12.662],[40.629,12.696],[40.622,12.716],[40.614,12.758],[40.616,12.797],[40.628,12.843],[40.623,12.944],[40.622,12.962]]]}},{"type":"Feature","properties":{"name":"Dubti"},"geometry":{"type":"Polygon","coordinates":[[[41.485,10.968],[41.485,11.043],[41.483,11.109],[41.491,11.159],[41.488,11.189],[41.48,11.223],[41.445,11.229],[41.42,11.255],[41.414,11.286],[41.407,11.331],[41.392,11.36],[41.376,11.416],[41.363,11.425],[41.355,11.438],[41.357,11.458],[41.343,11.533],[41.325,11.565],[41.315,11.607],[41.316,11.658],[41.329,11.702],[41.335,11.744],[41.349,11.776],[41.382,11.841],[41.384,11.87],[41.376,11.909],[41.368,11.938],[41.359,11.979],[41.345,12.018],[41.33,12.047],[41.322,12.076],[41.326,12.091],[41.321,12.121],[41.304,12.154],[41.291,12.154],[41.249,12.151],[41.21,12.151],[41.181,12.166],[41.166,12.156],[41.118,12.151],[41.108,12.161],[41.074,12.161],[41.061,12.159],[41.015,12.146],[41.049,12.097],[41.088,12.053],[41.054,12.005],[41.015,11.99],[40.971,11.99],[40.947,11.966],[40.913,11.966],[40.908,12.014],[40.888,12.073],[40.835,12.131],[40.835,12.195],[40.81,12.224],[40.8,12.288],[40.719,12.321],[40.716,12.317],[40.714,12.245],[40.72,12.164],[40.727,12.097],[40.727,12.053],[40.721,12.009],[40.71,11.971],[40.689,11.945],[40.702,11.907],[40.703,11.885],[40.693,11.848],[40.688,11.806],[40.697,11.733],[40.71,11.703],[40.726,11.687],[40.736,11.663],[40.741,11.64],[40.745,11.608],[40.765,11.593],[40.789,11.58],[40.804,11.561],[40.822,11.526],[40.838,11.52],[40.865,11.528],[40.879,11.536],[40.908,11.536],[40.93,11.541],[40.936,11.56],[40.952,11.598],[40.959,11.609],[40.973,11.609],[40.988,11.593],[40.997,11.573],[41.013,11.545],[41.034,11.522],[41.056,11.482],[41.09,11.445],[41.112,11.424],[41.193,11.308],[41.204,11.274],[41.206,11.214],[41.221,11.198],[41.234,11.168],[41.236,11.114],[41.251,11.012],[41.257,10.978],[41.269,10.959],[41.301,10.965],[41.349,10.963],[41.393,10.967],[41.411,10.959],[41.485,10.968]]]}},{"type":"Feature","properties":{"name":"Awra"},"geometry":{"type":"Polygon","coordinates":[[[40.199,12.288],[40.19,12.254],[40.177,12.225],[40.165,12.209],[40.158,12.182],[40.145,12.163],[40.131,12.153],[40.124,12.131],[40.096,12.122],[40.088,12.089],[40.097,12.064],[40.138,12.045],[40.153,12.024],[40.172,12.017],[40.188,12.0],[40.234,11.988],[40.249,11.971],[40.278,11.947],[40.304,11.92],[40.322,11.889],[40.326,11.863],[40.387,11.868],[40.452,11.877],[40.51,11.882],[40.597,11.901],[40.657,11.927],[40.689,11.945],[40.71,11.971],[40.721,12.009],[40.727,12.053],[40.727,12.097],[40.72,12.164],[40.714,12.245],[40.716,12.317],[40.719,12.321],[40.727,12.355],[40.726,12.382],[40.739,12.415],[40.75,12.449],[40.709,12.469],[40.693,12.487],[40.683,12.504],[40.682,12.526],[40.656,12.488],[40.627,12.473],[40.554,12.378],[40.515,12.334],[40.477,12.303],[40.441,12.297],[40.383,12.298],[40.345,12.317],[40.3,12.307],[40.199,12.288]]]}},{"type":"Feature","properties":{"name":"Aysaita"},"geometry":{"type":"Polygon","coordinates":[[[41.316,11.658],[41.315,11.607],[41.325,11.565],[41.343,11.533],[41.357,11.458],[41.355,11.438],[41.363,11.425],[41.376,11.416],[41.392,11.36],[41.407,11.331],[41.414,11.286],[41.42,11.255],[41.445,11.229],[41.48,11.223],[41.49,11.257],[41.5,11.3],[41.51,11.323],[41.523,11.34],[41.524,11.363],[41.517,11.379],[41.5,11.403],[41.516,11.44],[41.522,11.463],[41.528,11.476],[41.534,11.509],[41.551,11.528],[41.577,11.533],[41.594,11.542],[41.621,11.542],[41.678,11.545],[41.776,11.54],[41.789,11.584],[41.798,11.647],[41.75,11.653],[41.711,11.664],[41.691,11.675],[41.685,11.681],[41.681,11.696],[41.655,11.706],[41.62,11.707],[41.581,11.704],[41.554,11.719],[41.523,11.75],[41.512,11.774],[41.499,11.779],[41.488,11.779],[41.477,11.769],[41.469,11.755],[41.455,11.712],[41.421,11.675],[41.403,11.659],[41.377,11.649],[41.354,11.649],[41.316,11.658]]]}},{"type":"Feature","properties":{"name":"Afambo"},"geometry":{"type":"Polygon","coordinates":[[[41.761,10.983],[41.765,11.086],[41.77,11.117],[41.778,11.286],[41.774,11.323],[41.777,11.43],[41.776,11.54],[41.678,11.545],[41.621,11.542],[41.594,11.542],[41.577,11.533],[41.551,11.528],[41.534,11.509],[41.528,11.476],[41.522,11.463],[41.516,11.44],[41.5,11.403],[41.517,11.379],[41.524,11.363],[41.523,11.34],[41.51,11.323],[41.5,11.3],[41.49,11.257],[41.48,11.223],[41.488,11.189],[41.491,11.159],[41.483,11.109],[41.485,11.043],[41.485,10.968],[41.583,10.963],[41.635,10.966],[41.682,10.965],[41.7,10.97],[41.719,10.966],[41.74,10.969],[41.761,10.983]]]}},{"type":"Feature","properties":{"name":"Gewane"},"geometry":{"type":"Polygon","coordinates":[[[41.167,10.781],[41.149,10.828],[41.118,10.933],[41.093,10.98],[41.068,11.002],[41.042,11.015],[41.032,11.034],[41.026,11.065],[41.011,11.091],[40.973,11.127],[40.908,11.161],[40.851,11.185],[40.809,11.199],[40.781,11.184],[40.752,11.163],[40.729,11.144],[40.704,11.141],[40.673,11.133],[40.617,11.123],[40.567,11.118],[40.569,11.095],[40.602,11.06],[40.617,11.034],[40.636,10.996],[40.646,10.967],[40.649,10.937],[40.647,10.924],[40.633,10.916],[40.606,10.918],[40.546,10.945],[40.522,10.964],[40.494,10.969],[40.469,10.969],[40.455,10.958],[40.441,10.944],[40.433,10.92],[40.422,10.835],[40.426,10.79],[40.424,10.757],[40.429,10.74],[40.44,10.724],[40.453,10.7],[40.465,10.671],[40.467,10.642],[40.496,10.631],[40.502,10.579],[40.518,10.536],[40.53,10.492],[40.526,10.475],[40.535,10.438],[40.541,10.403],[40.539,10.381],[40.53,10.342],[40.539,10.325],[40.558,10.31],[40.557,10.295],[40.553,10.279],[40.527,10.241],[40.534,10.227],[40.547,10.211],[40.546,10.196],[40.552,10.186],[40.589,10.17],[40.593,10.15],[40.591,10.128],[40.584,10.115],[40.57,10.101],[40.554,10.097],[40.542,10.085],[40.524,10.061],[40.515,10.031],[40.501,10.019],[40.445,10.011],[40.395,10.008],[40.36,10.01],[40.321,9.946],[40.398,9.921],[40.446,9.896],[40.49,9.877],[40.508,9.867],[40.522,9.855],[40.537,9.852],[40.55,9.831],[40.563,9.82],[40.582,9.822],[40.588,9.82],[40.6,9.828],[40.607,9.826],[40.611,9.817],[40.618,9.817],[40.63,9.804],[40.642,9.805],[40.654,9.814],[40.664,9.827],[40.667,9.835],[40.679,9.834],[40.688,9.824],[40.694,9.805],[40.7,9.793],[40.709,9.781],[40.711,9.765],[40.723,9.76],[40.738,9.759],[40.744,9.748],[40.742,9.72],[40.744,9.71],[40.76,9.699],[40.778,9.691],[40.826,9.764],[40.848,9.791],[40.948,9.881],[40.997,9.93],[41.015,9.94],[41.02,9.95],[41.014,9.961],[41.0,9.969],[40.982,9.97],[40.967,9.973],[40.954,9.988],[40.947,10.002],[40.937,10.036],[40.95,10.069],[40.955,10.097],[40.976,10.158],[40.98,10.196],[40.991,10.241],[41.006,10.32],[41.016,10.344],[41.031,10.401],[41.033,10.423],[41.048,10.479],[41.058,10.501],[41.062,10.518],[41.072,10.542],[41.088,10.601],[41.083,10.633],[41.079,10.64],[41.08,10.66],[41.078,10.682],[41.091,10.698],[41.116,10.721],[41.134,10.745],[41.15,10.761],[41.167,10.781]]]}},{"type":"Feature","properties":{"name":"Bure Mudaytu"},"geometry":{"type":"Polygon","coordinates":[[[40.467,10.642],[40.455,10.631],[40.454,10.618],[40.439,10.587],[40.415,10.561],[40.386,10.509],[40.38,10.492],[40.382,10.476],[40.378,10.42],[40.394,10.372],[40.393,10.362],[40.4,10.31],[40.405,10.289],[40.408,10.262],[40.402,10.242],[40.385,10.207],[40.378,10.189],[40.372,10.177],[40.372,10.159],[40.366,10.143],[40.363,10.128],[40.362,10.11],[40.365,10.089],[40.365,10.065],[40.364,10.037],[40.36,10.01],[40.395,10.008],[40.445,10.011],[40.501,10.019],[40.515,10.031],[40.524,10.061],[40.542,10.085],[40.554,10.097],[40.57,10.101],[40.584,10.115],[40.591,10.128],[40.593,10.15],[40.589,10.17],[40.552,10.186],[40.546,10.196],[40.547,10.211],[40.534,10.227],[40.527,10.241],[40.553,10.279],[40.557,10.295],[40.558,10.31],[40.539,10.325],[40.53,10.342],[40.539,10.381],[40.541,10.403],[40.535,10.438],[40.526,10.475],[40.53,10.492],[40.518,10.536],[40.502,10.579],[40.496,10.631],[40.467,10.642]]]}},{"type":"Feature","properties":{"name":"Amibara"},"geometry":{"type":"Polygon","coordinates":[[[40.778,9.691],[40.76,9.699],[40.744,9.71],[40.742,9.72],[40.744,9.748],[40.738,9.759],[40.723,9.76],[40.711,9.765],[40.709,9.781],[40.7,9.793],[40.694,9.805],[40.688,9.824],[40.679,9.834],[40.667,9.835],[40.664,9.827],[40.654,9.814],[40.642,9.805],[40.63,9.804],[40.618,9.817],[40.611,9.817],[40.607,9.826],[40.6,9.828],[40.588,9.82],[40.582,9.822],[40.563,9.82],[40.55,9.831],[40.537,9.852],[40.522,9.855],[40.508,9.867],[40.49,9.877],[40.446,9.896],[40.398,9.921],[40.321,9.946],[40.292,9.919],[40.28,9.904],[40.26,9.89],[40.237,9.861],[40.226,9.822],[40.228,9.79],[40.233,9.768],[40.24,9.741],[40.249,9.723],[40.244,9.686],[40.259,9.683],[40.279,9.668],[40.282,9.653],[40.279,9.638],[40.274,9.59],[40.28,9.582],[40.283,9.573],[40.276,9.56],[40.268,9.558],[40.26,9.55],[40.245,9.547],[40.236,9.529],[40.22,9.522],[40.202,9.525],[40.196,9.511],[40.192,9.491],[40.174,9.487],[40.164,9.466],[40.149,9.461],[40.146,9.431],[40.153,9.42],[40.144,9.405],[40.139,9.388],[40.152,9.376],[40.163,9.369],[40.168,9.363],[40.163,9.356],[40.151,9.356],[40.118,9.365],[40.097,9.359],[40.098,9.339],[40.103,9.326],[40.094,9.311],[40.093,9.298],[40.098,9.282],[40.101,9.267],[40.117,9.228],[40.118,9.211],[40.124,9.191],[40.146,9.14],[40.165,9.109],[40.169,9.091],[40.158,9.056],[40.163,9.029],[40.17,9.019],[40.175,8.999],[40.171,8.975],[40.175,8.968],[40.188,8.975],[40.223,8.989],[40.239,8.998],[40.243,9.014],[40.247,9.036],[40.245,9.057],[40.246,9.076],[40.255,9.087],[40.301,9.129],[40.328,9.156],[40.37,9.219],[40.409,9.282],[40.427,9.305],[40.472,9.356],[40.5,9.376],[40.529,9.386],[40.607,9.392],[40.637,9.397],[40.66,9.405],[40.676,9.419],[40.694,9.445],[40.694,9.5],[40.7,9.534],[40.715,9.567],[40.723,9.591],[40.731,9.608],[40.736,9.623],[40.75,9.652],[40.764,9.668],[40.778,9.691]]]}},{"type":"Feature","properties":{"name":"Argoba Special"},"geometry":{"type":"Polygon","coordinates":[[[39.751,9.37],[39.752,9.362],[39.755,9.356],[39.771,9.334],[39.774,9.325],[39.79,9.305],[39.818,9.309],[39.835,9.316],[39.845,9.315],[39.861,9.308],[39.867,9.298],[39.899,9.299],[39.915,9.33],[39.914,9.366],[39.922,9.382],[39.934,9.391],[39.948,9.396],[39.96,9.405],[39.967,9.421],[39.975,9.453],[39.985,9.462],[39.991,9.475],[39.987,9.494],[39.978,9.504],[39.973,9.516],[39.97,9.535],[39.971,9.551],[39.95,9.575],[39.941,9.589],[39.935,9.61],[39.936,9.627],[39.942,9.651],[39.953,9.679],[39.954,9.702],[39.962,9.724],[39.967,9.731],[39.95,9.732],[39.925,9.741],[39.877,9.754],[39.863,9.755],[39.857,9.754],[39.851,9.749],[39.84,9.725],[39.849,9.71],[39.854,9.7],[39.851,9.689],[39.859,9.656],[39.862,9.653],[39.88,9.625],[39.885,9.612],[39.882,9.594],[39.879,9.584],[39.878,9.578],[39.848,9.565],[39.858,9.557],[39.858,9.548],[39.849,9.526],[39.848,9.512],[39.838,9.503],[39.849,9.482],[39.873,9.46],[39.874,9.448],[39.872,9.443],[39.875,9.409],[39.88,9.401],[39.874,9.399],[39.822,9.418],[39.808,9.414],[39.801,9.401],[39.786,9.397],[39.792,9.371],[39.751,9.37]]]}},{"type":"Feature","properties":{"name":"Dulecha"},"geometry":{"type":"Polygon","coordinates":[[[39.967,9.731],[39.962,9.724],[39.954,9.702],[39.953,9.679],[39.942,9.651],[39.936,9.627],[39.935,9.61],[39.941,9.589],[39.95,9.575],[39.971,9.551],[39.97,9.535],[39.973,9.516],[39.978,9.504],[39.987,9.494],[39.991,9.475],[39.985,9.462],[39.975,9.453],[39.967,9.421],[39.96,9.405],[39.948,9.396],[39.934,9.391],[39.922,9.382],[39.914,9.366],[39.915,9.33],[39.899,9.299],[39.92,9.302],[39.931,9.293],[39.942,9.289],[39.953,9.279],[39.972,9.281],[39.986,9.288],[40.017,9.269],[40.101,9.267],[40.098,9.282],[40.093,9.298],[40.094,9.311],[40.103,9.326],[40.098,9.339],[40.097,9.359],[40.118,9.365],[40.151,9.356],[40.163,9.356],[40.168,9.363],[40.163,9.369],[40.152,9.376],[40.139,9.388],[40.144,9.405],[40.153,9.42],[40.146,9.431],[40.149,9.461],[40.164,9.466],[40.174,9.487],[40.192,9.491],[40.196,9.511],[40.202,9.525],[40.22,9.522],[40.236,9.529],[40.245,9.547],[40.26,9.55],[40.268,9.558],[40.276,9.56],[40.283,9.573],[40.28,9.582],[40.274,9.59],[40.279,9.638],[40.282,9.653],[40.279,9.668],[40.259,9.683],[40.244,9.686],[40.222,9.68],[40.199,9.684],[40.185,9.694],[40.166,9.698],[40.148,9.687],[40.137,9.69],[40.118,9.687],[40.08,9.696],[40.063,9.704],[40.033,9.714],[40.006,9.71],[39.982,9.721],[39.974,9.73],[39.967,9.731]]]}},{"type":"Feature","properties":{"name":"Awash Fentale"},"geometry":{"type":"Polygon","coordinates":[[[39.818,9.137],[39.85,9.139],[39.879,9.146],[39.899,9.14],[39.91,9.133],[39.916,9.098],[39.92,9.069],[39.929,9.055],[39.943,9.049],[39.953,9.031],[39.948,9.005],[39.969,9.005],[40.0,9.008],[40.023,9.003],[40.036,8.995],[40.048,8.979],[40.052,8.962],[40.045,8.943],[40.037,8.908],[40.02,8.89],[40.012,8.872],[40.011,8.857],[40.025,8.846],[40.041,8.842],[40.052,8.842],[40.068,8.845],[40.082,8.852],[40.095,8.863],[40.121,8.897],[40.153,8.933],[40.163,8.95],[40.171,8.966],[40.175,8.968],[40.171,8.975],[40.175,8.999],[40.17,9.019],[40.163,9.029],[40.158,9.056],[40.169,9.091],[40.165,9.109],[40.146,9.14],[40.124,9.191],[40.118,9.211],[40.117,9.228],[40.101,9.267],[40.017,9.269],[39.986,9.288],[39.972,9.281],[39.953,9.279],[39.942,9.289],[39.931,9.293],[39.92,9.302],[39.899,9.299],[39.867,9.298],[39.887,9.27],[39.858,9.271],[39.864,9.243],[39.874,9.235],[39.874,9.228],[39.866,9.221],[39.854,9.212],[39.849,9.203],[39.837,9.189],[39.814,9.172],[39.817,9.163],[39.816,9.155],[39.818,9.137]]]}},{"type":"Feature","properties":{"name":"Dalul"},"geometry":{"type":"Polygon","coordinates":[[[39.87,13.984],[39.874,13.972],[39.911,13.985],[40.009,14.024],[40.043,14.033],[40.066,14.035],[40.084,14.019],[40.102,13.993],[40.129,14.011],[40.157,14.017],[40.179,14.005],[40.209,13.994],[40.252,14.014],[40.263,14.01],[40.316,14.054],[40.347,14.061],[40.362,14.065],[40.375,14.092],[40.353,14.147],[40.352,14.18],[40.346,14.212],[40.351,14.245],[40.361,14.266],[40.382,14.293],[40.403,14.314],[40.445,14.364],[40.386,14.39],[40.332,14.425],[40.269,14.454],[40.223,14.479],[40.141,14.499],[40.09,14.491],[40.076,14.495],[40.056,14.487],[40.011,14.44],[39.985,14.433],[39.985,14.424],[39.98,14.41],[39.983,14.394],[39.989,14.389],[39.992,14.383],[39.981,14.372],[39.973,14.371],[39.951,14.361],[39.939,14.362],[39.917,14.371],[39.909,14.366],[39.902,14.367],[39.896,14.371],[39.891,14.37],[39.885,14.371],[39.879,14.369],[39.854,14.368],[39.856,14.374],[39.848,14.376],[39.839,14.381],[39.828,14.383],[39.821,14.383],[39.802,14.388],[39.797,14.387],[39.789,14.379],[39.773,14.374],[39.776,14.352],[39.781,14.336],[39.78,14.331],[39.772,14.32],[39.764,14.319],[39.751,14.313],[39.746,14.309],[39.734,14.307],[39.727,14.304],[39.728,14.295],[39.735,14.289],[39.743,14.282],[39.758,14.278],[39.757,14.251],[39.758,14.24],[39.754,14.238],[39.743,14.236],[39.707,14.243],[39.695,14.242],[39.689,14.232],[39.687,14.217],[39.677,14.208],[39.673,14.201],[39.665,14.198],[39.659,14.199],[39.657,14.193],[39.651,14.189],[39.659,14.183],[39.674,14.178],[39.683,14.165],[39.716,14.157],[39.722,14.158],[39.75,14.152],[39.768,14.141],[39.776,14.14],[39.792,14.143],[39.799,14.143],[39.81,14.152],[39.828,14.156],[39.839,14.155],[39.839,14.127],[39.844,14.11],[39.843,14.098],[39.844,14.09],[39.849,14.079],[39.845,14.061],[39.845,14.051],[39.856,14.032],[39.862,14.029],[39.867,14.022],[39.883,14.017],[39.887,14.013],[39.869,13.993],[39.87,13.984]]]}},{"type":"Feature","properties":{"name":"Koneba"},"geometry":{"type":"Polygon","coordinates":[[[39.885,13.749],[39.912,13.748],[39.926,13.758],[39.958,13.775],[39.968,13.797],[39.975,13.827],[39.993,13.845],[40.013,13.863],[40.035,13.892],[40.053,13.913],[40.071,13.94],[40.089,13.96],[40.102,13.993],[40.084,14.019],[40.066,14.035],[40.043,14.033],[40.009,14.024],[39.911,13.985],[39.874,13.972],[39.87,13.984],[39.859,13.974],[39.86,13.966],[39.837,13.976],[39.83,13.975],[39.817,13.969],[39.814,13.961],[39.803,13.946],[39.813,13.945],[39.819,13.943],[39.829,13.932],[39.826,13.927],[39.827,13.922],[39.834,13.919],[39.834,13.908],[39.83,13.9],[39.829,13.889],[39.83,13.869],[39.839,13.865],[39.837,13.855],[39.842,13.848],[39.843,13.839],[39.835,13.822],[39.837,13.812],[39.842,13.804],[39.849,13.801],[39.853,13.796],[39.855,13.787],[39.854,13.767],[39.865,13.756],[39.875,13.75],[39.885,13.749]]]}},{"type":"Feature","properties":{"name":"Berahile"},"geometry":{"type":"Polygon","coordinates":[[[39.745,13.571],[39.74,13.564],[39.741,13.548],[39.735,13.529],[39.73,13.525],[39.729,13.517],[39.724,13.51],[39.72,13.476],[39.822,13.465],[39.901,13.45],[39.984,13.438],[40.038,13.436],[40.1,13.437],[40.14,13.447],[40.181,13.47],[40.345,13.552],[40.401,13.583],[40.464,13.612],[40.543,13.638],[40.599,13.662],[40.853,13.704],[40.953,13.728],[41.06,13.752],[41.107,13.766],[41.17,13.79],[41.078,13.879],[40.838,14.085],[40.651,14.23],[40.546,14.302],[40.445,14.364],[40.403,14.314],[40.382,14.293],[40.361,14.266],[40.351,14.245],[40.346,14.212],[40.352,14.18],[40.353,14.147],[40.375,14.092],[40.362,14.065],[40.347,14.061],[40.316,14.054],[40.263,14.01],[40.252,14.014],[40.209,13.994],[40.179,14.005],[40.157,14.017],[40.129,14.011],[40.102,13.993],[40.089,13.96],[40.071,13.94],[40.053,13.913],[40.035,13.892],[40.013,13.863],[39.993,13.845],[39.975,13.827],[39.968,13.797],[39.958,13.775],[39.926,13.758],[39.912,13.748],[39.885,13.749],[39.877,13.739],[39.875,13.723],[39.875,13.711],[39.879,13.707],[39.879,13.689],[39.877,13.681],[39.868,13.659],[39.869,13.644],[39.867,13.628],[39.87,13.621],[39.87,13.61],[39.866,13.603],[39.866,13.591],[39.868,13.584],[39.866,13.564],[39.864,13.559],[39.865,13.549],[39.854,13.555],[39.844,13.557],[39.837,13.556],[39.817,13.558],[39.805,13.554],[39.795,13.556],[39.784,13.564],[39.764,13.572],[39.745,13.571]]]}},{"type":"Feature","properties":{"name":"Ab Ala"},"geometry":{"type":"Polygon","coordinates":[[[39.801,13.22],[39.809,13.218],[39.821,13.223],[39.842,13.224],[39.859,13.229],[39.928,13.216],[39.966,13.211],[39.999,13.2],[40.022,13.21],[40.058,13.218],[40.097,13.219],[40.113,13.212],[40.153,13.229],[40.16,13.25],[40.173,13.277],[40.184,13.354],[40.19,13.373],[40.203,13.392],[40.202,13.425],[40.181,13.47],[40.14,13.447],[40.1,13.437],[40.038,13.436],[39.984,13.438],[39.901,13.45],[39.822,13.465],[39.72,13.476],[39.727,13.442],[39.729,13.423],[39.735,13.404],[39.739,13.4],[39.744,13.39],[39.742,13.383],[39.747,13.375],[39.73,13.379],[39.733,13.374],[39.741,13.364],[39.743,13.358],[39.743,13.352],[39.74,13.334],[39.737,13.328],[39.739,13.322],[39.736,13.315],[39.729,13.309],[39.721,13.295],[39.726,13.289],[39.731,13.287],[39.737,13.287],[39.743,13.283],[39.76,13.28],[39.763,13.284],[39.768,13.286],[39.778,13.276],[39.787,13.263],[39.786,13.253],[39.788,13.246],[39.8,13.228],[39.801,13.22]]]}},{"type":"Feature","properties":{"name":"Megale"},"geometry":{"type":"Polygon","coordinates":[[[39.874,12.943],[39.887,12.932],[39.899,12.927],[39.905,12.922],[39.907,12.915],[39.917,12.905],[39.926,12.894],[39.93,12.882],[39.93,12.875],[39.942,12.862],[39.953,12.838],[39.966,12.823],[39.97,12.815],[39.973,12.798],[39.979,12.793],[39.989,12.777],[40.029,12.777],[40.063,12.775],[40.109,12.805],[40.138,12.828],[40.17,12.843],[40.197,12.871],[40.192,12.93],[40.181,13.016],[40.178,13.061],[40.173,13.106],[40.167,13.139],[40.17,13.183],[40.152,13.207],[40.153,13.229],[40.113,13.212],[40.097,13.219],[40.058,13.218],[40.022,13.21],[39.999,13.2],[39.966,13.211],[39.928,13.216],[39.859,13.229],[39.842,13.224],[39.821,13.223],[39.809,13.218],[39.808,13.203],[39.805,13.19],[39.81,13.177],[39.813,13.156],[39.817,13.147],[39.825,13.133],[39.832,13.113],[39.834,13.089],[39.836,13.084],[39.849,13.053],[39.859,13.037],[39.864,13.02],[39.861,13.004],[39.863,12.995],[39.861,12.97],[39.863,12.963],[39.874,12.943]]]}},{"type":"Feature","properties":{"name":"Yalo"},"geometry":{"type":"Polygon","coordinates":[[[39.818,12.325],[39.826,12.318],[39.865,12.314],[39.964,12.335],[39.992,12.339],[40.056,12.304],[40.093,12.313],[40.121,12.322],[40.132,12.321],[40.12,12.344],[40.102,12.367],[40.081,12.385],[40.072,12.411],[40.065,12.439],[40.078,12.466],[40.136,12.501],[40.156,12.519],[40.166,12.538],[40.174,12.581],[40.176,12.612],[40.181,12.639],[40.2,12.674],[40.191,12.71],[40.19,12.78],[40.183,12.805],[40.17,12.843],[40.138,12.828],[40.109,12.805],[40.063,12.775],[40.029,12.777],[39.989,12.777],[39.979,12.793],[39.964,12.783],[39.944,12.772],[39.928,12.768],[39.92,12.768],[39.9,12.763],[39.89,12.756],[39.871,12.735],[39.868,12.724],[39.84,12.714],[39.827,12.694],[39.821,12.66],[39.824,12.646],[39.833,12.635],[39.825,12.623],[39.82,12.619],[39.81,12.604],[39.808,12.597],[39.816,12.582],[39.828,12.573],[39.827,12.562],[39.834,12.551],[39.841,12.547],[39.853,12.548],[39.864,12.532],[39.865,12.524],[39.863,12.518],[39.864,12.507],[39.869,12.495],[39.882,12.485],[39.867,12.473],[39.872,12.47],[39.883,12.468],[39.883,12.458],[39.864,12.464],[39.848,12.45],[39.834,12.434],[39.822,12.416],[39.816,12.408],[39.822,12.396],[39.821,12.391],[39.824,12.385],[39.826,12.373],[39.83,12.366],[39.832,12.358],[39.818,12.343],[39.818,12.325]]]}},{"type":"Feature","properties":{"name":"Gulina"},"geometry":{"type":"Polygon","coordinates":[[[39.884,11.927],[39.922,11.947],[39.935,11.958],[39.965,11.976],[39.982,12.001],[39.995,12.024],[40.009,12.045],[40.026,12.062],[40.049,12.092],[40.063,12.106],[40.077,12.118],[40.096,12.122],[40.124,12.131],[40.131,12.153],[40.145,12.163],[40.158,12.182],[40.165,12.209],[40.177,12.225],[40.19,12.254],[40.199,12.288],[40.169,12.301],[40.132,12.321],[40.121,12.322],[40.093,12.313],[40.056,12.304],[39.992,12.339],[39.964,12.335],[39.865,12.314],[39.826,12.318],[39.825,12.292],[39.828,12.241],[39.808,12.24],[39.804,12.23],[39.804,12.212],[39.801,12.196],[39.808,12.171],[39.814,12.157],[39.82,12.124],[39.829,12.101],[39.863,12.089],[39.861,12.084],[39.844,12.066],[39.842,12.054],[39.855,12.03],[39.862,12.013],[39.868,11.996],[39.871,11.99],[39.877,11.975],[39.884,11.927]]]}},{"type":"Feature","properties":{"name":"Ewa"},"geometry":{"type":"Polygon","coordinates":[[[39.995,11.682],[40.016,11.718],[40.051,11.76],[40.092,11.792],[40.158,11.826],[40.235,11.841],[40.281,11.852],[40.302,11.854],[40.326,11.863],[40.322,11.889],[40.304,11.92],[40.278,11.947],[40.249,11.971],[40.234,11.988],[40.188,12.0],[40.172,12.017],[40.153,12.024],[40.138,12.045],[40.097,12.064],[40.088,12.089],[40.096,12.122],[40.077,12.118],[40.063,12.106],[40.049,12.092],[40.026,12.062],[40.009,12.045],[39.995,12.024],[39.982,12.001],[39.965,11.976],[39.935,11.958],[39.922,11.947],[39.884,11.927],[39.888,11.907],[39.881,11.891],[39.879,11.883],[39.879,11.859],[39.874,11.799],[39.876,11.78],[39.88,11.768],[39.886,11.763],[39.903,11.737],[39.912,11.719],[39.925,11.702],[39.951,11.683],[39.971,11.665],[39.995,11.682]]]}},{"type":"Feature","properties":{"name":"Chifra"},"geometry":{"type":"Polygon","coordinates":[[[40.103,11.318],[40.144,11.337],[40.279,11.394],[40.324,11.416],[40.355,11.427],[40.384,11.442],[40.402,11.454],[40.422,11.464],[40.442,11.485],[40.448,11.501],[40.457,11.517],[40.463,11.523],[40.475,11.536],[40.517,11.556],[40.541,11.571],[40.564,11.583],[40.586,11.59],[40.617,11.603],[40.662,11.588],[40.69,11.597],[40.71,11.605],[40.745,11.608],[40.741,11.64],[40.736,11.663],[40.726,11.687],[40.71,11.703],[40.697,11.733],[40.688,11.806],[40.693,11.848],[40.703,11.885],[40.702,11.907],[40.689,11.945],[40.657,11.927],[40.597,11.901],[40.51,11.882],[40.452,11.877],[40.387,11.868],[40.326,11.863],[40.302,11.854],[40.281,11.852],[40.235,11.841],[40.158,11.826],[40.092,11.792],[40.051,11.76],[40.016,11.718],[39.995,11.682],[40.016,11.646],[39.998,11.613],[39.993,11.598],[39.994,11.585],[40.007,11.559],[40.025,11.532],[40.056,11.489],[40.062,11.475],[40.068,11.444],[40.067,11.43],[40.071,11.374],[40.068,11.361],[40.066,11.339],[40.072,11.326],[40.08,11.323],[40.103,11.318]]]}},{"type":"Feature","properties":{"name":"Mile"},"geometry":{"type":"Polygon","coordinates":[[[41.269,10.959],[41.257,10.978],[41.251,11.012],[41.236,11.114],[41.234,11.168],[41.221,11.198],[41.206,11.214],[41.204,11.274],[41.193,11.308],[41.112,11.424],[41.09,11.445],[41.056,11.482],[41.034,11.522],[41.013,11.545],[40.997,11.573],[40.988,11.593],[40.973,11.609],[40.959,11.609],[40.952,11.598],[40.936,11.56],[40.93,11.541],[40.908,11.536],[40.879,11.536],[40.865,11.528],[40.838,11.52],[40.822,11.526],[40.804,11.561],[40.789,11.58],[40.765,11.593],[40.745,11.608],[40.71,11.605],[40.69,11.597],[40.662,11.588],[40.617,11.603],[40.586,11.59],[40.564,11.583],[40.541,11.571],[40.517,11.556],[40.475,11.536],[40.463,11.523],[40.486,11.511],[40.553,11.483],[40.625,11.458],[40.629,11.426],[40.624,11.402],[40.62,11.39],[40.591,11.356],[40.61,11.305],[40.644,11.229],[40.693,11.204],[40.704,11.141],[40.729,11.144],[40.752,11.163],[40.781,11.184],[40.809,11.199],[40.851,11.185],[40.908,11.161],[40.973,11.127],[41.011,11.091],[41.026,11.065],[41.032,11.034],[41.042,11.015],[41.068,11.002],[41.093,10.98],[41.118,10.933],[41.149,10.828],[41.167,10.781],[41.192,10.797],[41.208,10.821],[41.221,10.835],[41.233,10.865],[41.234,10.892],[41.242,10.922],[41.269,10.959]]]}},{"type":"Feature","properties":{"name":"Telalak"},"geometry":{"type":"Polygon","coordinates":[[[40.134,10.916],[40.177,10.927],[40.213,10.93],[40.251,10.936],[40.262,10.951],[40.268,10.957],[40.289,10.969],[40.302,10.969],[40.309,10.962],[40.311,10.954],[40.319,10.946],[40.343,10.947],[40.36,10.95],[40.402,10.963],[40.417,10.969],[40.43,10.967],[40.455,10.958],[40.469,10.969],[40.494,10.969],[40.522,10.964],[40.546,10.945],[40.606,10.918],[40.633,10.916],[40.647,10.924],[40.649,10.937],[40.646,10.967],[40.636,10.996],[40.617,11.034],[40.602,11.06],[40.569,11.095],[40.567,11.118],[40.547,11.15],[40.518,11.188],[40.443,11.217],[40.392,11.232],[40.351,11.241],[40.298,11.239],[40.253,11.247],[40.216,11.25],[40.174,11.241],[40.213,11.11],[40.195,11.097],[40.196,11.069],[40.194,11.049],[40.188,11.026],[40.17,11.002],[40.145,10.953],[40.125,10.939],[40.134,10.916]]]}},{"type":"Feature","properties":{"name":"Dalfagi"},"geometry":{"type":"Polygon","coordinates":[[[40.152,10.471],[40.187,10.482],[40.198,10.487],[40.207,10.495],[40.223,10.503],[40.266,10.503],[40.282,10.517],[40.318,10.544],[40.373,10.595],[40.394,10.603],[40.399,10.611],[40.384,10.629],[40.357,10.645],[40.344,10.652],[40.333,10.648],[40.322,10.656],[40.305,10.661],[40.291,10.656],[40.267,10.643],[40.247,10.641],[40.224,10.652],[40.214,10.66],[40.209,10.676],[40.199,10.687],[40.187,10.692],[40.177,10.7],[40.115,10.699],[40.122,10.657],[40.129,10.618],[40.152,10.471]]]}},{"type":"Feature","properties":{"name":"Dewe"},"geometry":{"type":"Polygon","coordinates":[[[40.15,10.897],[40.181,10.898],[40.179,10.885],[40.177,10.879],[40.171,10.874],[40.168,10.848],[40.169,10.843],[40.168,10.835],[40.165,10.829],[40.168,10.806],[40.141,10.783],[40.134,10.78],[40.123,10.769],[40.109,10.765],[40.103,10.756],[40.103,10.741],[40.11,10.725],[40.115,10.699],[40.177,10.7],[40.187,10.692],[40.199,10.687],[40.209,10.676],[40.214,10.66],[40.224,10.652],[40.247,10.641],[40.267,10.643],[40.291,10.656],[40.305,10.661],[40.322,10.656],[40.333,10.648],[40.344,10.652],[40.357,10.645],[40.384,10.629],[40.399,10.611],[40.419,10.613],[40.435,10.623],[40.455,10.631],[40.467,10.642],[40.465,10.671],[40.453,10.7],[40.44,10.724],[40.429,10.74],[40.424,10.757],[40.426,10.79],[40.422,10.835],[40.433,10.92],[40.441,10.944],[40.455,10.958],[40.43,10.967],[40.417,10.969],[40.402,10.963],[40.36,10.95],[40.343,10.947],[40.319,10.946],[40.311,10.954],[40.309,10.962],[40.302,10.969],[40.289,10.969],[40.268,10.957],[40.262,10.951],[40.251,10.936],[40.213,10.93],[40.177,10.927],[40.134,10.916],[40.15,10.897]]]}},{"type":"Feature","properties":{"name":"Simurobi Gele'alo"},"geometry":{"type":"Polygon","coordinates":[[[39.928,10.091],[39.938,10.063],[39.944,10.06],[39.942,10.044],[39.924,10.012],[39.948,9.994],[39.993,9.994],[40.011,9.992],[40.033,9.995],[40.044,9.992],[40.06,9.978],[40.067,9.967],[40.068,9.961],[40.081,9.949],[40.09,9.936],[40.079,9.906],[40.07,9.906],[40.064,9.903],[40.059,9.865],[40.072,9.858],[40.054,9.843],[40.036,9.844],[40.029,9.831],[40.018,9.821],[40.012,9.82],[40.005,9.796],[40.009,9.79],[40.009,9.783],[39.994,9.765],[39.992,9.758],[40.003,9.749],[40.007,9.742],[40.015,9.739],[40.01,9.734],[39.974,9.73],[39.982,9.721],[40.006,9.71],[40.033,9.714],[40.063,9.704],[40.08,9.696],[40.118,9.687],[40.137,9.69],[40.148,9.687],[40.166,9.698],[40.185,9.694],[40.199,9.684],[40.222,9.68],[40.244,9.686],[40.249,9.723],[40.24,9.741],[40.233,9.768],[40.228,9.79],[40.226,9.822],[40.237,9.861],[40.26,9.89],[40.28,9.904],[40.292,9.919],[40.321,9.946],[40.36,10.01],[40.364,10.037],[40.365,10.065],[40.343,10.061],[40.323,10.076],[40.308,10.085],[40.287,10.092],[40.267,10.096],[40.228,10.107],[40.201,10.106],[40.188,10.107],[40.161,10.128],[40.154,10.136],[40.138,10.146],[40.159,10.091],[40.133,10.072],[40.108,10.072],[40.07,10.08],[40.025,10.075],[39.994,10.078],[39.99,10.089],[39.981,10.089],[39.97,10.086],[39.949,10.085],[39.928,10.091]]]}},{"type":"Feature","properties":{"name":"Hadelela"},"geometry":{"type":"Polygon","coordinates":[[[40.138,10.146],[40.154,10.136],[40.161,10.128],[40.188,10.107],[40.201,10.106],[40.228,10.107],[40.267,10.096],[40.287,10.092],[40.308,10.085],[40.323,10.076],[40.343,10.061],[40.365,10.065],[40.365,10.089],[40.362,10.11],[40.363,10.128],[40.366,10.143],[40.372,10.159],[40.372,10.177],[40.378,10.189],[40.385,10.207],[40.402,10.242],[40.408,10.262],[40.405,10.289],[40.4,10.31],[40.393,10.362],[40.394,10.372],[40.378,10.42],[40.382,10.476],[40.38,10.492],[40.386,10.509],[40.415,10.561],[40.439,10.587],[40.454,10.618],[40.455,10.631],[40.435,10.623],[40.419,10.613],[40.399,10.611],[40.394,10.603],[40.373,10.595],[40.318,10.544],[40.282,10.517],[40.266,10.503],[40.223,10.503],[40.207,10.495],[40.198,10.487],[40.187,10.482],[40.152,10.471],[40.154,10.44],[40.162,10.436],[40.165,10.413],[40.164,10.376],[40.16,10.357],[40.161,10.302],[40.158,10.286],[40.148,10.278],[40.156,10.258],[40.151,10.234],[40.13,10.174],[40.138,10.146]]]}},{"type":"Feature","properties":{"name":"Dera"},"geometry":{"type":"Polygon","coordinates":[[[38.73,10.387],[38.713,10.388],[38.698,10.38],[38.683,10.38],[38.677,10.378],[38.672,10.375],[38.665,10.374],[38.657,10.375],[38.631,10.383],[38.625,10.379],[38.606,10.376],[38.593,10.375],[38.579,10.378],[38.567,10.375],[38.561,10.377],[38.542,10.371],[38.535,10.367],[38.525,10.369],[38.516,10.368],[38.504,10.364],[38.491,10.365],[38.484,10.366],[38.478,10.364],[38.477,10.357],[38.48,10.352],[38.482,10.345],[38.476,10.332],[38.476,10.323],[38.475,10.316],[38.469,10.312],[38.467,10.306],[38.473,10.293],[38.461,10.291],[38.459,10.283],[38.462,10.277],[38.464,10.269],[38.456,10.262],[38.457,10.255],[38.455,10.248],[38.449,10.241],[38.432,10.233],[38.425,10.224],[38.42,10.221],[38.42,10.214],[38.431,10.194],[38.422,10.182],[38.427,10.179],[38.427,10.173],[38.407,10.161],[38.403,10.156],[38.402,10.15],[38.398,10.145],[38.376,10.141],[38.367,10.141],[38.359,10.145],[38.373,10.117],[38.38,10.1],[38.39,10.086],[38.408,10.077],[38.435,10.045],[38.454,10.048],[38.463,10.042],[38.467,10.047],[38.496,10.051],[38.526,10.047],[38.557,10.05],[38.621,10.076],[38.651,10.08],[38.668,10.078],[38.68,10.074],[38.697,10.052],[38.702,10.05],[38.706,10.054],[38.722,10.052],[38.735,10.057],[38.742,10.062],[38.752,10.064],[38.759,10.069],[38.766,10.072],[38.778,10.084],[38.793,10.09],[38.8,10.091],[38.806,10.094],[38.812,10.095],[38.824,10.111],[38.83,10.111],[38.84,10.115],[38.843,10.111],[38.853,10.119],[38.849,10.125],[38.848,10.14],[38.845,10.145],[38.84,10.15],[38.835,10.163],[38.835,10.18],[38.839,10.199],[38.835,10.205],[38.834,10.213],[38.836,10.227],[38.845,10.239],[38.848,10.245],[38.845,10.252],[38.845,10.257],[38.862,10.279],[38.86,10.287],[38.857,10.296],[38.854,10.335],[38.846,10.356],[38.847,10.362],[38.816,10.365],[38.807,10.37],[38.792,10.367],[38.773,10.367],[38.762,10.377],[38.747,10.385],[38.73,10.387]]]}},{"type":"Feature","properties":{"name":"Ibantu"},"geometry":{"type":"Polygon","coordinates":[[[36.269,10.089],[36.294,10.075],[36.301,10.047],[36.308,10.036],[36.32,9.996],[36.321,9.942],[36.341,9.924],[36.381,9.919],[36.411,9.924],[36.444,9.915],[36.469,9.906],[36.491,9.91],[36.532,9.953],[36.552,9.975],[36.57,9.991],[36.574,10.021],[36.575,10.054],[36.553,10.127],[36.542,10.152],[36.534,10.183],[36.544,10.238],[36.539,10.264],[36.523,10.251],[36.516,10.241],[36.492,10.235],[36.446,10.247],[36.417,10.218],[36.396,10.188],[36.37,10.163],[36.333,10.139],[36.273,10.114],[36.269,10.089]]]}},{"type":"Feature","properties":{"name":"Wara Jarso"},"geometry":{"type":"Polygon","coordinates":[[[37.933,9.937],[37.937,9.932],[37.936,9.927],[37.94,9.916],[37.98,9.876],[38.002,9.858],[38.025,9.846],[38.041,9.832],[38.051,9.809],[38.054,9.798],[38.09,9.807],[38.185,9.824],[38.236,9.835],[38.261,9.846],[38.292,9.872],[38.318,9.879],[38.361,9.858],[38.396,9.862],[38.411,9.86],[38.426,9.863],[38.436,9.869],[38.436,9.889],[38.44,9.916],[38.445,9.934],[38.44,9.965],[38.44,9.991],[38.452,10.018],[38.459,10.029],[38.463,10.042],[38.454,10.048],[38.435,10.045],[38.408,10.077],[38.39,10.086],[38.38,10.1],[38.373,10.117],[38.359,10.145],[38.358,10.152],[38.355,10.156],[38.349,10.16],[38.341,10.157],[38.334,10.152],[38.327,10.134],[38.325,10.124],[38.327,10.115],[38.323,10.108],[38.309,10.109],[38.303,10.104],[38.301,10.096],[38.296,10.09],[38.287,10.089],[38.282,10.092],[38.273,10.093],[38.259,10.089],[38.253,10.089],[38.252,10.097],[38.249,10.103],[38.241,10.104],[38.223,10.093],[38.217,10.087],[38.205,10.083],[38.185,10.068],[38.177,10.064],[38.171,10.059],[38.171,10.052],[38.168,10.047],[38.161,10.045],[38.151,10.036],[38.146,10.038],[38.143,10.044],[38.138,10.048],[38.132,10.048],[38.126,10.044],[38.119,10.03],[38.118,10.025],[38.119,10.019],[38.114,10.017],[38.102,10.023],[38.095,10.021],[38.088,10.021],[38.081,10.016],[38.084,10.008],[38.082,10.003],[38.071,10.002],[38.065,9.999],[38.061,9.983],[38.049,9.982],[38.044,9.971],[38.035,9.968],[38.026,9.969],[38.017,9.968],[38.009,9.965],[38.003,9.961],[38.0,9.955],[37.994,9.95],[37.979,9.95],[37.965,9.944],[37.958,9.94],[37.953,9.939],[37.94,9.945],[37.934,9.942],[37.933,9.937]]]}},{"type":"Feature","properties":{"name":"Hidabu Abote"},"geometry":{"type":"Polygon","coordinates":[[[38.697,10.052],[38.68,10.074],[38.668,10.078],[38.651,10.08],[38.621,10.076],[38.557,10.05],[38.526,10.047],[38.496,10.051],[38.467,10.047],[38.463,10.042],[38.459,10.029],[38.452,10.018],[38.44,9.991],[38.44,9.965],[38.445,9.934],[38.44,9.916],[38.436,9.889],[38.436,9.869],[38.467,9.838],[38.477,9.832],[38.49,9.827],[38.502,9.826],[38.516,9.827],[38.551,9.835],[38.557,9.868],[38.573,9.894],[38.616,9.958],[38.633,9.976],[38.664,9.997],[38.687,10.009],[38.682,10.014],[38.675,10.016],[38.67,10.02],[38.662,10.035],[38.661,10.046],[38.658,10.052],[38.664,10.058],[38.69,10.051],[38.697,10.052]]]}},{"type":"Feature","properties":{"name":"Limu"},"geometry":{"type":"Polygon","coordinates":[[[36.508,9.42],[36.542,9.44],[36.534,9.457],[36.53,9.485],[36.536,9.513],[36.555,9.535],[36.559,9.561],[36.569,9.598],[36.559,9.666],[36.562,9.68],[36.545,9.69],[36.541,9.704],[36.541,9.709],[36.538,9.718],[36.534,9.724],[36.528,9.728],[36.523,9.732],[36.518,9.741],[36.52,9.766],[36.514,9.767],[36.509,9.77],[36.514,9.776],[36.513,9.783],[36.508,9.789],[36.528,9.795],[36.527,9.81],[36.532,9.821],[36.533,9.828],[36.54,9.832],[36.546,9.85],[36.552,9.854],[36.552,9.864],[36.545,9.863],[36.538,9.865],[36.528,9.87],[36.523,9.878],[36.515,9.883],[36.518,9.892],[36.523,9.895],[36.522,9.904],[36.527,9.911],[36.524,9.919],[36.519,9.922],[36.519,9.929],[36.532,9.935],[36.534,9.94],[36.535,9.947],[36.532,9.953],[36.491,9.91],[36.469,9.906],[36.444,9.915],[36.411,9.924],[36.381,9.919],[36.341,9.924],[36.321,9.942],[36.324,9.929],[36.337,9.891],[36.337,9.847],[36.363,9.835],[36.365,9.824],[36.349,9.797],[36.342,9.772],[36.344,9.72],[36.352,9.701],[36.351,9.681],[36.367,9.656],[36.397,9.628],[36.388,9.614],[36.363,9.62],[36.352,9.609],[36.345,9.588],[36.327,9.575],[36.306,9.568],[36.302,9.557],[36.315,9.542],[36.337,9.513],[36.356,9.496],[36.381,9.481],[36.401,9.512],[36.462,9.529],[36.495,9.51],[36.499,9.474],[36.516,9.445],[36.508,9.42]]]}},{"type":"Feature","properties":{"name":"Guduru"},"geometry":{"type":"Polygon","coordinates":[[[37.62,9.589],[37.602,9.589],[37.594,9.587],[37.562,9.596],[37.544,9.598],[37.531,9.607],[37.51,9.625],[37.49,9.63],[37.482,9.638],[37.46,9.638],[37.451,9.641],[37.433,9.64],[37.431,9.615],[37.424,9.58],[37.41,9.56],[37.392,9.548],[37.372,9.545],[37.353,9.553],[37.327,9.569],[37.309,9.567],[37.284,9.552],[37.287,9.546],[37.28,9.534],[37.265,9.52],[37.247,9.507],[37.224,9.493],[37.208,9.468],[37.2,9.444],[37.195,9.435],[37.187,9.426],[37.157,9.362],[37.161,9.34],[37.22,9.289],[37.246,9.261],[37.251,9.253],[37.254,9.248],[37.288,9.285],[37.308,9.303],[37.355,9.324],[37.379,9.328],[37.404,9.32],[37.423,9.31],[37.475,9.297],[37.482,9.303],[37.517,9.323],[37.543,9.327],[37.577,9.329],[37.6,9.335],[37.646,9.366],[37.65,9.371],[37.66,9.384],[37.661,9.394],[37.655,9.418],[37.646,9.441],[37.644,9.469],[37.644,9.475],[37.64,9.489],[37.629,9.525],[37.621,9.563],[37.619,9.582],[37.62,9.589]]]}},{"type":"Feature","properties":{"name":"Degem"},"geometry":{"type":"Polygon","coordinates":[[[38.687,10.009],[38.664,9.997],[38.633,9.976],[38.616,9.958],[38.573,9.894],[38.557,9.868],[38.551,9.835],[38.55,9.807],[38.545,9.785],[38.536,9.761],[38.526,9.74],[38.527,9.711],[38.522,9.668],[38.483,9.61],[38.478,9.589],[38.506,9.575],[38.522,9.565],[38.53,9.555],[38.537,9.561],[38.563,9.608],[38.595,9.658],[38.611,9.685],[38.628,9.709],[38.678,9.754],[38.702,9.782],[38.716,9.801],[38.72,9.823],[38.718,9.852],[38.729,9.877],[38.735,9.904],[38.744,9.92],[38.748,9.953],[38.752,9.977],[38.759,9.982],[38.753,9.986],[38.741,9.988],[38.734,9.994],[38.726,9.992],[38.719,9.997],[38.711,9.999],[38.695,10.009],[38.687,10.009]]]}},{"type":"Feature","properties":{"name":"Abay Chomen"},"geometry":{"type":"Polygon","coordinates":[[[37.433,9.64],[37.428,9.672],[37.43,9.723],[37.426,9.803],[37.42,9.841],[37.419,9.87],[37.415,9.897],[37.397,9.933],[37.372,9.973],[37.361,9.989],[37.349,10.0],[37.342,9.956],[37.348,9.903],[37.337,9.885],[37.321,9.868],[37.307,9.862],[37.308,9.831],[37.28,9.795],[37.262,9.776],[37.245,9.752],[37.23,9.72],[37.206,9.69],[37.211,9.668],[37.245,9.639],[37.237,9.62],[37.222,9.596],[37.226,9.57],[37.237,9.542],[37.252,9.531],[37.284,9.552],[37.309,9.567],[37.327,9.569],[37.353,9.553],[37.372,9.545],[37.392,9.548],[37.41,9.56],[37.424,9.58],[37.431,9.615],[37.433,9.64]]]}},{"type":"Feature","properties":{"name":"Gerar Jarso"},"geometry":{"type":"Polygon","coordinates":[[[38.759,9.982],[38.752,9.977],[38.748,9.953],[38.744,9.92],[38.735,9.904],[38.729,9.877],[38.718,9.852],[38.72,9.823],[38.716,9.801],[38.702,9.782],[38.678,9.754],[38.628,9.709],[38.611,9.685],[38.617,9.68],[38.626,9.681],[38.666,9.673],[38.72,9.649],[38.739,9.649],[38.756,9.657],[38.763,9.66],[38.787,9.677],[38.802,9.685],[38.84,9.701],[38.85,9.707],[38.871,9.724],[38.873,9.731],[38.867,9.735],[38.859,9.746],[38.841,9.758],[38.83,9.77],[38.822,9.785],[38.819,9.804],[38.815,9.807],[38.809,9.821],[38.809,9.836],[38.806,9.855],[38.804,9.863],[38.794,9.877],[38.792,9.884],[38.797,9.89],[38.803,9.91],[38.802,9.923],[38.799,9.929],[38.797,9.935],[38.798,9.942],[38.802,9.947],[38.804,9.955],[38.801,9.963],[38.798,9.969],[38.79,9.973],[38.786,9.979],[38.78,9.983],[38.772,9.979],[38.766,9.982],[38.759,9.982]]]}},{"type":"Feature","properties":{"name":"Ginde Beret"},"geometry":{"type":"Polygon","coordinates":[[[37.675,9.863],[37.672,9.855],[37.663,9.848],[37.649,9.827],[37.647,9.782],[37.651,9.76],[37.64,9.731],[37.628,9.712],[37.622,9.69],[37.626,9.646],[37.625,9.623],[37.62,9.589],[37.619,9.582],[37.621,9.563],[37.629,9.525],[37.64,9.489],[37.644,9.475],[37.644,9.469],[37.664,9.465],[37.675,9.467],[37.689,9.462],[37.708,9.46],[37.718,9.455],[37.736,9.454],[37.782,9.465],[37.81,9.46],[37.842,9.46],[37.87,9.457],[37.873,9.48],[37.877,9.49],[37.883,9.522],[37.892,9.529],[37.897,9.539],[37.903,9.545],[37.914,9.547],[37.927,9.551],[37.946,9.56],[37.96,9.573],[37.965,9.59],[37.964,9.615],[37.952,9.63],[37.952,9.644],[37.948,9.648],[37.934,9.656],[37.911,9.664],[37.893,9.674],[37.875,9.689],[37.87,9.703],[37.87,9.725],[37.876,9.735],[37.884,9.758],[37.892,9.772],[37.891,9.795],[37.882,9.814],[37.869,9.827],[37.861,9.833],[37.854,9.845],[37.845,9.851],[37.845,9.858],[37.839,9.862],[37.833,9.873],[37.824,9.875],[37.817,9.868],[37.808,9.866],[37.801,9.863],[37.775,9.857],[37.77,9.852],[37.762,9.853],[37.755,9.858],[37.749,9.857],[37.749,9.848],[37.744,9.842],[37.737,9.842],[37.732,9.846],[37.725,9.846],[37.718,9.844],[37.711,9.844],[37.701,9.838],[37.695,9.844],[37.686,9.858],[37.681,9.863],[37.675,9.863]]]}},{"type":"Feature","properties":{"name":"Kuyu"},"geometry":{"type":"Polygon","coordinates":[[[38.054,9.798],[38.062,9.764],[38.064,9.745],[38.094,9.689],[38.105,9.666],[38.116,9.647],[38.127,9.635],[38.139,9.637],[38.189,9.675],[38.214,9.681],[38.252,9.678],[38.311,9.665],[38.351,9.636],[38.363,9.621],[38.388,9.607],[38.401,9.607],[38.421,9.606],[38.451,9.602],[38.478,9.589],[38.483,9.61],[38.522,9.668],[38.527,9.711],[38.526,9.74],[38.536,9.761],[38.545,9.785],[38.55,9.807],[38.551,9.835],[38.516,9.827],[38.502,9.826],[38.49,9.827],[38.477,9.832],[38.467,9.838],[38.436,9.869],[38.426,9.863],[38.411,9.86],[38.396,9.862],[38.361,9.858],[38.318,9.879],[38.292,9.872],[38.261,9.846],[38.236,9.835],[38.185,9.824],[38.09,9.807],[38.054,9.798]]]}},{"type":"Feature","properties":{"name":"Horo"},"geometry":{"type":"Polygon","coordinates":[[[37.307,9.862],[37.294,9.859],[37.276,9.85],[37.256,9.837],[37.234,9.818],[37.215,9.804],[37.178,9.786],[37.153,9.777],[37.125,9.765],[37.101,9.765],[37.071,9.774],[37.048,9.763],[37.037,9.741],[37.03,9.717],[37.02,9.705],[37.004,9.702],[36.986,9.707],[36.985,9.683],[36.991,9.653],[36.987,9.631],[36.985,9.604],[37.001,9.564],[37.016,9.538],[37.033,9.522],[37.044,9.514],[37.06,9.526],[37.072,9.543],[37.084,9.547],[37.095,9.546],[37.112,9.553],[37.164,9.559],[37.171,9.549],[37.174,9.535],[37.181,9.52],[37.181,9.505],[37.19,9.504],[37.203,9.517],[37.221,9.521],[37.233,9.516],[37.246,9.522],[37.248,9.527],[37.252,9.531],[37.237,9.542],[37.226,9.57],[37.222,9.596],[37.237,9.62],[37.245,9.639],[37.211,9.668],[37.206,9.69],[37.23,9.72],[37.245,9.752],[37.262,9.776],[37.28,9.795],[37.308,9.831],[37.307,9.862]]]}},{"type":"Feature","properties":{"name":"Abe Dongoro"},"geometry":{"type":"Polygon","coordinates":[[[36.986,9.707],[36.968,9.715],[36.964,9.732],[36.957,9.751],[36.943,9.769],[36.924,9.784],[36.917,9.796],[36.909,9.792],[36.866,9.761],[36.799,9.745],[36.785,9.73],[36.775,9.706],[36.744,9.678],[36.687,9.668],[36.673,9.639],[36.668,9.611],[36.667,9.583],[36.658,9.553],[36.657,9.535],[36.652,9.528],[36.659,9.519],[36.665,9.521],[36.674,9.52],[36.689,9.512],[36.703,9.501],[36.725,9.49],[36.771,9.496],[36.795,9.492],[36.815,9.483],[36.838,9.478],[36.862,9.482],[36.881,9.488],[36.897,9.473],[36.902,9.449],[36.913,9.432],[36.94,9.429],[36.96,9.438],[36.996,9.45],[37.013,9.451],[37.019,9.448],[37.027,9.438],[37.051,9.42],[37.054,9.435],[37.067,9.467],[37.072,9.489],[37.057,9.506],[37.044,9.514],[37.033,9.522],[37.016,9.538],[37.001,9.564],[36.985,9.604],[36.987,9.631],[36.991,9.653],[36.985,9.683],[36.986,9.707]]]}},{"type":"Feature","properties":{"name":"Wuchale"},"geometry":{"type":"Polygon","coordinates":[[[38.998,9.749],[38.991,9.747],[38.982,9.753],[38.975,9.762],[38.969,9.757],[38.965,9.75],[38.953,9.74],[38.954,9.734],[38.96,9.719],[38.961,9.712],[38.955,9.702],[38.937,9.684],[38.923,9.641],[38.869,9.616],[38.836,9.603],[38.796,9.596],[38.764,9.579],[38.768,9.561],[38.757,9.543],[38.746,9.53],[38.743,9.52],[38.735,9.485],[38.745,9.48],[38.787,9.451],[38.816,9.449],[38.851,9.458],[38.881,9.468],[38.938,9.47],[38.974,9.473],[39.01,9.482],[39.023,9.491],[39.029,9.516],[39.023,9.562],[39.023,9.573],[39.027,9.582],[39.035,9.586],[39.045,9.585],[39.055,9.583],[39.06,9.578],[39.069,9.586],[39.07,9.597],[39.056,9.607],[39.045,9.609],[39.047,9.616],[39.054,9.624],[39.061,9.628],[39.06,9.636],[39.068,9.642],[39.073,9.644],[39.077,9.655],[39.075,9.673],[39.078,9.679],[39.068,9.693],[39.058,9.694],[39.035,9.699],[39.016,9.711],[39.012,9.721],[39.012,9.73],[39.007,9.734],[39.005,9.741],[38.998,9.749]]]}},{"type":"Feature","properties":{"name":"Yaya Gulele"},"geometry":{"type":"Polygon","coordinates":[[[38.53,9.555],[38.539,9.542],[38.55,9.517],[38.569,9.504],[38.586,9.495],[38.604,9.483],[38.606,9.476],[38.644,9.491],[38.665,9.496],[38.691,9.499],[38.721,9.491],[38.735,9.485],[38.743,9.52],[38.746,9.53],[38.757,9.543],[38.768,9.561],[38.764,9.579],[38.756,9.601],[38.754,9.619],[38.757,9.637],[38.756,9.657],[38.739,9.649],[38.72,9.649],[38.666,9.673],[38.626,9.681],[38.617,9.68],[38.611,9.685],[38.595,9.658],[38.563,9.608],[38.537,9.561],[38.53,9.555]]]}},{"type":"Feature","properties":{"name":"Jarso"},"geometry":{"type":"Polygon","coordinates":[[[42.341,9.721],[42.329,9.714],[42.319,9.707],[42.287,9.677],[42.273,9.668],[42.26,9.653],[42.259,9.645],[42.263,9.63],[42.269,9.573],[42.268,9.552],[42.256,9.539],[42.25,9.517],[42.232,9.507],[42.222,9.494],[42.237,9.41],[42.239,9.386],[42.254,9.385],[42.262,9.375],[42.311,9.409],[42.33,9.412],[42.344,9.411],[42.367,9.447],[42.377,9.457],[42.385,9.47],[42.395,9.476],[42.416,9.481],[42.442,9.492],[42.474,9.494],[42.447,9.524],[42.408,9.571],[42.4,9.571],[42.387,9.567],[42.385,9.572],[42.396,9.631],[42.385,9.693],[42.377,9.715],[42.357,9.719],[42.347,9.722],[42.341,9.721]]]}},{"type":"Feature","properties":{"name":"Meta Robi"},"geometry":{"type":"Polygon","coordinates":[[[38.139,9.637],[38.139,9.628],[38.135,9.607],[38.136,9.54],[38.126,9.514],[38.123,9.495],[38.114,9.487],[38.12,9.48],[38.121,9.456],[38.124,9.43],[38.143,9.384],[38.145,9.363],[38.132,9.338],[38.126,9.315],[38.142,9.303],[38.162,9.303],[38.175,9.292],[38.181,9.267],[38.201,9.263],[38.217,9.266],[38.233,9.252],[38.243,9.233],[38.256,9.219],[38.289,9.227],[38.31,9.221],[38.32,9.224],[38.331,9.23],[38.346,9.225],[38.363,9.228],[38.371,9.239],[38.355,9.264],[38.337,9.299],[38.325,9.33],[38.316,9.363],[38.31,9.399],[38.307,9.436],[38.308,9.5],[38.307,9.525],[38.308,9.548],[38.332,9.568],[38.352,9.577],[38.372,9.584],[38.388,9.592],[38.401,9.607],[38.388,9.607],[38.363,9.621],[38.351,9.636],[38.311,9.665],[38.252,9.678],[38.214,9.681],[38.189,9.675],[38.139,9.637]]]}},{"type":"Feature","properties":{"name":"Begi"},"geometry":{"type":"Polygon","coordinates":[[[34.394,9.117],[34.425,9.123],[34.458,9.126],[34.48,9.131],[34.496,9.142],[34.507,9.148],[34.53,9.147],[34.542,9.136],[34.558,9.12],[34.572,9.117],[34.587,9.129],[34.594,9.154],[34.617,9.164],[34.653,9.161],[34.695,9.188],[34.705,9.187],[34.686,9.25],[34.605,9.286],[34.591,9.33],[34.62,9.374],[34.62,9.396],[34.613,9.433],[34.598,9.469],[34.679,9.52],[34.687,9.565],[34.633,9.589],[34.586,9.631],[34.549,9.631],[34.533,9.592],[34.524,9.542],[34.499,9.515],[34.514,9.449],[34.453,9.45],[34.467,9.367],[34.452,9.31],[34.453,9.259],[34.44,9.217],[34.402,9.188],[34.342,9.17],[34.394,9.117]]]}},{"type":"Feature","properties":{"name":"Kombolcha"},"geometry":{"type":"Polygon","coordinates":[[[42.076,9.475],[42.074,9.466],[42.083,9.446],[42.091,9.416],[42.095,9.39],[42.098,9.383],[42.11,9.365],[42.115,9.374],[42.13,9.39],[42.148,9.389],[42.169,9.364],[42.188,9.363],[42.223,9.38],[42.239,9.386],[42.237,9.41],[42.222,9.494],[42.232,9.507],[42.25,9.517],[42.256,9.539],[42.268,9.552],[42.269,9.573],[42.263,9.63],[42.259,9.645],[42.26,9.653],[42.242,9.658],[42.221,9.657],[42.201,9.654],[42.181,9.645],[42.143,9.621],[42.126,9.616],[42.129,9.599],[42.134,9.583],[42.147,9.572],[42.154,9.557],[42.14,9.536],[42.111,9.509],[42.097,9.502],[42.082,9.489],[42.076,9.475]]]}},{"type":"Feature","properties":{"name":"Adda Berga"},"geometry":{"type":"Polygon","coordinates":[[[38.478,9.589],[38.451,9.602],[38.421,9.606],[38.401,9.607],[38.388,9.592],[38.372,9.584],[38.352,9.577],[38.332,9.568],[38.308,9.548],[38.307,9.525],[38.308,9.5],[38.307,9.436],[38.31,9.399],[38.316,9.363],[38.325,9.33],[38.337,9.299],[38.355,9.264],[38.371,9.239],[38.378,9.235],[38.395,9.239],[38.412,9.239],[38.421,9.218],[38.423,9.206],[38.436,9.197],[38.46,9.201],[38.469,9.214],[38.474,9.228],[38.485,9.236],[38.517,9.249],[38.516,9.266],[38.524,9.284],[38.535,9.303],[38.55,9.337],[38.551,9.362],[38.556,9.388],[38.564,9.417],[38.578,9.432],[38.601,9.447],[38.61,9.464],[38.606,9.476],[38.604,9.483],[38.586,9.495],[38.569,9.504],[38.55,9.517],[38.539,9.542],[38.53,9.555],[38.522,9.565],[38.506,9.575],[38.478,9.589]]]}},{"type":"Feature","properties":{"name":"Babo"},"geometry":{"type":"Polygon","coordinates":[[[35.199,9.552],[35.19,9.567],[35.173,9.582],[35.156,9.588],[35.15,9.587],[35.133,9.585],[35.108,9.573],[35.084,9.565],[35.055,9.559],[35.033,9.546],[35.021,9.534],[34.991,9.524],[34.973,9.516],[34.953,9.495],[34.939,9.472],[34.931,9.467],[34.938,9.452],[34.943,9.432],[34.946,9.411],[34.934,9.389],[34.921,9.372],[34.916,9.369],[34.927,9.347],[34.925,9.338],[34.939,9.329],[34.966,9.325],[34.984,9.314],[34.999,9.299],[35.017,9.293],[35.038,9.29],[35.056,9.28],[35.087,9.253],[35.109,9.265],[35.119,9.286],[35.122,9.297],[35.142,9.296],[35.163,9.291],[35.182,9.278],[35.198,9.262],[35.205,9.262],[35.205,9.341],[35.21,9.412],[35.21,9.464],[35.199,9.503],[35.199,9.552]]]}},{"type":"Feature","properties":{"name":"Bila Seyo"},"geometry":{"type":"Polygon","coordinates":[[[36.652,9.528],[36.649,9.524],[36.659,9.511],[36.666,9.497],[36.683,9.477],[36.699,9.453],[36.709,9.422],[36.709,9.403],[36.728,9.373],[36.73,9.366],[36.754,9.376],[36.77,9.377],[36.79,9.369],[36.809,9.351],[36.819,9.336],[36.83,9.329],[36.847,9.326],[36.871,9.326],[36.901,9.315],[36.906,9.32],[36.91,9.331],[36.913,9.336],[36.928,9.338],[36.941,9.336],[36.969,9.336],[36.961,9.323],[36.963,9.31],[36.962,9.305],[36.965,9.299],[36.969,9.273],[36.968,9.265],[36.962,9.258],[36.965,9.252],[36.962,9.248],[36.969,9.234],[36.976,9.231],[36.98,9.226],[36.986,9.224],[36.991,9.228],[37.006,9.228],[37.01,9.224],[37.018,9.226],[37.025,9.223],[37.032,9.214],[37.037,9.213],[37.047,9.214],[37.047,9.208],[37.054,9.202],[37.067,9.187],[37.088,9.199],[37.115,9.21],[37.156,9.237],[37.153,9.244],[37.15,9.249],[37.132,9.266],[37.114,9.29],[37.089,9.318],[37.075,9.34],[37.071,9.358],[37.054,9.388],[37.049,9.41],[37.051,9.42],[37.027,9.438],[37.019,9.448],[37.013,9.451],[36.996,9.45],[36.96,9.438],[36.94,9.429],[36.913,9.432],[36.902,9.449],[36.897,9.473],[36.881,9.488],[36.862,9.482],[36.838,9.478],[36.815,9.483],[36.795,9.492],[36.771,9.496],[36.725,9.49],[36.703,9.501],[36.689,9.512],[36.674,9.52],[36.665,9.521],[36.659,9.519],[36.652,9.528]]]}},{"type":"Feature","properties":{"name":"Meta"},"geometry":{"type":"Polygon","coordinates":[[[41.492,9.458],[41.501,9.433],[41.503,9.41],[41.51,9.385],[41.517,9.308],[41.518,9.253],[41.533,9.189],[41.535,9.164],[41.531,9.136],[41.58,9.133],[41.588,9.155],[41.608,9.197],[41.629,9.233],[41.641,9.267],[41.665,9.313],[41.686,9.349],[41.707,9.378],[41.716,9.403],[41.727,9.41],[41.735,9.421],[41.73,9.434],[41.723,9.469],[41.703,9.468],[41.671,9.472],[41.655,9.482],[41.643,9.516],[41.634,9.514],[41.599,9.512],[41.565,9.508],[41.542,9.501],[41.523,9.486],[41.492,9.458]]]}},{"type":"Feature","properties":{"name":"Haro Maya"},"geometry":{"type":"Polygon","coordinates":[[[41.909,9.475],[41.917,9.455],[41.923,9.446],[41.929,9.433],[41.929,9.42],[41.923,9.405],[41.92,9.386],[41.924,9.372],[41.915,9.356],[41.89,9.345],[41.879,9.327],[41.901,9.283],[41.916,9.261],[41.94,9.241],[41.962,9.208],[41.981,9.15],[41.979,9.138],[42.006,9.121],[42.012,9.151],[42.024,9.178],[42.038,9.191],[42.049,9.205],[42.062,9.227],[42.06,9.25],[42.061,9.267],[42.071,9.305],[42.086,9.33],[42.11,9.365],[42.098,9.383],[42.095,9.39],[42.091,9.416],[42.083,9.446],[42.074,9.466],[42.076,9.475],[42.069,9.476],[42.053,9.493],[42.045,9.499],[42.033,9.505],[42.02,9.509],[41.996,9.507],[41.983,9.509],[41.94,9.481],[41.914,9.473],[41.909,9.475]]]}},{"type":"Feature","properties":{"name":"Sasiga"},"geometry":{"type":"Polygon","coordinates":[[[36.227,9.273],[36.293,9.279],[36.32,9.269],[36.331,9.243],[36.323,9.207],[36.305,9.184],[36.289,9.174],[36.268,9.172],[36.251,9.16],[36.254,9.134],[36.255,9.105],[36.26,9.082],[36.284,9.078],[36.309,9.07],[36.336,9.065],[36.371,9.069],[36.433,9.08],[36.461,9.075],[36.471,9.088],[36.496,9.112],[36.513,9.134],[36.533,9.153],[36.549,9.182],[36.549,9.23],[36.559,9.252],[36.546,9.267],[36.524,9.289],[36.501,9.321],[36.485,9.369],[36.462,9.358],[36.376,9.359],[36.35,9.346],[36.335,9.341],[36.327,9.332],[36.32,9.307],[36.296,9.303],[36.29,9.323],[36.276,9.345],[36.271,9.329],[36.254,9.303],[36.219,9.298],[36.216,9.316],[36.215,9.333],[36.235,9.348],[36.207,9.356],[36.195,9.327],[36.196,9.29],[36.227,9.273]]]}},{"type":"Feature","properties":{"name":"Goro Gutu"},"geometry":{"type":"Polygon","coordinates":[[[41.46,9.468],[41.434,9.477],[41.394,9.487],[41.36,9.491],[41.337,9.496],[41.31,9.504],[41.281,9.503],[41.268,9.5],[41.253,9.501],[41.24,9.5],[41.221,9.492],[41.212,9.482],[41.218,9.478],[41.234,9.403],[41.26,9.35],[41.267,9.327],[41.267,9.321],[41.28,9.323],[41.289,9.335],[41.299,9.343],[41.332,9.361],[41.341,9.364],[41.372,9.367],[41.414,9.374],[41.423,9.378],[41.44,9.388],[41.446,9.39],[41.467,9.38],[41.473,9.379],[41.488,9.38],[41.51,9.385],[41.503,9.41],[41.501,9.433],[41.492,9.458],[41.46,9.468]]]}},{"type":"Feature","properties":{"name":"Guto Gida"},"geometry":{"type":"Polygon","coordinates":[[[36.485,9.369],[36.501,9.321],[36.524,9.289],[36.546,9.267],[36.559,9.252],[36.549,9.23],[36.549,9.182],[36.533,9.153],[36.513,9.134],[36.496,9.112],[36.471,9.088],[36.461,9.075],[36.472,9.056],[36.509,9.032],[36.531,9.007],[36.548,8.975],[36.552,8.97],[36.557,8.986],[36.566,8.996],[36.57,9.004],[36.575,9.024],[36.571,9.036],[36.583,9.046],[36.59,9.061],[36.587,9.087],[36.589,9.12],[36.596,9.133],[36.61,9.145],[36.626,9.151],[36.661,9.154],[36.684,9.173],[36.694,9.172],[36.706,9.168],[36.72,9.169],[36.735,9.168],[36.75,9.163],[36.734,9.177],[36.712,9.19],[36.697,9.204],[36.687,9.224],[36.682,9.243],[36.668,9.257],[36.643,9.272],[36.619,9.284],[36.602,9.3],[36.608,9.315],[36.627,9.321],[36.651,9.316],[36.676,9.307],[36.698,9.311],[36.722,9.333],[36.732,9.353],[36.73,9.366],[36.728,9.373],[36.709,9.403],[36.709,9.422],[36.699,9.453],[36.683,9.477],[36.666,9.497],[36.659,9.511],[36.649,9.524],[36.625,9.512],[36.611,9.498],[36.59,9.494],[36.575,9.477],[36.563,9.454],[36.555,9.443],[36.542,9.44],[36.508,9.42],[36.484,9.406],[36.476,9.396],[36.485,9.369]]]}},{"type":"Feature","properties":{"name":"Gursum"},"geometry":{"type":"Polygon","coordinates":[[[42.538,9.374],[42.499,9.456],[42.474,9.494],[42.442,9.492],[42.416,9.481],[42.395,9.476],[42.385,9.47],[42.377,9.457],[42.367,9.447],[42.344,9.411],[42.33,9.412],[42.311,9.409],[42.262,9.375],[42.271,9.363],[42.284,9.357],[42.309,9.356],[42.319,9.346],[42.324,9.329],[42.331,9.289],[42.341,9.272],[42.353,9.283],[42.368,9.281],[42.374,9.248],[42.388,9.229],[42.403,9.218],[42.425,9.209],[42.451,9.205],[42.474,9.203],[42.494,9.203],[42.51,9.201],[42.506,9.187],[42.491,9.165],[42.495,9.158],[42.54,9.122],[42.572,9.112],[42.6,9.107],[42.61,9.119],[42.627,9.133],[42.636,9.145],[42.636,9.16],[42.615,9.175],[42.596,9.195],[42.585,9.216],[42.581,9.239],[42.572,9.259],[42.562,9.271],[42.552,9.288],[42.548,9.306],[42.557,9.322],[42.553,9.346],[42.538,9.374]]]}},{"type":"Feature","properties":{"name":"Kersa"},"geometry":{"type":"Polygon","coordinates":[[[41.723,9.469],[41.73,9.434],[41.735,9.421],[41.727,9.41],[41.716,9.403],[41.707,9.378],[41.686,9.349],[41.665,9.313],[41.692,9.304],[41.711,9.294],[41.736,9.295],[41.756,9.292],[41.768,9.286],[41.778,9.287],[41.791,9.307],[41.807,9.317],[41.825,9.312],[41.838,9.294],[41.852,9.294],[41.86,9.308],[41.871,9.322],[41.879,9.327],[41.89,9.345],[41.915,9.356],[41.924,9.372],[41.92,9.386],[41.923,9.405],[41.929,9.42],[41.929,9.433],[41.923,9.446],[41.917,9.455],[41.909,9.475],[41.861,9.489],[41.84,9.479],[41.816,9.478],[41.793,9.491],[41.774,9.492],[41.755,9.486],[41.736,9.472],[41.723,9.469]]]}},{"type":"Feature","properties":{"name":"Jeldu"},"geometry":{"type":"Polygon","coordinates":[[[37.736,9.454],[37.73,9.433],[37.735,9.409],[37.745,9.374],[37.75,9.348],[37.753,9.313],[37.766,9.287],[37.793,9.277],[37.875,9.288],[37.917,9.273],[37.945,9.256],[37.974,9.234],[37.994,9.206],[38.009,9.191],[38.051,9.178],[38.095,9.135],[38.119,9.128],[38.147,9.15],[38.178,9.149],[38.204,9.142],[38.26,9.155],[38.271,9.152],[38.259,9.173],[38.282,9.184],[38.255,9.191],[38.253,9.197],[38.256,9.219],[38.243,9.233],[38.233,9.252],[38.217,9.266],[38.201,9.263],[38.181,9.267],[38.175,9.292],[38.162,9.303],[38.142,9.303],[38.126,9.315],[38.132,9.338],[38.145,9.363],[38.143,9.384],[38.124,9.43],[38.121,9.456],[38.12,9.48],[38.114,9.487],[38.102,9.476],[38.039,9.483],[38.005,9.477],[37.947,9.438],[37.915,9.445],[37.881,9.456],[37.87,9.457],[37.842,9.46],[37.81,9.46],[37.782,9.465],[37.736,9.454]]]}},{"type":"Feature","properties":{"name":"Doba"},"geometry":{"type":"Polygon","coordinates":[[[40.977,9.353],[40.979,9.34],[40.974,9.328],[40.975,9.308],[40.971,9.282],[40.966,9.263],[40.945,9.241],[40.91,9.217],[40.94,9.197],[40.964,9.158],[40.979,9.14],[40.99,9.132],[40.996,9.138],[41.016,9.147],[41.042,9.171],[41.052,9.173],[41.075,9.17],[41.088,9.172],[41.095,9.182],[41.095,9.194],[41.092,9.207],[41.093,9.217],[41.097,9.23],[41.111,9.247],[41.12,9.244],[41.13,9.243],[41.136,9.252],[41.138,9.265],[41.149,9.273],[41.18,9.278],[41.196,9.282],[41.218,9.294],[41.241,9.312],[41.267,9.327],[41.26,9.35],[41.234,9.403],[41.218,9.478],[41.212,9.482],[41.196,9.463],[41.171,9.442],[41.146,9.426],[41.084,9.405],[41.057,9.392],[41.031,9.373],[41.015,9.358],[40.977,9.353]]]}},{"type":"Feature","properties":{"name":"Mieso"},"geometry":{"type":"Polygon","coordinates":[[[40.694,9.445],[40.676,9.419],[40.66,9.405],[40.637,9.397],[40.607,9.392],[40.529,9.386],[40.5,9.376],[40.472,9.356],[40.427,9.305],[40.409,9.282],[40.37,9.219],[40.328,9.156],[40.301,9.129],[40.255,9.087],[40.246,9.076],[40.245,9.057],[40.247,9.036],[40.243,9.014],[40.239,8.998],[40.223,8.989],[40.188,8.975],[40.175,8.968],[40.171,8.966],[40.163,8.95],[40.186,8.937],[40.194,8.923],[40.201,8.906],[40.214,8.886],[40.23,8.868],[40.237,8.846],[40.251,8.832],[40.271,8.831],[40.294,8.818],[40.313,8.824],[40.339,8.858],[40.351,8.889],[40.354,8.898],[40.369,8.919],[40.39,8.939],[40.408,8.967],[40.425,8.984],[40.449,8.988],[40.474,8.988],[40.495,8.994],[40.523,9.016],[40.539,9.03],[40.551,9.035],[40.57,9.04],[40.586,9.05],[40.601,9.063],[40.611,9.06],[40.648,9.08],[40.663,9.094],[40.68,9.103],[40.697,9.107],[40.721,9.104],[40.735,9.121],[40.753,9.135],[40.769,9.12],[40.779,9.1],[40.798,9.11],[40.807,9.13],[40.819,9.145],[40.837,9.155],[40.858,9.164],[40.872,9.178],[40.888,9.199],[40.91,9.217],[40.945,9.241],[40.966,9.263],[40.971,9.282],[40.975,9.308],[40.974,9.328],[40.979,9.34],[40.977,9.353],[40.972,9.353],[40.954,9.337],[40.928,9.324],[40.904,9.319],[40.875,9.31],[40.845,9.306],[40.826,9.306],[40.813,9.312],[40.809,9.328],[40.801,9.346],[40.794,9.368],[40.79,9.388],[40.799,9.397],[40.829,9.394],[40.859,9.386],[40.892,9.391],[40.915,9.398],[40.928,9.406],[40.918,9.423],[40.891,9.45],[40.863,9.464],[40.843,9.465],[40.817,9.454],[40.784,9.449],[40.72,9.445],[40.699,9.449],[40.694,9.445]]]}},{"type":"Feature","properties":{"name":"Deder"},"geometry":{"type":"Polygon","coordinates":[[[41.51,9.385],[41.488,9.38],[41.473,9.379],[41.467,9.38],[41.446,9.39],[41.44,9.388],[41.423,9.378],[41.414,9.374],[41.372,9.367],[41.341,9.364],[41.332,9.361],[41.299,9.343],[41.289,9.335],[41.28,9.323],[41.267,9.321],[41.268,9.309],[41.278,9.286],[41.292,9.269],[41.299,9.25],[41.286,9.232],[41.302,9.221],[41.328,9.22],[41.353,9.197],[41.389,9.182],[41.405,9.169],[41.439,9.131],[41.456,9.12],[41.472,9.117],[41.49,9.111],[41.505,9.099],[41.532,9.091],[41.531,9.101],[41.53,9.123],[41.531,9.136],[41.535,9.164],[41.533,9.189],[41.518,9.253],[41.517,9.308],[41.51,9.385]]]}},{"type":"Feature","properties":{"name":"Cheliya"},"geometry":{"type":"Polygon","coordinates":[[[37.589,9.044],[37.582,9.053],[37.563,9.071],[37.535,9.082],[37.509,9.096],[37.487,9.11],[37.478,9.127],[37.461,9.151],[37.455,9.17],[37.442,9.182],[37.439,9.193],[37.448,9.211],[37.458,9.239],[37.458,9.255],[37.451,9.276],[37.402,9.231],[37.358,9.187],[37.338,9.171],[37.314,9.158],[37.262,9.163],[37.252,9.135],[37.253,9.12],[37.282,9.094],[37.284,9.078],[37.274,9.051],[37.258,9.024],[37.24,9.006],[37.222,8.979],[37.212,8.958],[37.195,8.945],[37.177,8.934],[37.164,8.917],[37.178,8.909],[37.185,8.895],[37.188,8.884],[37.188,8.873],[37.202,8.867],[37.21,8.857],[37.206,8.839],[37.219,8.809],[37.226,8.813],[37.238,8.827],[37.249,8.843],[37.264,8.851],[37.283,8.877],[37.307,8.888],[37.331,8.894],[37.361,8.911],[37.387,8.919],[37.401,8.909],[37.409,8.9],[37.438,8.876],[37.448,8.876],[37.457,8.874],[37.473,8.873],[37.476,8.896],[37.481,8.899],[37.497,8.897],[37.512,8.882],[37.526,8.884],[37.535,8.905],[37.542,8.932],[37.541,8.953],[37.542,8.971],[37.545,8.979],[37.56,9.004],[37.575,9.036],[37.589,9.044]]]}},{"type":"Feature","properties":{"name":"Gawo Kebe"},"geometry":{"type":"Polygon","coordinates":[[[34.916,9.369],[34.903,9.358],[34.89,9.33],[34.887,9.326],[34.874,9.301],[34.851,9.244],[34.827,9.228],[34.8,9.218],[34.774,9.204],[34.756,9.191],[34.759,9.17],[34.758,9.152],[34.76,9.132],[34.767,9.108],[34.769,9.091],[34.776,9.066],[34.789,9.041],[34.806,9.02],[34.823,8.992],[34.83,8.967],[34.828,8.941],[34.823,8.918],[34.815,8.893],[34.801,8.873],[34.786,8.857],[34.8,8.844],[34.813,8.838],[34.831,8.835],[34.857,8.838],[34.914,8.851],[34.94,8.854],[34.947,8.886],[34.986,8.934],[34.986,8.967],[34.95,9.018],[34.974,9.036],[35.027,9.021],[35.06,9.042],[35.06,9.089],[35.075,9.132],[35.125,9.189],[35.122,9.201],[35.119,9.212],[35.103,9.223],[35.091,9.235],[35.087,9.253],[35.056,9.28],[35.038,9.29],[35.017,9.293],[34.999,9.299],[34.984,9.314],[34.966,9.325],[34.939,9.329],[34.925,9.338],[34.927,9.347],[34.916,9.369]]]}},{"type":"Feature","properties":{"name":"Babile"},"geometry":{"type":"Polygon","coordinates":[[[42.675,9.03],[42.663,9.05],[42.645,9.074],[42.62,9.09],[42.6,9.107],[42.572,9.112],[42.54,9.122],[42.495,9.158],[42.491,9.165],[42.506,9.187],[42.51,9.201],[42.494,9.203],[42.474,9.203],[42.451,9.205],[42.425,9.209],[42.403,9.218],[42.388,9.229],[42.374,9.248],[42.368,9.281],[42.353,9.283],[42.341,9.272],[42.331,9.289],[42.324,9.329],[42.319,9.346],[42.309,9.356],[42.284,9.357],[42.271,9.363],[42.259,9.335],[42.266,9.322],[42.267,9.311],[42.251,9.287],[42.25,9.271],[42.257,9.254],[42.263,9.245],[42.27,9.231],[42.273,9.217],[42.266,9.199],[42.26,9.193],[42.254,9.191],[42.262,9.163],[42.263,9.131],[42.268,9.099],[42.282,9.029],[42.285,8.987],[42.293,8.946],[42.304,8.901],[42.304,8.865],[42.299,8.822],[42.288,8.778],[42.268,8.711],[42.258,8.682],[42.241,8.641],[42.264,8.637],[42.276,8.616],[42.296,8.587],[42.308,8.561],[42.324,8.538],[42.503,8.493],[42.521,8.48],[42.531,8.456],[42.535,8.43],[42.54,8.398],[42.551,8.352],[42.568,8.257],[42.579,8.23],[42.617,8.161],[42.632,8.142],[42.652,8.131],[42.662,8.131],[42.679,8.148],[42.703,8.181],[42.712,8.208],[42.72,8.247],[42.736,8.295],[42.755,8.338],[42.769,8.364],[42.78,8.374],[42.799,8.371],[42.859,8.393],[42.885,8.4],[42.9,8.41],[42.898,8.459],[42.912,8.5],[42.913,8.523],[42.909,8.55],[42.906,8.583],[42.9,8.604],[42.861,8.637],[42.839,8.665],[42.833,8.696],[42.838,8.729],[42.845,8.759],[42.858,8.786],[42.866,8.805],[42.866,8.826],[42.85,8.845],[42.806,8.871],[42.762,8.919],[42.732,8.949],[42.704,8.982],[42.681,9.016],[42.675,9.03]]]}},{"type":"Feature","properties":{"name":"Ambo Zuria"},"geometry":{"type":"Polygon","coordinates":[[[37.65,9.371],[37.676,9.355],[37.675,9.349],[37.68,9.335],[37.696,9.311],[37.711,9.284],[37.713,9.264],[37.722,9.245],[37.727,9.214],[37.724,9.159],[37.683,9.087],[37.698,9.081],[37.703,9.072],[37.714,9.069],[37.729,9.044],[37.742,9.036],[37.76,9.022],[37.768,8.998],[37.78,8.984],[37.79,8.952],[37.787,8.936],[37.794,8.92],[37.819,8.9],[37.814,8.884],[37.827,8.855],[37.827,8.842],[37.835,8.835],[37.839,8.799],[37.839,8.789],[37.868,8.793],[37.892,8.804],[37.916,8.789],[37.926,8.835],[37.939,8.843],[37.949,8.837],[37.956,8.827],[37.967,8.819],[37.983,8.819],[37.998,8.832],[38.0,8.844],[37.998,8.856],[38.002,8.864],[38.013,8.873],[38.02,8.883],[38.015,8.893],[38.006,8.902],[37.992,8.924],[37.983,8.944],[37.984,8.965],[37.991,8.981],[38.005,8.994],[38.028,9.011],[38.033,9.017],[38.04,9.029],[38.041,9.039],[38.033,9.048],[38.021,9.05],[38.008,9.042],[37.993,9.03],[37.98,9.024],[37.969,9.025],[37.96,9.033],[37.959,9.044],[37.96,9.069],[37.956,9.082],[37.951,9.091],[37.95,9.098],[37.937,9.113],[37.922,9.12],[37.888,9.128],[37.854,9.139],[37.836,9.149],[37.823,9.159],[37.813,9.173],[37.807,9.191],[37.798,9.228],[37.791,9.247],[37.789,9.256],[37.793,9.277],[37.766,9.287],[37.753,9.313],[37.75,9.348],[37.745,9.374],[37.735,9.409],[37.73,9.433],[37.736,9.454],[37.718,9.455],[37.708,9.46],[37.689,9.462],[37.675,9.467],[37.664,9.465],[37.644,9.469],[37.646,9.441],[37.655,9.418],[37.661,9.394],[37.66,9.384],[37.65,9.371]]]}},{"type":"Feature","properties":{"name":"Jimma Rare"},"geometry":{"type":"Polygon","coordinates":[[[37.251,9.253],[37.246,9.243],[37.228,9.222],[37.218,9.214],[37.233,9.191],[37.248,9.172],[37.262,9.163],[37.314,9.158],[37.338,9.171],[37.358,9.187],[37.402,9.231],[37.451,9.276],[37.475,9.297],[37.423,9.31],[37.404,9.32],[37.379,9.328],[37.355,9.324],[37.308,9.303],[37.288,9.285],[37.254,9.248],[37.251,9.253]]]}},{"type":"Feature","properties":{"name":"Kurfa Chele"},"geometry":{"type":"Polygon","coordinates":[[[41.879,9.327],[41.871,9.322],[41.86,9.308],[41.852,9.294],[41.838,9.294],[41.825,9.312],[41.807,9.317],[41.791,9.307],[41.778,9.287],[41.768,9.286],[41.756,9.292],[41.753,9.271],[41.741,9.259],[41.739,9.254],[41.743,9.237],[41.751,9.239],[41.777,9.236],[41.799,9.229],[41.814,9.215],[41.828,9.195],[41.846,9.187],[41.858,9.204],[41.89,9.199],[41.917,9.188],[41.936,9.173],[41.949,9.151],[41.964,9.139],[41.978,9.133],[41.979,9.138],[41.981,9.15],[41.962,9.208],[41.94,9.241],[41.916,9.261],[41.901,9.283],[41.879,9.327]]]}},{"type":"Feature","properties":{"name":"Tulo"},"geometry":{"type":"Polygon","coordinates":[[[41.267,9.327],[41.241,9.312],[41.218,9.294],[41.196,9.282],[41.18,9.278],[41.149,9.273],[41.138,9.265],[41.136,9.252],[41.13,9.243],[41.12,9.244],[41.111,9.247],[41.097,9.23],[41.093,9.217],[41.092,9.207],[41.095,9.194],[41.095,9.182],[41.088,9.172],[41.075,9.17],[41.052,9.173],[41.042,9.171],[41.016,9.147],[40.996,9.138],[40.99,9.132],[41.009,9.118],[41.022,9.101],[41.024,9.075],[41.034,9.054],[41.056,9.05],[41.089,9.037],[41.094,9.064],[41.109,9.088],[41.127,9.109],[41.15,9.128],[41.171,9.141],[41.204,9.155],[41.251,9.166],[41.247,9.181],[41.271,9.214],[41.286,9.232],[41.299,9.25],[41.292,9.269],[41.278,9.286],[41.268,9.309],[41.267,9.321],[41.267,9.327]]]}},{"type":"Feature","properties":{"name":"Bedeno"},"geometry":{"type":"Polygon","coordinates":[[[41.531,9.136],[41.53,9.123],[41.531,9.101],[41.532,9.091],[41.534,9.08],[41.534,9.061],[41.531,9.039],[41.517,8.996],[41.468,8.922],[41.457,8.898],[41.49,8.898],[41.519,8.893],[41.546,8.884],[41.572,8.874],[41.594,8.86],[41.614,8.825],[41.625,8.811],[41.643,8.808],[41.691,8.832],[41.707,8.842],[41.728,8.864],[41.735,8.864],[41.734,8.88],[41.736,8.904],[41.732,8.929],[41.724,8.955],[41.721,8.989],[41.731,9.016],[41.726,9.042],[41.717,9.075],[41.716,9.09],[41.719,9.143],[41.717,9.172],[41.724,9.21],[41.73,9.231],[41.743,9.237],[41.739,9.254],[41.741,9.259],[41.753,9.271],[41.756,9.292],[41.736,9.295],[41.711,9.294],[41.692,9.304],[41.665,9.313],[41.641,9.267],[41.629,9.233],[41.608,9.197],[41.588,9.155],[41.58,9.133],[41.531,9.136]]]}},{"type":"Feature","properties":{"name":"Dendi"},"geometry":{"type":"Polygon","coordinates":[[[38.119,9.128],[38.11,9.115],[38.099,9.11],[38.083,9.108],[38.019,9.108],[37.985,9.106],[37.958,9.109],[37.937,9.113],[37.95,9.098],[37.951,9.091],[37.956,9.082],[37.96,9.069],[37.959,9.044],[37.96,9.033],[37.969,9.025],[37.98,9.024],[37.993,9.03],[38.008,9.042],[38.021,9.05],[38.033,9.048],[38.041,9.039],[38.04,9.029],[38.033,9.017],[38.028,9.011],[38.005,8.994],[37.991,8.981],[37.984,8.965],[37.983,8.944],[37.992,8.924],[38.006,8.902],[38.015,8.893],[38.02,8.883],[38.013,8.873],[38.002,8.864],[37.998,8.856],[38.0,8.844],[37.998,8.832],[37.983,8.819],[37.967,8.819],[37.956,8.827],[37.949,8.837],[37.939,8.843],[37.926,8.835],[37.916,8.789],[37.937,8.769],[37.955,8.758],[37.973,8.745],[37.979,8.726],[37.993,8.719],[38.01,8.721],[38.016,8.716],[38.024,8.721],[38.019,8.727],[38.033,8.742],[38.05,8.752],[38.069,8.754],[38.088,8.749],[38.113,8.746],[38.132,8.752],[38.148,8.765],[38.142,8.809],[38.131,8.833],[38.095,8.855],[38.096,8.877],[38.124,8.89],[38.15,8.895],[38.173,8.896],[38.192,8.905],[38.212,8.919],[38.219,8.92],[38.239,8.918],[38.264,8.937],[38.281,8.947],[38.305,8.967],[38.323,8.993],[38.336,9.017],[38.336,9.043],[38.343,9.071],[38.335,9.088],[38.276,9.15],[38.271,9.152],[38.26,9.155],[38.204,9.142],[38.178,9.149],[38.147,9.15],[38.119,9.128]]]}},{"type":"Feature","properties":{"name":"Ejere (Addis Alem)"},"geometry":{"type":"Polygon","coordinates":[[[38.256,9.219],[38.253,9.197],[38.255,9.191],[38.282,9.184],[38.259,9.173],[38.271,9.152],[38.276,9.15],[38.335,9.088],[38.343,9.071],[38.336,9.043],[38.336,9.017],[38.323,8.993],[38.305,8.967],[38.281,8.947],[38.264,8.937],[38.269,8.933],[38.278,8.93],[38.318,8.9],[38.344,8.893],[38.365,8.883],[38.408,8.847],[38.417,8.85],[38.425,8.857],[38.434,8.878],[38.422,8.89],[38.402,8.908],[38.397,8.921],[38.408,8.947],[38.432,8.982],[38.451,9.002],[38.46,9.023],[38.464,9.043],[38.473,9.067],[38.467,9.099],[38.453,9.115],[38.438,9.129],[38.438,9.149],[38.439,9.171],[38.436,9.197],[38.423,9.206],[38.421,9.218],[38.412,9.239],[38.395,9.239],[38.378,9.235],[38.371,9.239],[38.363,9.228],[38.346,9.225],[38.331,9.23],[38.32,9.224],[38.31,9.221],[38.289,9.227],[38.256,9.219]]]}},{"type":"Feature","properties":{"name":"Girawa"},"geometry":{"type":"Polygon","coordinates":[[[41.979,9.138],[41.978,9.133],[41.964,9.139],[41.949,9.151],[41.936,9.173],[41.917,9.188],[41.89,9.199],[41.858,9.204],[41.846,9.187],[41.828,9.195],[41.814,9.215],[41.799,9.229],[41.777,9.236],[41.751,9.239],[41.743,9.237],[41.73,9.231],[41.724,9.21],[41.717,9.172],[41.719,9.143],[41.716,9.09],[41.717,9.075],[41.726,9.042],[41.731,9.016],[41.721,8.989],[41.724,8.955],[41.732,8.929],[41.736,8.904],[41.734,8.88],[41.735,8.864],[41.745,8.864],[41.754,8.843],[41.755,8.818],[41.764,8.802],[41.788,8.804],[41.81,8.813],[41.826,8.823],[41.848,8.821],[41.863,8.806],[41.868,8.783],[41.87,8.726],[41.881,8.708],[41.904,8.714],[41.91,8.741],[41.919,8.761],[41.933,8.765],[41.95,8.759],[41.996,8.715],[42.01,8.706],[42.025,8.694],[42.019,8.73],[42.019,8.765],[42.014,8.8],[42.012,8.838],[42.014,8.889],[42.015,8.912],[42.012,8.983],[42.014,9.018],[42.012,9.049],[42.007,9.086],[42.006,9.121],[41.979,9.138]]]}},{"type":"Feature","properties":{"name":"Bako Tibe"},"geometry":{"type":"Polygon","coordinates":[[[37.067,9.187],[37.051,9.166],[37.031,9.12],[37.028,9.097],[37.033,9.078],[37.028,9.036],[37.035,9.016],[37.088,8.974],[37.126,8.954],[37.137,8.945],[37.145,8.929],[37.164,8.917],[37.177,8.934],[37.195,8.945],[37.212,8.958],[37.222,8.979],[37.24,9.006],[37.258,9.024],[37.274,9.051],[37.284,9.078],[37.282,9.094],[37.253,9.12],[37.252,9.135],[37.262,9.163],[37.248,9.172],[37.233,9.191],[37.218,9.214],[37.176,9.237],[37.156,9.237],[37.115,9.21],[37.088,9.199],[37.067,9.187]]]}},{"type":"Feature","properties":{"name":"Malka Balo"},"geometry":{"type":"Polygon","coordinates":[[[41.286,9.232],[41.271,9.214],[41.247,9.181],[41.251,9.166],[41.254,9.157],[41.279,9.134],[41.299,9.114],[41.313,9.091],[41.313,9.066],[41.309,9.04],[41.307,9.009],[41.3,8.982],[41.291,8.962],[41.275,8.936],[41.252,8.894],[41.222,8.855],[41.179,8.766],[41.175,8.746],[41.18,8.724],[41.186,8.718],[41.195,8.71],[41.221,8.692],[41.242,8.672],[41.256,8.656],[41.265,8.635],[41.267,8.608],[41.267,8.571],[41.27,8.551],[41.275,8.533],[41.276,8.514],[41.273,8.507],[41.279,8.505],[41.3,8.528],[41.32,8.581],[41.338,8.605],[41.354,8.63],[41.366,8.661],[41.374,8.723],[41.381,8.758],[41.392,8.792],[41.406,8.822],[41.423,8.849],[41.457,8.898],[41.468,8.922],[41.517,8.996],[41.531,9.039],[41.534,9.061],[41.534,9.08],[41.532,9.091],[41.505,9.099],[41.49,9.111],[41.472,9.117],[41.456,9.12],[41.439,9.131],[41.405,9.169],[41.389,9.182],[41.353,9.197],[41.328,9.22],[41.302,9.221],[41.286,9.232]]]}},{"type":"Feature","properties":{"name":"Ginir"},"geometry":{"type":"Polygon","coordinates":[[[41.073,6.696],[41.076,6.715],[41.077,6.742],[41.076,6.774],[41.05,6.782],[41.04,6.805],[41.021,6.837],[41.007,6.869],[41.003,6.899],[41.002,6.928],[40.986,6.954],[40.956,7.065],[40.944,7.094],[40.924,7.133],[40.916,7.158],[40.922,7.167],[40.911,7.174],[40.882,7.183],[40.84,7.201],[40.815,7.198],[40.811,7.222],[40.776,7.239],[40.768,7.264],[40.768,7.292],[40.773,7.335],[40.787,7.357],[40.784,7.387],[40.792,7.412],[40.78,7.416],[40.714,7.402],[40.681,7.403],[40.639,7.394],[40.574,7.326],[40.549,7.317],[40.515,7.292],[40.504,7.269],[40.477,7.266],[40.468,7.293],[40.446,7.306],[40.423,7.324],[40.394,7.317],[40.378,7.299],[40.367,7.275],[40.348,7.27],[40.321,7.276],[40.293,7.282],[40.281,7.263],[40.289,7.243],[40.308,7.218],[40.322,7.202],[40.327,7.188],[40.328,7.182],[40.346,7.166],[40.378,7.123],[40.383,7.12],[40.397,7.112],[40.418,7.104],[40.445,7.097],[40.464,7.098],[40.465,7.117],[40.488,7.118],[40.508,7.099],[40.538,7.096],[40.563,7.095],[40.574,7.083],[40.589,7.072],[40.597,7.055],[40.609,7.033],[40.63,7.007],[40.646,6.991],[40.668,6.979],[40.689,6.963],[40.704,6.948],[40.709,6.943],[40.73,6.944],[40.75,6.954],[40.77,6.955],[40.782,6.937],[40.791,6.919],[40.814,6.911],[40.843,6.897],[40.861,6.856],[40.886,6.85],[40.909,6.852],[40.934,6.848],[40.96,6.811],[40.967,6.787],[40.969,6.761],[40.98,6.735],[40.995,6.719],[41.028,6.71],[41.035,6.707],[41.054,6.691],[41.072,6.689],[41.073,6.696]]]}},{"type":"Feature","properties":{"name":"Adaba"},"geometry":{"type":"Polygon","coordinates":[[[39.683,7.172],[39.671,7.169],[39.648,7.169],[39.643,7.19],[39.644,7.246],[39.633,7.283],[39.608,7.32],[39.59,7.334],[39.562,7.338],[39.548,7.354],[39.543,7.379],[39.542,7.388],[39.523,7.403],[39.513,7.387],[39.5,7.353],[39.494,7.323],[39.492,7.31],[39.483,7.282],[39.47,7.264],[39.453,7.229],[39.439,7.204],[39.44,7.181],[39.403,7.163],[39.395,7.154],[39.39,7.15],[39.383,7.133],[39.367,7.122],[39.338,7.12],[39.321,7.111],[39.33,7.084],[39.338,7.069],[39.353,7.031],[39.326,6.993],[39.36,6.968],[39.359,6.943],[39.363,6.917],[39.359,6.863],[39.362,6.839],[39.358,6.817],[39.364,6.793],[39.368,6.749],[39.386,6.736],[39.388,6.722],[39.386,6.708],[39.405,6.705],[39.427,6.718],[39.454,6.73],[39.475,6.728],[39.492,6.723],[39.5,6.71],[39.505,6.686],[39.511,6.689],[39.517,6.67],[39.533,6.66],[39.579,6.703],[39.6,6.718],[39.626,6.73],[39.637,6.744],[39.628,6.776],[39.638,6.793],[39.66,6.808],[39.726,6.842],[39.751,6.863],[39.772,6.886],[39.759,6.916],[39.747,6.93],[39.732,6.954],[39.731,6.978],[39.697,6.998],[39.685,7.014],[39.656,7.058],[39.645,7.077],[39.637,7.084],[39.62,7.094],[39.612,7.112],[39.627,7.129],[39.67,7.15],[39.684,7.166],[39.683,7.172]]]}},{"type":"Feature","properties":{"name":"Shashemene Zuria"},"geometry":{"type":"Polygon","coordinates":[[[38.815,7.16],[38.79,7.167],[38.773,7.174],[38.756,7.187],[38.735,7.206],[38.705,7.246],[38.669,7.271],[38.656,7.284],[38.63,7.317],[38.618,7.336],[38.605,7.363],[38.599,7.367],[38.594,7.361],[38.549,7.345],[38.512,7.323],[38.505,7.298],[38.488,7.281],[38.463,7.268],[38.435,7.259],[38.408,7.244],[38.41,7.225],[38.436,7.182],[38.446,7.162],[38.439,7.139],[38.443,7.128],[38.461,7.119],[38.465,7.101],[38.481,7.092],[38.506,7.089],[38.529,7.092],[38.547,7.092],[38.567,7.114],[38.584,7.128],[38.612,7.125],[38.631,7.112],[38.647,7.097],[38.688,7.096],[38.721,7.116],[38.743,7.112],[38.762,7.106],[38.776,7.104],[38.794,7.124],[38.799,7.137],[38.815,7.141],[38.815,7.16]]]}},{"type":"Feature","properties":{"name":"Kofele"},"geometry":{"type":"Polygon","coordinates":[[[38.647,7.097],[38.638,7.067],[38.654,7.063],[38.669,7.061],[38.682,7.05],[38.685,7.035],[38.679,7.03],[38.675,7.018],[38.678,7.007],[38.69,7.002],[38.698,7.015],[38.711,7.014],[38.715,6.993],[38.712,6.975],[38.701,6.97],[38.696,6.959],[38.702,6.946],[38.705,6.932],[38.701,6.905],[38.706,6.887],[38.715,6.862],[38.732,6.873],[38.754,6.912],[38.771,6.927],[38.801,6.937],[38.922,6.954],[38.933,6.955],[38.967,6.97],[39.01,7.014],[39.029,7.023],[39.021,7.034],[39.017,7.046],[38.99,7.08],[38.98,7.105],[38.969,7.092],[38.959,7.087],[38.952,7.085],[38.943,7.089],[38.933,7.077],[38.932,7.071],[38.928,7.066],[38.933,7.059],[38.922,7.061],[38.908,7.073],[38.896,7.077],[38.895,7.084],[38.896,7.091],[38.889,7.093],[38.885,7.102],[38.885,7.108],[38.877,7.11],[38.873,7.107],[38.869,7.094],[38.864,7.095],[38.863,7.112],[38.848,7.119],[38.849,7.127],[38.845,7.135],[38.845,7.143],[38.847,7.15],[38.838,7.155],[38.83,7.157],[38.824,7.155],[38.815,7.16],[38.815,7.141],[38.799,7.137],[38.794,7.124],[38.776,7.104],[38.762,7.106],[38.743,7.112],[38.721,7.116],[38.688,7.096],[38.647,7.097]]]}},{"type":"Feature","properties":{"name":"Gedeb Asasa"},"geometry":{"type":"Polygon","coordinates":[[[39.395,7.154],[39.368,7.193],[39.335,7.228],[39.317,7.249],[39.293,7.266],[39.269,7.279],[39.239,7.286],[39.207,7.286],[39.197,7.304],[39.193,7.331],[39.171,7.342],[39.151,7.348],[39.14,7.339],[39.098,7.311],[39.071,7.303],[39.037,7.288],[39.018,7.27],[39.007,7.253],[39.018,7.242],[39.043,7.25],[39.06,7.25],[39.055,7.236],[39.039,7.219],[39.021,7.206],[38.998,7.199],[38.974,7.199],[38.957,7.188],[38.959,7.171],[38.974,7.162],[38.975,7.146],[38.98,7.125],[38.98,7.105],[38.99,7.08],[39.017,7.046],[39.021,7.034],[39.029,7.023],[39.037,7.027],[39.076,7.029],[39.106,7.028],[39.137,7.031],[39.167,7.044],[39.2,7.052],[39.224,7.054],[39.251,7.067],[39.266,7.086],[39.284,7.095],[39.312,7.103],[39.321,7.111],[39.338,7.12],[39.367,7.122],[39.383,7.133],[39.39,7.15],[39.395,7.154]]]}},{"type":"Feature","properties":{"name":"Sinana"},"geometry":{"type":"Polygon","coordinates":[[[40.328,7.182],[40.32,7.179],[40.288,7.193],[40.268,7.2],[40.247,7.203],[40.22,7.21],[40.189,7.212],[40.157,7.22],[40.122,7.263],[40.1,7.293],[40.09,7.296],[40.063,7.284],[40.03,7.282],[40.0,7.286],[39.969,7.265],[39.962,7.231],[39.952,7.207],[39.933,7.19],[39.917,7.182],[39.918,7.167],[39.921,7.155],[39.932,7.156],[39.936,7.145],[39.936,7.14],[39.932,7.135],[39.927,7.135],[39.923,7.13],[39.929,7.126],[39.921,7.121],[39.922,7.115],[39.918,7.108],[39.91,7.103],[39.904,7.103],[39.9,7.096],[39.89,7.093],[39.875,7.079],[39.866,7.076],[39.856,7.064],[39.847,7.057],[39.861,7.052],[39.874,7.042],[39.878,7.037],[39.887,7.037],[39.898,7.03],[39.908,7.049],[39.931,7.055],[39.966,7.07],[40.002,7.043],[40.018,7.053],[40.043,7.042],[40.062,7.048],[40.083,7.08],[40.092,7.084],[40.11,7.084],[40.137,7.081],[40.153,7.072],[40.165,7.052],[40.18,7.04],[40.189,7.026],[40.19,7.008],[40.175,6.983],[40.182,6.916],[40.186,6.899],[40.189,6.888],[40.196,6.883],[40.203,6.882],[40.219,6.887],[40.253,6.875],[40.27,6.876],[40.268,6.884],[40.27,6.906],[40.276,6.926],[40.272,6.956],[40.275,7.016],[40.287,7.03],[40.293,7.034],[40.314,7.061],[40.327,7.085],[40.352,7.096],[40.374,7.099],[40.383,7.12],[40.378,7.123],[40.346,7.166],[40.328,7.182]]]}},{"type":"Feature","properties":{"name":"Golo Oda"},"geometry":{"type":"Polygon","coordinates":[[[41.457,8.898],[41.423,8.849],[41.406,8.822],[41.392,8.792],[41.381,8.758],[41.374,8.723],[41.366,8.661],[41.354,8.63],[41.338,8.605],[41.32,8.581],[41.3,8.528],[41.279,8.505],[41.273,8.507],[41.269,8.495],[41.26,8.449],[41.26,8.44],[41.26,8.427],[41.266,8.404],[41.276,8.385],[41.313,8.349],[41.323,8.345],[41.361,8.343],[41.384,8.33],[41.407,8.308],[41.425,8.273],[41.442,8.253],[41.469,8.21],[41.485,8.194],[41.534,8.151],[41.553,8.128],[41.569,8.104],[41.571,8.082],[41.564,8.038],[41.564,8.007],[41.549,7.989],[41.547,7.981],[41.535,7.965],[41.525,7.958],[41.524,7.95],[41.526,7.939],[41.544,7.913],[41.552,7.865],[41.566,7.852],[41.586,7.849],[41.595,7.831],[41.594,7.802],[41.591,7.771],[41.595,7.746],[41.651,7.785],[41.662,7.781],[41.675,7.772],[41.686,7.792],[41.695,7.791],[41.707,7.8],[41.716,7.81],[41.723,7.824],[41.727,7.842],[41.729,7.888],[41.738,7.92],[41.737,7.989],[41.747,8.026],[41.758,8.051],[41.76,8.104],[41.764,8.12],[41.776,8.143],[41.774,8.167],[41.756,8.186],[41.75,8.196],[41.741,8.199],[41.728,8.209],[41.728,8.216],[41.722,8.228],[41.719,8.251],[41.719,8.256],[41.733,8.292],[41.743,8.313],[41.747,8.324],[41.747,8.333],[41.754,8.344],[41.76,8.363],[41.755,8.382],[41.76,8.416],[41.756,8.433],[41.758,8.461],[41.757,8.48],[41.762,8.494],[41.757,8.505],[41.751,8.531],[41.748,8.562],[41.738,8.576],[41.737,8.589],[41.73,8.602],[41.73,8.608],[41.736,8.628],[41.726,8.664],[41.716,8.681],[41.72,8.687],[41.708,8.725],[41.711,8.731],[41.708,8.753],[41.71,8.79],[41.704,8.82],[41.707,8.842],[41.691,8.832],[41.643,8.808],[41.625,8.811],[41.614,8.825],[41.594,8.86],[41.572,8.874],[41.546,8.884],[41.519,8.893],[41.49,8.898],[41.457,8.898]]]}},{"type":"Feature","properties":{"name":"Rayitu"},"geometry":{"type":"Polygon","coordinates":[[[41.855,6.57],[41.859,6.575],[41.867,6.609],[41.877,6.692],[41.885,6.725],[41.889,6.761],[41.892,6.794],[41.889,6.84],[41.884,6.872],[41.851,6.88],[41.843,6.897],[41.839,6.917],[41.829,6.936],[41.771,6.957],[41.739,6.982],[41.721,7.002],[41.693,7.022],[41.677,7.051],[41.681,7.078],[41.696,7.101],[41.693,7.123],[41.702,7.163],[41.678,7.181],[41.657,7.191],[41.608,7.206],[41.574,7.219],[41.548,7.234],[41.523,7.245],[41.487,7.247],[41.406,7.238],[41.376,7.236],[41.334,7.242],[41.314,7.235],[41.321,7.213],[41.329,7.194],[41.342,7.177],[41.356,7.163],[41.38,7.157],[41.412,7.158],[41.439,7.165],[41.466,7.174],[41.495,7.17],[41.533,7.157],[41.573,7.141],[41.605,7.125],[41.62,7.102],[41.623,7.066],[41.612,7.044],[41.592,7.028],[41.567,7.022],[41.541,7.031],[41.516,7.034],[41.479,7.028],[41.45,7.026],[41.416,7.025],[41.378,7.027],[41.349,7.039],[41.314,7.06],[41.296,7.082],[41.287,7.157],[41.279,7.185],[41.261,7.185],[41.241,7.181],[41.22,7.195],[41.191,7.204],[41.17,7.2],[41.153,7.185],[41.138,7.162],[41.081,7.158],[41.057,7.149],[41.027,7.155],[40.955,7.174],[40.926,7.173],[40.922,7.167],[40.916,7.158],[40.924,7.133],[40.944,7.094],[40.956,7.065],[40.986,6.954],[41.002,6.928],[41.003,6.899],[41.007,6.869],[41.021,6.837],[41.04,6.805],[41.05,6.782],[41.076,6.774],[41.077,6.742],[41.076,6.715],[41.073,6.696],[41.132,6.693],[41.157,6.678],[41.175,6.66],[41.229,6.624],[41.359,6.567],[41.381,6.567],[41.439,6.545],[41.529,6.466],[41.621,6.363],[41.634,6.393],[41.657,6.41],[41.685,6.425],[41.691,6.431],[41.705,6.454],[41.74,6.521],[41.759,6.542],[41.8,6.559],[41.821,6.572],[41.855,6.57]]]}},{"type":"Feature","properties":{"name":"Fedis"},"geometry":{"type":"Polygon","coordinates":[[[42.062,9.227],[42.049,9.205],[42.038,9.191],[42.024,9.178],[42.012,9.151],[42.006,9.121],[42.007,9.086],[42.012,9.049],[42.014,9.018],[42.012,8.983],[42.015,8.912],[42.014,8.889],[42.078,8.889],[42.114,8.863],[42.147,8.845],[42.177,8.852],[42.194,8.851],[42.238,8.835],[42.268,8.828],[42.284,8.826],[42.299,8.822],[42.304,8.865],[42.304,8.901],[42.293,8.946],[42.285,8.987],[42.282,9.029],[42.268,9.099],[42.263,9.131],[42.262,9.163],[42.254,9.191],[42.247,9.188],[42.235,9.187],[42.222,9.197],[42.209,9.213],[42.198,9.221],[42.183,9.218],[42.167,9.211],[42.149,9.207],[42.128,9.228],[42.113,9.232],[42.075,9.222],[42.062,9.227]]]}},{"type":"Feature","properties":{"name":"Gemechis"},"geometry":{"type":"Polygon","coordinates":[[[41.009,9.118],[40.997,9.11],[40.985,9.105],[40.932,9.053],[40.926,9.039],[40.911,9.026],[40.899,9.029],[40.887,9.026],[40.868,9.01],[40.848,8.987],[40.842,8.973],[40.851,8.961],[40.866,8.913],[40.867,8.892],[40.861,8.848],[40.864,8.823],[40.878,8.797],[40.885,8.772],[40.893,8.751],[40.917,8.741],[40.985,8.735],[41.024,8.728],[41.055,8.72],[41.079,8.71],[41.102,8.703],[41.131,8.703],[41.155,8.707],[41.18,8.712],[41.186,8.718],[41.18,8.724],[41.175,8.746],[41.179,8.766],[41.137,8.793],[41.116,8.816],[41.094,8.848],[41.082,8.877],[41.076,8.911],[41.078,8.978],[41.09,9.03],[41.089,9.037],[41.056,9.05],[41.034,9.054],[41.024,9.075],[41.022,9.101],[41.009,9.118]]]}},{"type":"Feature","properties":{"name":"Mesela"},"geometry":{"type":"Polygon","coordinates":[[[41.089,9.037],[41.09,9.03],[41.078,8.978],[41.076,8.911],[41.082,8.877],[41.094,8.848],[41.116,8.816],[41.137,8.793],[41.179,8.766],[41.222,8.855],[41.252,8.894],[41.275,8.936],[41.291,8.962],[41.3,8.982],[41.307,9.009],[41.309,9.04],[41.313,9.066],[41.313,9.091],[41.299,9.114],[41.279,9.134],[41.254,9.157],[41.251,9.166],[41.204,9.155],[41.171,9.141],[41.15,9.128],[41.127,9.109],[41.109,9.088],[41.094,9.064],[41.089,9.037]]]}},{"type":"Feature","properties":{"name":"Fentale"},"geometry":{"type":"Polygon","coordinates":[[[39.743,9.092],[39.748,9.064],[39.747,9.056],[39.741,9.041],[39.742,9.024],[39.747,9.016],[39.747,9.011],[39.749,8.911],[39.739,8.873],[39.738,8.858],[39.732,8.845],[39.734,8.827],[39.75,8.811],[39.758,8.799],[39.769,8.781],[39.787,8.741],[39.802,8.73],[39.84,8.71],[39.859,8.686],[39.874,8.699],[39.894,8.719],[39.927,8.729],[39.974,8.738],[40.003,8.749],[40.024,8.763],[40.041,8.783],[40.067,8.836],[40.068,8.845],[40.052,8.842],[40.041,8.842],[40.025,8.846],[40.011,8.857],[40.012,8.872],[40.02,8.89],[40.037,8.908],[40.045,8.943],[40.052,8.962],[40.048,8.979],[40.036,8.995],[40.023,9.003],[40.0,9.008],[39.969,9.005],[39.948,9.005],[39.953,9.031],[39.943,9.049],[39.929,9.055],[39.92,9.069],[39.916,9.098],[39.91,9.133],[39.899,9.14],[39.879,9.146],[39.85,9.139],[39.818,9.137],[39.809,9.136],[39.803,9.127],[39.798,9.122],[39.795,9.114],[39.781,9.105],[39.765,9.096],[39.743,9.092]]]}},{"type":"Feature","properties":{"name":"Haru"},"geometry":{"type":"Polygon","coordinates":[[[36.018,8.943],[35.986,8.95],[35.98,8.948],[35.958,8.946],[35.937,8.946],[35.923,8.954],[35.917,8.967],[35.916,9.011],[35.908,9.027],[35.885,9.046],[35.87,9.056],[35.85,9.061],[35.827,9.061],[35.811,9.073],[35.8,9.084],[35.787,9.083],[35.779,9.067],[35.767,9.046],[35.742,9.031],[35.749,9.03],[35.751,9.026],[35.746,9.025],[35.744,9.019],[35.738,9.018],[35.733,9.02],[35.729,9.016],[35.726,9.008],[35.713,9.012],[35.708,9.011],[35.681,9.01],[35.674,9.0],[35.681,8.992],[35.693,8.983],[35.696,8.963],[35.733,8.948],[35.753,8.947],[35.768,8.908],[35.794,8.895],[35.81,8.88],[35.83,8.867],[35.852,8.869],[35.874,8.881],[35.894,8.885],[35.918,8.879],[35.928,8.872],[35.932,8.866],[35.946,8.859],[35.966,8.886],[35.977,8.894],[35.982,8.895],[35.999,8.893],[36.011,8.896],[36.008,8.903],[36.01,8.929],[36.013,8.938],[36.018,8.943]]]}},{"type":"Feature","properties":{"name":"Anchar"},"geometry":{"type":"Polygon","coordinates":[[[40.095,8.863],[40.097,8.858],[40.096,8.842],[40.084,8.799],[40.078,8.767],[40.069,8.74],[40.035,8.705],[40.026,8.689],[40.028,8.67],[40.033,8.656],[40.037,8.648],[40.046,8.636],[40.063,8.629],[40.094,8.63],[40.157,8.626],[40.178,8.62],[40.189,8.605],[40.187,8.576],[40.183,8.56],[40.191,8.551],[40.211,8.55],[40.223,8.557],[40.248,8.571],[40.272,8.591],[40.287,8.606],[40.3,8.613],[40.326,8.647],[40.338,8.666],[40.345,8.682],[40.366,8.701],[40.372,8.711],[40.376,8.717],[40.376,8.735],[40.371,8.756],[40.375,8.771],[40.374,8.788],[40.376,8.804],[40.369,8.829],[40.372,8.838],[40.372,8.865],[40.366,8.874],[40.351,8.889],[40.339,8.858],[40.313,8.824],[40.294,8.818],[40.271,8.831],[40.251,8.832],[40.237,8.846],[40.23,8.868],[40.214,8.886],[40.201,8.906],[40.194,8.923],[40.186,8.937],[40.163,8.95],[40.153,8.933],[40.121,8.897],[40.095,8.863]]]}},{"type":"Feature","properties":{"name":"Yubdo"},"geometry":{"type":"Polygon","coordinates":[[[35.569,8.966],[35.563,8.975],[35.511,8.987],[35.511,9.038],[35.472,9.06],[35.469,9.043],[35.442,9.033],[35.421,9.022],[35.406,9.021],[35.37,9.026],[35.347,9.027],[35.335,9.023],[35.313,9.004],[35.315,8.986],[35.326,8.964],[35.333,8.941],[35.343,8.925],[35.358,8.915],[35.398,8.901],[35.409,8.894],[35.421,8.885],[35.43,8.876],[35.435,8.876],[35.442,8.881],[35.458,8.879],[35.472,8.855],[35.49,8.852],[35.504,8.863],[35.529,8.87],[35.544,8.887],[35.551,8.916],[35.569,8.966]]]}},{"type":"Feature","properties":{"name":"Wama Hagalo"},"geometry":{"type":"Polygon","coordinates":[[[37.032,8.782],[37.014,8.8],[36.997,8.813],[36.97,8.823],[36.919,8.821],[36.913,8.835],[36.919,8.851],[36.936,8.87],[36.944,8.888],[36.939,8.907],[36.939,8.944],[36.93,8.957],[36.925,8.961],[36.911,8.946],[36.886,8.943],[36.861,8.945],[36.826,8.94],[36.789,8.924],[36.783,8.918],[36.792,8.896],[36.781,8.843],[36.787,8.817],[36.802,8.791],[36.812,8.77],[36.812,8.738],[36.826,8.716],[36.859,8.683],[36.871,8.656],[36.912,8.654],[36.945,8.655],[36.953,8.652],[36.989,8.67],[37.006,8.682],[37.014,8.702],[37.018,8.744],[37.026,8.773],[37.032,8.782]]]}},{"type":"Feature","properties":{"name":"Jarte Jardega"},"geometry":{"type":"Polygon","coordinates":[[[37.207,10.096],[37.198,10.089],[37.199,10.079],[37.189,10.065],[37.181,10.063],[37.175,10.066],[37.165,10.055],[37.158,10.051],[37.153,10.051],[37.151,10.044],[37.143,10.044],[37.143,10.038],[37.14,10.029],[37.13,10.021],[37.119,10.021],[37.108,10.007],[37.098,10.01],[37.071,9.989],[37.044,9.965],[36.97,9.929],[36.955,9.917],[36.938,9.901],[36.911,9.889],[36.906,9.875],[36.907,9.847],[36.915,9.832],[36.916,9.819],[36.913,9.805],[36.917,9.796],[36.924,9.784],[36.943,9.769],[36.957,9.751],[36.964,9.732],[36.968,9.715],[36.986,9.707],[37.004,9.702],[37.02,9.705],[37.03,9.717],[37.037,9.741],[37.048,9.763],[37.071,9.774],[37.101,9.765],[37.125,9.765],[37.153,9.777],[37.178,9.786],[37.215,9.804],[37.234,9.818],[37.256,9.837],[37.276,9.85],[37.294,9.859],[37.307,9.862],[37.321,9.868],[37.337,9.885],[37.348,9.903],[37.342,9.956],[37.349,10.0],[37.346,10.007],[37.34,10.005],[37.324,10.009],[37.319,10.019],[37.306,10.028],[37.301,10.04],[37.297,10.054],[37.293,10.059],[37.289,10.064],[37.283,10.066],[37.272,10.075],[37.263,10.078],[37.242,10.077],[37.237,10.078],[37.214,10.089],[37.207,10.096]]]}},{"type":"Feature","properties":{"name":"Kuni"},"geometry":{"type":"Polygon","coordinates":[[[41.186,8.718],[41.18,8.712],[41.155,8.707],[41.131,8.703],[41.102,8.703],[41.079,8.71],[41.055,8.72],[41.024,8.728],[40.985,8.735],[40.917,8.741],[40.893,8.751],[40.885,8.772],[40.878,8.797],[40.864,8.823],[40.861,8.848],[40.867,8.892],[40.866,8.913],[40.851,8.961],[40.842,8.973],[40.807,8.97],[40.784,8.956],[40.759,8.947],[40.722,8.928],[40.711,8.902],[40.713,8.892],[40.71,8.883],[40.687,8.877],[40.685,8.862],[40.696,8.853],[40.696,8.835],[40.69,8.816],[40.689,8.807],[40.689,8.801],[40.704,8.787],[40.738,8.77],[40.748,8.752],[40.751,8.733],[40.758,8.724],[40.823,8.677],[40.846,8.672],[40.898,8.668],[40.925,8.656],[40.942,8.643],[40.966,8.621],[40.987,8.595],[41.018,8.545],[41.068,8.479],[41.088,8.46],[41.112,8.451],[41.141,8.447],[41.167,8.448],[41.204,8.447],[41.232,8.444],[41.246,8.439],[41.26,8.44],[41.26,8.449],[41.269,8.495],[41.273,8.507],[41.276,8.514],[41.275,8.533],[41.27,8.551],[41.267,8.571],[41.267,8.608],[41.265,8.635],[41.256,8.656],[41.242,8.672],[41.221,8.692],[41.195,8.71],[41.186,8.718]]]}},{"type":"Feature","properties":{"name":"Nole Kaba"},"geometry":{"type":"Polygon","coordinates":[[[35.696,8.963],[35.687,8.95],[35.675,8.95],[35.641,8.954],[35.6,8.954],[35.587,8.964],[35.569,8.966],[35.551,8.916],[35.544,8.887],[35.529,8.87],[35.504,8.863],[35.49,8.852],[35.472,8.855],[35.458,8.879],[35.442,8.881],[35.435,8.876],[35.43,8.876],[35.418,8.853],[35.431,8.842],[35.428,8.829],[35.423,8.815],[35.424,8.8],[35.422,8.78],[35.446,8.776],[35.459,8.761],[35.471,8.739],[35.483,8.723],[35.501,8.71],[35.543,8.688],[35.577,8.672],[35.594,8.666],[35.612,8.662],[35.639,8.665],[35.666,8.695],[35.678,8.701],[35.678,8.712],[35.696,8.754],[35.696,8.775],[35.699,8.802],[35.723,8.823],[35.711,8.832],[35.705,8.85],[35.717,8.865],[35.735,8.927],[35.733,8.948],[35.696,8.963]]]}},{"type":"Feature","properties":{"name":"Ilu"},"geometry":{"type":"Polygon","coordinates":[[[38.239,8.918],[38.223,8.903],[38.218,8.883],[38.214,8.853],[38.213,8.834],[38.234,8.819],[38.251,8.802],[38.261,8.782],[38.257,8.759],[38.253,8.745],[38.249,8.741],[38.264,8.719],[38.28,8.724],[38.291,8.729],[38.325,8.749],[38.337,8.751],[38.361,8.748],[38.382,8.749],[38.405,8.737],[38.413,8.76],[38.427,8.778],[38.44,8.778],[38.446,8.777],[38.454,8.781],[38.433,8.82],[38.421,8.837],[38.417,8.85],[38.408,8.847],[38.365,8.883],[38.344,8.893],[38.318,8.9],[38.278,8.93],[38.269,8.933],[38.264,8.937],[38.239,8.918]]]}},{"type":"Feature","properties":{"name":"Tikur Enchini"},"geometry":{"type":"Polygon","coordinates":[[[37.473,8.873],[37.524,8.828],[37.544,8.807],[37.562,8.786],[37.556,8.77],[37.541,8.749],[37.534,8.725],[37.573,8.684],[37.632,8.681],[37.634,8.686],[37.678,8.698],[37.703,8.716],[37.73,8.734],[37.759,8.742],[37.784,8.761],[37.815,8.777],[37.811,8.783],[37.792,8.786],[37.773,8.796],[37.763,8.804],[37.755,8.824],[37.745,8.847],[37.729,8.861],[37.714,8.866],[37.707,8.865],[37.675,8.875],[37.664,8.894],[37.665,8.918],[37.649,8.937],[37.631,8.921],[37.62,8.905],[37.595,8.899],[37.566,8.923],[37.554,8.931],[37.542,8.932],[37.535,8.905],[37.526,8.884],[37.512,8.882],[37.497,8.897],[37.481,8.899],[37.476,8.896],[37.473,8.873]]]}},{"type":"Feature","properties":{"name":"Ada'a"},"geometry":{"type":"Polygon","coordinates":[[[39.199,8.815],[39.201,8.845],[39.182,8.849],[39.176,8.857],[39.178,8.871],[39.186,8.891],[39.182,8.908],[39.168,8.91],[39.133,8.885],[39.121,8.896],[39.124,8.914],[39.121,8.927],[39.102,8.924],[39.083,8.909],[39.068,8.904],[39.059,8.91],[39.053,8.909],[39.047,8.911],[39.032,8.911],[39.026,8.912],[39.001,8.902],[38.989,8.896],[38.982,8.89],[38.965,8.862],[38.96,8.83],[38.956,8.816],[38.932,8.799],[38.914,8.784],[38.903,8.763],[38.883,8.698],[38.841,8.629],[38.846,8.625],[38.862,8.625],[38.868,8.627],[38.888,8.62],[38.904,8.624],[38.92,8.622],[38.936,8.618],[38.953,8.604],[38.97,8.597],[38.999,8.585],[39.007,8.587],[39.039,8.575],[39.047,8.568],[39.049,8.553],[39.06,8.543],[39.065,8.541],[39.064,8.555],[39.072,8.566],[39.086,8.596],[39.088,8.617],[39.085,8.636],[39.086,8.652],[39.103,8.681],[39.097,8.693],[39.106,8.709],[39.122,8.719],[39.138,8.734],[39.159,8.741],[39.164,8.756],[39.179,8.773],[39.183,8.786],[39.175,8.801],[39.199,8.815]]]}},{"type":"Feature","properties":{"name":"Dawo"},"geometry":{"type":"Polygon","coordinates":[[[38.024,8.721],[38.041,8.702],[38.059,8.692],[38.077,8.696],[38.098,8.704],[38.118,8.708],[38.129,8.7],[38.135,8.684],[38.15,8.668],[38.155,8.675],[38.179,8.69],[38.192,8.705],[38.207,8.72],[38.249,8.741],[38.253,8.745],[38.257,8.759],[38.261,8.782],[38.251,8.802],[38.234,8.819],[38.213,8.834],[38.214,8.853],[38.218,8.883],[38.223,8.903],[38.239,8.918],[38.219,8.92],[38.212,8.919],[38.192,8.905],[38.173,8.896],[38.15,8.895],[38.124,8.89],[38.096,8.877],[38.095,8.855],[38.131,8.833],[38.142,8.809],[38.148,8.765],[38.132,8.752],[38.113,8.746],[38.088,8.749],[38.069,8.754],[38.05,8.752],[38.033,8.742],[38.019,8.727],[38.024,8.721]]]}},{"type":"Feature","properties":{"name":"Dano"},"geometry":{"type":"Polygon","coordinates":[[[37.219,8.809],[37.222,8.802],[37.227,8.786],[37.226,8.771],[37.216,8.76],[37.196,8.746],[37.16,8.725],[37.145,8.711],[37.137,8.695],[37.142,8.683],[37.166,8.678],[37.18,8.669],[37.182,8.65],[37.191,8.632],[37.203,8.617],[37.211,8.6],[37.216,8.595],[37.226,8.586],[37.263,8.586],[37.282,8.559],[37.299,8.581],[37.301,8.602],[37.313,8.611],[37.323,8.622],[37.326,8.637],[37.342,8.648],[37.354,8.666],[37.351,8.685],[37.359,8.703],[37.382,8.71],[37.408,8.741],[37.404,8.758],[37.39,8.78],[37.38,8.801],[37.391,8.827],[37.415,8.846],[37.433,8.868],[37.438,8.876],[37.409,8.9],[37.401,8.909],[37.387,8.919],[37.361,8.911],[37.331,8.894],[37.307,8.888],[37.283,8.877],[37.264,8.851],[37.249,8.843],[37.238,8.827],[37.226,8.813],[37.219,8.809]]]}},{"type":"Feature","properties":{"name":"Jimma Arjo"},"geometry":{"type":"Polygon","coordinates":[[[36.742,8.852],[36.738,8.863],[36.696,8.901],[36.682,8.909],[36.679,8.902],[36.658,8.894],[36.645,8.873],[36.634,8.838],[36.618,8.832],[36.591,8.839],[36.562,8.839],[36.546,8.816],[36.529,8.806],[36.505,8.821],[36.478,8.83],[36.449,8.824],[36.422,8.81],[36.397,8.795],[36.375,8.779],[36.368,8.771],[36.353,8.761],[36.371,8.738],[36.385,8.713],[36.386,8.704],[36.402,8.678],[36.413,8.656],[36.426,8.637],[36.441,8.621],[36.46,8.609],[36.483,8.604],[36.507,8.595],[36.527,8.581],[36.535,8.57],[36.538,8.564],[36.549,8.555],[36.565,8.553],[36.584,8.558],[36.604,8.551],[36.614,8.536],[36.617,8.52],[36.623,8.512],[36.632,8.515],[36.636,8.54],[36.644,8.558],[36.672,8.58],[36.675,8.598],[36.677,8.62],[36.676,8.644],[36.668,8.666],[36.637,8.707],[36.619,8.716],[36.594,8.707],[36.582,8.7],[36.573,8.71],[36.57,8.722],[36.569,8.733],[36.575,8.757],[36.595,8.773],[36.607,8.796],[36.63,8.8],[36.644,8.817],[36.656,8.826],[36.683,8.831],[36.703,8.849],[36.729,8.848],[36.742,8.852]]]}},{"type":"Feature","properties":{"name":"Meko"},"geometry":{"type":"Polygon","coordinates":[[[35.946,8.859],[35.929,8.833],[35.908,8.818],[35.883,8.796],[35.89,8.768],[35.905,8.742],[35.908,8.714],[35.87,8.694],[35.864,8.682],[35.86,8.667],[35.872,8.665],[35.897,8.656],[35.921,8.64],[35.949,8.625],[35.988,8.663],[36.045,8.663],[36.107,8.703],[36.131,8.713],[36.122,8.724],[36.103,8.737],[36.09,8.759],[36.081,8.778],[36.05,8.817],[36.033,8.847],[36.018,8.855],[36.013,8.859],[36.007,8.872],[36.012,8.884],[36.012,8.889],[36.011,8.896],[35.999,8.893],[35.982,8.895],[35.977,8.894],[35.966,8.886],[35.946,8.859]]]}},{"type":"Feature","properties":{"name":"Habro"},"geometry":{"type":"Polygon","coordinates":[[[40.372,8.711],[40.391,8.69],[40.404,8.678],[40.412,8.658],[40.434,8.634],[40.455,8.622],[40.515,8.613],[40.541,8.599],[40.568,8.58],[40.593,8.567],[40.597,8.563],[40.599,8.568],[40.595,8.592],[40.588,8.615],[40.577,8.636],[40.573,8.66],[40.573,8.688],[40.582,8.709],[40.622,8.751],[40.644,8.793],[40.66,8.802],[40.689,8.807],[40.69,8.816],[40.696,8.835],[40.696,8.853],[40.685,8.862],[40.687,8.877],[40.681,8.887],[40.669,8.898],[40.585,8.888],[40.556,8.876],[40.528,8.857],[40.476,8.83],[40.43,8.822],[40.414,8.809],[40.41,8.796],[40.394,8.783],[40.375,8.771],[40.371,8.756],[40.376,8.735],[40.376,8.717],[40.372,8.711]]]}},{"type":"Feature","properties":{"name":"Nono"},"geometry":{"type":"Polygon","coordinates":[[[37.282,8.559],[37.306,8.531],[37.325,8.495],[37.357,8.452],[37.375,8.41],[37.389,8.39],[37.434,8.332],[37.45,8.316],[37.464,8.313],[37.467,8.332],[37.472,8.352],[37.499,8.405],[37.513,8.418],[37.536,8.425],[37.536,8.459],[37.543,8.475],[37.568,8.508],[37.593,8.58],[37.605,8.638],[37.611,8.646],[37.594,8.641],[37.58,8.648],[37.566,8.646],[37.547,8.633],[37.535,8.633],[37.527,8.639],[37.515,8.636],[37.506,8.629],[37.497,8.63],[37.479,8.622],[37.456,8.627],[37.446,8.615],[37.431,8.615],[37.421,8.638],[37.413,8.638],[37.401,8.64],[37.388,8.644],[37.356,8.661],[37.354,8.666],[37.342,8.648],[37.326,8.637],[37.323,8.622],[37.313,8.611],[37.301,8.602],[37.299,8.581],[37.282,8.559]]]}},{"type":"Feature","properties":{"name":"Limu Seka"},"geometry":{"type":"Polygon","coordinates":[[[37.188,8.873],[37.175,8.858],[37.153,8.849],[37.128,8.843],[37.065,8.818],[37.047,8.803],[37.032,8.782],[37.026,8.773],[37.018,8.744],[37.014,8.702],[37.006,8.682],[36.989,8.67],[36.953,8.652],[36.945,8.655],[36.912,8.654],[36.871,8.656],[36.846,8.652],[36.816,8.634],[36.795,8.615],[36.777,8.59],[36.76,8.571],[36.726,8.551],[36.7,8.541],[36.683,8.531],[36.669,8.521],[36.661,8.518],[36.669,8.503],[36.682,8.491],[36.693,8.476],[36.707,8.465],[36.722,8.45],[36.724,8.424],[36.735,8.376],[36.739,8.315],[36.744,8.288],[36.751,8.265],[36.768,8.247],[36.789,8.228],[36.803,8.203],[36.817,8.162],[36.821,8.143],[36.865,8.138],[36.885,8.132],[36.934,8.099],[36.944,8.115],[36.968,8.163],[36.985,8.181],[37.006,8.195],[37.004,8.216],[36.997,8.232],[37.014,8.277],[37.017,8.302],[37.03,8.33],[37.033,8.341],[37.035,8.351],[37.057,8.369],[37.09,8.381],[37.098,8.399],[37.111,8.414],[37.125,8.426],[37.117,8.448],[37.113,8.465],[37.111,8.491],[37.112,8.511],[37.138,8.529],[37.167,8.538],[37.187,8.556],[37.209,8.588],[37.216,8.595],[37.211,8.6],[37.203,8.617],[37.191,8.632],[37.182,8.65],[37.18,8.669],[37.166,8.678],[37.142,8.683],[37.137,8.695],[37.145,8.711],[37.16,8.725],[37.196,8.746],[37.216,8.76],[37.226,8.771],[37.227,8.786],[37.222,8.802],[37.219,8.809],[37.206,8.839],[37.21,8.857],[37.202,8.867],[37.188,8.873]]]}},{"type":"Feature","properties":{"name":"Merti"},"geometry":{"type":"Polygon","coordinates":[[[40.068,8.845],[40.067,8.836],[40.041,8.783],[40.024,8.763],[40.003,8.749],[39.974,8.738],[39.927,8.729],[39.894,8.719],[39.874,8.699],[39.859,8.686],[39.848,8.677],[39.825,8.664],[39.798,8.656],[39.758,8.653],[39.725,8.636],[39.714,8.616],[39.699,8.593],[39.709,8.573],[39.729,8.545],[39.751,8.496],[39.76,8.442],[39.76,8.417],[39.768,8.402],[39.782,8.385],[39.784,8.368],[39.755,8.337],[39.751,8.318],[39.761,8.297],[39.778,8.291],[39.807,8.296],[39.816,8.301],[39.816,8.308],[39.824,8.317],[39.85,8.332],[39.858,8.342],[39.86,8.361],[39.848,8.379],[39.849,8.387],[39.861,8.399],[39.888,8.417],[39.902,8.419],[39.914,8.425],[39.918,8.433],[39.929,8.437],[39.957,8.438],[39.966,8.446],[39.971,8.454],[39.98,8.475],[39.995,8.49],[40.0,8.514],[39.984,8.579],[39.99,8.606],[40.002,8.625],[40.012,8.646],[40.033,8.656],[40.028,8.67],[40.026,8.689],[40.035,8.705],[40.069,8.74],[40.078,8.767],[40.084,8.799],[40.096,8.842],[40.097,8.858],[40.095,8.863],[40.082,8.852],[40.068,8.845]]]}},{"type":"Feature","properties":{"name":"Hawa Galan"},"geometry":{"type":"Polygon","coordinates":[[[35.106,8.613],[35.097,8.62],[35.091,8.628],[35.081,8.659],[35.062,8.694],[35.053,8.72],[35.041,8.738],[35.033,8.756],[35.023,8.748],[34.972,8.731],[34.932,8.731],[34.881,8.703],[34.807,8.703],[34.79,8.683],[34.796,8.679],[34.787,8.661],[34.787,8.637],[34.803,8.621],[34.806,8.599],[34.818,8.577],[34.872,8.559],[34.929,8.513],[34.954,8.494],[34.964,8.475],[34.977,8.456],[34.993,8.446],[35.015,8.468],[35.035,8.482],[35.058,8.484],[35.099,8.477],[35.147,8.479],[35.167,8.48],[35.178,8.485],[35.182,8.489],[35.191,8.498],[35.191,8.541],[35.173,8.557],[35.148,8.563],[35.128,8.572],[35.111,8.591],[35.106,8.613]]]}},{"type":"Feature","properties":{"name":"Nunu Kumba"},"geometry":{"type":"Polygon","coordinates":[[[36.781,8.843],[36.764,8.853],[36.748,8.854],[36.742,8.852],[36.729,8.848],[36.703,8.849],[36.683,8.831],[36.656,8.826],[36.644,8.817],[36.63,8.8],[36.607,8.796],[36.595,8.773],[36.575,8.757],[36.569,8.733],[36.57,8.722],[36.573,8.71],[36.582,8.7],[36.594,8.707],[36.619,8.716],[36.637,8.707],[36.668,8.666],[36.676,8.644],[36.677,8.62],[36.675,8.598],[36.672,8.58],[36.644,8.558],[36.636,8.54],[36.632,8.515],[36.64,8.517],[36.655,8.516],[36.661,8.518],[36.669,8.521],[36.683,8.531],[36.7,8.541],[36.726,8.551],[36.76,8.571],[36.777,8.59],[36.795,8.615],[36.816,8.634],[36.846,8.652],[36.871,8.656],[36.859,8.683],[36.826,8.716],[36.812,8.738],[36.812,8.77],[36.802,8.791],[36.787,8.817],[36.781,8.843]]]}},{"type":"Feature","properties":{"name":"Boset"},"geometry":{"type":"Polygon","coordinates":[[[39.309,8.727],[39.316,8.724],[39.328,8.717],[39.34,8.708],[39.355,8.694],[39.391,8.66],[39.409,8.635],[39.409,8.61],[39.395,8.591],[39.379,8.576],[39.37,8.564],[39.37,8.548],[39.363,8.532],[39.371,8.519],[39.394,8.496],[39.411,8.489],[39.429,8.478],[39.429,8.465],[39.422,8.437],[39.427,8.415],[39.447,8.414],[39.475,8.418],[39.495,8.424],[39.515,8.44],[39.531,8.465],[39.546,8.495],[39.572,8.517],[39.579,8.519],[39.609,8.531],[39.635,8.535],[39.658,8.55],[39.699,8.593],[39.714,8.616],[39.725,8.636],[39.758,8.653],[39.798,8.656],[39.825,8.664],[39.848,8.677],[39.859,8.686],[39.84,8.71],[39.802,8.73],[39.787,8.741],[39.769,8.781],[39.758,8.799],[39.75,8.811],[39.734,8.827],[39.718,8.817],[39.68,8.817],[39.663,8.814],[39.651,8.804],[39.635,8.8],[39.618,8.788],[39.6,8.794],[39.592,8.798],[39.563,8.819],[39.553,8.77],[39.535,8.759],[39.502,8.716],[39.493,8.726],[39.471,8.743],[39.45,8.753],[39.441,8.769],[39.432,8.791],[39.419,8.816],[39.406,8.811],[39.387,8.8],[39.379,8.792],[39.375,8.781],[39.374,8.768],[39.378,8.732],[39.362,8.722],[39.343,8.728],[39.332,8.742],[39.325,8.748],[39.309,8.727]]]}},{"type":"Feature","properties":{"name":"Lome"},"geometry":{"type":"Polygon","coordinates":[[[39.245,8.829],[39.234,8.816],[39.218,8.8],[39.204,8.803],[39.199,8.815],[39.175,8.801],[39.183,8.786],[39.179,8.773],[39.164,8.756],[39.159,8.741],[39.138,8.734],[39.122,8.719],[39.106,8.709],[39.097,8.693],[39.103,8.681],[39.086,8.652],[39.085,8.636],[39.088,8.617],[39.086,8.596],[39.072,8.566],[39.064,8.555],[39.065,8.541],[39.049,8.523],[39.035,8.512],[39.038,8.498],[39.038,8.484],[39.032,8.471],[39.032,8.458],[39.038,8.446],[39.04,8.423],[39.039,8.398],[39.074,8.394],[39.084,8.384],[39.131,8.419],[39.173,8.459],[39.189,8.48],[39.2,8.502],[39.212,8.521],[39.233,8.538],[39.249,8.545],[39.256,8.559],[39.242,8.563],[39.229,8.564],[39.221,8.574],[39.223,8.588],[39.235,8.6],[39.246,8.61],[39.246,8.621],[39.225,8.645],[39.23,8.66],[39.254,8.676],[39.268,8.691],[39.287,8.719],[39.271,8.726],[39.263,8.748],[39.274,8.768],[39.273,8.784],[39.255,8.814],[39.245,8.829]]]}},{"type":"Feature","properties":{"name":"Boke"},"geometry":{"type":"Polygon","coordinates":[[[41.26,8.44],[41.246,8.439],[41.232,8.444],[41.204,8.447],[41.167,8.448],[41.141,8.447],[41.112,8.451],[41.088,8.46],[41.068,8.479],[41.018,8.545],[40.987,8.595],[40.966,8.621],[40.942,8.643],[40.925,8.656],[40.898,8.668],[40.846,8.672],[40.823,8.677],[40.758,8.724],[40.751,8.733],[40.748,8.752],[40.738,8.77],[40.704,8.787],[40.689,8.801],[40.689,8.807],[40.66,8.802],[40.644,8.793],[40.622,8.751],[40.582,8.709],[40.573,8.688],[40.573,8.66],[40.577,8.636],[40.588,8.615],[40.595,8.592],[40.599,8.568],[40.597,8.563],[40.611,8.548],[40.631,8.511],[40.645,8.493],[40.68,8.472],[40.7,8.452],[40.718,8.428],[40.779,8.358],[40.795,8.34],[40.817,8.311],[40.84,8.286],[40.86,8.276],[40.89,8.272],[40.923,8.266],[40.955,8.255],[40.993,8.229],[41.072,8.161],[41.099,8.145],[41.135,8.119],[41.146,8.11],[41.15,8.1],[41.168,8.114],[41.194,8.127],[41.253,8.133],[41.299,8.149],[41.328,8.148],[41.396,8.134],[41.428,8.124],[41.474,8.133],[41.504,8.121],[41.521,8.101],[41.528,8.075],[41.532,8.044],[41.533,8.012],[41.519,7.979],[41.52,7.973],[41.525,7.958],[41.535,7.965],[41.547,7.981],[41.549,7.989],[41.564,8.007],[41.564,8.038],[41.571,8.082],[41.569,8.104],[41.553,8.128],[41.534,8.151],[41.485,8.194],[41.469,8.21],[41.442,8.253],[41.425,8.273],[41.407,8.308],[41.384,8.33],[41.361,8.343],[41.323,8.345],[41.313,8.349],[41.276,8.385],[41.266,8.404],[41.26,8.427],[41.26,8.44]]]}},{"type":"Feature","properties":{"name":"Wenchi"},"geometry":{"type":"Polygon","coordinates":[[[37.839,8.789],[37.824,8.791],[37.811,8.783],[37.815,8.777],[37.837,8.741],[37.84,8.708],[37.837,8.682],[37.838,8.653],[37.842,8.625],[37.839,8.597],[37.831,8.574],[37.819,8.544],[37.815,8.531],[37.828,8.504],[37.855,8.51],[37.878,8.506],[37.898,8.518],[37.914,8.538],[37.937,8.556],[37.959,8.586],[37.977,8.62],[38.011,8.713],[38.016,8.716],[38.01,8.721],[37.993,8.719],[37.979,8.726],[37.973,8.745],[37.955,8.758],[37.937,8.769],[37.916,8.789],[37.892,8.804],[37.868,8.793],[37.839,8.789]]]}},{"type":"Feature","properties":{"name":"Tole"},"geometry":{"type":"Polygon","coordinates":[[[38.405,8.737],[38.403,8.732],[38.382,8.711],[38.355,8.698],[38.338,8.683],[38.347,8.665],[38.312,8.623],[38.305,8.606],[38.305,8.586],[38.295,8.578],[38.3,8.569],[38.306,8.552],[38.307,8.534],[38.317,8.517],[38.337,8.502],[38.351,8.504],[38.357,8.509],[38.381,8.51],[38.404,8.496],[38.417,8.478],[38.435,8.47],[38.452,8.479],[38.444,8.521],[38.427,8.534],[38.432,8.558],[38.456,8.563],[38.465,8.553],[38.48,8.557],[38.483,8.568],[38.485,8.576],[38.495,8.587],[38.495,8.598],[38.482,8.617],[38.461,8.637],[38.447,8.665],[38.439,8.69],[38.456,8.702],[38.473,8.706],[38.499,8.719],[38.468,8.757],[38.454,8.781],[38.446,8.777],[38.44,8.778],[38.427,8.778],[38.413,8.76],[38.405,8.737]]]}},{"type":"Feature","properties":{"name":"Darimu"},"geometry":{"type":"Polygon","coordinates":[[[35.422,8.78],[35.405,8.772],[35.395,8.756],[35.389,8.732],[35.374,8.718],[35.359,8.713],[35.297,8.711],[35.289,8.711],[35.277,8.714],[35.268,8.72],[35.252,8.72],[35.244,8.708],[35.233,8.699],[35.224,8.708],[35.225,8.724],[35.207,8.729],[35.194,8.714],[35.186,8.699],[35.169,8.683],[35.153,8.669],[35.143,8.648],[35.123,8.634],[35.106,8.613],[35.111,8.591],[35.128,8.572],[35.148,8.563],[35.173,8.557],[35.191,8.541],[35.191,8.498],[35.182,8.489],[35.186,8.486],[35.192,8.485],[35.255,8.477],[35.279,8.47],[35.299,8.462],[35.321,8.455],[35.37,8.449],[35.39,8.446],[35.417,8.446],[35.465,8.458],[35.511,8.452],[35.536,8.456],[35.556,8.468],[35.584,8.491],[35.6,8.514],[35.608,8.533],[35.613,8.553],[35.607,8.569],[35.59,8.576],[35.572,8.577],[35.565,8.585],[35.57,8.603],[35.567,8.617],[35.56,8.628],[35.558,8.647],[35.577,8.672],[35.543,8.688],[35.501,8.71],[35.483,8.723],[35.471,8.739],[35.459,8.761],[35.446,8.776],[35.422,8.78]]]}},{"type":"Feature","properties":{"name":"Ameya"},"geometry":{"type":"Polygon","coordinates":[[[37.632,8.681],[37.624,8.664],[37.611,8.646],[37.605,8.638],[37.593,8.58],[37.568,8.508],[37.543,8.475],[37.536,8.459],[37.536,8.425],[37.559,8.427],[37.577,8.415],[37.599,8.366],[37.613,8.355],[37.667,8.385],[37.68,8.379],[37.684,8.37],[37.72,8.392],[37.748,8.407],[37.776,8.443],[37.796,8.473],[37.81,8.488],[37.828,8.504],[37.815,8.531],[37.819,8.544],[37.831,8.574],[37.839,8.597],[37.842,8.625],[37.838,8.653],[37.837,8.682],[37.84,8.708],[37.837,8.741],[37.815,8.777],[37.784,8.761],[37.759,8.742],[37.73,8.734],[37.703,8.716],[37.678,8.698],[37.634,8.686],[37.632,8.681]]]}},{"type":"Feature","properties":{"name":"Becho"},"geometry":{"type":"Polygon","coordinates":[[[38.249,8.741],[38.207,8.72],[38.192,8.705],[38.179,8.69],[38.155,8.675],[38.15,8.668],[38.143,8.659],[38.143,8.636],[38.136,8.605],[38.133,8.573],[38.133,8.55],[38.147,8.535],[38.16,8.525],[38.168,8.533],[38.188,8.523],[38.204,8.534],[38.224,8.541],[38.242,8.553],[38.25,8.572],[38.267,8.588],[38.287,8.575],[38.295,8.578],[38.305,8.586],[38.305,8.606],[38.312,8.623],[38.347,8.665],[38.338,8.683],[38.355,8.698],[38.382,8.711],[38.403,8.732],[38.405,8.737],[38.382,8.749],[38.361,8.748],[38.337,8.751],[38.325,8.749],[38.291,8.729],[38.28,8.724],[38.264,8.719],[38.249,8.741]]]}},{"type":"Feature","properties":{"name":"Adama"},"geometry":{"type":"Polygon","coordinates":[[[39.287,8.719],[39.268,8.691],[39.254,8.676],[39.23,8.66],[39.225,8.645],[39.246,8.621],[39.246,8.61],[39.235,8.6],[39.223,8.588],[39.221,8.574],[39.229,8.564],[39.242,8.563],[39.256,8.559],[39.249,8.545],[39.233,8.538],[39.212,8.521],[39.2,8.502],[39.189,8.48],[39.173,8.459],[39.131,8.419],[39.084,8.384],[39.078,8.369],[39.075,8.349],[39.077,8.31],[39.074,8.305],[39.08,8.304],[39.101,8.293],[39.121,8.297],[39.141,8.308],[39.158,8.313],[39.174,8.302],[39.187,8.281],[39.195,8.264],[39.197,8.248],[39.208,8.226],[39.218,8.223],[39.235,8.231],[39.252,8.243],[39.27,8.263],[39.295,8.346],[39.311,8.372],[39.332,8.383],[39.341,8.382],[39.352,8.387],[39.366,8.382],[39.383,8.382],[39.401,8.4],[39.418,8.413],[39.427,8.415],[39.422,8.437],[39.429,8.465],[39.429,8.478],[39.411,8.489],[39.394,8.496],[39.371,8.519],[39.363,8.532],[39.37,8.548],[39.37,8.564],[39.379,8.576],[39.395,8.591],[39.409,8.61],[39.409,8.635],[39.391,8.66],[39.355,8.694],[39.34,8.708],[39.328,8.717],[39.316,8.724],[39.309,8.727],[39.306,8.723],[39.3,8.72],[39.287,8.719]]]}},{"type":"Feature","properties":{"name":"Waliso"},"geometry":{"type":"Polygon","coordinates":[[[38.016,8.716],[38.011,8.713],[37.977,8.62],[37.959,8.586],[37.937,8.556],[37.914,8.538],[37.934,8.53],[37.945,8.53],[37.957,8.534],[37.967,8.534],[37.977,8.52],[38.014,8.495],[38.026,8.482],[38.034,8.468],[38.041,8.448],[38.046,8.426],[38.05,8.417],[38.053,8.384],[38.068,8.377],[38.078,8.382],[38.082,8.386],[38.087,8.391],[38.104,8.39],[38.111,8.391],[38.123,8.408],[38.14,8.411],[38.165,8.409],[38.207,8.45],[38.203,8.464],[38.19,8.473],[38.176,8.487],[38.166,8.504],[38.16,8.525],[38.147,8.535],[38.133,8.55],[38.133,8.573],[38.136,8.605],[38.143,8.636],[38.143,8.659],[38.15,8.668],[38.135,8.684],[38.129,8.7],[38.118,8.708],[38.098,8.704],[38.077,8.696],[38.059,8.692],[38.041,8.702],[38.024,8.721],[38.016,8.716]]]}},{"type":"Feature","properties":{"name":"Alge Sachi"},"geometry":{"type":"Polygon","coordinates":[[[35.577,8.672],[35.558,8.647],[35.56,8.628],[35.567,8.617],[35.57,8.603],[35.565,8.585],[35.572,8.577],[35.59,8.576],[35.607,8.569],[35.613,8.553],[35.608,8.533],[35.6,8.514],[35.584,8.491],[35.598,8.471],[35.611,8.459],[35.627,8.45],[35.637,8.446],[35.652,8.444],[35.654,8.463],[35.651,8.471],[35.666,8.478],[35.672,8.486],[35.675,8.492],[35.682,8.495],[35.695,8.513],[35.7,8.516],[35.705,8.52],[35.719,8.527],[35.728,8.525],[35.747,8.532],[35.753,8.533],[35.756,8.528],[35.78,8.519],[35.784,8.514],[35.799,8.502],[35.807,8.502],[35.823,8.497],[35.831,8.497],[35.834,8.503],[35.841,8.507],[35.848,8.509],[35.856,8.509],[35.862,8.505],[35.864,8.5],[35.875,8.496],[35.879,8.491],[35.89,8.486],[35.899,8.476],[35.9,8.464],[35.905,8.459],[35.918,8.462],[35.938,8.47],[35.963,8.488],[35.975,8.511],[35.979,8.531],[35.984,8.549],[35.984,8.562],[35.982,8.569],[35.983,8.591],[35.978,8.605],[35.959,8.619],[35.949,8.625],[35.921,8.64],[35.897,8.656],[35.872,8.665],[35.86,8.667],[35.836,8.665],[35.807,8.668],[35.769,8.676],[35.75,8.688],[35.746,8.701],[35.731,8.711],[35.707,8.711],[35.684,8.705],[35.678,8.701],[35.666,8.695],[35.639,8.665],[35.612,8.662],[35.594,8.666],[35.577,8.672]]]}},{"type":"Feature","properties":{"name":"Aseko"},"geometry":{"type":"Polygon","coordinates":[[[40.033,8.656],[40.012,8.646],[40.002,8.625],[39.99,8.606],[39.984,8.579],[40.0,8.514],[39.995,8.49],[39.98,8.475],[39.971,8.454],[39.977,8.43],[39.982,8.415],[39.998,8.414],[40.009,8.421],[40.03,8.399],[40.042,8.393],[40.048,8.403],[40.063,8.41],[40.11,8.413],[40.115,8.432],[40.127,8.438],[40.146,8.444],[40.16,8.457],[40.182,8.466],[40.19,8.481],[40.208,8.492],[40.211,8.509],[40.226,8.519],[40.227,8.533],[40.223,8.557],[40.211,8.55],[40.191,8.551],[40.183,8.56],[40.187,8.576],[40.189,8.605],[40.178,8.62],[40.157,8.626],[40.094,8.63],[40.063,8.629],[40.046,8.636],[40.037,8.648],[40.033,8.656]]]}},{"type":"Feature","properties":{"name":"Gololcha Arsi"},"geometry":{"type":"Polygon","coordinates":[[[40.223,8.557],[40.227,8.533],[40.226,8.519],[40.211,8.509],[40.208,8.492],[40.19,8.481],[40.182,8.466],[40.16,8.457],[40.146,8.444],[40.127,8.438],[40.115,8.432],[40.11,8.413],[40.1,8.372],[40.087,8.358],[40.06,8.355],[40.023,8.343],[40.008,8.314],[40.004,8.29],[40.006,8.258],[40.011,8.226],[40.009,8.197],[40.012,8.174],[40.026,8.162],[40.044,8.158],[40.053,8.139],[40.058,8.126],[40.07,8.12],[40.063,8.103],[40.076,8.095],[40.096,8.091],[40.125,8.088],[40.15,8.09],[40.162,8.064],[40.167,8.036],[40.166,8.02],[40.172,8.013],[40.176,8.008],[40.191,8.013],[40.209,8.021],[40.258,8.047],[40.286,8.063],[40.313,8.081],[40.35,8.09],[40.378,8.093],[40.386,8.099],[40.38,8.114],[40.38,8.134],[40.39,8.158],[40.404,8.182],[40.406,8.203],[40.402,8.233],[40.395,8.256],[40.384,8.277],[40.368,8.306],[40.353,8.324],[40.338,8.345],[40.328,8.371],[40.323,8.424],[40.329,8.511],[40.326,8.534],[40.32,8.554],[40.319,8.575],[40.316,8.604],[40.3,8.613],[40.287,8.606],[40.272,8.591],[40.248,8.571],[40.223,8.557]]]}},{"type":"Feature","properties":{"name":"Chora"},"geometry":{"type":"Polygon","coordinates":[[[37.216,8.595],[37.209,8.588],[37.187,8.556],[37.167,8.538],[37.138,8.529],[37.112,8.511],[37.111,8.491],[37.113,8.465],[37.117,8.448],[37.125,8.426],[37.111,8.414],[37.098,8.399],[37.09,8.381],[37.057,8.369],[37.035,8.351],[37.033,8.341],[37.038,8.334],[37.042,8.309],[37.052,8.306],[37.062,8.301],[37.096,8.251],[37.103,8.244],[37.132,8.226],[37.141,8.231],[37.159,8.215],[37.171,8.214],[37.182,8.209],[37.193,8.193],[37.197,8.177],[37.193,8.168],[37.167,8.153],[37.159,8.147],[37.15,8.137],[37.15,8.122],[37.152,8.104],[37.162,8.079],[37.172,8.067],[37.198,8.081],[37.227,8.091],[37.26,8.096],[37.28,8.103],[37.295,8.121],[37.308,8.14],[37.337,8.149],[37.391,8.158],[37.402,8.159],[37.414,8.185],[37.432,8.208],[37.461,8.229],[37.486,8.249],[37.489,8.253],[37.473,8.267],[37.465,8.284],[37.463,8.307],[37.464,8.313],[37.45,8.316],[37.434,8.332],[37.389,8.39],[37.375,8.41],[37.357,8.452],[37.325,8.495],[37.306,8.531],[37.282,8.559],[37.263,8.586],[37.226,8.586],[37.216,8.595]]]}},{"type":"Feature","properties":{"name":"Jeju"},"geometry":{"type":"Polygon","coordinates":[[[39.699,8.593],[39.658,8.55],[39.635,8.535],[39.609,8.531],[39.579,8.519],[39.591,8.479],[39.593,8.438],[39.588,8.394],[39.579,8.368],[39.583,8.348],[39.595,8.329],[39.596,8.307],[39.593,8.284],[39.585,8.265],[39.574,8.244],[39.56,8.227],[39.555,8.209],[39.56,8.2],[39.566,8.201],[39.572,8.193],[39.566,8.19],[39.581,8.171],[39.591,8.187],[39.596,8.199],[39.609,8.186],[39.639,8.187],[39.641,8.181],[39.648,8.179],[39.653,8.182],[39.662,8.177],[39.674,8.177],[39.695,8.18],[39.714,8.193],[39.759,8.181],[39.766,8.198],[39.774,8.213],[39.775,8.225],[39.781,8.237],[39.791,8.248],[39.786,8.253],[39.784,8.26],[39.78,8.264],[39.775,8.261],[39.77,8.267],[39.766,8.274],[39.764,8.29],[39.761,8.297],[39.751,8.318],[39.755,8.337],[39.784,8.368],[39.782,8.385],[39.768,8.402],[39.76,8.417],[39.76,8.442],[39.751,8.496],[39.729,8.545],[39.709,8.573],[39.699,8.593]]]}},{"type":"Feature","properties":{"name":"Seden Sodo"},"geometry":{"type":"Polygon","coordinates":[[[38.295,8.578],[38.287,8.575],[38.267,8.588],[38.25,8.572],[38.242,8.553],[38.224,8.541],[38.204,8.534],[38.188,8.523],[38.168,8.533],[38.16,8.525],[38.166,8.504],[38.176,8.487],[38.19,8.473],[38.203,8.464],[38.207,8.45],[38.165,8.409],[38.181,8.394],[38.218,8.41],[38.239,8.41],[38.267,8.408],[38.283,8.401],[38.29,8.382],[38.302,8.377],[38.312,8.371],[38.313,8.354],[38.309,8.331],[38.308,8.301],[38.323,8.273],[38.334,8.26],[38.348,8.255],[38.376,8.267],[38.383,8.275],[38.402,8.281],[38.422,8.29],[38.431,8.3],[38.433,8.313],[38.442,8.336],[38.449,8.366],[38.437,8.373],[38.419,8.38],[38.407,8.389],[38.367,8.427],[38.357,8.441],[38.349,8.461],[38.337,8.502],[38.317,8.517],[38.307,8.534],[38.306,8.552],[38.3,8.569],[38.295,8.578]]]}},{"type":"Feature","properties":{"name":"Chora"},"geometry":{"type":"Polygon","coordinates":[[[35.905,8.459],[35.91,8.452],[35.908,8.442],[35.913,8.41],[35.894,8.419],[35.884,8.418],[35.882,8.394],[35.896,8.385],[35.922,8.385],[35.947,8.383],[35.959,8.385],[35.98,8.393],[36.0,8.395],[36.006,8.393],[36.025,8.378],[36.04,8.356],[36.049,8.329],[36.063,8.317],[36.083,8.307],[36.097,8.288],[36.092,8.269],[36.071,8.228],[36.06,8.211],[36.063,8.197],[36.086,8.179],[36.089,8.174],[36.108,8.198],[36.128,8.208],[36.142,8.197],[36.163,8.189],[36.185,8.187],[36.215,8.194],[36.245,8.21],[36.268,8.225],[36.284,8.215],[36.294,8.211],[36.307,8.223],[36.317,8.241],[36.331,8.243],[36.321,8.26],[36.319,8.271],[36.312,8.283],[36.273,8.309],[36.259,8.331],[36.258,8.373],[36.242,8.416],[36.247,8.435],[36.258,8.456],[36.262,8.474],[36.249,8.494],[36.244,8.502],[36.236,8.497],[36.209,8.489],[36.19,8.49],[36.166,8.497],[36.142,8.515],[36.119,8.518],[36.09,8.515],[36.06,8.521],[36.035,8.539],[36.002,8.555],[35.996,8.554],[35.984,8.562],[35.984,8.549],[35.979,8.531],[35.975,8.511],[35.963,8.488],[35.938,8.47],[35.918,8.462],[35.905,8.459]]]}},{"type":"Feature","properties":{"name":"Sire"},"geometry":{"type":"Polygon","coordinates":[[[39.447,8.414],[39.443,8.406],[39.437,8.401],[39.436,8.394],[39.44,8.389],[39.441,8.38],[39.435,8.374],[39.426,8.371],[39.422,8.366],[39.413,8.351],[39.412,8.334],[39.414,8.315],[39.41,8.309],[39.4,8.298],[39.401,8.283],[39.397,8.279],[39.399,8.272],[39.397,8.264],[39.402,8.255],[39.402,8.247],[39.397,8.24],[39.397,8.235],[39.397,8.229],[39.403,8.228],[39.424,8.219],[39.443,8.203],[39.464,8.207],[39.48,8.198],[39.493,8.179],[39.506,8.153],[39.515,8.149],[39.522,8.147],[39.528,8.15],[39.536,8.158],[39.539,8.164],[39.536,8.169],[39.543,8.188],[39.549,8.188],[39.56,8.2],[39.555,8.209],[39.56,8.227],[39.574,8.244],[39.585,8.265],[39.593,8.284],[39.596,8.307],[39.595,8.329],[39.583,8.348],[39.579,8.368],[39.588,8.394],[39.593,8.438],[39.591,8.479],[39.579,8.519],[39.572,8.517],[39.546,8.495],[39.531,8.465],[39.515,8.44],[39.495,8.424],[39.475,8.418],[39.447,8.414]]]}},{"type":"Feature","properties":{"name":"Metu Zuria"},"geometry":{"type":"Polygon","coordinates":[[[35.167,8.48],[35.18,8.458],[35.19,8.451],[35.206,8.436],[35.221,8.414],[35.258,8.354],[35.273,8.317],[35.294,8.288],[35.306,8.282],[35.342,8.269],[35.368,8.257],[35.39,8.239],[35.4,8.217],[35.403,8.212],[35.416,8.223],[35.428,8.245],[35.445,8.253],[35.48,8.237],[35.539,8.216],[35.564,8.197],[35.59,8.181],[35.594,8.173],[35.602,8.179],[35.602,8.19],[35.609,8.194],[35.616,8.196],[35.614,8.206],[35.61,8.211],[35.607,8.22],[35.61,8.228],[35.614,8.23],[35.62,8.24],[35.617,8.25],[35.616,8.259],[35.626,8.262],[35.627,8.274],[35.625,8.283],[35.63,8.291],[35.638,8.285],[35.635,8.314],[35.636,8.337],[35.641,8.347],[35.619,8.351],[35.562,8.351],[35.522,8.334],[35.432,8.38],[35.37,8.449],[35.321,8.455],[35.299,8.462],[35.279,8.47],[35.255,8.477],[35.192,8.485],[35.186,8.486],[35.182,8.489],[35.178,8.485],[35.167,8.48]]]}},{"type":"Feature","properties":{"name":"Yayu"},"geometry":{"type":"Polygon","coordinates":[[[35.884,8.418],[35.867,8.417],[35.859,8.412],[35.838,8.406],[35.827,8.405],[35.797,8.405],[35.784,8.401],[35.761,8.384],[35.798,8.351],[35.836,8.301],[35.888,8.257],[35.93,8.215],[35.956,8.162],[35.974,8.159],[36.027,8.163],[36.073,8.168],[36.089,8.174],[36.086,8.179],[36.063,8.197],[36.06,8.211],[36.071,8.228],[36.092,8.269],[36.097,8.288],[36.083,8.307],[36.063,8.317],[36.049,8.329],[36.04,8.356],[36.025,8.378],[36.006,8.393],[36.0,8.395],[35.98,8.393],[35.959,8.385],[35.947,8.383],[35.922,8.385],[35.896,8.385],[35.882,8.394],[35.884,8.418]]]}},{"type":"Feature","properties":{"name":"Dugda"},"geometry":{"type":"Polygon","coordinates":[[[38.791,8.37],[38.78,8.374],[38.758,8.404],[38.753,8.394],[38.736,8.384],[38.717,8.368],[38.688,8.331],[38.667,8.328],[38.652,8.286],[38.663,8.272],[38.703,8.246],[38.717,8.232],[38.717,8.221],[38.694,8.204],[38.683,8.192],[38.679,8.172],[38.685,8.124],[38.68,8.097],[38.674,8.091],[38.667,8.097],[38.655,8.115],[38.636,8.133],[38.631,8.145],[38.604,8.224],[38.602,8.251],[38.594,8.261],[38.562,8.267],[38.55,8.264],[38.543,8.247],[38.543,8.227],[38.552,8.214],[38.569,8.195],[38.582,8.173],[38.588,8.157],[38.589,8.128],[38.585,8.109],[38.594,8.092],[38.623,8.07],[38.617,8.058],[38.614,8.044],[38.629,8.035],[38.647,8.036],[38.654,8.042],[38.673,8.05],[38.695,8.055],[38.718,8.054],[38.743,8.049],[38.77,8.04],[38.797,8.028],[38.824,8.021],[38.85,8.017],[38.873,8.019],[38.889,8.023],[38.917,8.037],[38.923,8.037],[38.934,8.051],[38.941,8.068],[38.943,8.086],[38.948,8.114],[38.958,8.133],[38.971,8.147],[38.983,8.168],[38.986,8.189],[38.977,8.188],[38.961,8.193],[38.929,8.216],[38.909,8.225],[38.889,8.242],[38.876,8.278],[38.875,8.3],[38.865,8.319],[38.845,8.337],[38.814,8.357],[38.791,8.37]]]}},{"type":"Feature","properties":{"name":"Chole"},"geometry":{"type":"Polygon","coordinates":[[[40.006,8.258],[39.994,8.254],[39.983,8.245],[39.964,8.237],[39.959,8.229],[39.949,8.221],[39.945,8.226],[39.932,8.228],[39.927,8.225],[39.92,8.225],[39.908,8.221],[39.895,8.216],[39.892,8.231],[39.886,8.229],[39.872,8.238],[39.864,8.238],[39.859,8.241],[39.85,8.24],[39.843,8.235],[39.843,8.228],[39.838,8.226],[39.832,8.231],[39.83,8.226],[39.827,8.18],[39.827,8.129],[39.837,8.105],[39.857,8.085],[39.876,8.069],[39.92,8.043],[39.948,8.035],[39.975,8.023],[40.027,8.007],[40.094,8.016],[40.124,8.011],[40.148,8.006],[40.164,8.006],[40.172,8.013],[40.166,8.02],[40.167,8.036],[40.162,8.064],[40.15,8.09],[40.125,8.088],[40.096,8.091],[40.076,8.095],[40.063,8.103],[40.07,8.12],[40.058,8.126],[40.053,8.139],[40.044,8.158],[40.026,8.162],[40.012,8.174],[40.009,8.197],[40.011,8.226],[40.006,8.258]]]}},{"type":"Feature","properties":{"name":"Ziway Dugda"},"geometry":{"type":"Polygon","coordinates":[[[38.923,8.037],[38.906,8.017],[38.895,7.999],[38.873,7.986],[38.82,7.928],[38.807,7.911],[38.737,7.859],[38.718,7.849],[38.708,7.839],[38.709,7.822],[38.698,7.807],[38.688,7.797],[38.696,7.78],[38.717,7.766],[38.741,7.756],[38.763,7.737],[38.778,7.711],[38.786,7.687],[38.827,7.696],[38.845,7.705],[38.857,7.707],[38.884,7.709],[38.897,7.727],[38.899,7.745],[38.915,7.759],[38.927,7.777],[38.935,7.797],[38.942,7.798],[38.94,7.83],[38.951,7.852],[38.98,7.899],[38.997,7.892],[39.018,7.911],[39.038,7.939],[39.063,7.968],[39.066,7.974],[39.08,7.986],[39.093,7.99],[39.121,8.009],[39.132,8.016],[39.149,8.031],[39.152,8.042],[39.151,8.051],[39.143,8.054],[39.128,8.051],[39.12,8.056],[39.122,8.069],[39.13,8.084],[39.134,8.099],[39.134,8.116],[39.13,8.132],[39.123,8.149],[39.124,8.158],[39.111,8.181],[39.11,8.195],[39.119,8.212],[39.117,8.226],[39.1,8.233],[39.08,8.235],[39.055,8.242],[39.074,8.305],[39.057,8.307],[39.031,8.293],[39.013,8.277],[39.0,8.255],[38.993,8.232],[38.988,8.21],[38.986,8.189],[38.983,8.168],[38.971,8.147],[38.958,8.133],[38.948,8.114],[38.943,8.086],[38.941,8.068],[38.934,8.051],[38.923,8.037]]]}},{"type":"Feature","properties":{"name":"Didu"},"geometry":{"type":"Polygon","coordinates":[[[35.682,8.046],[35.676,8.033],[35.676,8.005],[35.625,8.045],[35.608,8.067],[35.562,8.09],[35.534,8.073],[35.471,8.084],[35.406,8.111],[35.398,8.085],[35.38,8.072],[35.349,8.029],[35.339,8.026],[35.345,8.006],[35.347,7.984],[35.366,7.974],[35.385,7.952],[35.401,7.938],[35.418,7.918],[35.425,7.9],[35.429,7.882],[35.434,7.884],[35.46,7.874],[35.475,7.875],[35.491,7.884],[35.498,7.881],[35.506,7.886],[35.513,7.893],[35.521,7.897],[35.531,7.881],[35.537,7.851],[35.545,7.832],[35.555,7.821],[35.571,7.814],[35.59,7.81],[35.607,7.811],[35.629,7.822],[35.668,7.846],[35.677,7.855],[35.694,7.866],[35.704,7.86],[35.717,7.857],[35.74,7.868],[35.763,7.884],[35.793,7.922],[35.8,7.934],[35.801,7.942],[35.796,7.949],[35.783,7.955],[35.772,7.964],[35.768,7.97],[35.739,7.99],[35.724,8.024],[35.726,8.032],[35.696,8.04],[35.682,8.046]]]}},{"type":"Feature","properties":{"name":"Sude"},"geometry":{"type":"Polygon","coordinates":[[[39.662,8.177],[39.662,8.166],[39.657,8.163],[39.659,8.153],[39.667,8.136],[39.674,8.112],[39.67,8.102],[39.66,8.098],[39.651,8.101],[39.648,8.085],[39.641,8.082],[39.641,8.062],[39.639,8.052],[39.627,8.056],[39.63,8.039],[39.612,8.021],[39.602,8.0],[39.582,7.972],[39.584,7.965],[39.591,7.95],[39.601,7.938],[39.618,7.926],[39.631,7.924],[39.652,7.912],[39.67,7.893],[39.695,7.883],[39.722,7.882],[39.739,7.866],[39.764,7.862],[39.793,7.872],[39.802,7.867],[39.819,7.873],[39.853,7.866],[39.926,7.884],[39.959,7.885],[39.995,7.891],[40.026,7.897],[40.048,7.905],[40.06,7.915],[40.062,7.939],[40.07,7.958],[40.074,7.971],[40.091,7.993],[40.094,8.016],[40.027,8.007],[39.975,8.023],[39.948,8.035],[39.92,8.043],[39.876,8.069],[39.857,8.085],[39.837,8.105],[39.827,8.129],[39.827,8.18],[39.82,8.178],[39.813,8.182],[39.803,8.179],[39.797,8.179],[39.798,8.2],[39.792,8.221],[39.795,8.236],[39.791,8.248],[39.781,8.237],[39.775,8.225],[39.774,8.213],[39.766,8.198],[39.759,8.181],[39.714,8.193],[39.695,8.18],[39.674,8.177],[39.662,8.177]]]}},{"type":"Feature","properties":{"name":"Setema"},"geometry":{"type":"Polygon","coordinates":[[[36.089,8.174],[36.073,8.168],[36.081,8.154],[36.082,8.145],[36.073,8.112],[36.057,8.084],[36.062,8.065],[36.054,8.044],[36.05,8.021],[36.061,8.006],[36.081,7.997],[36.107,7.996],[36.115,7.994],[36.126,7.998],[36.128,7.991],[36.139,7.965],[36.147,7.939],[36.15,7.921],[36.156,7.897],[36.178,7.85],[36.174,7.843],[36.188,7.838],[36.23,7.85],[36.237,7.869],[36.255,7.883],[36.252,7.907],[36.271,7.915],[36.277,7.896],[36.29,7.894],[36.293,7.898],[36.303,7.913],[36.308,7.933],[36.308,7.949],[36.313,7.964],[36.338,7.982],[36.349,7.994],[36.361,8.002],[36.409,8.025],[36.426,8.043],[36.416,8.047],[36.399,8.062],[36.393,8.084],[36.398,8.105],[36.409,8.128],[36.416,8.15],[36.417,8.162],[36.417,8.169],[36.407,8.184],[36.393,8.19],[36.382,8.19],[36.37,8.199],[36.355,8.215],[36.344,8.235],[36.331,8.243],[36.317,8.241],[36.307,8.223],[36.294,8.211],[36.284,8.215],[36.268,8.225],[36.245,8.21],[36.215,8.194],[36.185,8.187],[36.163,8.189],[36.142,8.197],[36.128,8.208],[36.108,8.198],[36.089,8.174]]]}},{"type":"Feature","properties":{"name":"Hitosa"},"geometry":{"type":"Polygon","coordinates":[[[39.208,8.226],[39.182,8.193],[39.161,8.183],[39.13,8.155],[39.124,8.158],[39.123,8.149],[39.13,8.132],[39.134,8.116],[39.134,8.099],[39.13,8.084],[39.122,8.069],[39.12,8.056],[39.128,8.051],[39.143,8.054],[39.151,8.051],[39.152,8.042],[39.149,8.031],[39.165,8.031],[39.188,8.028],[39.205,8.021],[39.232,7.994],[39.214,7.984],[39.224,7.935],[39.22,7.915],[39.23,7.899],[39.262,7.905],[39.29,7.902],[39.306,7.888],[39.307,7.882],[39.32,7.88],[39.33,7.877],[39.358,7.874],[39.398,7.878],[39.415,7.876],[39.424,7.89],[39.431,7.894],[39.432,7.911],[39.424,7.922],[39.419,7.933],[39.412,7.954],[39.401,7.971],[39.39,7.973],[39.379,7.978],[39.371,7.99],[39.375,8.008],[39.354,8.012],[39.354,8.021],[39.345,8.028],[39.338,8.029],[39.333,8.036],[39.335,8.047],[39.325,8.048],[39.319,8.057],[39.322,8.064],[39.322,8.071],[39.304,8.057],[39.3,8.064],[39.298,8.073],[39.298,8.083],[39.306,8.088],[39.313,8.099],[39.308,8.107],[39.312,8.114],[39.308,8.121],[39.312,8.128],[39.319,8.134],[39.321,8.141],[39.31,8.169],[39.287,8.192],[39.294,8.199],[39.3,8.202],[39.287,8.213],[39.275,8.22],[39.252,8.243],[39.235,8.231],[39.218,8.223],[39.208,8.226]]]}},{"type":"Feature","properties":{"name":"Dedesa"},"geometry":{"type":"Polygon","coordinates":[[[36.426,8.043],[36.442,8.037],[36.472,8.038],[36.496,8.046],[36.533,8.061],[36.57,8.055],[36.591,8.026],[36.599,7.995],[36.612,7.987],[36.628,7.996],[36.635,8.0],[36.643,8.015],[36.646,8.027],[36.653,8.04],[36.668,8.053],[36.691,8.057],[36.722,8.056],[36.728,8.06],[36.743,8.069],[36.749,8.085],[36.761,8.105],[36.756,8.113],[36.741,8.123],[36.721,8.142],[36.692,8.158],[36.672,8.166],[36.658,8.166],[36.639,8.152],[36.626,8.14],[36.611,8.135],[36.604,8.142],[36.599,8.15],[36.595,8.156],[36.579,8.168],[36.553,8.175],[36.532,8.179],[36.46,8.176],[36.451,8.174],[36.429,8.162],[36.417,8.162],[36.416,8.15],[36.409,8.128],[36.398,8.105],[36.393,8.084],[36.399,8.062],[36.416,8.047],[36.426,8.043]]]}},{"type":"Feature","properties":{"name":"Sigmo"},"geometry":{"type":"Polygon","coordinates":[[[35.956,8.162],[35.934,8.161],[35.915,8.151],[35.902,8.13],[35.895,8.105],[35.886,8.083],[35.875,8.07],[35.87,8.066],[35.873,8.06],[35.889,8.002],[35.9,7.972],[35.906,7.947],[35.903,7.927],[35.888,7.894],[35.875,7.877],[35.86,7.861],[35.852,7.849],[35.849,7.84],[35.861,7.83],[35.876,7.823],[35.899,7.808],[35.923,7.788],[35.942,7.775],[35.953,7.771],[35.987,7.756],[35.99,7.77],[35.995,7.779],[36.026,7.789],[36.059,7.797],[36.09,7.801],[36.114,7.81],[36.136,7.815],[36.163,7.828],[36.174,7.843],[36.178,7.85],[36.156,7.897],[36.15,7.921],[36.147,7.939],[36.139,7.965],[36.128,7.991],[36.126,7.998],[36.115,7.994],[36.107,7.996],[36.081,7.997],[36.061,8.006],[36.05,8.021],[36.054,8.044],[36.062,8.065],[36.057,8.084],[36.073,8.112],[36.082,8.145],[36.081,8.154],[36.073,8.168],[36.027,8.163],[35.974,8.159],[35.956,8.162]]]}},{"type":"Feature","properties":{"name":"Tiro Afeta"},"geometry":{"type":"Polygon","coordinates":[[[37.172,8.067],[37.155,8.053],[37.144,8.036],[37.118,8.013],[37.114,8.0],[37.1,7.998],[37.085,7.985],[37.092,7.977],[37.108,7.943],[37.128,7.924],[37.114,7.896],[37.138,7.86],[37.18,7.833],[37.19,7.823],[37.2,7.804],[37.22,7.803],[37.235,7.806],[37.269,7.796],[37.279,7.794],[37.297,7.807],[37.3,7.822],[37.308,7.833],[37.322,7.835],[37.336,7.847],[37.353,7.887],[37.37,7.91],[37.382,7.928],[37.384,7.934],[37.4,7.955],[37.391,7.963],[37.389,7.976],[37.391,7.986],[37.393,7.994],[37.405,7.995],[37.41,7.999],[37.397,8.016],[37.397,8.026],[37.404,8.067],[37.404,8.098],[37.402,8.131],[37.402,8.159],[37.391,8.158],[37.337,8.149],[37.308,8.14],[37.295,8.121],[37.28,8.103],[37.26,8.096],[37.227,8.091],[37.198,8.081],[37.172,8.067]]]}},{"type":"Feature","properties":{"name":"Lege Hida"},"geometry":{"type":"Polygon","coordinates":[[[41.868,7.534],[41.866,7.516],[41.844,7.517],[41.843,7.535],[41.837,7.552],[41.797,7.557],[41.781,7.569],[41.763,7.59],[41.742,7.599],[41.724,7.609],[41.708,7.612],[41.702,7.622],[41.702,7.63],[41.696,7.637],[41.677,7.641],[41.675,7.654],[41.678,7.669],[41.654,7.679],[41.649,7.702],[41.653,7.709],[41.64,7.714],[41.625,7.721],[41.608,7.733],[41.595,7.746],[41.591,7.771],[41.594,7.802],[41.595,7.831],[41.586,7.849],[41.566,7.852],[41.552,7.865],[41.544,7.913],[41.526,7.939],[41.524,7.95],[41.525,7.958],[41.52,7.973],[41.519,7.979],[41.533,8.012],[41.532,8.044],[41.528,8.075],[41.521,8.101],[41.504,8.121],[41.474,8.133],[41.428,8.124],[41.396,8.134],[41.328,8.148],[41.299,8.149],[41.253,8.133],[41.194,8.127],[41.168,8.114],[41.15,8.1],[41.105,8.066],[41.087,8.055],[41.054,8.02],[41.036,8.007],[41.019,7.991],[40.983,7.973],[40.973,7.964],[40.961,7.959],[40.93,7.956],[40.906,7.954],[40.878,7.956],[40.808,7.956],[40.767,7.948],[40.754,7.943],[40.73,7.917],[40.717,7.891],[40.711,7.878],[40.704,7.856],[40.737,7.837],[40.745,7.808],[40.761,7.804],[40.772,7.796],[40.782,7.803],[40.795,7.791],[40.803,7.792],[40.827,7.791],[40.835,7.784],[40.839,7.773],[40.864,7.773],[40.877,7.764],[40.881,7.754],[40.858,7.746],[40.839,7.744],[40.828,7.74],[40.817,7.722],[40.82,7.707],[40.836,7.693],[40.835,7.679],[40.842,7.663],[40.855,7.644],[40.855,7.634],[40.864,7.635],[40.878,7.627],[40.886,7.67],[40.913,7.695],[40.943,7.707],[40.966,7.703],[40.987,7.704],[41.01,7.713],[41.014,7.716],[41.042,7.73],[41.055,7.729],[41.08,7.715],[41.119,7.708],[41.141,7.695],[41.156,7.668],[41.16,7.646],[41.155,7.62],[41.119,7.581],[41.104,7.559],[41.102,7.537],[41.105,7.522],[41.127,7.52],[41.149,7.533],[41.169,7.556],[41.195,7.603],[41.204,7.625],[41.226,7.637],[41.266,7.637],[41.306,7.63],[41.339,7.628],[41.37,7.625],[41.397,7.615],[41.404,7.595],[41.417,7.57],[41.423,7.552],[41.442,7.537],[41.471,7.526],[41.5,7.519],[41.544,7.5],[41.571,7.5],[41.602,7.487],[41.626,7.474],[41.638,7.46],[41.649,7.44],[41.663,7.423],[41.676,7.406],[41.693,7.396],[41.718,7.396],[41.738,7.389],[41.753,7.378],[41.779,7.373],[41.812,7.376],[41.839,7.373],[41.869,7.364],[41.911,7.338],[41.929,7.323],[41.95,7.314],[41.959,7.315],[41.983,7.346],[42.007,7.337],[42.041,7.327],[42.061,7.336],[42.072,7.344],[41.897,7.412],[41.868,7.534]]]}},{"type":"Feature","properties":{"name":"Amigna"},"geometry":{"type":"Polygon","coordinates":[[[40.172,8.013],[40.164,8.006],[40.148,8.006],[40.124,8.011],[40.094,8.016],[40.091,7.993],[40.074,7.971],[40.07,7.958],[40.062,7.939],[40.06,7.915],[40.048,7.905],[40.026,7.897],[39.995,7.891],[39.959,7.885],[39.926,7.884],[39.853,7.866],[39.819,7.873],[39.802,7.867],[39.81,7.845],[39.813,7.828],[39.817,7.811],[39.805,7.795],[39.794,7.776],[39.798,7.749],[39.81,7.732],[39.838,7.724],[39.87,7.705],[39.894,7.687],[39.896,7.673],[39.909,7.678],[39.914,7.688],[39.914,7.709],[39.921,7.709],[39.921,7.717],[39.931,7.717],[39.938,7.726],[39.938,7.732],[39.947,7.732],[39.954,7.743],[39.969,7.74],[39.98,7.742],[39.985,7.754],[39.991,7.766],[40.011,7.772],[40.025,7.779],[40.048,7.777],[40.061,7.775],[40.077,7.776],[40.1,7.785],[40.109,7.791],[40.095,7.794],[40.062,7.789],[40.055,7.8],[40.069,7.811],[40.089,7.825],[40.097,7.846],[40.103,7.87],[40.138,7.884],[40.176,7.885],[40.204,7.878],[40.21,7.877],[40.257,7.879],[40.305,7.895],[40.338,7.903],[40.377,7.897],[40.42,7.881],[40.453,7.863],[40.482,7.839],[40.502,7.825],[40.53,7.821],[40.575,7.84],[40.586,7.847],[40.589,7.855],[40.59,7.879],[40.563,7.883],[40.479,7.928],[40.462,7.941],[40.441,7.968],[40.446,7.998],[40.446,8.005],[40.437,8.015],[40.409,8.022],[40.397,8.042],[40.401,8.07],[40.394,8.089],[40.386,8.099],[40.378,8.093],[40.35,8.09],[40.313,8.081],[40.286,8.063],[40.258,8.047],[40.209,8.021],[40.191,8.013],[40.176,8.008],[40.172,8.013]]]}},{"type":"Feature","properties":{"name":"Goma"},"geometry":{"type":"Polygon","coordinates":[[[36.628,7.996],[36.615,7.969],[36.568,7.94],[36.56,7.939],[36.545,7.927],[36.527,7.915],[36.503,7.909],[36.484,7.888],[36.42,7.86],[36.405,7.848],[36.412,7.841],[36.425,7.821],[36.431,7.8],[36.433,7.782],[36.452,7.741],[36.454,7.72],[36.448,7.704],[36.446,7.689],[36.45,7.681],[36.455,7.673],[36.468,7.669],[36.486,7.671],[36.496,7.688],[36.502,7.709],[36.515,7.721],[36.539,7.728],[36.549,7.746],[36.559,7.755],[36.576,7.76],[36.601,7.758],[36.618,7.781],[36.633,7.796],[36.659,7.838],[36.667,7.862],[36.675,7.897],[36.688,7.906],[36.706,7.907],[36.72,7.906],[36.734,7.907],[36.735,7.915],[36.732,7.933],[36.739,7.956],[36.742,7.975],[36.748,7.99],[36.748,7.996],[36.745,8.006],[36.747,8.013],[36.742,8.021],[36.738,8.039],[36.728,8.06],[36.722,8.056],[36.691,8.057],[36.668,8.053],[36.653,8.04],[36.646,8.027],[36.643,8.015],[36.635,8.0],[36.628,7.996]]]}},{"type":"Feature","properties":{"name":"Adami Tulu Jido Kombolcha"},"geometry":{"type":"Polygon","coordinates":[[[38.629,8.035],[38.625,8.027],[38.611,8.013],[38.613,8.008],[38.598,7.992],[38.59,7.962],[38.587,7.939],[38.577,7.925],[38.567,7.907],[38.564,7.886],[38.55,7.872],[38.529,7.86],[38.514,7.85],[38.504,7.832],[38.501,7.812],[38.493,7.797],[38.446,7.761],[38.443,7.74],[38.439,7.72],[38.427,7.698],[38.413,7.683],[38.412,7.663],[38.419,7.644],[38.421,7.626],[38.409,7.606],[38.402,7.596],[38.402,7.58],[38.42,7.571],[38.434,7.579],[38.45,7.591],[38.458,7.61],[38.475,7.623],[38.499,7.634],[38.513,7.65],[38.536,7.67],[38.566,7.67],[38.587,7.659],[38.61,7.661],[38.668,7.679],[38.697,7.684],[38.724,7.675],[38.755,7.669],[38.786,7.668],[38.786,7.687],[38.778,7.711],[38.763,7.737],[38.741,7.756],[38.717,7.766],[38.696,7.78],[38.688,7.797],[38.698,7.807],[38.709,7.822],[38.708,7.839],[38.718,7.849],[38.737,7.859],[38.807,7.911],[38.82,7.928],[38.873,7.986],[38.895,7.999],[38.906,8.017],[38.923,8.037],[38.917,8.037],[38.889,8.023],[38.873,8.019],[38.85,8.017],[38.824,8.021],[38.797,8.028],[38.77,8.04],[38.743,8.049],[38.718,8.054],[38.695,8.055],[38.673,8.05],[38.654,8.042],[38.647,8.036],[38.629,8.035]]]}},{"type":"Feature","properties":{"name":"Tiyo"},"geometry":{"type":"Polygon","coordinates":[[[38.942,7.798],[38.951,7.794],[38.969,7.775],[38.987,7.767],[39.0,7.772],[39.011,7.777],[39.03,7.792],[39.063,7.803],[39.098,7.804],[39.145,7.798],[39.176,7.801],[39.191,7.804],[39.226,7.822],[39.251,7.841],[39.307,7.882],[39.306,7.888],[39.29,7.902],[39.262,7.905],[39.23,7.899],[39.22,7.915],[39.224,7.935],[39.214,7.984],[39.232,7.994],[39.205,8.021],[39.188,8.028],[39.165,8.031],[39.149,8.031],[39.132,8.016],[39.121,8.009],[39.093,7.99],[39.08,7.986],[39.066,7.974],[39.063,7.968],[39.038,7.939],[39.018,7.911],[38.997,7.892],[38.98,7.899],[38.951,7.852],[38.94,7.83],[38.942,7.798]]]}},{"type":"Feature","properties":{"name":"Kersa"},"geometry":{"type":"Polygon","coordinates":[[[37.085,7.985],[37.079,7.98],[37.066,7.975],[37.047,7.973],[37.033,7.959],[37.022,7.93],[37.0,7.92],[36.988,7.926],[36.966,7.899],[36.952,7.87],[36.929,7.851],[36.906,7.848],[36.886,7.836],[36.873,7.823],[36.868,7.804],[36.868,7.758],[36.856,7.74],[36.817,7.716],[36.809,7.705],[36.803,7.669],[36.826,7.65],[36.842,7.633],[36.873,7.621],[36.885,7.611],[36.899,7.592],[36.918,7.577],[36.941,7.582],[36.966,7.585],[36.988,7.583],[36.997,7.593],[36.995,7.605],[37.007,7.601],[37.003,7.607],[37.0,7.616],[37.0,7.63],[37.006,7.651],[37.023,7.673],[37.041,7.683],[37.063,7.679],[37.081,7.691],[37.109,7.694],[37.136,7.707],[37.161,7.722],[37.182,7.765],[37.193,7.777],[37.2,7.804],[37.19,7.823],[37.18,7.833],[37.138,7.86],[37.114,7.896],[37.128,7.924],[37.108,7.943],[37.092,7.977],[37.085,7.985]]]}},{"type":"Feature","properties":{"name":"Sekoru"},"geometry":{"type":"MultiPolygon","coordinates":[[[[37.269,7.796],[37.266,7.783],[37.269,7.768],[37.278,7.756],[37.281,7.744],[37.291,7.732],[37.304,7.729],[37.318,7.729],[37.334,7.725],[37.351,7.716],[37.351,7.691],[37.342,7.674],[37.324,7.669],[37.304,7.666],[37.291,7.656],[37.297,7.636],[37.319,7.642],[37.337,7.636],[37.357,7.632],[37.39,7.634],[37.399,7.632],[37.421,7.635],[37.408,7.659],[37.402,7.684],[37.402,7.711],[37.401,7.742],[37.406,7.828],[37.413,7.855],[37.435,7.899],[37.438,7.92],[37.43,7.932],[37.417,7.945],[37.4,7.955],[37.384,7.934],[37.382,7.928],[37.37,7.91],[37.353,7.887],[37.336,7.847],[37.322,7.835],[37.308,7.833],[37.3,7.822],[37.297,7.807],[37.279,7.794],[37.269,7.796]]],[[[37.402,8.159],[37.402,8.131],[37.404,8.098],[37.404,8.067],[37.397,8.026],[37.397,8.016],[37.41,7.999],[37.425,8.004],[37.46,8.009],[37.478,8.015],[37.492,8.018],[37.502,8.013],[37.515,8.001],[37.519,7.993],[37.523,7.978],[37.534,7.961],[37.54,7.955],[37.55,7.95],[37.558,7.949],[37.574,7.953],[37.604,7.966],[37.602,7.975],[37.602,8.012],[37.593,8.075],[37.593,8.094],[37.596,8.113],[37.607,8.152],[37.618,8.178],[37.625,8.201],[37.622,8.21],[37.574,8.226],[37.518,8.237],[37.489,8.253],[37.486,8.249],[37.461,8.229],[37.432,8.208],[37.414,8.185],[37.402,8.159]]]]}},{"type":"Feature","properties":{"name":"Robe"},"geometry":{"type":"Polygon","coordinates":[[[39.591,7.95],[39.58,7.94],[39.579,7.934],[39.569,7.917],[39.545,7.912],[39.519,7.916],[39.495,7.914],[39.445,7.898],[39.431,7.894],[39.424,7.89],[39.429,7.887],[39.436,7.887],[39.459,7.887],[39.473,7.889],[39.521,7.878],[39.55,7.864],[39.565,7.844],[39.563,7.805],[39.578,7.779],[39.62,7.747],[39.634,7.723],[39.637,7.702],[39.637,7.681],[39.645,7.65],[39.663,7.622],[39.717,7.59],[39.732,7.573],[39.785,7.565],[39.8,7.548],[39.803,7.528],[39.815,7.515],[39.835,7.512],[39.879,7.499],[39.905,7.475],[39.959,7.483],[40.002,7.478],[40.021,7.464],[40.052,7.461],[40.076,7.446],[40.112,7.438],[40.147,7.44],[40.19,7.458],[40.209,7.475],[40.204,7.484],[40.194,7.486],[40.175,7.491],[40.128,7.494],[40.091,7.499],[40.064,7.52],[39.991,7.555],[39.966,7.582],[39.929,7.601],[39.906,7.611],[39.904,7.625],[39.907,7.651],[39.9,7.657],[39.896,7.673],[39.894,7.687],[39.87,7.705],[39.838,7.724],[39.81,7.732],[39.798,7.749],[39.794,7.776],[39.805,7.795],[39.817,7.811],[39.813,7.828],[39.81,7.845],[39.802,7.867],[39.793,7.872],[39.764,7.862],[39.739,7.866],[39.722,7.882],[39.695,7.883],[39.67,7.893],[39.652,7.912],[39.631,7.924],[39.618,7.926],[39.601,7.938],[39.591,7.95]]]}},{"type":"Feature","properties":{"name":"Gera"},"geometry":{"type":"Polygon","coordinates":[[[36.174,7.843],[36.163,7.828],[36.136,7.815],[36.114,7.81],[36.09,7.801],[36.059,7.797],[36.026,7.789],[35.995,7.779],[35.99,7.77],[35.987,7.756],[35.998,7.746],[36.021,7.693],[36.043,7.676],[36.053,7.655],[36.048,7.635],[36.033,7.593],[36.036,7.574],[36.046,7.567],[36.063,7.559],[36.088,7.555],[36.128,7.557],[36.157,7.544],[36.182,7.525],[36.201,7.505],[36.217,7.492],[36.225,7.486],[36.242,7.478],[36.28,7.464],[36.293,7.497],[36.293,7.515],[36.276,7.566],[36.288,7.579],[36.311,7.588],[36.325,7.606],[36.338,7.627],[36.349,7.639],[36.371,7.652],[36.45,7.681],[36.446,7.689],[36.448,7.704],[36.454,7.72],[36.452,7.741],[36.433,7.782],[36.431,7.8],[36.425,7.821],[36.412,7.841],[36.405,7.848],[36.38,7.828],[36.363,7.82],[36.335,7.816],[36.309,7.818],[36.3,7.823],[36.301,7.835],[36.321,7.862],[36.314,7.883],[36.302,7.886],[36.293,7.898],[36.29,7.894],[36.277,7.896],[36.271,7.915],[36.252,7.907],[36.255,7.883],[36.237,7.869],[36.23,7.85],[36.188,7.838],[36.174,7.843]]]}},{"type":"Feature","properties":{"name":"Mena"},"geometry":{"type":"Polygon","coordinates":[[[36.601,7.758],[36.632,7.732],[36.654,7.735],[36.675,7.736],[36.69,7.726],[36.696,7.705],[36.715,7.684],[36.742,7.663],[36.762,7.658],[36.771,7.667],[36.803,7.669],[36.809,7.705],[36.817,7.716],[36.856,7.74],[36.868,7.758],[36.868,7.804],[36.873,7.823],[36.886,7.836],[36.859,7.851],[36.851,7.856],[36.832,7.874],[36.81,7.892],[36.787,7.895],[36.762,7.895],[36.744,7.9],[36.734,7.907],[36.72,7.906],[36.706,7.907],[36.688,7.906],[36.675,7.897],[36.667,7.862],[36.659,7.838],[36.633,7.796],[36.618,7.781],[36.601,7.758]]]}},{"type":"Feature","properties":{"name":"Seru"},"geometry":{"type":"Polygon","coordinates":[[[40.717,7.891],[40.704,7.895],[40.68,7.894],[40.616,7.882],[40.59,7.879],[40.589,7.855],[40.586,7.847],[40.575,7.84],[40.53,7.821],[40.502,7.825],[40.482,7.839],[40.453,7.863],[40.42,7.881],[40.377,7.897],[40.338,7.903],[40.305,7.895],[40.257,7.879],[40.21,7.877],[40.204,7.878],[40.2,7.864],[40.185,7.851],[40.177,7.829],[40.172,7.822],[40.136,7.814],[40.13,7.806],[40.113,7.8],[40.109,7.791],[40.124,7.794],[40.139,7.792],[40.146,7.782],[40.154,7.78],[40.149,7.776],[40.144,7.775],[40.138,7.77],[40.138,7.764],[40.131,7.763],[40.119,7.767],[40.114,7.767],[40.109,7.768],[40.101,7.758],[40.099,7.737],[40.093,7.735],[40.092,7.73],[40.079,7.734],[40.072,7.72],[40.067,7.714],[40.061,7.701],[40.045,7.688],[40.068,7.683],[40.09,7.67],[40.103,7.677],[40.115,7.675],[40.125,7.663],[40.138,7.658],[40.135,7.648],[40.155,7.63],[40.172,7.606],[40.16,7.595],[40.159,7.582],[40.156,7.573],[40.15,7.564],[40.15,7.554],[40.168,7.547],[40.185,7.555],[40.193,7.544],[40.193,7.532],[40.204,7.525],[40.208,7.514],[40.194,7.486],[40.204,7.484],[40.209,7.475],[40.268,7.515],[40.28,7.525],[40.321,7.559],[40.348,7.585],[40.374,7.605],[40.441,7.636],[40.474,7.645],[40.521,7.649],[40.534,7.653],[40.565,7.725],[40.583,7.757],[40.605,7.777],[40.635,7.799],[40.661,7.812],[40.676,7.814],[40.693,7.824],[40.704,7.856],[40.711,7.878],[40.717,7.891]]]}},{"type":"Feature","properties":{"name":"Degeluna Tijo"},"geometry":{"type":"Polygon","coordinates":[[[39.307,7.882],[39.251,7.841],[39.226,7.822],[39.191,7.804],[39.176,7.801],[39.145,7.798],[39.098,7.804],[39.063,7.803],[39.03,7.792],[39.011,7.777],[39.0,7.772],[39.002,7.766],[39.002,7.745],[39.01,7.691],[39.026,7.667],[39.061,7.641],[39.081,7.642],[39.109,7.648],[39.14,7.636],[39.145,7.631],[39.174,7.63],[39.195,7.626],[39.243,7.61],[39.257,7.599],[39.278,7.598],[39.297,7.592],[39.32,7.593],[39.349,7.589],[39.358,7.608],[39.387,7.686],[39.39,7.701],[39.395,7.725],[39.405,7.757],[39.409,7.802],[39.409,7.851],[39.415,7.876],[39.398,7.878],[39.358,7.874],[39.33,7.877],[39.32,7.88],[39.307,7.882]]]}},{"type":"Feature","properties":{"name":"Gololcha Bale"},"geometry":{"type":"Polygon","coordinates":[[[40.792,7.412],[40.81,7.446],[40.828,7.457],[40.851,7.496],[40.868,7.557],[40.878,7.627],[40.864,7.635],[40.855,7.634],[40.855,7.644],[40.842,7.663],[40.835,7.679],[40.836,7.693],[40.82,7.707],[40.817,7.722],[40.828,7.74],[40.839,7.744],[40.858,7.746],[40.881,7.754],[40.877,7.764],[40.864,7.773],[40.839,7.773],[40.835,7.784],[40.827,7.791],[40.803,7.792],[40.795,7.791],[40.782,7.803],[40.772,7.796],[40.761,7.804],[40.745,7.808],[40.737,7.837],[40.704,7.856],[40.693,7.824],[40.676,7.814],[40.661,7.812],[40.635,7.799],[40.605,7.777],[40.583,7.757],[40.565,7.725],[40.534,7.653],[40.521,7.649],[40.474,7.645],[40.441,7.636],[40.374,7.605],[40.348,7.585],[40.321,7.559],[40.28,7.525],[40.291,7.515],[40.301,7.512],[40.31,7.512],[40.312,7.499],[40.309,7.491],[40.31,7.484],[40.316,7.481],[40.34,7.485],[40.347,7.484],[40.354,7.476],[40.361,7.473],[40.367,7.478],[40.372,7.476],[40.375,7.466],[40.372,7.461],[40.358,7.459],[40.35,7.441],[40.339,7.428],[40.341,7.416],[40.358,7.429],[40.36,7.424],[40.355,7.41],[40.358,7.405],[40.35,7.398],[40.341,7.394],[40.347,7.383],[40.358,7.383],[40.365,7.39],[40.375,7.395],[40.382,7.403],[40.388,7.412],[40.4,7.409],[40.406,7.405],[40.401,7.401],[40.395,7.399],[40.39,7.39],[40.389,7.384],[40.38,7.382],[40.378,7.365],[40.367,7.353],[40.356,7.328],[40.349,7.303],[40.321,7.276],[40.348,7.27],[40.367,7.275],[40.378,7.299],[40.394,7.317],[40.423,7.324],[40.446,7.306],[40.468,7.293],[40.477,7.266],[40.504,7.269],[40.515,7.292],[40.549,7.317],[40.574,7.326],[40.639,7.394],[40.681,7.403],[40.714,7.402],[40.78,7.416],[40.792,7.412]]]}},{"type":"Feature","properties":{"name":"Omo Nada"},"geometry":{"type":"Polygon","coordinates":[[[37.2,7.804],[37.193,7.777],[37.182,7.765],[37.161,7.722],[37.136,7.707],[37.109,7.694],[37.081,7.691],[37.063,7.679],[37.041,7.683],[37.023,7.673],[37.006,7.651],[37.0,7.63],[37.0,7.616],[37.003,7.607],[37.007,7.601],[37.035,7.592],[37.038,7.57],[37.034,7.552],[37.03,7.546],[37.031,7.531],[37.037,7.517],[37.053,7.511],[37.07,7.498],[37.079,7.476],[37.084,7.449],[37.079,7.408],[37.083,7.389],[37.121,7.343],[37.138,7.328],[37.153,7.317],[37.189,7.296],[37.201,7.283],[37.212,7.294],[37.239,7.313],[37.263,7.327],[37.288,7.336],[37.332,7.345],[37.332,7.351],[37.357,7.362],[37.381,7.381],[37.391,7.404],[37.408,7.493],[37.439,7.547],[37.446,7.565],[37.436,7.585],[37.421,7.635],[37.399,7.632],[37.39,7.634],[37.357,7.632],[37.337,7.636],[37.319,7.642],[37.297,7.636],[37.291,7.656],[37.304,7.666],[37.324,7.669],[37.342,7.674],[37.351,7.691],[37.351,7.716],[37.334,7.725],[37.318,7.729],[37.304,7.729],[37.291,7.732],[37.281,7.744],[37.278,7.756],[37.269,7.768],[37.266,7.783],[37.269,7.796],[37.235,7.806],[37.22,7.803],[37.2,7.804]]]}},{"type":"Feature","properties":{"name":"Munessa"},"geometry":{"type":"Polygon","coordinates":[[[38.857,7.707],[38.863,7.69],[38.865,7.679],[38.877,7.664],[38.887,7.663],[38.898,7.666],[38.897,7.656],[38.887,7.642],[38.879,7.617],[38.884,7.606],[38.89,7.6],[38.872,7.58],[38.876,7.576],[38.887,7.573],[38.867,7.506],[38.861,7.506],[38.848,7.475],[38.855,7.467],[38.863,7.467],[38.87,7.454],[38.883,7.449],[38.883,7.432],[38.89,7.417],[38.89,7.402],[38.894,7.385],[38.902,7.387],[38.899,7.374],[38.9,7.365],[38.893,7.362],[38.89,7.355],[38.897,7.353],[38.905,7.355],[38.914,7.349],[38.916,7.343],[38.909,7.339],[38.911,7.334],[38.919,7.326],[38.971,7.319],[39.002,7.328],[39.042,7.343],[39.067,7.356],[39.129,7.364],[39.097,7.399],[39.086,7.422],[39.097,7.453],[39.096,7.487],[39.084,7.513],[39.084,7.539],[39.1,7.573],[39.138,7.613],[39.145,7.631],[39.14,7.636],[39.109,7.648],[39.081,7.642],[39.061,7.641],[39.026,7.667],[39.01,7.691],[39.002,7.745],[39.002,7.766],[39.0,7.772],[38.987,7.767],[38.969,7.775],[38.951,7.794],[38.942,7.798],[38.935,7.797],[38.927,7.777],[38.915,7.759],[38.899,7.745],[38.897,7.727],[38.884,7.709],[38.857,7.707]]]}},{"type":"Feature","properties":{"name":"Shebe Sambo"},"geometry":{"type":"Polygon","coordinates":[[[36.45,7.681],[36.371,7.652],[36.349,7.639],[36.338,7.627],[36.325,7.606],[36.311,7.588],[36.288,7.579],[36.276,7.566],[36.293,7.515],[36.293,7.497],[36.28,7.464],[36.303,7.451],[36.349,7.447],[36.375,7.417],[36.407,7.41],[36.454,7.419],[36.471,7.417],[36.485,7.417],[36.599,7.37],[36.607,7.37],[36.624,7.38],[36.634,7.379],[36.639,7.372],[36.653,7.346],[36.673,7.329],[36.695,7.314],[36.721,7.3],[36.729,7.326],[36.731,7.347],[36.73,7.373],[36.732,7.396],[36.736,7.422],[36.741,7.434],[36.741,7.467],[36.739,7.496],[36.735,7.511],[36.721,7.521],[36.715,7.532],[36.712,7.545],[36.707,7.554],[36.693,7.564],[36.669,7.573],[36.613,7.603],[36.56,7.627],[36.503,7.656],[36.486,7.671],[36.468,7.669],[36.455,7.673],[36.45,7.681]]]}},{"type":"Feature","properties":{"name":"Seweyna"},"geometry":{"type":"Polygon","coordinates":[[[42.2,7.293],[42.176,7.301],[42.147,7.314],[42.072,7.344],[42.061,7.336],[42.041,7.327],[42.007,7.337],[41.983,7.346],[41.959,7.315],[41.95,7.314],[41.929,7.323],[41.911,7.338],[41.869,7.364],[41.839,7.373],[41.812,7.376],[41.779,7.373],[41.753,7.378],[41.738,7.389],[41.718,7.396],[41.693,7.396],[41.676,7.406],[41.663,7.423],[41.649,7.44],[41.638,7.46],[41.626,7.474],[41.602,7.487],[41.571,7.5],[41.544,7.5],[41.5,7.519],[41.471,7.526],[41.442,7.537],[41.423,7.552],[41.417,7.57],[41.404,7.595],[41.397,7.615],[41.37,7.625],[41.339,7.628],[41.306,7.63],[41.266,7.637],[41.226,7.637],[41.204,7.625],[41.195,7.603],[41.169,7.556],[41.149,7.533],[41.127,7.52],[41.105,7.522],[41.102,7.537],[41.104,7.559],[41.119,7.581],[41.155,7.62],[41.16,7.646],[41.156,7.668],[41.141,7.695],[41.119,7.708],[41.08,7.715],[41.055,7.729],[41.042,7.73],[41.014,7.716],[41.01,7.713],[40.987,7.704],[40.966,7.703],[40.943,7.707],[40.913,7.695],[40.886,7.67],[40.878,7.627],[40.868,7.557],[40.851,7.496],[40.828,7.457],[40.81,7.446],[40.792,7.412],[40.784,7.387],[40.787,7.357],[40.773,7.335],[40.768,7.292],[40.768,7.264],[40.776,7.239],[40.811,7.222],[40.815,7.198],[40.84,7.201],[40.882,7.183],[40.911,7.174],[40.922,7.167],[40.926,7.173],[40.955,7.174],[41.027,7.155],[41.057,7.149],[41.081,7.158],[41.138,7.162],[41.153,7.185],[41.17,7.2],[41.191,7.204],[41.22,7.195],[41.241,7.181],[41.261,7.185],[41.279,7.185],[41.287,7.157],[41.296,7.082],[41.314,7.06],[41.349,7.039],[41.378,7.027],[41.416,7.025],[41.45,7.026],[41.479,7.028],[41.516,7.034],[41.541,7.031],[41.567,7.022],[41.592,7.028],[41.612,7.044],[41.623,7.066],[41.62,7.102],[41.605,7.125],[41.573,7.141],[41.533,7.157],[41.495,7.17],[41.466,7.174],[41.439,7.165],[41.412,7.158],[41.38,7.157],[41.356,7.163],[41.342,7.177],[41.329,7.194],[41.321,7.213],[41.314,7.235],[41.334,7.242],[41.376,7.236],[41.406,7.238],[41.487,7.247],[41.523,7.245],[41.548,7.234],[41.574,7.219],[41.608,7.206],[41.657,7.191],[41.678,7.181],[41.702,7.163],[41.693,7.123],[41.696,7.101],[41.681,7.078],[41.677,7.051],[41.693,7.022],[41.721,7.002],[41.739,6.982],[41.771,6.957],[41.829,6.936],[41.839,6.917],[41.843,6.897],[41.851,6.88],[41.884,6.872],[41.889,6.84],[41.892,6.794],[41.889,6.761],[41.885,6.725],[41.877,6.692],[41.867,6.609],[41.859,6.575],[41.855,6.57],[41.862,6.537],[41.889,6.537],[41.937,6.554],[42.0,6.591],[42.005,6.599],[42.007,6.616],[42.001,6.63],[42.0,6.643],[42.014,6.66],[42.016,6.682],[42.026,6.708],[42.056,6.75],[42.064,6.827],[42.068,6.842],[42.076,6.865],[42.077,6.888],[42.1,6.917],[42.107,6.931],[42.135,6.955],[42.141,6.968],[42.164,7.008],[42.159,7.053],[42.188,7.098],[42.206,7.142],[42.204,7.196],[42.211,7.228],[42.211,7.265],[42.2,7.293]]]}},{"type":"Feature","properties":{"name":"Shirka"},"geometry":{"type":"Polygon","coordinates":[[[39.645,7.65],[39.628,7.652],[39.609,7.664],[39.592,7.667],[39.573,7.659],[39.56,7.667],[39.551,7.677],[39.536,7.686],[39.515,7.694],[39.491,7.699],[39.46,7.702],[39.431,7.703],[39.403,7.7],[39.39,7.701],[39.387,7.686],[39.358,7.608],[39.349,7.589],[39.339,7.567],[39.339,7.525],[39.364,7.503],[39.381,7.497],[39.4,7.486],[39.409,7.488],[39.416,7.484],[39.425,7.486],[39.431,7.493],[39.441,7.494],[39.443,7.485],[39.451,7.484],[39.472,7.474],[39.479,7.462],[39.486,7.457],[39.499,7.456],[39.507,7.457],[39.517,7.452],[39.528,7.457],[39.533,7.472],[39.547,7.474],[39.556,7.479],[39.567,7.478],[39.572,7.481],[39.578,7.482],[39.586,7.482],[39.599,7.487],[39.608,7.484],[39.613,7.48],[39.618,7.482],[39.625,7.486],[39.631,7.486],[39.637,7.483],[39.639,7.477],[39.661,7.477],[39.705,7.464],[39.75,7.444],[39.774,7.442],[39.795,7.447],[39.807,7.462],[39.841,7.462],[39.85,7.463],[39.88,7.472],[39.905,7.475],[39.879,7.499],[39.835,7.512],[39.815,7.515],[39.803,7.528],[39.8,7.548],[39.785,7.565],[39.732,7.573],[39.717,7.59],[39.663,7.622],[39.645,7.65]]]}},{"type":"Feature","properties":{"name":"Arsi Negele"},"geometry":{"type":"Polygon","coordinates":[[[38.815,7.16],[38.824,7.201],[38.823,7.223],[38.833,7.241],[38.834,7.266],[38.81,7.279],[38.8,7.3],[38.8,7.319],[38.82,7.322],[38.863,7.314],[38.881,7.322],[38.901,7.323],[38.919,7.326],[38.911,7.334],[38.909,7.339],[38.916,7.343],[38.914,7.349],[38.905,7.355],[38.897,7.353],[38.89,7.355],[38.893,7.362],[38.9,7.365],[38.899,7.374],[38.902,7.387],[38.894,7.385],[38.89,7.402],[38.89,7.417],[38.883,7.432],[38.883,7.449],[38.87,7.454],[38.863,7.467],[38.855,7.467],[38.848,7.475],[38.861,7.506],[38.867,7.506],[38.887,7.573],[38.876,7.576],[38.872,7.58],[38.89,7.6],[38.884,7.606],[38.879,7.617],[38.887,7.642],[38.897,7.656],[38.898,7.666],[38.887,7.663],[38.877,7.664],[38.865,7.679],[38.863,7.69],[38.857,7.707],[38.845,7.705],[38.827,7.696],[38.786,7.687],[38.786,7.668],[38.755,7.669],[38.724,7.675],[38.697,7.684],[38.668,7.679],[38.61,7.661],[38.587,7.659],[38.566,7.67],[38.536,7.67],[38.513,7.65],[38.499,7.634],[38.475,7.623],[38.458,7.61],[38.45,7.591],[38.434,7.579],[38.42,7.571],[38.426,7.555],[38.43,7.535],[38.428,7.516],[38.415,7.505],[38.408,7.505],[38.439,7.491],[38.589,7.439],[38.604,7.419],[38.608,7.395],[38.605,7.377],[38.599,7.367],[38.605,7.363],[38.618,7.336],[38.63,7.317],[38.656,7.284],[38.669,7.271],[38.705,7.246],[38.735,7.206],[38.756,7.187],[38.773,7.174],[38.79,7.167],[38.815,7.16]]]}},{"type":"Feature","properties":{"name":"Dedo"},"geometry":{"type":"Polygon","coordinates":[[[36.842,7.633],[36.832,7.62],[36.816,7.613],[36.791,7.599],[36.781,7.582],[36.76,7.572],[36.751,7.554],[36.75,7.537],[36.736,7.52],[36.735,7.511],[36.739,7.496],[36.741,7.467],[36.741,7.434],[36.736,7.422],[36.732,7.396],[36.73,7.373],[36.731,7.347],[36.729,7.326],[36.721,7.3],[36.763,7.267],[36.785,7.256],[36.792,7.253],[36.842,7.327],[36.88,7.331],[36.956,7.262],[36.967,7.243],[36.965,7.226],[37.004,7.236],[37.04,7.241],[37.069,7.236],[37.106,7.226],[37.111,7.226],[37.129,7.23],[37.155,7.242],[37.184,7.266],[37.201,7.283],[37.189,7.296],[37.153,7.317],[37.138,7.328],[37.121,7.343],[37.083,7.389],[37.079,7.408],[37.084,7.449],[37.079,7.476],[37.07,7.498],[37.053,7.511],[37.037,7.517],[37.031,7.531],[37.03,7.546],[37.034,7.552],[37.038,7.57],[37.035,7.592],[37.007,7.601],[36.995,7.605],[36.997,7.593],[36.988,7.583],[36.966,7.585],[36.941,7.582],[36.918,7.577],[36.899,7.592],[36.885,7.611],[36.873,7.621],[36.842,7.633]]]}},{"type":"Feature","properties":{"name":"Limu Bilbilo"},"geometry":{"type":"Polygon","coordinates":[[[39.494,7.323],[39.466,7.316],[39.459,7.317],[39.454,7.31],[39.449,7.309],[39.44,7.312],[39.437,7.318],[39.429,7.318],[39.421,7.322],[39.418,7.328],[39.417,7.334],[39.418,7.353],[39.413,7.355],[39.4,7.356],[39.392,7.353],[39.383,7.356],[39.373,7.365],[39.362,7.369],[39.356,7.369],[39.356,7.374],[39.36,7.378],[39.364,7.392],[39.365,7.421],[39.371,7.433],[39.38,7.435],[39.39,7.443],[39.386,7.448],[39.379,7.45],[39.371,7.454],[39.372,7.46],[39.366,7.466],[39.359,7.468],[39.352,7.466],[39.346,7.479],[39.348,7.485],[39.37,7.486],[39.386,7.482],[39.391,7.485],[39.4,7.486],[39.381,7.497],[39.364,7.503],[39.339,7.525],[39.339,7.567],[39.349,7.589],[39.32,7.593],[39.297,7.592],[39.278,7.598],[39.257,7.599],[39.243,7.61],[39.195,7.626],[39.174,7.63],[39.145,7.631],[39.138,7.613],[39.1,7.573],[39.084,7.539],[39.084,7.513],[39.096,7.487],[39.097,7.453],[39.086,7.422],[39.097,7.399],[39.129,7.364],[39.151,7.348],[39.171,7.342],[39.193,7.331],[39.197,7.304],[39.207,7.286],[39.239,7.286],[39.269,7.279],[39.293,7.266],[39.317,7.249],[39.335,7.228],[39.368,7.193],[39.395,7.154],[39.403,7.163],[39.44,7.181],[39.439,7.204],[39.453,7.229],[39.47,7.264],[39.483,7.282],[39.492,7.31],[39.494,7.323]]]}},{"type":"Feature","properties":{"name":"Shalla"},"geometry":{"type":"Polygon","coordinates":[[[38.599,7.367],[38.605,7.377],[38.608,7.395],[38.604,7.419],[38.589,7.439],[38.439,7.491],[38.408,7.505],[38.393,7.503],[38.342,7.48],[38.328,7.463],[38.329,7.458],[38.326,7.435],[38.32,7.415],[38.31,7.403],[38.293,7.393],[38.28,7.382],[38.278,7.362],[38.282,7.34],[38.276,7.32],[38.266,7.308],[38.234,7.289],[38.221,7.277],[38.207,7.267],[38.208,7.259],[38.204,7.253],[38.198,7.253],[38.194,7.248],[38.202,7.246],[38.204,7.24],[38.194,7.238],[38.197,7.223],[38.211,7.227],[38.212,7.232],[38.221,7.237],[38.23,7.237],[38.232,7.231],[38.245,7.23],[38.254,7.234],[38.264,7.235],[38.285,7.231],[38.291,7.236],[38.3,7.238],[38.31,7.236],[38.318,7.237],[38.319,7.232],[38.313,7.209],[38.307,7.204],[38.311,7.188],[38.308,7.173],[38.311,7.166],[38.323,7.163],[38.343,7.166],[38.358,7.147],[38.379,7.131],[38.401,7.123],[38.422,7.124],[38.443,7.128],[38.439,7.139],[38.446,7.162],[38.436,7.182],[38.41,7.225],[38.408,7.244],[38.435,7.259],[38.463,7.268],[38.488,7.281],[38.505,7.298],[38.512,7.323],[38.549,7.345],[38.594,7.361],[38.599,7.367]]]}},{"type":"Feature","properties":{"name":"Agarfa"},"geometry":{"type":"Polygon","coordinates":[[[39.683,7.172],[39.702,7.178],[39.723,7.191],[39.752,7.193],[39.778,7.176],[39.82,7.173],[39.837,7.162],[39.86,7.154],[39.885,7.166],[39.905,7.173],[39.911,7.179],[39.917,7.182],[39.933,7.19],[39.952,7.207],[39.962,7.231],[39.969,7.265],[40.0,7.286],[40.03,7.282],[40.063,7.284],[40.09,7.296],[40.1,7.311],[40.094,7.317],[40.084,7.323],[40.063,7.321],[40.036,7.315],[40.013,7.313],[39.987,7.313],[39.965,7.318],[39.942,7.342],[39.933,7.369],[39.914,7.395],[39.888,7.401],[39.875,7.411],[39.864,7.431],[39.846,7.446],[39.841,7.462],[39.807,7.462],[39.795,7.447],[39.774,7.442],[39.75,7.444],[39.705,7.464],[39.661,7.477],[39.639,7.477],[39.615,7.466],[39.596,7.449],[39.571,7.433],[39.541,7.427],[39.528,7.411],[39.523,7.403],[39.542,7.388],[39.543,7.379],[39.548,7.354],[39.562,7.338],[39.59,7.334],[39.608,7.32],[39.633,7.283],[39.644,7.246],[39.643,7.19],[39.648,7.169],[39.671,7.169],[39.683,7.172]]]}},{"type":"Feature","properties":{"name":"Dawe Kachen"},"geometry":{"type":"Polygon","coordinates":[[[41.072,6.689],[41.054,6.691],[41.035,6.707],[41.028,6.71],[40.995,6.719],[40.98,6.735],[40.969,6.761],[40.967,6.787],[40.96,6.811],[40.934,6.848],[40.909,6.852],[40.886,6.85],[40.861,6.856],[40.843,6.897],[40.814,6.911],[40.791,6.919],[40.782,6.937],[40.77,6.955],[40.75,6.954],[40.73,6.944],[40.709,6.943],[40.704,6.948],[40.693,6.943],[40.691,6.928],[40.705,6.915],[40.725,6.901],[40.751,6.9],[40.766,6.885],[40.777,6.887],[40.761,6.834],[40.743,6.808],[40.722,6.797],[40.704,6.784],[40.691,6.778],[40.673,6.762],[40.664,6.775],[40.659,6.777],[40.65,6.79],[40.631,6.777],[40.623,6.759],[40.605,6.75],[40.617,6.714],[40.63,6.682],[40.645,6.651],[40.662,6.627],[40.662,6.617],[40.652,6.597],[40.637,6.556],[40.642,6.54],[40.662,6.518],[40.663,6.506],[40.667,6.498],[40.667,6.489],[40.673,6.476],[40.68,6.474],[40.689,6.462],[40.706,6.45],[40.714,6.447],[40.729,6.432],[40.743,6.426],[40.762,6.408],[40.768,6.398],[40.773,6.384],[40.788,6.357],[40.796,6.355],[40.799,6.348],[40.82,6.347],[40.836,6.35],[40.852,6.354],[40.865,6.354],[40.862,6.362],[40.858,6.387],[40.861,6.437],[40.886,6.473],[40.901,6.513],[40.937,6.552],[40.991,6.605],[41.016,6.646],[41.072,6.689]]]}},{"type":"Feature","properties":{"name":"Dodola"},"geometry":{"type":"Polygon","coordinates":[[[39.321,7.111],[39.312,7.103],[39.284,7.095],[39.266,7.086],[39.251,7.067],[39.224,7.054],[39.2,7.052],[39.167,7.044],[39.137,7.031],[39.106,7.028],[39.076,7.029],[39.037,7.027],[39.029,7.023],[39.01,7.014],[38.967,6.97],[38.933,6.955],[38.922,6.954],[38.919,6.925],[38.886,6.897],[38.88,6.875],[38.855,6.857],[38.855,6.841],[38.864,6.825],[38.9,6.813],[38.914,6.802],[38.921,6.786],[38.939,6.779],[38.972,6.737],[38.984,6.744],[39.003,6.741],[39.019,6.749],[39.035,6.754],[39.048,6.765],[39.089,6.793],[39.116,6.796],[39.138,6.795],[39.146,6.78],[39.158,6.77],[39.195,6.78],[39.233,6.758],[39.248,6.728],[39.261,6.711],[39.292,6.706],[39.323,6.705],[39.346,6.695],[39.355,6.694],[39.364,6.696],[39.376,6.708],[39.386,6.708],[39.388,6.722],[39.386,6.736],[39.368,6.749],[39.364,6.793],[39.358,6.817],[39.362,6.839],[39.359,6.863],[39.363,6.917],[39.359,6.943],[39.36,6.968],[39.326,6.993],[39.353,7.031],[39.338,7.069],[39.33,7.084],[39.321,7.111]]]}},{"type":"Feature","properties":{"name":"Goba"},"geometry":{"type":"Polygon","coordinates":[[[39.626,6.73],[39.636,6.721],[39.64,6.69],[39.647,6.666],[39.642,6.644],[39.644,6.623],[39.654,6.603],[39.69,6.605],[39.708,6.595],[39.747,6.618],[39.759,6.651],[39.764,6.681],[39.774,6.725],[39.781,6.743],[39.799,6.762],[39.834,6.745],[39.854,6.729],[39.876,6.725],[39.897,6.727],[39.923,6.727],[39.941,6.715],[39.948,6.689],[39.948,6.668],[39.984,6.696],[39.993,6.725],[40.016,6.764],[40.029,6.792],[40.043,6.816],[40.058,6.834],[40.084,6.843],[40.111,6.827],[40.135,6.829],[40.146,6.85],[40.174,6.842],[40.187,6.855],[40.196,6.883],[40.189,6.888],[40.186,6.899],[40.182,6.916],[40.175,6.983],[40.19,7.008],[40.189,7.026],[40.18,7.04],[40.165,7.052],[40.153,7.072],[40.137,7.081],[40.11,7.084],[40.092,7.084],[40.083,7.08],[40.062,7.048],[40.043,7.042],[40.018,7.053],[40.002,7.043],[39.966,7.07],[39.931,7.055],[39.908,7.049],[39.898,7.03],[39.898,7.014],[39.851,6.974],[39.837,6.955],[39.822,6.938],[39.822,6.915],[39.802,6.897],[39.787,6.887],[39.779,6.884],[39.772,6.886],[39.751,6.863],[39.726,6.842],[39.66,6.808],[39.638,6.793],[39.628,6.776],[39.637,6.744],[39.626,6.73]]]}},{"type":"Feature","properties":{"name":"Kokosa"},"geometry":{"type":"Polygon","coordinates":[[[38.715,6.862],[38.699,6.85],[38.668,6.834],[38.641,6.814],[38.637,6.801],[38.637,6.787],[38.637,6.773],[38.644,6.77],[38.659,6.771],[38.673,6.764],[38.679,6.75],[38.689,6.746],[38.706,6.743],[38.722,6.731],[38.728,6.713],[38.743,6.702],[38.755,6.698],[38.78,6.701],[38.811,6.703],[38.819,6.705],[38.834,6.693],[38.839,6.676],[38.856,6.67],[38.878,6.669],[38.903,6.667],[38.919,6.66],[38.935,6.657],[38.962,6.705],[38.968,6.731],[38.972,6.737],[38.939,6.779],[38.921,6.786],[38.914,6.802],[38.9,6.813],[38.864,6.825],[38.855,6.841],[38.855,6.857],[38.88,6.875],[38.886,6.897],[38.919,6.925],[38.922,6.954],[38.801,6.937],[38.771,6.927],[38.754,6.912],[38.732,6.873],[38.715,6.862]]]}},{"type":"Feature","properties":{"name":"Berbere"},"geometry":{"type":"Polygon","coordinates":[[[40.196,6.883],[40.187,6.855],[40.174,6.842],[40.146,6.85],[40.135,6.829],[40.111,6.827],[40.084,6.843],[40.058,6.834],[40.043,6.816],[40.029,6.792],[40.016,6.764],[39.993,6.725],[39.984,6.696],[39.948,6.668],[39.945,6.656],[39.95,6.631],[39.967,6.62],[39.981,6.603],[40.022,6.586],[40.049,6.578],[40.079,6.573],[40.142,6.559],[40.176,6.548],[40.196,6.53],[40.22,6.525],[40.252,6.527],[40.274,6.505],[40.294,6.477],[40.308,6.46],[40.315,6.448],[40.325,6.433],[40.326,6.425],[40.333,6.426],[40.339,6.433],[40.346,6.462],[40.34,6.48],[40.338,6.5],[40.329,6.518],[40.331,6.586],[40.342,6.615],[40.322,6.641],[40.309,6.677],[40.316,6.706],[40.345,6.757],[40.376,6.822],[40.357,6.865],[40.361,6.869],[40.335,6.886],[40.317,6.89],[40.292,6.88],[40.27,6.876],[40.253,6.875],[40.219,6.887],[40.203,6.882],[40.196,6.883]]]}},{"type":"Feature","properties":{"name":"Gura Damole"},"geometry":{"type":"Polygon","coordinates":[[[40.867,6.135],[40.869,6.153],[40.879,6.189],[40.883,6.246],[40.881,6.268],[40.865,6.322],[40.863,6.347],[40.865,6.354],[40.852,6.354],[40.836,6.35],[40.82,6.347],[40.799,6.348],[40.796,6.355],[40.788,6.357],[40.773,6.384],[40.768,6.398],[40.762,6.408],[40.743,6.426],[40.729,6.432],[40.714,6.447],[40.706,6.45],[40.689,6.462],[40.68,6.474],[40.673,6.476],[40.667,6.489],[40.667,6.498],[40.663,6.506],[40.662,6.518],[40.642,6.54],[40.637,6.556],[40.652,6.597],[40.662,6.617],[40.662,6.627],[40.645,6.651],[40.63,6.682],[40.617,6.714],[40.605,6.75],[40.586,6.793],[40.564,6.821],[40.536,6.84],[40.503,6.852],[40.472,6.861],[40.438,6.857],[40.402,6.857],[40.387,6.87],[40.367,6.876],[40.361,6.869],[40.357,6.865],[40.376,6.822],[40.345,6.757],[40.316,6.706],[40.309,6.677],[40.322,6.641],[40.342,6.615],[40.331,6.586],[40.329,6.518],[40.338,6.5],[40.34,6.48],[40.346,6.462],[40.339,6.433],[40.333,6.426],[40.326,6.425],[40.327,6.413],[40.321,6.38],[40.307,6.35],[40.277,6.323],[40.269,6.295],[40.274,6.255],[40.271,6.212],[40.266,6.178],[40.277,6.151],[40.294,6.117],[40.308,6.093],[40.342,6.08],[40.349,6.073],[40.378,6.056],[40.394,6.02],[40.403,5.994],[40.418,5.977],[40.428,5.96],[40.432,5.94],[40.448,5.924],[40.463,5.902],[40.465,5.874],[40.48,5.868],[40.514,5.863],[40.563,5.863],[40.6,5.86],[40.637,5.874],[40.674,5.881],[40.713,5.871],[40.744,5.854],[40.771,5.822],[40.801,5.812],[40.819,5.79],[40.877,5.747],[40.903,5.719],[40.923,5.685],[40.876,5.809],[40.879,5.989],[40.872,6.057],[40.868,6.078],[40.87,6.096],[40.867,6.115],[40.867,6.135]]]}},{"type":"Feature","properties":{"name":"Nenesebo (Wereka)"},"geometry":{"type":"Polygon","coordinates":[[[39.386,6.708],[39.376,6.708],[39.364,6.696],[39.355,6.694],[39.346,6.695],[39.323,6.705],[39.292,6.706],[39.261,6.711],[39.248,6.728],[39.233,6.758],[39.195,6.78],[39.158,6.77],[39.146,6.78],[39.138,6.795],[39.116,6.796],[39.089,6.793],[39.048,6.765],[39.035,6.754],[39.019,6.749],[39.003,6.741],[38.984,6.744],[38.972,6.737],[38.968,6.731],[38.962,6.705],[38.935,6.657],[38.95,6.645],[38.945,6.632],[38.943,6.612],[38.96,6.602],[39.033,6.613],[39.06,6.61],[39.065,6.6],[39.054,6.585],[39.049,6.571],[39.053,6.558],[39.071,6.555],[39.087,6.546],[39.097,6.523],[39.096,6.473],[39.101,6.457],[39.108,6.439],[39.122,6.382],[39.128,6.346],[39.128,6.337],[39.157,6.332],[39.2,6.302],[39.218,6.292],[39.226,6.307],[39.241,6.329],[39.257,6.342],[39.254,6.355],[39.26,6.369],[39.293,6.384],[39.317,6.401],[39.315,6.445],[39.323,6.476],[39.338,6.506],[39.353,6.542],[39.38,6.559],[39.401,6.559],[39.42,6.555],[39.432,6.565],[39.427,6.584],[39.433,6.598],[39.45,6.612],[39.472,6.613],[39.487,6.624],[39.499,6.641],[39.493,6.668],[39.495,6.679],[39.505,6.686],[39.5,6.71],[39.492,6.723],[39.475,6.728],[39.454,6.73],[39.427,6.718],[39.405,6.705],[39.386,6.708]]]}},{"type":"Feature","properties":{"name":"Mena"},"geometry":{"type":"Polygon","coordinates":[[[39.69,6.605],[39.666,6.558],[39.677,6.539],[39.68,6.523],[39.705,6.498],[39.7,6.457],[39.709,6.406],[39.726,6.387],[39.733,6.369],[39.733,6.343],[39.741,6.301],[39.733,6.278],[39.747,6.264],[39.763,6.245],[39.811,6.227],[39.844,6.212],[39.869,6.197],[39.886,6.178],[39.902,6.15],[39.897,6.123],[39.88,6.096],[39.862,6.072],[39.846,6.047],[39.853,6.005],[39.865,5.976],[39.889,5.96],[39.945,5.927],[39.966,5.909],[39.998,5.891],[40.032,5.878],[40.078,5.872],[40.15,5.856],[40.194,5.854],[40.229,5.861],[40.27,5.873],[40.329,5.882],[40.378,5.887],[40.424,5.88],[40.458,5.878],[40.465,5.874],[40.463,5.902],[40.448,5.924],[40.432,5.94],[40.428,5.96],[40.418,5.977],[40.403,5.994],[40.394,6.02],[40.378,6.056],[40.349,6.073],[40.342,6.08],[40.308,6.093],[40.294,6.117],[40.277,6.151],[40.266,6.178],[40.271,6.212],[40.274,6.255],[40.269,6.295],[40.277,6.323],[40.307,6.35],[40.321,6.38],[40.327,6.413],[40.326,6.425],[40.325,6.433],[40.315,6.448],[40.308,6.46],[40.294,6.477],[40.274,6.505],[40.252,6.527],[40.22,6.525],[40.196,6.53],[40.176,6.548],[40.142,6.559],[40.079,6.573],[40.049,6.578],[40.022,6.586],[39.981,6.603],[39.967,6.62],[39.95,6.631],[39.945,6.656],[39.948,6.668],[39.948,6.689],[39.941,6.715],[39.923,6.727],[39.897,6.727],[39.876,6.725],[39.854,6.729],[39.834,6.745],[39.799,6.762],[39.781,6.743],[39.774,6.725],[39.764,6.681],[39.759,6.651],[39.747,6.618],[39.708,6.595],[39.69,6.605]]]}},{"type":"Feature","properties":{"name":"Gelana"},"geometry":{"type":"Polygon","coordinates":[[[38.103,6.182],[38.1,6.191],[38.083,6.191],[38.041,6.182],[38.032,6.188],[38.039,6.199],[38.063,6.225],[38.057,6.24],[38.039,6.252],[38.012,6.264],[37.982,6.274],[37.916,6.277],[37.894,6.284],[37.852,6.301],[37.849,6.28],[37.841,6.25],[37.826,6.222],[37.811,6.197],[37.791,6.174],[37.779,6.151],[37.776,6.125],[37.777,6.115],[37.779,6.099],[37.786,6.074],[37.791,6.051],[37.784,6.012],[37.792,5.997],[37.805,5.994],[37.814,5.999],[37.828,6.011],[37.844,6.012],[37.857,6.0],[37.866,5.988],[37.881,5.986],[37.896,5.976],[37.905,5.962],[37.924,5.961],[37.954,5.965],[37.969,5.957],[37.978,5.929],[37.98,5.909],[37.983,5.889],[38.008,5.851],[38.013,5.806],[38.021,5.791],[38.04,5.774],[38.055,5.765],[38.073,5.764],[38.077,5.772],[38.087,5.778],[38.095,5.774],[38.107,5.762],[38.118,5.757],[38.123,5.758],[38.133,5.772],[38.151,5.793],[38.156,5.806],[38.157,5.829],[38.154,5.866],[38.161,5.876],[38.173,5.877],[38.191,5.874],[38.201,5.866],[38.21,5.88],[38.216,5.895],[38.213,5.918],[38.208,5.93],[38.205,5.936],[38.182,5.943],[38.171,5.958],[38.16,5.986],[38.151,6.002],[38.14,6.012],[38.122,6.018],[38.117,6.052],[38.106,6.067],[38.101,6.079],[38.099,6.088],[38.081,6.118],[38.088,6.162],[38.103,6.182]]]}},{"type":"Feature","properties":{"name":"Uraga"},"geometry":{"type":"Polygon","coordinates":[[[38.716,5.963],[38.707,5.978],[38.706,5.999],[38.709,6.014],[38.697,6.035],[38.69,6.055],[38.687,6.07],[38.67,6.089],[38.666,6.107],[38.656,6.123],[38.655,6.138],[38.657,6.156],[38.65,6.186],[38.65,6.213],[38.637,6.237],[38.636,6.226],[38.636,6.203],[38.632,6.197],[38.61,6.206],[38.578,6.207],[38.576,6.196],[38.583,6.187],[38.578,6.177],[38.565,6.174],[38.544,6.19],[38.536,6.191],[38.526,6.178],[38.525,6.162],[38.52,6.153],[38.494,6.144],[38.485,6.147],[38.472,6.144],[38.461,6.149],[38.451,6.149],[38.421,6.134],[38.409,6.135],[38.378,6.143],[38.366,6.144],[38.363,6.121],[38.356,6.105],[38.352,6.098],[38.329,6.062],[38.34,6.053],[38.371,6.036],[38.383,6.03],[38.398,6.028],[38.404,6.017],[38.422,6.02],[38.435,6.009],[38.45,6.009],[38.46,6.012],[38.468,6.013],[38.474,6.007],[38.48,5.997],[38.499,5.989],[38.513,5.989],[38.52,5.982],[38.523,5.973],[38.536,5.967],[38.541,5.961],[38.545,5.949],[38.57,5.945],[38.584,5.937],[38.588,5.925],[38.613,5.903],[38.625,5.888],[38.649,5.884],[38.654,5.897],[38.654,5.922],[38.667,5.935],[38.67,5.952],[38.668,5.967],[38.685,5.978],[38.693,5.971],[38.701,5.962],[38.708,5.959],[38.716,5.963]]]}},{"type":"Feature","properties":{"name":"Meda Welabu"},"geometry":{"type":"Polygon","coordinates":[[[40.502,5.407],[40.534,5.412],[40.55,5.429],[40.564,5.455],[40.582,5.477],[40.606,5.492],[40.634,5.531],[40.68,5.542],[40.695,5.569],[40.754,5.596],[40.812,5.636],[40.833,5.657],[40.866,5.67],[40.923,5.685],[40.903,5.719],[40.877,5.747],[40.819,5.79],[40.801,5.812],[40.771,5.822],[40.744,5.854],[40.713,5.871],[40.674,5.881],[40.637,5.874],[40.6,5.86],[40.563,5.863],[40.514,5.863],[40.48,5.868],[40.465,5.874],[40.458,5.878],[40.424,5.88],[40.378,5.887],[40.329,5.882],[40.27,5.873],[40.229,5.861],[40.194,5.854],[40.15,5.856],[40.078,5.872],[40.032,5.878],[39.998,5.891],[39.966,5.909],[39.945,5.927],[39.889,5.96],[39.865,5.976],[39.853,6.005],[39.846,6.047],[39.862,6.072],[39.88,6.096],[39.897,6.123],[39.902,6.15],[39.886,6.178],[39.869,6.197],[39.844,6.212],[39.811,6.227],[39.763,6.245],[39.747,6.264],[39.733,6.278],[39.715,6.27],[39.701,6.214],[39.684,6.195],[39.631,6.181],[39.603,6.17],[39.551,6.141],[39.535,6.143],[39.516,6.149],[39.497,6.161],[39.475,6.179],[39.452,6.204],[39.441,6.228],[39.439,6.248],[39.452,6.261],[39.456,6.282],[39.443,6.301],[39.423,6.326],[39.402,6.318],[39.355,6.308],[39.298,6.329],[39.271,6.341],[39.257,6.342],[39.241,6.329],[39.226,6.307],[39.218,6.292],[39.227,6.288],[39.26,6.266],[39.29,6.224],[39.321,6.184],[39.334,6.145],[39.333,6.12],[39.347,6.109],[39.356,6.097],[39.343,6.08],[39.348,6.051],[39.37,6.022],[39.369,6.012],[39.376,6.007],[39.376,5.994],[39.381,5.985],[39.382,5.979],[39.383,5.97],[39.394,5.956],[39.408,5.944],[39.409,5.93],[39.425,5.927],[39.435,5.909],[39.447,5.897],[39.464,5.897],[39.469,5.891],[39.47,5.882],[39.466,5.874],[39.461,5.872],[39.459,5.865],[39.453,5.86],[39.448,5.845],[39.455,5.831],[39.452,5.822],[39.458,5.819],[39.462,5.815],[39.462,5.808],[39.454,5.794],[39.456,5.789],[39.478,5.757],[39.502,5.727],[39.524,5.703],[39.548,5.7],[39.615,5.72],[39.649,5.717],[39.685,5.699],[39.704,5.676],[39.716,5.647],[39.703,5.621],[39.678,5.588],[39.665,5.554],[39.667,5.549],[39.683,5.519],[39.704,5.51],[39.738,5.512],[39.775,5.517],[39.802,5.517],[39.842,5.507],[39.871,5.492],[39.897,5.468],[39.915,5.436],[39.943,5.405],[39.98,5.397],[40.01,5.401],[40.035,5.398],[40.064,5.38],[40.099,5.366],[40.135,5.359],[40.175,5.355],[40.209,5.357],[40.241,5.367],[40.278,5.37],[40.311,5.378],[40.37,5.388],[40.502,5.407]]]}},{"type":"Feature","properties":{"name":"Adola"},"geometry":{"type":"Polygon","coordinates":[[[39.046,6.143],[39.035,6.139],[38.989,6.148],[38.961,6.161],[38.951,6.182],[38.93,6.215],[38.919,6.213],[38.905,6.197],[38.893,6.197],[38.888,6.187],[38.886,6.172],[38.871,6.158],[38.855,6.154],[38.842,6.146],[38.833,6.133],[38.825,6.125],[38.811,6.123],[38.811,6.09],[38.805,6.068],[38.783,6.033],[38.776,5.99],[38.76,5.966],[38.755,5.962],[38.746,5.962],[38.757,5.95],[38.853,5.935],[38.875,5.914],[38.886,5.886],[38.891,5.858],[38.888,5.828],[38.895,5.812],[38.912,5.792],[38.942,5.779],[38.973,5.775],[38.998,5.758],[39.025,5.749],[39.042,5.734],[39.074,5.731],[39.09,5.727],[39.093,5.75],[39.093,5.783],[39.095,5.795],[39.105,5.854],[39.087,5.9],[39.083,5.923],[39.084,5.941],[39.093,5.958],[39.098,5.975],[39.097,5.986],[39.098,6.004],[39.107,6.012],[39.115,6.024],[39.11,6.035],[39.105,6.051],[39.111,6.08],[39.11,6.094],[39.115,6.109],[39.102,6.121],[39.078,6.127],[39.06,6.141],[39.046,6.143]]]}},{"type":"Feature","properties":{"name":"Teltele"},"geometry":{"type":"Polygon","coordinates":[[[37.886,5.236],[37.853,5.236],[37.828,5.251],[37.811,5.27],[37.793,5.276],[37.774,5.285],[37.748,5.278],[37.73,5.294],[37.702,5.307],[37.675,5.309],[37.656,5.303],[37.648,5.301],[37.638,5.285],[37.631,5.267],[37.581,5.249],[37.579,5.244],[37.552,5.235],[37.519,5.222],[37.492,5.204],[37.466,5.195],[37.418,5.168],[37.368,5.156],[37.342,5.161],[37.318,5.175],[37.293,5.196],[37.239,5.201],[37.218,5.214],[37.198,5.212],[37.183,5.195],[37.146,5.19],[37.113,5.188],[37.083,5.188],[37.004,5.2],[36.984,5.194],[36.95,5.196],[36.922,5.147],[36.894,5.111],[36.883,5.076],[36.868,5.008],[36.861,4.98],[36.866,4.946],[36.862,4.936],[36.864,4.794],[36.856,4.737],[36.829,4.711],[36.647,4.712],[36.682,4.606],[36.658,4.582],[36.713,4.441],[36.84,4.445],[36.867,4.433],[36.896,4.426],[36.951,4.406],[36.957,4.398],[36.971,4.396],[36.982,4.391],[36.986,4.387],[36.998,4.38],[37.04,4.363],[37.059,4.344],[37.086,4.327],[37.105,4.3],[37.124,4.284],[37.162,4.272],[37.191,4.256],[37.321,4.172],[37.354,4.148],[37.402,4.12],[37.511,4.048],[37.541,4.061],[37.559,4.078],[37.558,4.108],[37.532,4.196],[37.532,4.238],[37.537,4.276],[37.538,4.306],[37.534,4.346],[37.55,4.397],[37.578,4.401],[37.655,4.469],[37.677,4.488],[37.762,4.525],[37.78,4.545],[37.786,4.545],[37.795,4.562],[37.8,4.578],[37.817,4.624],[37.823,4.648],[37.813,4.695],[37.815,4.714],[37.826,4.74],[37.856,4.778],[37.882,4.792],[37.904,4.814],[37.908,4.83],[37.921,4.854],[37.915,4.874],[37.874,4.933],[37.858,4.963],[37.849,4.991],[37.852,5.017],[37.858,5.028],[37.889,5.062],[37.907,5.073],[37.914,5.089],[37.895,5.104],[37.87,5.112],[37.849,5.129],[37.848,5.145],[37.856,5.164],[37.883,5.198],[37.887,5.209],[37.888,5.223],[37.886,5.236]]]}},{"type":"Feature","properties":{"name":"Moyale"},"geometry":{"type":"Polygon","coordinates":[[[39.541,4.237],[39.5,4.203],[39.449,4.173],[39.427,4.154],[39.406,4.138],[39.379,4.126],[39.339,4.115],[39.331,4.112],[39.308,4.106],[39.268,4.104],[39.218,4.108],[39.142,4.108],[39.122,4.107],[39.086,4.101],[39.065,4.1],[39.047,4.029],[39.046,4.0],[39.042,3.946],[39.028,3.903],[39.005,3.887],[38.98,3.875],[38.967,3.864],[38.963,3.849],[38.954,3.828],[38.925,3.81],[38.885,3.758],[38.86,3.729],[38.827,3.703],[38.813,3.696],[38.793,3.681],[38.786,3.673],[38.781,3.661],[38.774,3.62],[38.775,3.596],[38.777,3.583],[38.775,3.567],[38.776,3.551],[38.83,3.534],[38.837,3.533],[38.858,3.527],[38.897,3.513],[38.908,3.511],[38.948,3.514],[38.964,3.53],[38.984,3.522],[39.003,3.522],[39.016,3.514],[39.025,3.523],[39.032,3.526],[39.048,3.523],[39.067,3.529],[39.082,3.54],[39.094,3.536],[39.221,3.604],[39.286,3.625],[39.4,3.797],[39.484,3.943],[39.501,3.967],[39.479,4.042],[39.51,4.116],[39.53,4.168],[39.541,4.237]]]}},{"type":"Feature","properties":{"name":"Borecha"},"geometry":{"type":"Polygon","coordinates":[[[36.565,8.553],[36.563,8.522],[36.551,8.488],[36.547,8.465],[36.566,8.456],[36.581,8.435],[36.584,8.41],[36.581,8.377],[36.584,8.349],[36.597,8.317],[36.606,8.288],[36.607,8.261],[36.604,8.204],[36.604,8.174],[36.599,8.15],[36.604,8.142],[36.611,8.135],[36.626,8.14],[36.639,8.152],[36.658,8.166],[36.672,8.166],[36.692,8.158],[36.721,8.142],[36.741,8.123],[36.756,8.113],[36.761,8.105],[36.777,8.116],[36.79,8.1],[36.8,8.095],[36.809,8.102],[36.817,8.12],[36.821,8.143],[36.817,8.162],[36.803,8.203],[36.789,8.228],[36.768,8.247],[36.751,8.265],[36.744,8.288],[36.739,8.315],[36.735,8.376],[36.724,8.424],[36.722,8.45],[36.707,8.465],[36.693,8.476],[36.682,8.491],[36.669,8.503],[36.661,8.518],[36.655,8.516],[36.64,8.517],[36.632,8.515],[36.623,8.512],[36.617,8.52],[36.614,8.536],[36.604,8.551],[36.584,8.558],[36.565,8.553]]]}},{"type":"Feature","properties":{"name":"Lalo Kile"},"geometry":{"type":"Polygon","coordinates":[[[35.313,9.004],[35.309,9.008],[35.303,9.01],[35.292,9.003],[35.277,9.001],[35.273,8.996],[35.266,8.996],[35.261,9.002],[35.256,9.003],[35.237,8.946],[35.231,8.883],[35.255,8.838],[35.276,8.751],[35.297,8.711],[35.359,8.713],[35.374,8.718],[35.389,8.732],[35.395,8.756],[35.405,8.772],[35.422,8.78],[35.424,8.8],[35.423,8.815],[35.428,8.829],[35.431,8.842],[35.418,8.853],[35.43,8.876],[35.421,8.885],[35.409,8.894],[35.398,8.901],[35.358,8.915],[35.343,8.925],[35.333,8.941],[35.326,8.964],[35.315,8.986],[35.313,9.004]]]}},{"type":"Feature","properties":{"name":"Jarso"},"geometry":{"type":"Polygon","coordinates":[[[35.205,9.262],[35.22,9.262],[35.239,9.269],[35.28,9.277],[35.298,9.289],[35.308,9.299],[35.332,9.323],[35.372,9.342],[35.368,9.352],[35.38,9.362],[35.388,9.387],[35.403,9.414],[35.408,9.439],[35.411,9.462],[35.398,9.486],[35.375,9.503],[35.357,9.513],[35.329,9.511],[35.32,9.525],[35.306,9.535],[35.283,9.53],[35.258,9.52],[35.238,9.524],[35.208,9.54],[35.199,9.552],[35.199,9.503],[35.21,9.464],[35.21,9.412],[35.205,9.341],[35.205,9.262]]]}},{"type":"Feature","properties":{"name":"Jimma Horo"},"geometry":{"type":"Polygon","coordinates":[[[34.653,9.161],[34.653,9.113],[34.641,9.029],[34.656,8.858],[34.629,8.787],[34.629,8.781],[34.662,8.778],[34.678,8.772],[34.692,8.776],[34.693,8.795],[34.698,8.811],[34.704,8.821],[34.715,8.835],[34.729,8.846],[34.771,8.852],[34.786,8.857],[34.801,8.873],[34.815,8.893],[34.823,8.918],[34.828,8.941],[34.83,8.967],[34.823,8.992],[34.806,9.02],[34.789,9.041],[34.776,9.066],[34.769,9.091],[34.767,9.108],[34.76,9.132],[34.758,9.152],[34.759,9.17],[34.756,9.191],[34.75,9.187],[34.705,9.187],[34.695,9.188],[34.653,9.161]]]}},{"type":"Feature","properties":{"name":"Yama Logi Welel"},"geometry":{"type":"Polygon","coordinates":[[[34.786,8.857],[34.771,8.852],[34.729,8.846],[34.715,8.835],[34.704,8.821],[34.698,8.811],[34.693,8.795],[34.692,8.776],[34.707,8.755],[34.712,8.743],[34.712,8.721],[34.705,8.674],[34.711,8.674],[34.726,8.691],[34.746,8.699],[34.764,8.694],[34.79,8.683],[34.807,8.703],[34.881,8.703],[34.932,8.731],[34.972,8.731],[35.023,8.748],[35.033,8.756],[35.024,8.787],[35.012,8.817],[34.988,8.842],[34.956,8.855],[34.94,8.854],[34.914,8.851],[34.857,8.838],[34.831,8.835],[34.813,8.838],[34.8,8.844],[34.786,8.857]]]}},{"type":"Feature","properties":{"name":"Dale Wabera"},"geometry":{"type":"Polygon","coordinates":[[[34.94,8.854],[34.956,8.855],[34.988,8.842],[35.012,8.817],[35.024,8.787],[35.033,8.756],[35.041,8.738],[35.053,8.72],[35.062,8.694],[35.081,8.659],[35.091,8.628],[35.097,8.62],[35.106,8.613],[35.123,8.634],[35.143,8.648],[35.153,8.669],[35.169,8.683],[35.162,8.69],[35.157,8.712],[35.149,8.734],[35.135,8.759],[35.12,8.78],[35.108,8.804],[35.094,8.869],[35.092,8.9],[35.088,8.93],[35.091,8.953],[35.109,8.975],[35.13,8.992],[35.144,9.015],[35.141,9.032],[35.14,9.05],[35.146,9.064],[35.158,9.072],[35.165,9.083],[35.157,9.106],[35.154,9.123],[35.145,9.138],[35.131,9.149],[35.125,9.166],[35.125,9.189],[35.075,9.132],[35.06,9.089],[35.06,9.042],[35.027,9.021],[34.974,9.036],[34.95,9.018],[34.986,8.967],[34.986,8.934],[34.947,8.886],[34.94,8.854]]]}},{"type":"Feature","properties":{"name":"Dale Sadi"},"geometry":{"type":"Polygon","coordinates":[[[35.297,8.711],[35.276,8.751],[35.255,8.838],[35.231,8.883],[35.237,8.946],[35.256,9.003],[35.255,9.01],[35.258,9.02],[35.26,9.045],[35.225,9.063],[35.194,9.073],[35.177,9.075],[35.158,9.072],[35.146,9.064],[35.14,9.05],[35.141,9.032],[35.144,9.015],[35.13,8.992],[35.109,8.975],[35.091,8.953],[35.088,8.93],[35.092,8.9],[35.094,8.869],[35.108,8.804],[35.12,8.78],[35.135,8.759],[35.149,8.734],[35.157,8.712],[35.162,8.69],[35.169,8.683],[35.186,8.699],[35.194,8.714],[35.207,8.729],[35.225,8.724],[35.224,8.708],[35.233,8.699],[35.244,8.708],[35.252,8.72],[35.268,8.72],[35.277,8.714],[35.289,8.711],[35.297,8.711]]]}},{"type":"Feature","properties":{"name":"Boji Chekorsa"},"geometry":{"type":"Polygon","coordinates":[[[35.308,9.299],[35.319,9.289],[35.323,9.276],[35.324,9.248],[35.333,9.228],[35.359,9.222],[35.394,9.224],[35.411,9.209],[35.435,9.203],[35.454,9.195],[35.485,9.189],[35.492,9.175],[35.498,9.172],[35.511,9.173],[35.525,9.169],[35.528,9.157],[35.548,9.156],[35.566,9.161],[35.576,9.182],[35.609,9.193],[35.633,9.196],[35.645,9.215],[35.648,9.244],[35.622,9.263],[35.586,9.294],[35.565,9.316],[35.54,9.353],[35.511,9.353],[35.495,9.37],[35.484,9.349],[35.471,9.34],[35.453,9.338],[35.399,9.339],[35.372,9.342],[35.332,9.323],[35.308,9.299]]]}},{"type":"Feature","properties":{"name":"Gaji"},"geometry":{"type":"Polygon","coordinates":[[[35.681,9.01],[35.669,9.017],[35.662,9.04],[35.651,9.071],[35.597,9.084],[35.544,9.102],[35.542,9.095],[35.539,9.09],[35.533,9.085],[35.526,9.084],[35.523,9.09],[35.518,9.086],[35.514,9.078],[35.517,9.071],[35.516,9.063],[35.505,9.068],[35.506,9.074],[35.504,9.08],[35.49,9.079],[35.488,9.086],[35.483,9.092],[35.471,9.096],[35.469,9.084],[35.47,9.075],[35.468,9.069],[35.472,9.06],[35.511,9.038],[35.511,8.987],[35.563,8.975],[35.569,8.966],[35.587,8.964],[35.6,8.954],[35.641,8.954],[35.675,8.95],[35.687,8.95],[35.696,8.963],[35.693,8.983],[35.681,8.992],[35.674,9.0],[35.681,9.01]]]}},{"type":"Feature","properties":{"name":"Sayo Nole"},"geometry":{"type":"Polygon","coordinates":[[[35.733,8.948],[35.735,8.927],[35.717,8.865],[35.705,8.85],[35.711,8.832],[35.723,8.823],[35.699,8.802],[35.696,8.775],[35.696,8.754],[35.678,8.712],[35.678,8.701],[35.684,8.705],[35.707,8.711],[35.731,8.711],[35.746,8.701],[35.75,8.688],[35.769,8.676],[35.807,8.668],[35.836,8.665],[35.86,8.667],[35.864,8.682],[35.87,8.694],[35.908,8.714],[35.905,8.742],[35.89,8.768],[35.883,8.796],[35.908,8.818],[35.929,8.833],[35.946,8.859],[35.932,8.866],[35.928,8.872],[35.918,8.879],[35.894,8.885],[35.874,8.881],[35.852,8.869],[35.83,8.867],[35.81,8.88],[35.794,8.895],[35.768,8.908],[35.753,8.947],[35.733,8.948]]]}},{"type":"Feature","properties":{"name":"Dega"},"geometry":{"type":"Polygon","coordinates":[[[35.949,8.625],[35.959,8.619],[35.978,8.605],[35.983,8.591],[35.982,8.569],[35.984,8.562],[35.996,8.554],[36.002,8.555],[36.035,8.539],[36.06,8.521],[36.09,8.515],[36.119,8.518],[36.142,8.515],[36.166,8.497],[36.19,8.49],[36.209,8.489],[36.236,8.497],[36.244,8.502],[36.236,8.513],[36.228,8.548],[36.231,8.567],[36.229,8.585],[36.217,8.603],[36.204,8.612],[36.2,8.623],[36.214,8.637],[36.207,8.657],[36.158,8.667],[36.141,8.684],[36.137,8.705],[36.131,8.713],[36.107,8.703],[36.045,8.663],[35.988,8.663],[35.949,8.625]]]}},{"type":"Feature","properties":{"name":"Bilo Nopha"},"geometry":{"type":"Polygon","coordinates":[[[35.37,8.449],[35.432,8.38],[35.522,8.334],[35.562,8.351],[35.619,8.351],[35.641,8.347],[35.659,8.388],[35.656,8.418],[35.657,8.442],[35.652,8.444],[35.637,8.446],[35.627,8.45],[35.611,8.459],[35.598,8.471],[35.584,8.491],[35.556,8.468],[35.536,8.456],[35.511,8.452],[35.465,8.458],[35.417,8.446],[35.39,8.446],[35.37,8.449]]]}},{"type":"Feature","properties":{"name":"Halu (Huka)"},"geometry":{"type":"Polygon","coordinates":[[[35.294,8.288],[35.29,8.26],[35.301,8.221],[35.284,8.141],[35.284,8.106],[35.282,8.075],[35.303,8.065],[35.336,8.037],[35.339,8.026],[35.349,8.029],[35.38,8.072],[35.398,8.085],[35.406,8.111],[35.418,8.137],[35.421,8.162],[35.416,8.193],[35.411,8.203],[35.403,8.212],[35.4,8.217],[35.39,8.239],[35.368,8.257],[35.342,8.269],[35.306,8.282],[35.294,8.288]]]}},{"type":"Feature","properties":{"name":"Ale"},"geometry":{"type":"Polygon","coordinates":[[[35.403,8.212],[35.411,8.203],[35.416,8.193],[35.421,8.162],[35.418,8.137],[35.406,8.111],[35.471,8.084],[35.534,8.073],[35.562,8.09],[35.608,8.067],[35.625,8.045],[35.676,8.005],[35.676,8.033],[35.682,8.046],[35.663,8.055],[35.641,8.084],[35.618,8.104],[35.607,8.126],[35.603,8.157],[35.594,8.173],[35.59,8.181],[35.564,8.197],[35.539,8.216],[35.48,8.237],[35.445,8.253],[35.428,8.245],[35.416,8.223],[35.403,8.212]]]}},{"type":"Feature","properties":{"name":"Hurumu"},"geometry":{"type":"Polygon","coordinates":[[[35.638,8.285],[35.638,8.27],[35.642,8.257],[35.693,8.223],[35.731,8.215],[35.748,8.196],[35.741,8.168],[35.777,8.134],[35.803,8.104],[35.809,8.093],[35.81,8.083],[35.817,8.084],[35.862,8.078],[35.87,8.066],[35.875,8.07],[35.886,8.083],[35.895,8.105],[35.902,8.13],[35.915,8.151],[35.934,8.161],[35.956,8.162],[35.93,8.215],[35.888,8.257],[35.836,8.301],[35.798,8.351],[35.761,8.384],[35.756,8.377],[35.751,8.365],[35.742,8.37],[35.727,8.384],[35.691,8.397],[35.676,8.408],[35.669,8.41],[35.669,8.428],[35.662,8.444],[35.657,8.442],[35.656,8.418],[35.659,8.388],[35.641,8.347],[35.636,8.337],[35.635,8.314],[35.638,8.285]]]}},{"type":"Feature","properties":{"name":"Becho"},"geometry":{"type":"Polygon","coordinates":[[[35.594,8.173],[35.603,8.157],[35.607,8.126],[35.618,8.104],[35.641,8.084],[35.663,8.055],[35.682,8.046],[35.696,8.04],[35.726,8.032],[35.729,8.041],[35.745,8.052],[35.754,8.069],[35.767,8.082],[35.799,8.08],[35.81,8.083],[35.809,8.093],[35.803,8.104],[35.777,8.134],[35.741,8.168],[35.748,8.196],[35.731,8.215],[35.693,8.223],[35.642,8.257],[35.638,8.27],[35.638,8.285],[35.63,8.291],[35.625,8.283],[35.627,8.274],[35.626,8.262],[35.616,8.259],[35.617,8.25],[35.62,8.24],[35.614,8.23],[35.61,8.228],[35.607,8.22],[35.61,8.211],[35.614,8.206],[35.616,8.196],[35.609,8.194],[35.602,8.19],[35.602,8.179],[35.594,8.173]]]}},{"type":"Feature","properties":{"name":"Gechi"},"geometry":{"type":"Polygon","coordinates":[[[36.417,8.162],[36.429,8.162],[36.451,8.174],[36.46,8.176],[36.532,8.179],[36.553,8.175],[36.579,8.168],[36.595,8.156],[36.599,8.15],[36.604,8.174],[36.604,8.204],[36.607,8.261],[36.606,8.288],[36.597,8.317],[36.584,8.349],[36.581,8.377],[36.584,8.41],[36.581,8.435],[36.566,8.456],[36.547,8.465],[36.551,8.438],[36.534,8.419],[36.516,8.419],[36.497,8.422],[36.469,8.422],[36.445,8.411],[36.419,8.387],[36.4,8.372],[36.383,8.353],[36.38,8.332],[36.379,8.304],[36.37,8.278],[36.355,8.259],[36.338,8.246],[36.331,8.243],[36.344,8.235],[36.355,8.215],[36.37,8.199],[36.382,8.19],[36.393,8.19],[36.407,8.184],[36.417,8.169],[36.417,8.162]]]}},{"type":"Feature","properties":{"name":"Badele Zuria"},"geometry":{"type":"Polygon","coordinates":[[[36.426,8.637],[36.414,8.631],[36.382,8.602],[36.344,8.573],[36.326,8.553],[36.317,8.537],[36.296,8.527],[36.282,8.517],[36.265,8.515],[36.258,8.502],[36.249,8.494],[36.262,8.474],[36.258,8.456],[36.247,8.435],[36.242,8.416],[36.258,8.373],[36.259,8.331],[36.273,8.309],[36.312,8.283],[36.319,8.271],[36.321,8.26],[36.331,8.243],[36.338,8.246],[36.355,8.259],[36.37,8.278],[36.379,8.304],[36.38,8.332],[36.383,8.353],[36.4,8.372],[36.419,8.387],[36.445,8.411],[36.469,8.422],[36.497,8.422],[36.516,8.419],[36.534,8.419],[36.551,8.438],[36.547,8.465],[36.551,8.488],[36.563,8.522],[36.565,8.553],[36.549,8.555],[36.538,8.564],[36.535,8.57],[36.527,8.581],[36.507,8.595],[36.483,8.604],[36.46,8.609],[36.441,8.621],[36.426,8.637]]]}},{"type":"Feature","properties":{"name":"Dorani"},"geometry":{"type":"Polygon","coordinates":[[[35.652,8.444],[35.657,8.442],[35.662,8.444],[35.669,8.428],[35.669,8.41],[35.676,8.408],[35.691,8.397],[35.727,8.384],[35.742,8.37],[35.751,8.365],[35.756,8.377],[35.761,8.384],[35.784,8.401],[35.797,8.405],[35.827,8.405],[35.838,8.406],[35.859,8.412],[35.867,8.417],[35.884,8.418],[35.894,8.419],[35.913,8.41],[35.908,8.442],[35.91,8.452],[35.905,8.459],[35.9,8.464],[35.899,8.476],[35.89,8.486],[35.879,8.491],[35.875,8.496],[35.864,8.5],[35.862,8.505],[35.856,8.509],[35.848,8.509],[35.841,8.507],[35.834,8.503],[35.831,8.497],[35.823,8.497],[35.807,8.502],[35.799,8.502],[35.784,8.514],[35.78,8.519],[35.756,8.528],[35.753,8.533],[35.747,8.532],[35.728,8.525],[35.719,8.527],[35.705,8.52],[35.7,8.516],[35.695,8.513],[35.682,8.495],[35.675,8.492],[35.672,8.486],[35.666,8.478],[35.651,8.471],[35.654,8.463],[35.652,8.444]]]}},{"type":"Feature","properties":{"name":"Boneya Boshe"},"geometry":{"type":"Polygon","coordinates":[[[37.164,8.917],[37.145,8.929],[37.137,8.945],[37.126,8.954],[37.088,8.974],[37.035,9.016],[37.007,9.001],[36.991,9.007],[36.976,9.003],[36.958,8.99],[36.931,8.968],[36.925,8.961],[36.93,8.957],[36.939,8.944],[36.939,8.907],[36.944,8.888],[36.936,8.87],[36.919,8.851],[36.913,8.835],[36.919,8.821],[36.97,8.823],[36.997,8.813],[37.014,8.8],[37.032,8.782],[37.047,8.803],[37.065,8.818],[37.128,8.843],[37.153,8.849],[37.175,8.858],[37.188,8.873],[37.188,8.884],[37.185,8.895],[37.178,8.909],[37.164,8.917]]]}},{"type":"Feature","properties":{"name":"Gobu Seyo"},"geometry":{"type":"Polygon","coordinates":[[[36.901,9.315],[36.903,9.296],[36.902,9.289],[36.894,9.27],[36.881,9.244],[36.874,9.209],[36.877,9.182],[36.889,9.159],[36.924,9.126],[36.937,9.106],[36.93,9.047],[36.939,9.024],[36.958,8.99],[36.976,9.003],[36.991,9.007],[37.007,9.001],[37.035,9.016],[37.028,9.036],[37.033,9.078],[37.028,9.097],[37.031,9.12],[37.051,9.166],[37.067,9.187],[37.054,9.202],[37.047,9.208],[37.047,9.214],[37.037,9.213],[37.032,9.214],[37.025,9.223],[37.018,9.226],[37.01,9.224],[37.006,9.228],[36.991,9.228],[36.986,9.224],[36.98,9.226],[36.976,9.231],[36.969,9.234],[36.962,9.248],[36.965,9.252],[36.962,9.258],[36.968,9.265],[36.969,9.273],[36.965,9.299],[36.962,9.305],[36.963,9.31],[36.961,9.323],[36.969,9.336],[36.941,9.336],[36.928,9.338],[36.913,9.336],[36.91,9.331],[36.906,9.32],[36.901,9.315]]]}},{"type":"Feature","properties":{"name":"Leka Dulecha"},"geometry":{"type":"Polygon","coordinates":[[[36.548,8.975],[36.547,8.961],[36.536,8.951],[36.442,8.947],[36.415,8.95],[36.395,8.945],[36.354,8.947],[36.301,8.953],[36.28,8.962],[36.265,8.956],[36.253,8.948],[36.258,8.938],[36.266,8.93],[36.263,8.925],[36.28,8.883],[36.287,8.871],[36.304,8.856],[36.32,8.839],[36.331,8.814],[36.338,8.79],[36.353,8.761],[36.368,8.771],[36.375,8.779],[36.397,8.795],[36.422,8.81],[36.449,8.824],[36.478,8.83],[36.505,8.821],[36.529,8.806],[36.546,8.816],[36.562,8.839],[36.591,8.839],[36.618,8.832],[36.634,8.838],[36.645,8.873],[36.658,8.894],[36.679,8.902],[36.682,8.909],[36.685,8.916],[36.667,8.933],[36.634,8.942],[36.601,8.944],[36.57,8.951],[36.552,8.97],[36.548,8.975]]]}},{"type":"Feature","properties":{"name":"Sibu Sire"},"geometry":{"type":"Polygon","coordinates":[[[36.73,9.366],[36.732,9.353],[36.722,9.333],[36.698,9.311],[36.676,9.307],[36.651,9.316],[36.627,9.321],[36.608,9.315],[36.602,9.3],[36.619,9.284],[36.643,9.272],[36.668,9.257],[36.682,9.243],[36.687,9.224],[36.697,9.204],[36.712,9.19],[36.734,9.177],[36.75,9.163],[36.756,9.142],[36.758,9.119],[36.753,9.099],[36.743,9.086],[36.725,9.084],[36.708,9.077],[36.704,9.043],[36.71,9.01],[36.72,8.982],[36.742,8.958],[36.759,8.941],[36.769,8.937],[36.783,8.918],[36.789,8.924],[36.826,8.94],[36.861,8.945],[36.886,8.943],[36.911,8.946],[36.925,8.961],[36.931,8.968],[36.958,8.99],[36.939,9.024],[36.93,9.047],[36.937,9.106],[36.924,9.126],[36.889,9.159],[36.877,9.182],[36.874,9.209],[36.881,9.244],[36.894,9.27],[36.902,9.289],[36.903,9.296],[36.901,9.315],[36.871,9.326],[36.847,9.326],[36.83,9.329],[36.819,9.336],[36.809,9.351],[36.79,9.369],[36.77,9.377],[36.754,9.376],[36.73,9.366]]]}},{"type":"Feature","properties":{"name":"Wayu Tuka"},"geometry":{"type":"Polygon","coordinates":[[[36.552,8.97],[36.57,8.951],[36.601,8.944],[36.634,8.942],[36.667,8.933],[36.685,8.916],[36.682,8.909],[36.696,8.901],[36.738,8.863],[36.742,8.852],[36.748,8.854],[36.764,8.853],[36.781,8.843],[36.792,8.896],[36.783,8.918],[36.769,8.937],[36.759,8.941],[36.742,8.958],[36.72,8.982],[36.71,9.01],[36.704,9.043],[36.708,9.077],[36.725,9.084],[36.743,9.086],[36.753,9.099],[36.758,9.119],[36.756,9.142],[36.75,9.163],[36.735,9.168],[36.72,9.169],[36.706,9.168],[36.694,9.172],[36.684,9.173],[36.661,9.154],[36.626,9.151],[36.61,9.145],[36.596,9.133],[36.589,9.12],[36.587,9.087],[36.59,9.061],[36.583,9.046],[36.571,9.036],[36.575,9.024],[36.57,9.004],[36.566,8.996],[36.557,8.986],[36.552,8.97]]]}},{"type":"Feature","properties":{"name":"Amuru"},"geometry":{"type":"Polygon","coordinates":[[[36.87,10.342],[36.84,10.342],[36.834,10.343],[36.876,10.231],[36.869,10.177],[36.877,10.161],[36.888,10.131],[36.889,10.11],[36.9,10.055],[36.9,10.03],[36.897,10.011],[36.898,9.989],[36.903,9.96],[36.909,9.941],[36.916,9.926],[36.914,9.903],[36.911,9.889],[36.938,9.901],[36.955,9.917],[36.97,9.929],[37.044,9.965],[37.071,9.989],[37.098,10.01],[37.108,10.007],[37.119,10.021],[37.13,10.021],[37.14,10.029],[37.143,10.038],[37.143,10.044],[37.151,10.044],[37.153,10.051],[37.158,10.051],[37.165,10.055],[37.175,10.066],[37.181,10.063],[37.189,10.065],[37.199,10.079],[37.198,10.089],[37.207,10.096],[37.196,10.105],[37.192,10.113],[37.181,10.145],[37.169,10.164],[37.169,10.169],[37.172,10.175],[37.183,10.189],[37.198,10.215],[37.201,10.224],[37.197,10.232],[37.191,10.237],[37.183,10.242],[37.175,10.244],[37.136,10.247],[37.115,10.252],[37.095,10.259],[37.088,10.26],[37.079,10.264],[37.075,10.272],[37.071,10.277],[37.063,10.283],[37.052,10.285],[37.047,10.289],[37.041,10.286],[37.014,10.286],[37.008,10.29],[36.998,10.304],[36.981,10.315],[36.972,10.316],[36.966,10.313],[36.954,10.313],[36.932,10.312],[36.925,10.315],[36.899,10.314],[36.89,10.316],[36.884,10.322],[36.877,10.335],[36.87,10.342]]]}},{"type":"Feature","properties":{"name":"Jimma Genete"},"geometry":{"type":"Polygon","coordinates":[[[37.284,9.552],[37.252,9.531],[37.248,9.527],[37.246,9.522],[37.233,9.516],[37.221,9.521],[37.203,9.517],[37.19,9.504],[37.181,9.505],[37.181,9.52],[37.174,9.535],[37.171,9.549],[37.164,9.559],[37.112,9.553],[37.095,9.546],[37.084,9.547],[37.072,9.543],[37.06,9.526],[37.044,9.514],[37.057,9.506],[37.072,9.489],[37.067,9.467],[37.054,9.435],[37.051,9.42],[37.049,9.41],[37.054,9.388],[37.071,9.358],[37.075,9.34],[37.089,9.318],[37.114,9.29],[37.132,9.266],[37.15,9.249],[37.153,9.244],[37.156,9.237],[37.176,9.237],[37.218,9.214],[37.228,9.222],[37.246,9.243],[37.251,9.253],[37.246,9.261],[37.22,9.289],[37.161,9.34],[37.157,9.362],[37.187,9.426],[37.195,9.435],[37.2,9.444],[37.208,9.468],[37.224,9.493],[37.247,9.507],[37.265,9.52],[37.28,9.534],[37.287,9.546],[37.284,9.552]]]}},{"type":"Feature","properties":{"name":"Ababo"},"geometry":{"type":"Polygon","coordinates":[[[37.477,10.016],[37.462,10.013],[37.454,10.013],[37.445,10.016],[37.425,10.035],[37.419,10.038],[37.399,10.047],[37.388,10.048],[37.381,10.044],[37.374,10.043],[37.363,10.044],[37.358,10.041],[37.35,10.013],[37.346,10.007],[37.349,10.0],[37.361,9.989],[37.372,9.973],[37.397,9.933],[37.415,9.897],[37.419,9.87],[37.42,9.841],[37.426,9.803],[37.43,9.723],[37.428,9.672],[37.433,9.64],[37.451,9.641],[37.46,9.638],[37.482,9.638],[37.49,9.63],[37.51,9.625],[37.531,9.607],[37.544,9.598],[37.562,9.596],[37.594,9.587],[37.602,9.589],[37.62,9.589],[37.625,9.623],[37.626,9.646],[37.622,9.69],[37.628,9.712],[37.64,9.731],[37.651,9.76],[37.647,9.782],[37.649,9.827],[37.663,9.848],[37.672,9.855],[37.675,9.863],[37.668,9.86],[37.663,9.861],[37.652,9.87],[37.642,9.883],[37.637,9.887],[37.624,9.89],[37.619,9.895],[37.618,9.903],[37.614,9.91],[37.6,9.919],[37.593,9.92],[37.59,9.928],[37.591,9.934],[37.588,9.94],[37.575,9.943],[37.558,9.955],[37.554,9.96],[37.552,9.974],[37.547,9.978],[37.53,9.997],[37.521,10.001],[37.502,9.999],[37.489,10.004],[37.484,10.004],[37.479,10.01],[37.477,10.016]]]}},{"type":"Feature","properties":{"name":"Gumay"},"geometry":{"type":"Polygon","coordinates":[[[36.293,7.898],[36.302,7.886],[36.314,7.883],[36.321,7.862],[36.301,7.835],[36.3,7.823],[36.309,7.818],[36.335,7.816],[36.363,7.82],[36.38,7.828],[36.405,7.848],[36.42,7.86],[36.484,7.888],[36.503,7.909],[36.527,7.915],[36.545,7.927],[36.56,7.939],[36.568,7.94],[36.615,7.969],[36.628,7.996],[36.612,7.987],[36.599,7.995],[36.591,8.026],[36.57,8.055],[36.533,8.061],[36.496,8.046],[36.472,8.038],[36.442,8.037],[36.426,8.043],[36.409,8.025],[36.361,8.002],[36.349,7.994],[36.338,7.982],[36.313,7.964],[36.308,7.949],[36.308,7.933],[36.303,7.913],[36.293,7.898]]]}},{"type":"Feature","properties":{"name":"Seka Chekorsa"},"geometry":{"type":"Polygon","coordinates":[[[36.486,7.671],[36.503,7.656],[36.56,7.627],[36.613,7.603],[36.669,7.573],[36.693,7.564],[36.707,7.554],[36.712,7.545],[36.715,7.532],[36.721,7.521],[36.735,7.511],[36.736,7.52],[36.75,7.537],[36.751,7.554],[36.76,7.572],[36.781,7.582],[36.791,7.599],[36.816,7.613],[36.832,7.62],[36.842,7.633],[36.826,7.65],[36.803,7.669],[36.771,7.667],[36.762,7.658],[36.742,7.663],[36.715,7.684],[36.696,7.705],[36.69,7.726],[36.675,7.736],[36.654,7.735],[36.632,7.732],[36.601,7.758],[36.576,7.76],[36.559,7.755],[36.549,7.746],[36.539,7.728],[36.515,7.721],[36.502,7.709],[36.496,7.688],[36.486,7.671]]]}},{"type":"Feature","properties":{"name":"Limu Kosa"},"geometry":{"type":"Polygon","coordinates":[[[36.821,8.143],[36.817,8.12],[36.809,8.102],[36.8,8.095],[36.79,8.1],[36.777,8.116],[36.761,8.105],[36.749,8.085],[36.743,8.069],[36.728,8.06],[36.738,8.039],[36.742,8.021],[36.747,8.013],[36.745,8.006],[36.748,7.996],[36.748,7.99],[36.742,7.975],[36.739,7.956],[36.732,7.933],[36.735,7.915],[36.734,7.907],[36.744,7.9],[36.762,7.895],[36.787,7.895],[36.81,7.892],[36.832,7.874],[36.851,7.856],[36.859,7.851],[36.886,7.836],[36.906,7.848],[36.929,7.851],[36.952,7.87],[36.966,7.899],[36.988,7.926],[37.0,7.92],[37.022,7.93],[37.033,7.959],[37.047,7.973],[37.066,7.975],[37.079,7.98],[37.085,7.985],[37.1,7.998],[37.114,8.0],[37.118,8.013],[37.144,8.036],[37.155,8.053],[37.172,8.067],[37.162,8.079],[37.152,8.104],[37.15,8.122],[37.15,8.137],[37.159,8.147],[37.167,8.153],[37.193,8.168],[37.197,8.177],[37.193,8.193],[37.182,8.209],[37.171,8.214],[37.159,8.215],[37.141,8.231],[37.132,8.226],[37.103,8.244],[37.096,8.251],[37.062,8.301],[37.052,8.306],[37.042,8.309],[37.038,8.334],[37.033,8.341],[37.03,8.33],[37.017,8.302],[37.014,8.277],[36.997,8.232],[37.004,8.216],[37.006,8.195],[36.985,8.181],[36.968,8.163],[36.944,8.115],[36.934,8.099],[36.885,8.132],[36.865,8.138],[36.821,8.143]]]}},{"type":"Feature","properties":{"name":"Abuna G/Beret"},"geometry":{"type":"MultiPolygon","coordinates":[[[[37.865,9.914],[37.861,9.914],[37.86,9.907],[37.86,9.901],[37.857,9.897],[37.849,9.899],[37.844,9.898],[37.837,9.889],[37.828,9.882],[37.824,9.875],[37.833,9.873],[37.839,9.862],[37.845,9.858],[37.845,9.851],[37.854,9.845],[37.861,9.833],[37.869,9.827],[37.882,9.814],[37.891,9.795],[37.892,9.772],[37.884,9.758],[37.876,9.735],[37.87,9.725],[37.87,9.703],[37.875,9.689],[37.893,9.674],[37.911,9.664],[37.934,9.656],[37.948,9.648],[37.952,9.644],[37.952,9.63],[37.964,9.615],[37.965,9.59],[37.96,9.573],[37.946,9.56],[37.927,9.551],[37.914,9.547],[37.903,9.545],[37.897,9.539],[37.892,9.529],[37.883,9.522],[37.877,9.49],[37.873,9.48],[37.87,9.457],[37.881,9.456],[37.915,9.445],[37.947,9.438],[38.005,9.477],[38.039,9.483],[38.102,9.476],[38.114,9.487],[38.123,9.495],[38.126,9.514],[38.136,9.54],[38.135,9.607],[38.139,9.628],[38.139,9.637],[38.127,9.635],[38.116,9.647],[38.105,9.666],[38.094,9.689],[38.064,9.745],[38.062,9.764],[38.054,9.798],[38.051,9.809],[38.041,9.832],[38.025,9.846],[38.002,9.858],[37.98,9.876],[37.94,9.916],[37.936,9.927],[37.936,9.92],[37.931,9.916],[37.924,9.916],[37.91,9.931],[37.902,9.931],[37.881,9.922],[37.877,9.917],[37.875,9.912],[37.871,9.909],[37.865,9.914]]],[[[37.936,9.927],[37.937,9.932],[37.933,9.937],[37.932,9.931],[37.936,9.927]]]]}},{"type":"Feature","properties":{"name":"Ifata"},"geometry":{"type":"Polygon","coordinates":[[[37.793,9.277],[37.789,9.256],[37.791,9.247],[37.798,9.228],[37.807,9.191],[37.813,9.173],[37.823,9.159],[37.836,9.149],[37.854,9.139],[37.888,9.128],[37.922,9.12],[37.937,9.113],[37.958,9.109],[37.985,9.106],[38.019,9.108],[38.083,9.108],[38.099,9.11],[38.11,9.115],[38.119,9.128],[38.095,9.135],[38.051,9.178],[38.009,9.191],[37.994,9.206],[37.974,9.234],[37.945,9.256],[37.917,9.273],[37.875,9.288],[37.793,9.277]]]}},{"type":"Feature","properties":{"name":"Toke Kutaye"},"geometry":{"type":"Polygon","coordinates":[[[37.542,8.932],[37.554,8.931],[37.566,8.923],[37.595,8.899],[37.62,8.905],[37.631,8.921],[37.649,8.937],[37.665,8.918],[37.664,8.894],[37.675,8.875],[37.707,8.865],[37.714,8.866],[37.729,8.861],[37.745,8.847],[37.755,8.824],[37.763,8.804],[37.773,8.796],[37.792,8.786],[37.811,8.783],[37.824,8.791],[37.839,8.789],[37.839,8.799],[37.835,8.835],[37.827,8.842],[37.827,8.855],[37.814,8.884],[37.819,8.9],[37.794,8.92],[37.787,8.936],[37.79,8.952],[37.78,8.984],[37.768,8.998],[37.76,9.022],[37.742,9.036],[37.729,9.044],[37.714,9.069],[37.703,9.072],[37.698,9.081],[37.683,9.087],[37.659,9.055],[37.63,9.045],[37.596,9.049],[37.589,9.044],[37.575,9.036],[37.56,9.004],[37.545,8.979],[37.542,8.971],[37.541,8.953],[37.542,8.932]]]}},{"type":"Feature","properties":{"name":"Mida Kegn"},"geometry":{"type":"Polygon","coordinates":[[[37.475,9.297],[37.451,9.276],[37.458,9.255],[37.458,9.239],[37.448,9.211],[37.439,9.193],[37.442,9.182],[37.455,9.17],[37.461,9.151],[37.478,9.127],[37.487,9.11],[37.509,9.096],[37.535,9.082],[37.563,9.071],[37.582,9.053],[37.589,9.044],[37.596,9.049],[37.63,9.045],[37.659,9.055],[37.683,9.087],[37.724,9.159],[37.727,9.214],[37.722,9.245],[37.713,9.264],[37.711,9.284],[37.696,9.311],[37.68,9.335],[37.675,9.349],[37.676,9.355],[37.65,9.371],[37.646,9.366],[37.6,9.335],[37.577,9.329],[37.543,9.327],[37.517,9.323],[37.482,9.303],[37.475,9.297]]]}},{"type":"Feature","properties":{"name":"Jibat"},"geometry":{"type":"Polygon","coordinates":[[[37.438,8.876],[37.433,8.868],[37.415,8.846],[37.391,8.827],[37.38,8.801],[37.39,8.78],[37.404,8.758],[37.408,8.741],[37.382,8.71],[37.359,8.703],[37.351,8.685],[37.354,8.666],[37.356,8.661],[37.388,8.644],[37.401,8.64],[37.413,8.638],[37.421,8.638],[37.431,8.615],[37.446,8.615],[37.456,8.627],[37.479,8.622],[37.497,8.63],[37.506,8.629],[37.515,8.636],[37.527,8.639],[37.535,8.633],[37.547,8.633],[37.566,8.646],[37.58,8.648],[37.594,8.641],[37.611,8.646],[37.624,8.664],[37.632,8.681],[37.573,8.684],[37.534,8.725],[37.541,8.749],[37.556,8.77],[37.562,8.786],[37.544,8.807],[37.524,8.828],[37.473,8.873],[37.457,8.874],[37.448,8.876],[37.438,8.876]]]}},{"type":"Feature","properties":{"name":"Goro"},"geometry":{"type":"Polygon","coordinates":[[[37.828,8.504],[37.81,8.488],[37.796,8.473],[37.776,8.443],[37.748,8.407],[37.72,8.392],[37.684,8.37],[37.693,8.355],[37.705,8.338],[37.718,8.335],[37.732,8.344],[37.749,8.353],[37.766,8.348],[37.78,8.341],[37.797,8.336],[37.817,8.333],[37.84,8.333],[37.864,8.337],[37.888,8.351],[37.911,8.372],[37.929,8.379],[37.949,8.369],[37.989,8.361],[38.009,8.374],[38.029,8.391],[38.04,8.39],[38.053,8.384],[38.05,8.417],[38.046,8.426],[38.041,8.448],[38.034,8.468],[38.026,8.482],[38.014,8.495],[37.977,8.52],[37.967,8.534],[37.957,8.534],[37.945,8.53],[37.934,8.53],[37.914,8.538],[37.898,8.518],[37.878,8.506],[37.855,8.51],[37.828,8.504]]]}},{"type":"Feature","properties":{"name":"Kersana Malima"},"geometry":{"type":"Polygon","coordinates":[[[38.483,8.568],[38.515,8.567],[38.521,8.561],[38.533,8.564],[38.544,8.558],[38.551,8.558],[38.567,8.568],[38.598,8.578],[38.611,8.575],[38.628,8.579],[38.659,8.57],[38.669,8.566],[38.69,8.568],[38.714,8.557],[38.724,8.556],[38.761,8.528],[38.764,8.537],[38.761,8.555],[38.747,8.565],[38.73,8.57],[38.723,8.584],[38.718,8.614],[38.723,8.622],[38.698,8.621],[38.678,8.623],[38.655,8.64],[38.639,8.662],[38.628,8.683],[38.61,8.706],[38.582,8.714],[38.558,8.711],[38.539,8.705],[38.527,8.702],[38.521,8.703],[38.503,8.714],[38.499,8.719],[38.473,8.706],[38.456,8.702],[38.439,8.69],[38.447,8.665],[38.461,8.637],[38.482,8.617],[38.495,8.598],[38.495,8.587],[38.485,8.576],[38.483,8.568]]]}},{"type":"Feature","properties":{"name":"Debre Libanos"},"geometry":{"type":"Polygon","coordinates":[[[38.756,9.657],[38.757,9.637],[38.754,9.619],[38.756,9.601],[38.764,9.579],[38.796,9.596],[38.836,9.603],[38.869,9.616],[38.923,9.641],[38.937,9.684],[38.955,9.702],[38.961,9.712],[38.955,9.715],[38.941,9.726],[38.936,9.729],[38.929,9.726],[38.919,9.713],[38.91,9.71],[38.898,9.715],[38.873,9.731],[38.871,9.724],[38.85,9.707],[38.84,9.701],[38.802,9.685],[38.787,9.677],[38.763,9.66],[38.756,9.657]]]}},{"type":"Feature","properties":{"name":"Mulo"},"geometry":{"type":"Polygon","coordinates":[[[38.606,9.476],[38.61,9.464],[38.601,9.447],[38.578,9.432],[38.564,9.417],[38.556,9.388],[38.551,9.362],[38.55,9.337],[38.535,9.303],[38.524,9.284],[38.516,9.266],[38.517,9.249],[38.518,9.244],[38.529,9.219],[38.553,9.21],[38.573,9.199],[38.596,9.183],[38.624,9.174],[38.686,9.177],[38.711,9.234],[38.713,9.278],[38.717,9.306],[38.706,9.354],[38.698,9.41],[38.687,9.434],[38.673,9.456],[38.673,9.468],[38.665,9.496],[38.644,9.491],[38.606,9.476]]]}},{"type":"Feature","properties":{"name":"Aleltu"},"geometry":{"type":"Polygon","coordinates":[[[39.265,9.325],[39.268,9.333],[39.253,9.344],[39.234,9.343],[39.216,9.332],[39.202,9.305],[39.184,9.309],[39.176,9.327],[39.151,9.335],[39.122,9.334],[39.098,9.336],[39.068,9.351],[39.053,9.348],[39.043,9.332],[39.016,9.325],[39.005,9.315],[39.042,9.268],[39.079,9.214],[39.102,9.168],[39.117,9.149],[39.154,9.112],[39.167,9.118],[39.19,9.122],[39.214,9.103],[39.232,9.116],[39.25,9.137],[39.235,9.159],[39.215,9.174],[39.189,9.21],[39.215,9.229],[39.201,9.251],[39.195,9.253],[39.179,9.272],[39.208,9.293],[39.235,9.295],[39.261,9.251],[39.267,9.246],[39.286,9.279],[39.267,9.289],[39.265,9.325]]]}},{"type":"Feature","properties":{"name":"Jida"},"geometry":{"type":"Polygon","coordinates":[[[38.974,9.473],[38.993,9.458],[38.998,9.432],[38.986,9.399],[38.986,9.358],[38.945,9.313],[38.941,9.301],[38.962,9.291],[38.984,9.297],[39.005,9.315],[39.016,9.325],[39.043,9.332],[39.053,9.348],[39.068,9.351],[39.067,9.36],[39.072,9.374],[39.093,9.405],[39.104,9.423],[39.105,9.443],[39.124,9.445],[39.143,9.452],[39.137,9.487],[39.141,9.502],[39.132,9.515],[39.113,9.529],[39.107,9.55],[39.113,9.572],[39.1,9.565],[39.095,9.557],[39.088,9.555],[39.079,9.556],[39.076,9.561],[39.063,9.57],[39.06,9.578],[39.055,9.583],[39.045,9.585],[39.035,9.586],[39.027,9.582],[39.023,9.573],[39.023,9.562],[39.029,9.516],[39.023,9.491],[39.01,9.482],[38.974,9.473]]]}},{"type":"Feature","properties":{"name":"Bora"},"geometry":{"type":"Polygon","coordinates":[[[39.039,8.398],[38.988,8.406],[38.97,8.406],[38.945,8.4],[38.919,8.385],[38.899,8.379],[38.851,8.391],[38.828,8.391],[38.808,8.377],[38.791,8.37],[38.814,8.357],[38.845,8.337],[38.865,8.319],[38.875,8.3],[38.876,8.278],[38.889,8.242],[38.909,8.225],[38.929,8.216],[38.961,8.193],[38.977,8.188],[38.986,8.189],[38.988,8.21],[38.993,8.232],[39.0,8.255],[39.013,8.277],[39.031,8.293],[39.057,8.307],[39.074,8.305],[39.077,8.31],[39.075,8.349],[39.078,8.369],[39.084,8.384],[39.074,8.394],[39.039,8.398]]]}},{"type":"Feature","properties":{"name":"Liben Chukala"},"geometry":{"type":"Polygon","coordinates":[[[38.841,8.629],[38.82,8.586],[38.805,8.561],[38.783,8.539],[38.774,8.533],[38.764,8.537],[38.761,8.528],[38.754,8.494],[38.755,8.473],[38.76,8.451],[38.763,8.429],[38.762,8.413],[38.758,8.404],[38.78,8.374],[38.791,8.37],[38.808,8.377],[38.828,8.391],[38.851,8.391],[38.899,8.379],[38.919,8.385],[38.945,8.4],[38.97,8.406],[38.988,8.406],[39.039,8.398],[39.04,8.423],[39.038,8.446],[39.032,8.458],[39.032,8.471],[39.038,8.484],[39.038,8.498],[39.035,8.512],[39.049,8.523],[39.065,8.541],[39.06,8.543],[39.049,8.553],[39.047,8.568],[39.039,8.575],[39.007,8.587],[38.999,8.585],[38.97,8.597],[38.953,8.604],[38.936,8.618],[38.92,8.622],[38.904,8.624],[38.888,8.62],[38.868,8.627],[38.862,8.625],[38.846,8.625],[38.841,8.629]]]}},{"type":"Feature","properties":{"name":"Dodota"},"geometry":{"type":"MultiPolygon","coordinates":[[[[39.074,8.305],[39.055,8.242],[39.08,8.235],[39.1,8.233],[39.117,8.226],[39.119,8.212],[39.11,8.195],[39.111,8.181],[39.124,8.158],[39.13,8.155],[39.161,8.183],[39.182,8.193],[39.208,8.226],[39.197,8.248],[39.195,8.264],[39.187,8.281],[39.174,8.302],[39.158,8.313],[39.141,8.308],[39.121,8.297],[39.101,8.293],[39.08,8.304],[39.074,8.305]]],[[[39.427,8.415],[39.418,8.413],[39.401,8.4],[39.383,8.382],[39.366,8.382],[39.352,8.387],[39.341,8.382],[39.332,8.383],[39.311,8.372],[39.295,8.346],[39.27,8.263],[39.252,8.243],[39.275,8.22],[39.287,8.213],[39.3,8.202],[39.314,8.19],[39.332,8.185],[39.385,8.205],[39.393,8.22],[39.403,8.228],[39.397,8.229],[39.397,8.235],[39.397,8.24],[39.402,8.247],[39.402,8.255],[39.397,8.264],[39.399,8.272],[39.397,8.279],[39.401,8.283],[39.4,8.298],[39.41,8.309],[39.414,8.315],[39.412,8.334],[39.413,8.351],[39.422,8.366],[39.426,8.371],[39.435,8.374],[39.441,8.38],[39.44,8.389],[39.436,8.394],[39.437,8.401],[39.443,8.406],[39.447,8.414],[39.427,8.415]]]]}},{"type":"Feature","properties":{"name":"Lude Hitosa"},"geometry":{"type":"Polygon","coordinates":[[[39.403,8.228],[39.393,8.22],[39.385,8.205],[39.332,8.185],[39.314,8.19],[39.3,8.202],[39.294,8.199],[39.287,8.192],[39.31,8.169],[39.321,8.141],[39.319,8.134],[39.312,8.128],[39.308,8.121],[39.312,8.114],[39.308,8.107],[39.313,8.099],[39.306,8.088],[39.298,8.083],[39.298,8.073],[39.3,8.064],[39.304,8.057],[39.322,8.071],[39.322,8.064],[39.319,8.057],[39.325,8.048],[39.335,8.047],[39.333,8.036],[39.338,8.029],[39.345,8.028],[39.354,8.021],[39.354,8.012],[39.375,8.008],[39.371,7.99],[39.379,7.978],[39.39,7.973],[39.401,7.971],[39.412,7.954],[39.419,7.933],[39.424,7.922],[39.432,7.911],[39.441,7.947],[39.466,8.002],[39.474,8.011],[39.518,8.034],[39.545,8.05],[39.551,8.069],[39.546,8.078],[39.532,8.092],[39.519,8.114],[39.506,8.153],[39.493,8.179],[39.48,8.198],[39.464,8.207],[39.443,8.203],[39.424,8.219],[39.403,8.228]]]}},{"type":"Feature","properties":{"name":"Tena"},"geometry":{"type":"Polygon","coordinates":[[[39.415,7.876],[39.409,7.851],[39.409,7.802],[39.405,7.757],[39.395,7.725],[39.39,7.701],[39.403,7.7],[39.431,7.703],[39.46,7.702],[39.491,7.699],[39.515,7.694],[39.536,7.686],[39.551,7.677],[39.56,7.667],[39.573,7.659],[39.592,7.667],[39.609,7.664],[39.628,7.652],[39.645,7.65],[39.637,7.681],[39.637,7.702],[39.634,7.723],[39.62,7.747],[39.578,7.779],[39.563,7.805],[39.565,7.844],[39.55,7.864],[39.521,7.878],[39.473,7.889],[39.459,7.887],[39.436,7.887],[39.429,7.887],[39.424,7.89],[39.415,7.876]]]}},{"type":"Feature","properties":{"name":"Diksis"},"geometry":{"type":"Polygon","coordinates":[[[39.56,8.2],[39.549,8.188],[39.543,8.188],[39.536,8.169],[39.539,8.164],[39.536,8.158],[39.528,8.15],[39.522,8.147],[39.515,8.149],[39.506,8.153],[39.519,8.114],[39.532,8.092],[39.546,8.078],[39.551,8.069],[39.545,8.05],[39.518,8.034],[39.474,8.011],[39.466,8.002],[39.441,7.947],[39.432,7.911],[39.431,7.894],[39.445,7.898],[39.495,7.914],[39.519,7.916],[39.545,7.912],[39.569,7.917],[39.579,7.934],[39.58,7.94],[39.591,7.95],[39.584,7.965],[39.582,7.972],[39.602,8.0],[39.612,8.021],[39.63,8.039],[39.627,8.056],[39.639,8.052],[39.641,8.062],[39.641,8.082],[39.648,8.085],[39.651,8.101],[39.66,8.098],[39.67,8.102],[39.674,8.112],[39.667,8.136],[39.659,8.153],[39.657,8.163],[39.662,8.166],[39.662,8.177],[39.653,8.182],[39.648,8.179],[39.641,8.181],[39.639,8.187],[39.609,8.186],[39.596,8.199],[39.591,8.187],[39.581,8.171],[39.566,8.19],[39.572,8.193],[39.566,8.201],[39.56,8.2]]]}},{"type":"Feature","properties":{"name":"Inkolo Wabe"},"geometry":{"type":"Polygon","coordinates":[[[39.523,7.403],[39.528,7.411],[39.541,7.427],[39.571,7.433],[39.596,7.449],[39.615,7.466],[39.639,7.477],[39.637,7.483],[39.631,7.486],[39.625,7.486],[39.618,7.482],[39.613,7.48],[39.608,7.484],[39.599,7.487],[39.586,7.482],[39.578,7.482],[39.572,7.481],[39.567,7.478],[39.556,7.479],[39.547,7.474],[39.533,7.472],[39.528,7.457],[39.517,7.452],[39.507,7.457],[39.499,7.456],[39.486,7.457],[39.479,7.462],[39.472,7.474],[39.451,7.484],[39.443,7.485],[39.441,7.494],[39.431,7.493],[39.425,7.486],[39.416,7.484],[39.409,7.488],[39.4,7.486],[39.391,7.485],[39.386,7.482],[39.37,7.486],[39.348,7.485],[39.346,7.479],[39.352,7.466],[39.359,7.468],[39.366,7.466],[39.372,7.46],[39.371,7.454],[39.379,7.45],[39.386,7.448],[39.39,7.443],[39.38,7.435],[39.371,7.433],[39.365,7.421],[39.364,7.392],[39.36,7.378],[39.356,7.374],[39.356,7.369],[39.362,7.369],[39.373,7.365],[39.383,7.356],[39.392,7.353],[39.4,7.356],[39.413,7.355],[39.418,7.353],[39.417,7.334],[39.418,7.328],[39.421,7.322],[39.429,7.318],[39.437,7.318],[39.44,7.312],[39.449,7.309],[39.454,7.31],[39.459,7.317],[39.466,7.316],[39.494,7.323],[39.5,7.353],[39.513,7.387],[39.523,7.403]]]}},{"type":"Feature","properties":{"name":"Guna"},"geometry":{"type":"Polygon","coordinates":[[[39.761,8.297],[39.764,8.29],[39.766,8.274],[39.77,8.267],[39.775,8.261],[39.78,8.264],[39.784,8.26],[39.786,8.253],[39.791,8.248],[39.795,8.236],[39.792,8.221],[39.798,8.2],[39.797,8.179],[39.803,8.179],[39.813,8.182],[39.82,8.178],[39.827,8.18],[39.83,8.226],[39.832,8.231],[39.838,8.226],[39.843,8.228],[39.843,8.235],[39.85,8.24],[39.859,8.241],[39.864,8.238],[39.872,8.238],[39.886,8.229],[39.892,8.231],[39.895,8.216],[39.908,8.221],[39.92,8.225],[39.927,8.225],[39.932,8.228],[39.945,8.226],[39.949,8.221],[39.959,8.229],[39.964,8.237],[39.983,8.245],[39.994,8.254],[40.006,8.258],[40.004,8.29],[40.008,8.314],[40.023,8.343],[40.06,8.355],[40.087,8.358],[40.1,8.372],[40.11,8.413],[40.063,8.41],[40.048,8.403],[40.042,8.393],[40.03,8.399],[40.009,8.421],[39.998,8.414],[39.982,8.415],[39.977,8.43],[39.971,8.454],[39.966,8.446],[39.957,8.438],[39.929,8.437],[39.918,8.433],[39.914,8.425],[39.902,8.419],[39.888,8.417],[39.861,8.399],[39.849,8.387],[39.848,8.379],[39.86,8.361],[39.858,8.342],[39.85,8.332],[39.824,8.317],[39.816,8.308],[39.816,8.301],[39.807,8.296],[39.778,8.291],[39.761,8.297]]]}},{"type":"Feature","properties":{"name":"Bele Gesgar"},"geometry":{"type":"MultiPolygon","coordinates":[[[[39.896,7.673],[39.9,7.657],[39.907,7.651],[39.904,7.625],[39.906,7.611],[39.929,7.601],[39.966,7.582],[39.991,7.555],[40.064,7.52],[40.091,7.499],[40.128,7.494],[40.175,7.491],[40.194,7.486],[40.208,7.514],[40.204,7.525],[40.193,7.532],[40.193,7.544],[40.185,7.555],[40.168,7.547],[40.15,7.554],[40.15,7.564],[40.156,7.573],[40.159,7.582],[40.16,7.595],[40.172,7.606],[40.155,7.63],[40.135,7.648],[40.138,7.658],[40.125,7.663],[40.115,7.675],[40.103,7.677],[40.09,7.67],[40.068,7.683],[40.045,7.688],[40.061,7.701],[40.067,7.714],[40.072,7.72],[40.079,7.734],[40.092,7.73],[40.093,7.735],[40.099,7.737],[40.101,7.758],[40.109,7.768],[40.114,7.767],[40.119,7.767],[40.131,7.763],[40.138,7.764],[40.138,7.77],[40.144,7.775],[40.149,7.776],[40.154,7.78],[40.146,7.782],[40.139,7.792],[40.124,7.794],[40.109,7.791],[40.1,7.785],[40.077,7.776],[40.061,7.775],[40.048,7.777],[40.025,7.779],[40.011,7.772],[39.991,7.766],[39.985,7.754],[39.98,7.742],[39.969,7.74],[39.954,7.743],[39.947,7.732],[39.938,7.732],[39.938,7.726],[39.931,7.717],[39.921,7.717],[39.921,7.709],[39.914,7.709],[39.914,7.688],[39.909,7.678],[39.896,7.673]]],[[[40.109,7.791],[40.113,7.8],[40.13,7.806],[40.136,7.814],[40.172,7.822],[40.177,7.829],[40.185,7.851],[40.2,7.864],[40.204,7.878],[40.176,7.885],[40.138,7.884],[40.103,7.87],[40.097,7.846],[40.089,7.825],[40.069,7.811],[40.055,7.8],[40.062,7.789],[40.095,7.794],[40.109,7.791]]]]}},{"type":"Feature","properties":{"name":"Siraro"},"geometry":{"type":"Polygon","coordinates":[[[38.207,7.267],[38.199,7.263],[38.182,7.259],[38.145,7.233],[38.105,7.212],[38.101,7.208],[38.088,7.196],[38.079,7.181],[38.077,7.155],[38.07,7.124],[38.067,7.089],[38.062,7.073],[38.064,7.067],[38.065,7.045],[38.074,7.031],[38.089,7.024],[38.103,7.012],[38.11,7.001],[38.118,6.982],[38.13,6.975],[38.147,6.979],[38.171,7.002],[38.195,7.014],[38.217,7.016],[38.239,7.021],[38.242,7.029],[38.255,7.061],[38.29,7.108],[38.306,7.123],[38.314,7.148],[38.323,7.163],[38.311,7.166],[38.308,7.173],[38.311,7.188],[38.307,7.204],[38.313,7.209],[38.319,7.232],[38.318,7.237],[38.31,7.236],[38.3,7.238],[38.291,7.236],[38.285,7.231],[38.264,7.235],[38.254,7.234],[38.245,7.23],[38.232,7.231],[38.23,7.237],[38.221,7.237],[38.212,7.232],[38.211,7.227],[38.197,7.223],[38.194,7.238],[38.204,7.24],[38.202,7.246],[38.194,7.248],[38.198,7.253],[38.204,7.253],[38.208,7.259],[38.207,7.267]]]}},{"type":"Feature","properties":{"name":"Kore"},"geometry":{"type":"Polygon","coordinates":[[[38.98,7.105],[38.98,7.125],[38.975,7.146],[38.974,7.162],[38.959,7.171],[38.957,7.188],[38.974,7.199],[38.998,7.199],[39.021,7.206],[39.039,7.219],[39.055,7.236],[39.06,7.25],[39.043,7.25],[39.018,7.242],[39.007,7.253],[39.018,7.27],[39.037,7.288],[39.071,7.303],[39.098,7.311],[39.14,7.339],[39.151,7.348],[39.129,7.364],[39.067,7.356],[39.042,7.343],[39.002,7.328],[38.971,7.319],[38.919,7.326],[38.901,7.323],[38.881,7.322],[38.863,7.314],[38.82,7.322],[38.8,7.319],[38.8,7.3],[38.81,7.279],[38.834,7.266],[38.833,7.241],[38.823,7.223],[38.824,7.201],[38.815,7.16],[38.824,7.155],[38.83,7.157],[38.838,7.155],[38.847,7.15],[38.845,7.143],[38.845,7.135],[38.849,7.127],[38.848,7.119],[38.863,7.112],[38.864,7.095],[38.869,7.094],[38.873,7.107],[38.877,7.11],[38.885,7.108],[38.885,7.102],[38.889,7.093],[38.896,7.091],[38.895,7.084],[38.896,7.077],[38.908,7.073],[38.922,7.061],[38.933,7.059],[38.928,7.066],[38.932,7.071],[38.933,7.077],[38.943,7.089],[38.952,7.085],[38.959,7.087],[38.969,7.092],[38.98,7.105]]]}},{"type":"Feature","properties":{"name":"Goba Koricha"},"geometry":{"type":"Polygon","coordinates":[[[40.351,8.889],[40.366,8.874],[40.372,8.865],[40.372,8.838],[40.369,8.829],[40.376,8.804],[40.374,8.788],[40.375,8.771],[40.394,8.783],[40.41,8.796],[40.414,8.809],[40.43,8.822],[40.476,8.83],[40.528,8.857],[40.556,8.876],[40.585,8.888],[40.669,8.898],[40.681,8.887],[40.687,8.877],[40.71,8.883],[40.713,8.892],[40.711,8.902],[40.722,8.928],[40.705,8.939],[40.695,8.951],[40.644,8.99],[40.628,9.009],[40.611,9.06],[40.601,9.063],[40.586,9.05],[40.57,9.04],[40.551,9.035],[40.539,9.03],[40.523,9.016],[40.495,8.994],[40.474,8.988],[40.449,8.988],[40.425,8.984],[40.408,8.967],[40.39,8.939],[40.369,8.919],[40.354,8.898],[40.351,8.889]]]}},{"type":"Feature","properties":{"name":"Chiro Zuria"},"geometry":{"type":"Polygon","coordinates":[[[40.91,9.217],[40.888,9.199],[40.872,9.178],[40.858,9.164],[40.837,9.155],[40.819,9.145],[40.807,9.13],[40.798,9.11],[40.779,9.1],[40.769,9.12],[40.753,9.135],[40.735,9.121],[40.721,9.104],[40.697,9.107],[40.68,9.103],[40.663,9.094],[40.648,9.08],[40.611,9.06],[40.628,9.009],[40.644,8.99],[40.695,8.951],[40.705,8.939],[40.722,8.928],[40.759,8.947],[40.784,8.956],[40.807,8.97],[40.842,8.973],[40.848,8.987],[40.868,9.01],[40.887,9.026],[40.899,9.029],[40.911,9.026],[40.926,9.039],[40.932,9.053],[40.985,9.105],[40.997,9.11],[41.009,9.118],[40.99,9.132],[40.979,9.14],[40.964,9.158],[40.94,9.197],[40.91,9.217]]]}},{"type":"Feature","properties":{"name":"Midega Tola"},"geometry":{"type":"Polygon","coordinates":[[[42.241,8.641],[42.258,8.682],[42.268,8.711],[42.288,8.778],[42.299,8.822],[42.284,8.826],[42.268,8.828],[42.238,8.835],[42.194,8.851],[42.177,8.852],[42.147,8.845],[42.114,8.863],[42.078,8.889],[42.014,8.889],[42.012,8.838],[42.014,8.8],[42.019,8.765],[42.019,8.73],[42.025,8.694],[42.033,8.674],[42.051,8.64],[42.058,8.614],[42.071,8.584],[42.089,8.55],[42.099,8.52],[42.217,8.612],[42.234,8.636],[42.241,8.641]]]}},{"type":"Feature","properties":{"name":"Meyu"},"geometry":{"type":"Polygon","coordinates":[[[42.028,8.324],[42.027,8.427],[42.042,8.449],[42.071,8.495],[42.099,8.52],[42.089,8.55],[42.071,8.584],[42.058,8.614],[42.051,8.64],[42.033,8.674],[42.025,8.694],[42.01,8.706],[41.996,8.715],[41.95,8.759],[41.933,8.765],[41.919,8.761],[41.91,8.741],[41.904,8.714],[41.881,8.708],[41.87,8.726],[41.868,8.783],[41.863,8.806],[41.848,8.821],[41.826,8.823],[41.81,8.813],[41.788,8.804],[41.764,8.802],[41.755,8.818],[41.754,8.843],[41.745,8.864],[41.735,8.864],[41.728,8.864],[41.707,8.842],[41.704,8.82],[41.71,8.79],[41.708,8.753],[41.711,8.731],[41.708,8.725],[41.72,8.687],[41.716,8.681],[41.726,8.664],[41.736,8.628],[41.73,8.608],[41.73,8.602],[41.737,8.589],[41.738,8.576],[41.748,8.562],[41.751,8.531],[41.757,8.505],[41.762,8.494],[41.757,8.48],[41.758,8.461],[41.756,8.433],[41.76,8.416],[41.755,8.382],[41.76,8.363],[41.754,8.344],[41.747,8.333],[41.747,8.324],[41.743,8.313],[41.733,8.292],[41.719,8.256],[41.719,8.251],[41.722,8.228],[41.728,8.216],[41.728,8.209],[41.741,8.199],[41.75,8.196],[41.756,8.186],[41.774,8.167],[41.776,8.143],[41.764,8.12],[41.76,8.104],[41.758,8.051],[41.747,8.026],[41.737,7.989],[41.738,7.92],[41.729,7.888],[41.727,7.842],[41.723,7.824],[41.716,7.81],[41.707,7.8],[41.695,7.791],[41.686,7.792],[41.675,7.772],[41.662,7.781],[41.651,7.785],[41.595,7.746],[41.608,7.733],[41.625,7.721],[41.64,7.714],[41.653,7.709],[41.649,7.702],[41.654,7.679],[41.678,7.669],[41.675,7.654],[41.677,7.641],[41.696,7.637],[41.702,7.63],[41.702,7.622],[41.708,7.612],[41.724,7.609],[41.742,7.599],[41.763,7.59],[41.781,7.569],[41.797,7.557],[41.837,7.552],[41.843,7.535],[41.844,7.517],[41.866,7.516],[41.868,7.534],[41.869,7.539],[41.879,7.564],[41.906,7.637],[41.943,7.729],[41.958,7.776],[41.913,7.846],[41.923,7.979],[41.927,8.082],[41.949,8.202],[42.028,8.324]]]}},{"type":"Feature","properties":{"name":"Chinaksen"},"geometry":{"type":"Polygon","coordinates":[[[42.665,9.778],[42.648,9.776],[42.619,9.759],[42.569,9.738],[42.531,9.729],[42.5,9.722],[42.449,9.723],[42.377,9.715],[42.385,9.693],[42.396,9.631],[42.385,9.572],[42.387,9.567],[42.4,9.571],[42.408,9.571],[42.447,9.524],[42.474,9.494],[42.499,9.456],[42.538,9.374],[42.553,9.383],[42.568,9.397],[42.586,9.41],[42.604,9.418],[42.618,9.428],[42.642,9.448],[42.657,9.457],[42.667,9.46],[42.683,9.471],[42.716,9.476],[42.73,9.484],[42.737,9.496],[42.748,9.503],[42.777,9.513],[42.788,9.524],[42.815,9.574],[42.842,9.584],[42.865,9.588],[42.881,9.586],[42.893,9.575],[42.91,9.564],[42.922,9.566],[42.939,9.584],[42.944,9.589],[42.97,9.593],[42.981,9.608],[42.979,9.63],[42.965,9.657],[42.952,9.673],[42.936,9.681],[42.927,9.673],[42.918,9.659],[42.909,9.651],[42.899,9.651],[42.855,9.663],[42.824,9.675],[42.791,9.694],[42.751,9.712],[42.731,9.722],[42.715,9.742],[42.704,9.759],[42.695,9.77],[42.682,9.775],[42.665,9.778]]]}},{"type":"Feature","properties":{"name":"Gasera"},"geometry":{"type":"Polygon","coordinates":[[[40.321,7.276],[40.349,7.303],[40.356,7.328],[40.367,7.353],[40.378,7.365],[40.38,7.382],[40.389,7.384],[40.39,7.39],[40.395,7.399],[40.401,7.401],[40.406,7.405],[40.4,7.409],[40.388,7.412],[40.382,7.403],[40.375,7.395],[40.365,7.39],[40.358,7.383],[40.347,7.383],[40.341,7.394],[40.35,7.398],[40.358,7.405],[40.355,7.41],[40.36,7.424],[40.358,7.429],[40.341,7.416],[40.339,7.428],[40.35,7.441],[40.358,7.459],[40.372,7.461],[40.375,7.466],[40.372,7.476],[40.367,7.478],[40.361,7.473],[40.354,7.476],[40.347,7.484],[40.34,7.485],[40.316,7.481],[40.31,7.484],[40.309,7.491],[40.312,7.499],[40.31,7.512],[40.301,7.512],[40.291,7.515],[40.28,7.525],[40.268,7.515],[40.209,7.475],[40.19,7.458],[40.147,7.44],[40.112,7.438],[40.076,7.446],[40.052,7.461],[40.021,7.464],[40.002,7.478],[39.959,7.483],[39.905,7.475],[39.88,7.472],[39.85,7.463],[39.841,7.462],[39.846,7.446],[39.864,7.431],[39.875,7.411],[39.888,7.401],[39.914,7.395],[39.933,7.369],[39.942,7.342],[39.965,7.318],[39.987,7.313],[40.013,7.313],[40.036,7.315],[40.063,7.321],[40.084,7.323],[40.094,7.317],[40.1,7.311],[40.09,7.296],[40.1,7.293],[40.122,7.263],[40.157,7.22],[40.189,7.212],[40.22,7.21],[40.247,7.203],[40.268,7.2],[40.288,7.193],[40.32,7.179],[40.328,7.182],[40.327,7.188],[40.322,7.202],[40.308,7.218],[40.289,7.243],[40.281,7.263],[40.293,7.282],[40.321,7.276]]]}},{"type":"Feature","properties":{"name":"Dinsho"},"geometry":{"type":"Polygon","coordinates":[[[39.772,6.886],[39.779,6.884],[39.787,6.887],[39.802,6.897],[39.822,6.915],[39.822,6.938],[39.837,6.955],[39.851,6.974],[39.898,7.014],[39.898,7.03],[39.887,7.037],[39.878,7.037],[39.874,7.042],[39.861,7.052],[39.847,7.057],[39.856,7.064],[39.866,7.076],[39.875,7.079],[39.89,7.093],[39.9,7.096],[39.904,7.103],[39.91,7.103],[39.918,7.108],[39.922,7.115],[39.921,7.121],[39.929,7.126],[39.923,7.13],[39.927,7.135],[39.932,7.135],[39.936,7.14],[39.936,7.145],[39.932,7.156],[39.921,7.155],[39.918,7.167],[39.917,7.182],[39.911,7.179],[39.905,7.173],[39.885,7.166],[39.86,7.154],[39.837,7.162],[39.82,7.173],[39.778,7.176],[39.752,7.193],[39.723,7.191],[39.702,7.178],[39.683,7.172],[39.684,7.166],[39.67,7.15],[39.627,7.129],[39.612,7.112],[39.62,7.094],[39.637,7.084],[39.645,7.077],[39.656,7.058],[39.685,7.014],[39.697,6.998],[39.731,6.978],[39.732,6.954],[39.747,6.93],[39.759,6.916],[39.772,6.886]]]}},{"type":"Feature","properties":{"name":"Harena Buluk"},"geometry":{"type":"Polygon","coordinates":[[[39.505,6.686],[39.495,6.679],[39.493,6.668],[39.499,6.641],[39.487,6.624],[39.472,6.613],[39.45,6.612],[39.433,6.598],[39.427,6.584],[39.432,6.565],[39.42,6.555],[39.401,6.559],[39.38,6.559],[39.353,6.542],[39.338,6.506],[39.323,6.476],[39.315,6.445],[39.317,6.401],[39.293,6.384],[39.26,6.369],[39.254,6.355],[39.257,6.342],[39.271,6.341],[39.298,6.329],[39.355,6.308],[39.402,6.318],[39.423,6.326],[39.443,6.301],[39.456,6.282],[39.452,6.261],[39.439,6.248],[39.441,6.228],[39.452,6.204],[39.475,6.179],[39.497,6.161],[39.516,6.149],[39.535,6.143],[39.551,6.141],[39.603,6.17],[39.631,6.181],[39.684,6.195],[39.701,6.214],[39.715,6.27],[39.733,6.278],[39.741,6.301],[39.733,6.343],[39.733,6.369],[39.726,6.387],[39.709,6.406],[39.7,6.457],[39.705,6.498],[39.68,6.523],[39.677,6.539],[39.666,6.558],[39.69,6.605],[39.654,6.603],[39.644,6.623],[39.642,6.644],[39.647,6.666],[39.64,6.69],[39.636,6.721],[39.626,6.73],[39.6,6.718],[39.579,6.703],[39.533,6.66],[39.517,6.67],[39.511,6.689],[39.505,6.686]]]}},{"type":"Feature","properties":{"name":"Goro"},"geometry":{"type":"Polygon","coordinates":[[[40.383,7.12],[40.374,7.099],[40.352,7.096],[40.327,7.085],[40.314,7.061],[40.293,7.034],[40.287,7.03],[40.275,7.016],[40.272,6.956],[40.276,6.926],[40.27,6.906],[40.268,6.884],[40.27,6.876],[40.292,6.88],[40.317,6.89],[40.335,6.886],[40.361,6.869],[40.367,6.876],[40.387,6.87],[40.402,6.857],[40.438,6.857],[40.472,6.861],[40.503,6.852],[40.536,6.84],[40.564,6.821],[40.586,6.793],[40.605,6.75],[40.623,6.759],[40.631,6.777],[40.65,6.79],[40.659,6.777],[40.664,6.775],[40.673,6.762],[40.691,6.778],[40.704,6.784],[40.722,6.797],[40.743,6.808],[40.761,6.834],[40.777,6.887],[40.766,6.885],[40.751,6.9],[40.725,6.901],[40.705,6.915],[40.691,6.928],[40.693,6.943],[40.704,6.948],[40.689,6.963],[40.668,6.979],[40.646,6.991],[40.63,7.007],[40.609,7.033],[40.597,7.055],[40.589,7.072],[40.574,7.083],[40.563,7.095],[40.538,7.096],[40.508,7.099],[40.488,7.118],[40.465,7.117],[40.464,7.098],[40.445,7.097],[40.418,7.104],[40.397,7.112],[40.383,7.12]]]}},{"type":"Feature","properties":{"name":"Afele Kola (Dima)"},"geometry":{"type":"Polygon","coordinates":[[[38.637,6.237],[38.614,6.264],[38.599,6.292],[38.56,6.326],[38.554,6.329],[38.545,6.329],[38.539,6.318],[38.538,6.303],[38.535,6.289],[38.529,6.285],[38.523,6.276],[38.506,6.278],[38.494,6.281],[38.494,6.291],[38.497,6.315],[38.508,6.333],[38.516,6.34],[38.507,6.351],[38.491,6.35],[38.451,6.342],[38.436,6.344],[38.423,6.35],[38.426,6.308],[38.428,6.301],[38.426,6.291],[38.434,6.267],[38.44,6.218],[38.436,6.2],[38.395,6.183],[38.378,6.166],[38.366,6.144],[38.378,6.143],[38.409,6.135],[38.421,6.134],[38.451,6.149],[38.461,6.149],[38.472,6.144],[38.485,6.147],[38.494,6.144],[38.52,6.153],[38.525,6.162],[38.526,6.178],[38.536,6.191],[38.544,6.19],[38.565,6.174],[38.578,6.177],[38.583,6.187],[38.576,6.196],[38.578,6.207],[38.61,6.206],[38.632,6.197],[38.636,6.203],[38.636,6.226],[38.637,6.237]]]}},{"type":"Feature","properties":{"name":"Kercha"},"geometry":{"type":"Polygon","coordinates":[[[38.608,5.787],[38.602,5.788],[38.599,5.782],[38.594,5.786],[38.593,5.792],[38.576,5.815],[38.567,5.818],[38.558,5.828],[38.536,5.83],[38.526,5.829],[38.511,5.835],[38.499,5.836],[38.486,5.84],[38.473,5.859],[38.469,5.878],[38.449,5.89],[38.432,5.902],[38.411,5.914],[38.391,5.914],[38.382,5.905],[38.359,5.903],[38.326,5.87],[38.311,5.865],[38.314,5.843],[38.315,5.809],[38.318,5.78],[38.327,5.756],[38.337,5.746],[38.355,5.738],[38.377,5.718],[38.385,5.723],[38.396,5.73],[38.413,5.738],[38.431,5.725],[38.45,5.692],[38.469,5.668],[38.493,5.644],[38.51,5.631],[38.534,5.63],[38.561,5.632],[38.592,5.643],[38.615,5.648],[38.633,5.649],[38.66,5.638],[38.668,5.633],[38.67,5.639],[38.667,5.649],[38.666,5.658],[38.659,5.666],[38.638,5.673],[38.636,5.686],[38.63,5.693],[38.624,5.696],[38.623,5.713],[38.625,5.737],[38.62,5.76],[38.616,5.768],[38.618,5.774],[38.61,5.78],[38.608,5.787]]]}},{"type":"Feature","properties":{"name":"Girja (Harenfema)"},"geometry":{"type":"Polygon","coordinates":[[[39.128,6.337],[39.127,6.323],[39.12,6.3],[39.11,6.289],[39.092,6.272],[39.087,6.253],[39.101,6.22],[39.104,6.204],[39.114,6.178],[39.131,6.167],[39.133,6.16],[39.104,6.159],[39.081,6.154],[39.046,6.143],[39.06,6.141],[39.078,6.127],[39.102,6.121],[39.115,6.109],[39.135,6.097],[39.154,6.078],[39.167,6.06],[39.172,6.046],[39.182,6.04],[39.189,6.031],[39.2,6.031],[39.21,6.027],[39.215,6.018],[39.242,6.018],[39.255,6.008],[39.266,6.003],[39.279,6.013],[39.289,6.009],[39.299,6.009],[39.31,6.005],[39.319,6.005],[39.333,5.981],[39.343,5.981],[39.354,5.975],[39.366,5.97],[39.371,5.976],[39.382,5.979],[39.381,5.985],[39.376,5.994],[39.376,6.007],[39.369,6.012],[39.37,6.022],[39.348,6.051],[39.343,6.08],[39.356,6.097],[39.347,6.109],[39.333,6.12],[39.334,6.145],[39.321,6.184],[39.29,6.224],[39.26,6.266],[39.227,6.288],[39.218,6.292],[39.2,6.302],[39.157,6.332],[39.128,6.337]]]}},{"type":"Feature","properties":{"name":"Wadera"},"geometry":{"type":"Polygon","coordinates":[[[39.382,5.979],[39.371,5.976],[39.366,5.97],[39.354,5.975],[39.343,5.981],[39.333,5.981],[39.319,6.005],[39.31,6.005],[39.299,6.009],[39.289,6.009],[39.279,6.013],[39.266,6.003],[39.255,6.008],[39.242,6.018],[39.215,6.018],[39.21,6.027],[39.2,6.031],[39.189,6.031],[39.182,6.04],[39.172,6.046],[39.167,6.06],[39.154,6.078],[39.135,6.097],[39.115,6.109],[39.11,6.094],[39.111,6.08],[39.105,6.051],[39.11,6.035],[39.115,6.024],[39.107,6.012],[39.098,6.004],[39.097,5.986],[39.098,5.975],[39.093,5.958],[39.084,5.941],[39.083,5.923],[39.087,5.9],[39.105,5.854],[39.095,5.795],[39.093,5.783],[39.093,5.75],[39.09,5.727],[39.097,5.719],[39.105,5.721],[39.112,5.72],[39.118,5.724],[39.134,5.73],[39.135,5.735],[39.147,5.735],[39.154,5.733],[39.168,5.736],[39.169,5.742],[39.185,5.757],[39.207,5.773],[39.217,5.771],[39.218,5.758],[39.228,5.751],[39.23,5.731],[39.229,5.712],[39.23,5.705],[39.228,5.7],[39.246,5.707],[39.262,5.71],[39.299,5.705],[39.303,5.708],[39.311,5.715],[39.313,5.726],[39.317,5.736],[39.327,5.751],[39.343,5.749],[39.374,5.739],[39.385,5.751],[39.41,5.769],[39.425,5.793],[39.438,5.802],[39.462,5.808],[39.462,5.815],[39.458,5.819],[39.452,5.822],[39.455,5.831],[39.448,5.845],[39.453,5.86],[39.459,5.865],[39.461,5.872],[39.466,5.874],[39.47,5.882],[39.469,5.891],[39.464,5.897],[39.447,5.897],[39.435,5.909],[39.425,5.927],[39.409,5.93],[39.408,5.944],[39.394,5.956],[39.383,5.97],[39.382,5.979]]]}},{"type":"Feature","properties":{"name":"Abaya"},"geometry":{"type":"Polygon","coordinates":[[[38.103,6.182],[38.118,6.168],[38.126,6.156],[38.142,6.156],[38.159,6.161],[38.172,6.168],[38.188,6.184],[38.199,6.208],[38.194,6.227],[38.18,6.24],[38.173,6.257],[38.175,6.268],[38.183,6.286],[38.189,6.306],[38.198,6.32],[38.206,6.326],[38.215,6.331],[38.232,6.332],[38.249,6.338],[38.273,6.349],[38.289,6.361],[38.294,6.373],[38.294,6.397],[38.297,6.417],[38.284,6.439],[38.261,6.453],[38.254,6.461],[38.246,6.469],[38.222,6.462],[38.216,6.465],[38.171,6.451],[38.156,6.441],[38.144,6.459],[38.151,6.498],[38.14,6.507],[38.115,6.501],[38.102,6.514],[38.092,6.527],[38.052,6.536],[38.034,6.563],[38.017,6.577],[37.998,6.577],[37.984,6.558],[37.97,6.55],[37.953,6.551],[37.934,6.558],[37.919,6.576],[37.913,6.592],[37.894,6.597],[37.872,6.583],[37.843,6.543],[37.815,6.512],[37.809,6.502],[37.801,6.479],[37.797,6.451],[37.798,6.431],[37.809,6.411],[37.82,6.395],[37.841,6.38],[37.849,6.333],[37.851,6.328],[37.853,6.306],[37.852,6.301],[37.894,6.284],[37.916,6.277],[37.982,6.274],[38.012,6.264],[38.039,6.252],[38.057,6.24],[38.063,6.225],[38.039,6.199],[38.032,6.188],[38.041,6.182],[38.083,6.191],[38.1,6.191],[38.103,6.182]]]}},{"type":"Feature","properties":{"name":"Bule Hora"},"geometry":{"type":"Polygon","coordinates":[[[38.073,5.764],[38.09,5.747],[38.088,5.723],[38.076,5.69],[38.042,5.675],[38.025,5.661],[38.009,5.651],[38.0,5.651],[38.01,5.578],[38.015,5.563],[38.032,5.552],[38.069,5.554],[38.088,5.549],[38.113,5.52],[38.147,5.508],[38.166,5.496],[38.198,5.495],[38.212,5.486],[38.195,5.466],[38.21,5.459],[38.232,5.466],[38.264,5.446],[38.288,5.466],[38.312,5.478],[38.33,5.47],[38.343,5.474],[38.358,5.486],[38.363,5.496],[38.366,5.517],[38.382,5.517],[38.397,5.527],[38.397,5.539],[38.39,5.561],[38.395,5.581],[38.404,5.588],[38.422,5.598],[38.429,5.608],[38.399,5.636],[38.385,5.683],[38.385,5.723],[38.377,5.718],[38.355,5.738],[38.337,5.746],[38.327,5.756],[38.318,5.78],[38.315,5.809],[38.314,5.843],[38.311,5.865],[38.305,5.863],[38.271,5.87],[38.255,5.86],[38.24,5.846],[38.224,5.84],[38.209,5.842],[38.199,5.851],[38.201,5.866],[38.191,5.874],[38.173,5.877],[38.161,5.876],[38.154,5.866],[38.157,5.829],[38.156,5.806],[38.151,5.793],[38.133,5.772],[38.123,5.758],[38.118,5.757],[38.107,5.762],[38.095,5.774],[38.087,5.778],[38.077,5.772],[38.073,5.764]]]}},{"type":"Feature","properties":{"name":"Yabelo"},"geometry":{"type":"Polygon","coordinates":[[[37.786,4.545],[37.805,4.548],[37.868,4.546],[37.932,4.549],[37.957,4.55],[38.002,4.564],[38.061,4.565],[38.093,4.57],[38.12,4.569],[38.166,4.558],[38.205,4.538],[38.221,4.518],[38.231,4.508],[38.244,4.504],[38.27,4.502],[38.292,4.496],[38.319,4.491],[38.366,4.476],[38.382,4.468],[38.386,4.482],[38.392,4.521],[38.41,4.547],[38.413,4.558],[38.409,4.569],[38.412,4.594],[38.415,4.601],[38.413,4.617],[38.409,4.642],[38.404,4.694],[38.398,4.726],[38.4,4.735],[38.398,4.776],[38.398,4.823],[38.413,4.83],[38.417,4.834],[38.445,4.846],[38.485,4.856],[38.509,4.874],[38.551,4.888],[38.583,4.888],[38.616,4.864],[38.646,4.89],[38.694,4.936],[38.712,4.97],[38.729,5.004],[38.72,5.032],[38.712,5.048],[38.718,5.059],[38.709,5.071],[38.704,5.085],[38.693,5.106],[38.675,5.118],[38.656,5.117],[38.643,5.108],[38.635,5.108],[38.62,5.123],[38.622,5.132],[38.615,5.139],[38.586,5.149],[38.578,5.146],[38.556,5.153],[38.55,5.149],[38.541,5.15],[38.526,5.141],[38.52,5.127],[38.504,5.128],[38.496,5.126],[38.487,5.13],[38.46,5.128],[38.445,5.138],[38.435,5.157],[38.431,5.175],[38.402,5.205],[38.385,5.23],[38.33,5.269],[38.302,5.285],[38.287,5.284],[38.276,5.288],[38.263,5.285],[38.249,5.289],[38.245,5.293],[38.227,5.293],[38.163,5.328],[38.133,5.343],[38.11,5.335],[38.084,5.306],[38.064,5.278],[38.045,5.255],[38.019,5.234],[38.008,5.229],[37.999,5.229],[37.952,5.249],[37.903,5.256],[37.902,5.246],[37.886,5.236],[37.888,5.223],[37.887,5.209],[37.883,5.198],[37.856,5.164],[37.848,5.145],[37.849,5.129],[37.87,5.112],[37.895,5.104],[37.914,5.089],[37.907,5.073],[37.889,5.062],[37.858,5.028],[37.852,5.017],[37.849,4.991],[37.858,4.963],[37.874,4.933],[37.915,4.874],[37.921,4.854],[37.908,4.83],[37.904,4.814],[37.882,4.792],[37.856,4.778],[37.826,4.74],[37.815,4.714],[37.813,4.695],[37.823,4.648],[37.817,4.624],[37.8,4.578],[37.795,4.562],[37.786,4.545]]]}},{"type":"Feature","properties":{"name":"Sodo Daci"},"geometry":{"type":"Polygon","coordinates":[[[38.758,8.404],[38.762,8.413],[38.763,8.429],[38.76,8.451],[38.755,8.473],[38.754,8.494],[38.761,8.528],[38.724,8.556],[38.714,8.557],[38.69,8.568],[38.669,8.566],[38.659,8.57],[38.657,8.555],[38.637,8.553],[38.614,8.539],[38.604,8.536],[38.616,8.519],[38.61,8.513],[38.606,8.493],[38.593,8.493],[38.616,8.485],[38.596,8.468],[38.58,8.463],[38.58,8.451],[38.577,8.446],[38.585,8.434],[38.592,8.427],[38.605,8.433],[38.618,8.432],[38.64,8.413],[38.655,8.396],[38.662,8.377],[38.668,8.352],[38.667,8.328],[38.688,8.331],[38.717,8.368],[38.736,8.384],[38.753,8.394],[38.758,8.404]]]}},{"type":"Feature","properties":{"name":"Kondaltiti"},"geometry":{"type":"Polygon","coordinates":[[[38.337,8.502],[38.349,8.461],[38.357,8.441],[38.367,8.427],[38.407,8.389],[38.419,8.38],[38.437,8.373],[38.449,8.366],[38.453,8.386],[38.462,8.401],[38.469,8.436],[38.479,8.448],[38.502,8.445],[38.528,8.459],[38.549,8.454],[38.577,8.446],[38.58,8.451],[38.58,8.463],[38.596,8.468],[38.616,8.485],[38.593,8.493],[38.606,8.493],[38.61,8.513],[38.616,8.519],[38.604,8.536],[38.614,8.539],[38.637,8.553],[38.657,8.555],[38.659,8.57],[38.628,8.579],[38.611,8.575],[38.598,8.578],[38.567,8.568],[38.551,8.558],[38.544,8.558],[38.533,8.564],[38.521,8.561],[38.515,8.567],[38.483,8.568],[38.48,8.557],[38.465,8.553],[38.456,8.563],[38.432,8.558],[38.427,8.534],[38.444,8.521],[38.452,8.479],[38.435,8.47],[38.417,8.478],[38.404,8.496],[38.381,8.51],[38.357,8.509],[38.351,8.504],[38.337,8.502]]]}},{"type":"Feature","properties":{"name":"Dugda Dawa"},"geometry":{"type":"Polygon","coordinates":[[[38.0,5.651],[37.978,5.651],[37.965,5.647],[37.944,5.641],[37.931,5.618],[37.942,5.586],[37.942,5.57],[37.949,5.539],[37.95,5.509],[37.948,5.476],[37.941,5.451],[37.936,5.424],[37.92,5.397],[37.902,5.375],[37.897,5.351],[37.906,5.305],[37.905,5.281],[37.903,5.256],[37.952,5.249],[37.999,5.229],[38.008,5.229],[38.019,5.234],[38.045,5.255],[38.064,5.278],[38.084,5.306],[38.11,5.335],[38.133,5.343],[38.163,5.328],[38.227,5.293],[38.245,5.293],[38.249,5.289],[38.263,5.285],[38.276,5.288],[38.287,5.284],[38.302,5.285],[38.33,5.269],[38.385,5.23],[38.402,5.205],[38.431,5.175],[38.435,5.157],[38.445,5.138],[38.46,5.128],[38.487,5.13],[38.496,5.126],[38.504,5.128],[38.52,5.127],[38.526,5.141],[38.541,5.15],[38.55,5.149],[38.556,5.153],[38.578,5.146],[38.586,5.149],[38.615,5.139],[38.622,5.132],[38.62,5.123],[38.635,5.108],[38.643,5.108],[38.656,5.117],[38.675,5.118],[38.693,5.106],[38.704,5.085],[38.709,5.071],[38.718,5.059],[38.732,5.06],[38.741,5.072],[38.755,5.07],[38.762,5.074],[38.772,5.074],[38.776,5.085],[38.78,5.1],[38.786,5.104],[38.815,5.1],[38.813,5.106],[38.808,5.112],[38.819,5.138],[38.83,5.148],[38.836,5.159],[38.841,5.17],[38.839,5.175],[38.805,5.173],[38.786,5.187],[38.777,5.182],[38.751,5.179],[38.739,5.169],[38.727,5.175],[38.724,5.184],[38.704,5.184],[38.686,5.199],[38.692,5.214],[38.677,5.223],[38.667,5.22],[38.657,5.242],[38.649,5.24],[38.643,5.253],[38.624,5.251],[38.613,5.248],[38.606,5.261],[38.601,5.255],[38.576,5.28],[38.555,5.297],[38.52,5.283],[38.495,5.292],[38.441,5.296],[38.42,5.321],[38.406,5.343],[38.399,5.359],[38.417,5.374],[38.412,5.387],[38.414,5.413],[38.407,5.407],[38.408,5.425],[38.399,5.43],[38.371,5.43],[38.348,5.436],[38.339,5.44],[38.331,5.45],[38.329,5.464],[38.33,5.47],[38.312,5.478],[38.288,5.466],[38.264,5.446],[38.232,5.466],[38.21,5.459],[38.195,5.466],[38.212,5.486],[38.198,5.495],[38.166,5.496],[38.147,5.508],[38.113,5.52],[38.088,5.549],[38.069,5.554],[38.032,5.552],[38.015,5.563],[38.01,5.578],[38.0,5.651]]]}},{"type":"Feature","properties":{"name":"Melka Soda"},"geometry":{"type":"Polygon","coordinates":[[[38.385,5.723],[38.385,5.683],[38.399,5.636],[38.429,5.608],[38.422,5.598],[38.404,5.588],[38.395,5.581],[38.39,5.561],[38.397,5.539],[38.397,5.527],[38.382,5.517],[38.366,5.517],[38.363,5.496],[38.358,5.486],[38.343,5.474],[38.33,5.47],[38.329,5.464],[38.331,5.45],[38.339,5.44],[38.348,5.436],[38.371,5.43],[38.399,5.43],[38.408,5.425],[38.407,5.407],[38.414,5.413],[38.412,5.387],[38.417,5.374],[38.399,5.359],[38.406,5.343],[38.42,5.321],[38.441,5.296],[38.495,5.292],[38.52,5.283],[38.555,5.297],[38.576,5.28],[38.601,5.255],[38.606,5.261],[38.613,5.248],[38.624,5.251],[38.643,5.253],[38.649,5.24],[38.657,5.242],[38.667,5.22],[38.677,5.223],[38.692,5.214],[38.686,5.199],[38.704,5.184],[38.724,5.184],[38.727,5.175],[38.739,5.169],[38.751,5.179],[38.777,5.182],[38.786,5.187],[38.805,5.173],[38.839,5.175],[38.841,5.181],[38.842,5.189],[38.834,5.197],[38.829,5.213],[38.834,5.244],[38.827,5.257],[38.821,5.281],[38.805,5.298],[38.79,5.302],[38.776,5.311],[38.771,5.332],[38.757,5.357],[38.734,5.379],[38.715,5.406],[38.701,5.438],[38.699,5.462],[38.715,5.481],[38.734,5.494],[38.744,5.516],[38.739,5.551],[38.727,5.585],[38.713,5.606],[38.692,5.615],[38.668,5.633],[38.66,5.638],[38.633,5.649],[38.615,5.648],[38.592,5.643],[38.561,5.632],[38.534,5.63],[38.51,5.631],[38.493,5.644],[38.469,5.668],[38.45,5.692],[38.431,5.725],[38.413,5.738],[38.396,5.73],[38.385,5.723]]]}},{"type":"Feature","properties":{"name":"Dillo"},"geometry":{"type":"Polygon","coordinates":[[[37.511,4.048],[37.517,4.041],[37.531,4.033],[37.555,4.014],[37.578,4.0],[37.586,3.992],[37.598,3.987],[37.632,3.964],[37.638,3.955],[37.671,3.934],[37.711,3.906],[37.741,3.888],[37.783,3.857],[37.834,3.825],[37.901,3.779],[37.917,3.77],[37.93,3.761],[37.967,3.74],[37.986,3.731],[37.997,3.728],[38.003,3.724],[38.006,3.717],[38.014,3.71],[38.015,3.704],[38.046,3.671],[38.052,3.669],[38.098,3.633],[38.121,3.61],[38.127,3.608],[38.134,3.611],[38.145,3.611],[38.182,3.619],[38.189,3.619],[38.254,3.614],[38.278,3.613],[38.323,3.611],[38.323,3.654],[38.288,3.746],[38.275,3.826],[38.207,3.884],[38.091,3.967],[38.038,4.016],[37.903,4.148],[37.785,4.307],[37.79,4.346],[37.868,4.403],[37.939,4.486],[37.932,4.549],[37.868,4.546],[37.805,4.548],[37.786,4.545],[37.78,4.545],[37.762,4.525],[37.677,4.488],[37.655,4.469],[37.578,4.401],[37.55,4.397],[37.534,4.346],[37.538,4.306],[37.537,4.276],[37.532,4.238],[37.532,4.196],[37.558,4.108],[37.559,4.078],[37.541,4.061],[37.511,4.048]]]}},{"type":"Feature","properties":{"name":"Dire"},"geometry":{"type":"Polygon","coordinates":[[[37.932,4.549],[37.939,4.486],[37.868,4.403],[37.79,4.346],[37.785,4.307],[37.903,4.148],[38.038,4.016],[38.091,3.967],[38.207,3.884],[38.275,3.826],[38.288,3.746],[38.323,3.654],[38.323,3.611],[38.343,3.608],[38.438,3.603],[38.45,3.628],[38.457,3.642],[38.467,3.669],[38.478,3.682],[38.496,3.722],[38.5,3.741],[38.493,3.795],[38.502,3.828],[38.51,3.831],[38.518,3.826],[38.553,3.791],[38.573,3.791],[38.59,3.831],[38.602,3.872],[38.587,3.888],[38.58,3.937],[38.528,3.959],[38.483,3.974],[38.417,3.979],[38.417,4.01],[38.42,4.061],[38.461,4.079],[38.435,4.17],[38.429,4.232],[38.398,4.274],[38.48,4.37],[38.512,4.392],[38.458,4.417],[38.447,4.424],[38.432,4.438],[38.382,4.468],[38.366,4.476],[38.319,4.491],[38.292,4.496],[38.27,4.502],[38.244,4.504],[38.231,4.508],[38.221,4.518],[38.205,4.538],[38.166,4.558],[38.12,4.569],[38.093,4.57],[38.061,4.565],[38.002,4.564],[37.957,4.55],[37.932,4.549]]]}},{"type":"Feature","properties":{"name":"Miyo"},"geometry":{"type":"Polygon","coordinates":[[[39.065,4.1],[39.01,4.128],[38.993,4.141],[38.911,4.05],[38.811,3.98],[38.767,3.927],[38.708,3.882],[38.587,3.888],[38.602,3.872],[38.59,3.831],[38.573,3.791],[38.553,3.791],[38.518,3.826],[38.51,3.831],[38.502,3.828],[38.493,3.795],[38.5,3.741],[38.496,3.722],[38.478,3.682],[38.467,3.669],[38.457,3.642],[38.45,3.628],[38.477,3.612],[38.512,3.624],[38.518,3.628],[38.518,3.641],[38.514,3.648],[38.522,3.652],[38.534,3.654],[38.545,3.641],[38.553,3.625],[38.552,3.619],[38.554,3.614],[38.569,3.608],[38.573,3.605],[38.597,3.606],[38.611,3.613],[38.611,3.605],[38.656,3.596],[38.663,3.596],[38.669,3.605],[38.671,3.611],[38.67,3.616],[38.671,3.621],[38.679,3.623],[38.684,3.619],[38.691,3.605],[38.707,3.584],[38.709,3.576],[38.713,3.571],[38.776,3.551],[38.775,3.567],[38.777,3.583],[38.775,3.596],[38.774,3.62],[38.781,3.661],[38.786,3.673],[38.793,3.681],[38.813,3.696],[38.827,3.703],[38.86,3.729],[38.885,3.758],[38.925,3.81],[38.954,3.828],[38.963,3.849],[38.967,3.864],[38.98,3.875],[39.005,3.887],[39.028,3.903],[39.042,3.946],[39.046,4.0],[39.047,4.029],[39.065,4.1]]]}},{"type":"Feature","properties":{"name":"Dehas"},"geometry":{"type":"Polygon","coordinates":[[[39.379,4.126],[39.326,4.197],[39.322,4.299],[39.268,4.319],[39.218,4.328],[39.177,4.372],[39.123,4.395],[39.106,4.43],[39.039,4.537],[39.011,4.554],[38.943,4.535],[38.908,4.541],[38.847,4.542],[38.872,4.5],[38.873,4.455],[38.886,4.421],[38.898,4.369],[38.782,4.33],[38.713,4.363],[38.667,4.357],[38.652,4.35],[38.602,4.367],[38.552,4.375],[38.512,4.392],[38.48,4.37],[38.398,4.274],[38.429,4.232],[38.435,4.17],[38.461,4.079],[38.42,4.061],[38.417,4.01],[38.417,3.979],[38.483,3.974],[38.528,3.959],[38.58,3.937],[38.587,3.888],[38.708,3.882],[38.767,3.927],[38.811,3.98],[38.911,4.05],[38.993,4.141],[39.01,4.128],[39.065,4.1],[39.086,4.101],[39.122,4.107],[39.142,4.108],[39.218,4.108],[39.268,4.104],[39.308,4.106],[39.331,4.112],[39.339,4.115],[39.379,4.126]]]}},{"type":"Feature","properties":{"name":"Arero"},"geometry":{"type":"Polygon","coordinates":[[[39.744,4.725],[39.692,4.667],[39.662,4.657],[39.639,4.664],[39.619,4.679],[39.595,4.683],[39.575,4.7],[39.547,4.71],[39.524,4.721],[39.497,4.727],[39.468,4.725],[39.435,4.725],[39.409,4.74],[39.386,4.76],[39.369,4.778],[39.364,4.804],[39.362,4.829],[39.352,4.849],[39.325,4.866],[39.299,4.871],[39.272,4.869],[39.246,4.874],[39.216,4.886],[39.191,4.904],[39.164,4.938],[39.162,4.943],[39.148,4.957],[39.124,4.998],[39.109,5.028],[39.106,5.046],[39.086,5.046],[39.079,5.048],[39.052,5.06],[39.028,5.078],[38.995,5.128],[38.967,5.139],[38.933,5.126],[38.909,5.109],[38.903,5.115],[38.899,5.122],[38.891,5.127],[38.889,5.135],[38.876,5.153],[38.867,5.161],[38.863,5.168],[38.856,5.164],[38.841,5.17],[38.836,5.159],[38.83,5.148],[38.819,5.138],[38.808,5.112],[38.813,5.106],[38.815,5.1],[38.786,5.104],[38.78,5.1],[38.776,5.085],[38.772,5.074],[38.762,5.074],[38.755,5.07],[38.741,5.072],[38.732,5.06],[38.718,5.059],[38.712,5.048],[38.72,5.032],[38.729,5.004],[38.712,4.97],[38.694,4.936],[38.646,4.89],[38.616,4.864],[38.583,4.888],[38.551,4.888],[38.509,4.874],[38.485,4.856],[38.445,4.846],[38.417,4.834],[38.413,4.83],[38.398,4.823],[38.398,4.776],[38.4,4.735],[38.398,4.726],[38.404,4.694],[38.409,4.642],[38.413,4.617],[38.415,4.601],[38.412,4.594],[38.409,4.569],[38.413,4.558],[38.41,4.547],[38.392,4.521],[38.386,4.482],[38.382,4.468],[38.432,4.438],[38.447,4.424],[38.458,4.417],[38.512,4.392],[38.552,4.375],[38.602,4.367],[38.652,4.35],[38.667,4.357],[38.713,4.363],[38.782,4.33],[38.898,4.369],[38.886,4.421],[38.873,4.455],[38.872,4.5],[38.847,4.542],[38.908,4.541],[38.943,4.535],[39.011,4.554],[39.039,4.537],[39.106,4.43],[39.123,4.395],[39.177,4.372],[39.218,4.328],[39.268,4.319],[39.322,4.299],[39.326,4.197],[39.379,4.126],[39.406,4.138],[39.427,4.154],[39.449,4.173],[39.5,4.203],[39.541,4.237],[39.568,4.266],[39.587,4.298],[39.62,4.37],[39.643,4.437],[39.656,4.47],[39.675,4.507],[39.691,4.545],[39.704,4.57],[39.711,4.599],[39.718,4.617],[39.726,4.634],[39.741,4.656],[39.747,4.668],[39.744,4.725]]]}},{"type":"Feature","properties":{"name":"Gidami"},"geometry":{"type":"Polygon","coordinates":[[[34.313,8.683],[34.344,8.686],[34.362,8.696],[34.398,8.706],[34.418,8.725],[34.432,8.743],[34.446,8.757],[34.461,8.763],[34.484,8.759],[34.49,8.748],[34.508,8.743],[34.533,8.747],[34.54,8.759],[34.554,8.765],[34.569,8.766],[34.584,8.77],[34.605,8.78],[34.629,8.781],[34.629,8.787],[34.656,8.858],[34.641,9.029],[34.653,9.113],[34.653,9.161],[34.617,9.164],[34.594,9.154],[34.587,9.129],[34.572,9.117],[34.558,9.12],[34.542,9.136],[34.53,9.147],[34.507,9.148],[34.496,9.142],[34.48,9.131],[34.458,9.126],[34.425,9.123],[34.394,9.117],[34.428,9.073],[34.459,9.074],[34.484,9.048],[34.504,9.005],[34.431,8.968],[34.145,8.963],[34.141,8.912],[34.142,8.811],[34.14,8.772],[34.142,8.737],[34.141,8.724],[34.145,8.671],[34.142,8.653],[34.19,8.653],[34.224,8.671],[34.236,8.687],[34.256,8.704],[34.28,8.71],[34.313,8.683]]]}},{"type":"Feature","properties":{"name":"Anfilo"},"geometry":{"type":"Polygon","coordinates":[[[34.348,8.378],[34.437,8.423],[34.472,8.449],[34.523,8.477],[34.557,8.456],[34.575,8.405],[34.631,8.403],[34.668,8.396],[34.729,8.391],[34.706,8.411],[34.658,8.437],[34.653,8.46],[34.668,8.529],[34.678,8.556],[34.694,8.58],[34.706,8.604],[34.708,8.624],[34.705,8.642],[34.703,8.665],[34.705,8.674],[34.712,8.721],[34.712,8.743],[34.707,8.755],[34.692,8.776],[34.678,8.772],[34.662,8.778],[34.629,8.781],[34.605,8.78],[34.584,8.77],[34.569,8.766],[34.554,8.765],[34.54,8.759],[34.533,8.747],[34.508,8.743],[34.49,8.748],[34.484,8.759],[34.461,8.763],[34.446,8.757],[34.432,8.743],[34.418,8.725],[34.398,8.706],[34.362,8.696],[34.344,8.686],[34.313,8.683],[34.346,8.601],[34.359,8.523],[34.358,8.501],[34.345,8.47],[34.336,8.44],[34.316,8.408],[34.314,8.391],[34.33,8.388],[34.348,8.378]]]}},{"type":"Feature","properties":{"name":"Bure"},"geometry":{"type":"Polygon","coordinates":[[[35.158,8.138],[35.173,8.132],[35.203,8.112],[35.229,8.098],[35.261,8.086],[35.282,8.075],[35.284,8.106],[35.284,8.141],[35.301,8.221],[35.29,8.26],[35.294,8.288],[35.273,8.317],[35.258,8.354],[35.221,8.414],[35.206,8.436],[35.19,8.451],[35.18,8.458],[35.167,8.48],[35.147,8.479],[35.099,8.477],[35.058,8.484],[35.035,8.482],[35.015,8.468],[34.993,8.446],[34.981,8.422],[34.964,8.379],[34.958,8.354],[34.958,8.331],[34.964,8.311],[34.973,8.296],[34.976,8.279],[34.974,8.263],[34.966,8.248],[35.019,8.221],[35.074,8.221],[35.12,8.202],[35.139,8.183],[35.158,8.138]]]}},{"type":"Feature","properties":{"name":"Sayo"},"geometry":{"type":"Polygon","coordinates":[[[34.966,8.248],[34.974,8.263],[34.976,8.279],[34.973,8.296],[34.964,8.311],[34.958,8.331],[34.958,8.354],[34.964,8.379],[34.981,8.422],[34.993,8.446],[34.977,8.456],[34.964,8.475],[34.954,8.494],[34.929,8.513],[34.872,8.559],[34.818,8.577],[34.806,8.599],[34.803,8.621],[34.787,8.637],[34.787,8.661],[34.796,8.679],[34.79,8.683],[34.764,8.694],[34.746,8.699],[34.726,8.691],[34.711,8.674],[34.705,8.674],[34.703,8.665],[34.705,8.642],[34.708,8.624],[34.706,8.604],[34.694,8.58],[34.678,8.556],[34.668,8.529],[34.653,8.46],[34.658,8.437],[34.706,8.411],[34.729,8.391],[34.768,8.364],[34.786,8.356],[34.796,8.328],[34.787,8.305],[34.827,8.263],[34.856,8.252],[34.883,8.252],[34.966,8.248]]]}},{"type":"Feature","properties":{"name":"Sale Nono"},"geometry":{"type":"Polygon","coordinates":[[[34.938,7.766],[34.933,7.729],[34.996,7.749],[35.078,7.732],[35.117,7.646],[35.174,7.655],[35.213,7.653],[35.221,7.664],[35.221,7.681],[35.223,7.704],[35.249,7.728],[35.276,7.747],[35.291,7.748],[35.294,7.753],[35.312,7.762],[35.326,7.766],[35.342,7.778],[35.343,7.823],[35.351,7.836],[35.359,7.844],[35.373,7.834],[35.39,7.828],[35.401,7.831],[35.41,7.845],[35.419,7.865],[35.429,7.882],[35.425,7.9],[35.418,7.918],[35.401,7.938],[35.385,7.952],[35.366,7.974],[35.347,7.984],[35.345,8.006],[35.339,8.026],[35.336,8.037],[35.303,8.065],[35.282,8.075],[35.261,8.086],[35.229,8.098],[35.203,8.112],[35.173,8.132],[35.158,8.138],[35.144,8.144],[35.105,8.116],[35.09,8.115],[35.119,8.084],[35.141,8.023],[35.142,7.99],[35.109,7.958],[35.049,7.956],[35.009,7.925],[35.014,7.884],[35.001,7.863],[34.951,7.891],[34.945,7.881],[34.933,7.829],[34.938,7.766]]]}},{"type":"Feature","properties":{"name":"Gudetu Kondole"},"geometry":{"type":"Polygon","coordinates":[[[34.687,9.565],[34.679,9.52],[34.598,9.469],[34.613,9.433],[34.62,9.396],[34.62,9.374],[34.591,9.33],[34.605,9.286],[34.686,9.25],[34.705,9.187],[34.75,9.187],[34.756,9.191],[34.774,9.204],[34.8,9.218],[34.827,9.228],[34.851,9.244],[34.874,9.301],[34.887,9.326],[34.89,9.33],[34.903,9.358],[34.916,9.369],[34.921,9.372],[34.934,9.389],[34.946,9.411],[34.943,9.432],[34.938,9.452],[34.931,9.467],[34.927,9.476],[34.931,9.508],[34.927,9.534],[34.909,9.55],[34.895,9.544],[34.873,9.546],[34.853,9.543],[34.84,9.529],[34.82,9.521],[34.802,9.527],[34.784,9.554],[34.736,9.546],[34.687,9.565]]]}},{"type":"Feature","properties":{"name":"Mana Sibu"},"geometry":{"type":"Polygon","coordinates":[[[34.905,9.957],[34.889,9.909],[34.868,9.903],[34.898,9.883],[34.893,9.866],[34.878,9.846],[34.87,9.822],[34.855,9.818],[34.832,9.804],[34.808,9.762],[34.797,9.737],[34.811,9.703],[34.812,9.631],[34.793,9.604],[34.784,9.554],[34.802,9.527],[34.82,9.521],[34.84,9.529],[34.853,9.543],[34.873,9.546],[34.895,9.544],[34.909,9.55],[34.927,9.534],[34.931,9.508],[34.927,9.476],[34.931,9.467],[34.939,9.472],[34.953,9.495],[34.973,9.516],[34.991,9.524],[35.021,9.534],[35.033,9.546],[35.055,9.559],[35.084,9.565],[35.108,9.573],[35.133,9.585],[35.15,9.587],[35.148,9.629],[35.159,9.691],[35.21,9.703],[35.21,9.737],[35.233,9.759],[35.233,9.861],[35.203,9.921],[35.16,9.949],[35.089,9.951],[35.082,9.94],[35.082,9.923],[35.049,9.919],[35.02,9.93],[35.016,9.996],[34.989,9.998],[34.944,9.935],[34.928,9.936],[34.905,9.957]]]}},{"type":"Feature","properties":{"name":"Kiltu Kara"},"geometry":{"type":"Polygon","coordinates":[[[35.42,9.786],[35.409,9.796],[35.388,9.803],[35.365,9.814],[35.351,9.867],[35.325,9.886],[35.312,9.912],[35.298,9.923],[35.279,9.908],[35.232,9.894],[35.224,9.911],[35.222,9.926],[35.16,9.949],[35.203,9.921],[35.233,9.861],[35.233,9.759],[35.21,9.737],[35.21,9.703],[35.159,9.691],[35.148,9.629],[35.15,9.587],[35.156,9.588],[35.173,9.582],[35.19,9.567],[35.199,9.552],[35.208,9.54],[35.239,9.553],[35.247,9.6],[35.261,9.615],[35.306,9.617],[35.354,9.627],[35.351,9.653],[35.343,9.678],[35.349,9.693],[35.365,9.699],[35.365,9.704],[35.369,9.72],[35.366,9.728],[35.376,9.751],[35.384,9.76],[35.38,9.766],[35.42,9.786]]]}},{"type":"Feature","properties":{"name":"Nejo"},"geometry":{"type":"Polygon","coordinates":[[[35.369,9.72],[35.365,9.704],[35.365,9.699],[35.349,9.693],[35.343,9.678],[35.351,9.653],[35.354,9.627],[35.306,9.617],[35.261,9.615],[35.247,9.6],[35.239,9.553],[35.208,9.54],[35.238,9.524],[35.258,9.52],[35.283,9.53],[35.306,9.535],[35.32,9.525],[35.329,9.511],[35.357,9.513],[35.375,9.503],[35.398,9.486],[35.411,9.462],[35.408,9.439],[35.403,9.414],[35.388,9.387],[35.38,9.362],[35.368,9.352],[35.372,9.342],[35.399,9.339],[35.453,9.338],[35.471,9.34],[35.484,9.349],[35.495,9.37],[35.508,9.399],[35.52,9.413],[35.536,9.426],[35.554,9.435],[35.569,9.447],[35.579,9.468],[35.595,9.478],[35.613,9.484],[35.628,9.492],[35.646,9.506],[35.647,9.516],[35.657,9.528],[35.648,9.554],[35.644,9.596],[35.651,9.614],[35.654,9.636],[35.635,9.652],[35.626,9.652],[35.595,9.657],[35.579,9.667],[35.562,9.693],[35.554,9.697],[35.54,9.699],[35.535,9.697],[35.534,9.691],[35.506,9.69],[35.469,9.671],[35.456,9.673],[35.412,9.715],[35.39,9.721],[35.369,9.72]]]}},{"type":"Feature","properties":{"name":"Boji Dirmeji"},"geometry":{"type":"Polygon","coordinates":[[[35.672,9.518],[35.648,9.554],[35.657,9.528],[35.647,9.516],[35.646,9.506],[35.628,9.492],[35.613,9.484],[35.595,9.478],[35.579,9.468],[35.569,9.447],[35.554,9.435],[35.536,9.426],[35.52,9.413],[35.508,9.399],[35.495,9.37],[35.511,9.353],[35.54,9.353],[35.565,9.316],[35.586,9.294],[35.622,9.263],[35.648,9.244],[35.653,9.273],[35.662,9.29],[35.679,9.302],[35.695,9.307],[35.704,9.308],[35.727,9.299],[35.758,9.325],[35.751,9.332],[35.75,9.35],[35.756,9.366],[35.751,9.404],[35.755,9.418],[35.767,9.429],[35.779,9.432],[35.778,9.441],[35.766,9.474],[35.754,9.483],[35.733,9.483],[35.712,9.488],[35.687,9.511],[35.672,9.518]]]}},{"type":"Feature","properties":{"name":"Lalo Asabi"},"geometry":{"type":"Polygon","coordinates":[[[35.758,9.325],[35.727,9.299],[35.704,9.308],[35.695,9.307],[35.679,9.302],[35.662,9.29],[35.653,9.273],[35.648,9.244],[35.645,9.215],[35.633,9.196],[35.609,9.193],[35.576,9.182],[35.566,9.161],[35.548,9.156],[35.528,9.157],[35.527,9.15],[35.523,9.138],[35.523,9.13],[35.516,9.11],[35.524,9.109],[35.544,9.102],[35.597,9.084],[35.651,9.071],[35.659,9.079],[35.663,9.084],[35.661,9.089],[35.666,9.094],[35.673,9.098],[35.678,9.103],[35.69,9.106],[35.697,9.115],[35.705,9.117],[35.712,9.117],[35.711,9.112],[35.714,9.108],[35.721,9.108],[35.726,9.105],[35.739,9.104],[35.755,9.134],[35.749,9.149],[35.731,9.147],[35.714,9.149],[35.711,9.164],[35.726,9.201],[35.732,9.221],[35.73,9.23],[35.798,9.31],[35.775,9.325],[35.758,9.325]]]}},{"type":"Feature","properties":{"name":"Gimbi"},"geometry":{"type":"Polygon","coordinates":[[[36.054,9.12],[36.045,9.196],[36.032,9.234],[35.976,9.244],[35.95,9.25],[35.932,9.268],[35.919,9.287],[35.912,9.317],[35.861,9.326],[35.809,9.31],[35.798,9.31],[35.73,9.23],[35.732,9.221],[35.726,9.201],[35.711,9.164],[35.714,9.149],[35.731,9.147],[35.749,9.149],[35.755,9.134],[35.739,9.104],[35.744,9.101],[35.757,9.11],[35.763,9.105],[35.782,9.106],[35.782,9.099],[35.775,9.084],[35.771,9.068],[35.765,9.064],[35.759,9.066],[35.754,9.063],[35.751,9.055],[35.752,9.047],[35.751,9.042],[35.745,9.037],[35.742,9.031],[35.767,9.046],[35.779,9.067],[35.787,9.083],[35.8,9.084],[35.811,9.073],[35.827,9.061],[35.85,9.061],[35.87,9.056],[35.885,9.046],[35.908,9.027],[35.916,9.011],[35.917,8.967],[35.923,8.954],[35.937,8.946],[35.958,8.946],[35.98,8.948],[35.986,8.95],[36.018,8.943],[36.018,8.951],[36.037,8.973],[36.037,8.99],[36.035,8.998],[36.036,9.005],[36.043,9.016],[36.043,9.033],[36.029,9.057],[36.035,9.108],[36.054,9.12]]]}},{"type":"Feature","properties":{"name":"Chwaka"},"geometry":{"type":"Polygon","coordinates":[[[36.043,9.016],[36.036,9.005],[36.035,8.998],[36.037,8.99],[36.037,8.973],[36.018,8.951],[36.018,8.943],[36.013,8.938],[36.01,8.929],[36.008,8.903],[36.011,8.896],[36.012,8.889],[36.012,8.884],[36.007,8.872],[36.013,8.859],[36.018,8.855],[36.033,8.847],[36.038,8.852],[36.063,8.852],[36.07,8.854],[36.077,8.853],[36.084,8.855],[36.092,8.852],[36.098,8.843],[36.103,8.84],[36.115,8.842],[36.129,8.842],[36.138,8.854],[36.143,8.865],[36.151,8.867],[36.161,8.876],[36.165,8.87],[36.164,8.865],[36.171,8.855],[36.188,8.845],[36.193,8.845],[36.199,8.843],[36.203,8.839],[36.204,8.834],[36.2,8.815],[36.201,8.808],[36.213,8.793],[36.219,8.791],[36.226,8.79],[36.233,8.787],[36.242,8.788],[36.24,8.805],[36.232,8.813],[36.228,8.822],[36.241,8.832],[36.242,8.842],[36.227,8.864],[36.217,8.866],[36.212,8.878],[36.219,8.906],[36.219,8.924],[36.221,8.93],[36.221,8.945],[36.223,8.951],[36.175,8.98],[36.171,8.985],[36.157,9.008],[36.132,9.022],[36.129,9.052],[36.109,9.081],[36.095,9.066],[36.085,9.059],[36.076,9.064],[36.098,9.033],[36.087,9.014],[36.065,9.021],[36.043,9.016]]]}},{"type":"Feature","properties":{"name":"Dabo Hana"},"geometry":{"type":"Polygon","coordinates":[[[36.353,8.761],[36.338,8.79],[36.331,8.814],[36.32,8.839],[36.304,8.856],[36.287,8.871],[36.28,8.883],[36.263,8.925],[36.266,8.93],[36.258,8.938],[36.253,8.948],[36.245,8.95],[36.238,8.954],[36.23,8.954],[36.223,8.951],[36.221,8.945],[36.221,8.93],[36.219,8.924],[36.219,8.906],[36.212,8.878],[36.217,8.866],[36.227,8.864],[36.242,8.842],[36.241,8.832],[36.228,8.822],[36.232,8.813],[36.24,8.805],[36.242,8.788],[36.233,8.787],[36.226,8.79],[36.219,8.791],[36.213,8.793],[36.201,8.808],[36.2,8.815],[36.204,8.834],[36.203,8.839],[36.199,8.843],[36.193,8.845],[36.188,8.845],[36.171,8.855],[36.164,8.865],[36.165,8.87],[36.161,8.876],[36.151,8.867],[36.143,8.865],[36.138,8.854],[36.129,8.842],[36.115,8.842],[36.103,8.84],[36.098,8.843],[36.092,8.852],[36.084,8.855],[36.077,8.853],[36.07,8.854],[36.063,8.852],[36.038,8.852],[36.033,8.847],[36.05,8.817],[36.081,8.778],[36.09,8.759],[36.103,8.737],[36.122,8.724],[36.131,8.713],[36.137,8.705],[36.141,8.684],[36.158,8.667],[36.207,8.657],[36.214,8.637],[36.2,8.623],[36.204,8.612],[36.217,8.603],[36.229,8.585],[36.231,8.567],[36.228,8.548],[36.236,8.513],[36.244,8.502],[36.249,8.494],[36.258,8.502],[36.265,8.515],[36.282,8.517],[36.296,8.527],[36.317,8.537],[36.326,8.553],[36.344,8.573],[36.382,8.602],[36.414,8.631],[36.426,8.637],[36.413,8.656],[36.402,8.678],[36.386,8.704],[36.385,8.713],[36.371,8.738],[36.353,8.761]]]}},{"type":"Feature","properties":{"name":"Diga"},"geometry":{"type":"Polygon","coordinates":[[[36.132,9.022],[36.157,9.008],[36.171,8.985],[36.175,8.98],[36.18,8.987],[36.222,8.99],[36.249,8.975],[36.223,8.951],[36.23,8.954],[36.238,8.954],[36.245,8.95],[36.253,8.948],[36.265,8.956],[36.28,8.962],[36.301,8.953],[36.354,8.947],[36.395,8.945],[36.415,8.95],[36.442,8.947],[36.536,8.951],[36.547,8.961],[36.548,8.975],[36.531,9.007],[36.509,9.032],[36.472,9.056],[36.461,9.075],[36.433,9.08],[36.371,9.069],[36.336,9.065],[36.309,9.07],[36.284,9.078],[36.26,9.082],[36.255,9.105],[36.254,9.134],[36.251,9.16],[36.268,9.172],[36.289,9.174],[36.305,9.184],[36.323,9.207],[36.331,9.243],[36.32,9.269],[36.293,9.279],[36.227,9.273],[36.23,9.23],[36.205,9.158],[36.173,9.109],[36.162,9.106],[36.185,9.073],[36.208,9.068],[36.237,9.052],[36.247,9.042],[36.227,9.032],[36.178,9.046],[36.168,9.029],[36.16,9.022],[36.132,9.022]]]}},{"type":"Feature","properties":{"name":"Haro Limu"},"geometry":{"type":"Polygon","coordinates":[[[36.233,9.571],[36.267,9.57],[36.302,9.557],[36.306,9.568],[36.327,9.575],[36.345,9.588],[36.352,9.609],[36.363,9.62],[36.388,9.614],[36.397,9.628],[36.367,9.656],[36.351,9.681],[36.352,9.701],[36.344,9.72],[36.342,9.772],[36.349,9.797],[36.365,9.824],[36.363,9.835],[36.337,9.847],[36.337,9.891],[36.324,9.929],[36.321,9.942],[36.32,9.996],[36.308,10.036],[36.301,10.047],[36.294,10.075],[36.269,10.089],[36.26,10.079],[36.22,10.054],[36.185,10.051],[36.141,10.011],[36.121,9.973],[36.121,9.962],[36.135,9.917],[36.153,9.867],[36.153,9.85],[36.129,9.853],[36.137,9.808],[36.106,9.774],[36.144,9.759],[36.16,9.748],[36.163,9.731],[36.178,9.702],[36.193,9.689],[36.193,9.659],[36.202,9.616],[36.23,9.581],[36.233,9.571]]]}},{"type":"Feature","properties":{"name":"Abichuna Gne'a"},"geometry":{"type":"Polygon","coordinates":[[[39.379,9.581],[39.374,9.584],[39.374,9.593],[39.381,9.597],[39.385,9.604],[39.386,9.612],[39.39,9.617],[39.389,9.623],[39.387,9.632],[39.376,9.63],[39.363,9.62],[39.355,9.619],[39.353,9.623],[39.354,9.635],[39.358,9.649],[39.359,9.658],[39.363,9.663],[39.369,9.664],[39.372,9.671],[39.362,9.681],[39.371,9.691],[39.371,9.7],[39.365,9.702],[39.345,9.7],[39.34,9.705],[39.339,9.711],[39.342,9.718],[39.348,9.726],[39.343,9.728],[39.33,9.725],[39.321,9.725],[39.314,9.732],[39.309,9.745],[39.299,9.749],[39.293,9.746],[39.288,9.735],[39.281,9.734],[39.269,9.741],[39.261,9.73],[39.251,9.706],[39.246,9.703],[39.24,9.703],[39.234,9.7],[39.229,9.695],[39.226,9.7],[39.224,9.706],[39.218,9.709],[39.212,9.706],[39.209,9.712],[39.206,9.708],[39.201,9.71],[39.198,9.717],[39.185,9.721],[39.185,9.687],[39.179,9.69],[39.175,9.696],[39.167,9.694],[39.163,9.69],[39.157,9.69],[39.146,9.694],[39.147,9.709],[39.149,9.716],[39.145,9.722],[39.146,9.73],[39.144,9.736],[39.14,9.742],[39.134,9.742],[39.124,9.736],[39.118,9.734],[39.11,9.733],[39.099,9.736],[39.098,9.745],[39.105,9.75],[39.103,9.756],[39.093,9.764],[39.088,9.762],[39.083,9.758],[39.077,9.756],[39.07,9.754],[39.051,9.754],[39.037,9.748],[39.036,9.754],[39.024,9.759],[39.017,9.759],[39.013,9.753],[39.005,9.752],[38.998,9.749],[39.005,9.741],[39.007,9.734],[39.012,9.73],[39.012,9.721],[39.016,9.711],[39.035,9.699],[39.058,9.694],[39.068,9.693],[39.078,9.679],[39.075,9.673],[39.077,9.655],[39.073,9.644],[39.068,9.642],[39.06,9.636],[39.061,9.628],[39.054,9.624],[39.047,9.616],[39.045,9.609],[39.056,9.607],[39.07,9.597],[39.069,9.586],[39.06,9.578],[39.063,9.57],[39.076,9.561],[39.079,9.556],[39.088,9.555],[39.095,9.557],[39.1,9.565],[39.113,9.572],[39.107,9.55],[39.113,9.529],[39.132,9.515],[39.141,9.502],[39.148,9.507],[39.205,9.504],[39.249,9.493],[39.268,9.484],[39.286,9.489],[39.294,9.502],[39.303,9.513],[39.303,9.524],[39.314,9.537],[39.324,9.527],[39.331,9.528],[39.342,9.546],[39.354,9.55],[39.361,9.547],[39.373,9.565],[39.377,9.568],[39.379,9.574],[39.379,9.581]]]}},{"type":"Feature","properties":{"name":"Kembibit"},"geometry":{"type":"MultiPolygon","coordinates":[[[[39.294,9.502],[39.286,9.489],[39.268,9.484],[39.249,9.493],[39.205,9.504],[39.148,9.507],[39.141,9.502],[39.137,9.487],[39.143,9.452],[39.124,9.445],[39.105,9.443],[39.104,9.423],[39.093,9.405],[39.072,9.374],[39.067,9.36],[39.068,9.351],[39.098,9.336],[39.122,9.334],[39.151,9.335],[39.176,9.327],[39.184,9.309],[39.202,9.305],[39.216,9.332],[39.234,9.343],[39.253,9.344],[39.268,9.333],[39.265,9.325],[39.279,9.313],[39.286,9.317],[39.292,9.333],[39.294,9.35],[39.304,9.358],[39.307,9.367],[39.32,9.367],[39.321,9.375],[39.326,9.382],[39.338,9.382],[39.348,9.38],[39.358,9.37],[39.374,9.377],[39.377,9.385],[39.396,9.393],[39.405,9.381],[39.413,9.375],[39.421,9.372],[39.427,9.38],[39.441,9.382],[39.446,9.385],[39.453,9.395],[39.455,9.402],[39.45,9.406],[39.444,9.415],[39.448,9.42],[39.45,9.426],[39.449,9.433],[39.431,9.435],[39.412,9.448],[39.395,9.456],[39.389,9.451],[39.379,9.447],[39.374,9.448],[39.374,9.459],[39.378,9.464],[39.376,9.468],[39.364,9.475],[39.356,9.475],[39.351,9.473],[39.345,9.473],[39.339,9.476],[39.316,9.468],[39.311,9.469],[39.306,9.475],[39.302,9.489],[39.295,9.493],[39.294,9.502]]],[[[39.303,9.513],[39.294,9.502],[39.306,9.506],[39.303,9.513]]]]}},{"type":"Feature","properties":{"name":"Gimbichu"},"geometry":{"type":"Polygon","coordinates":[[[39.25,9.137],[39.232,9.116],[39.214,9.103],[39.19,9.122],[39.167,9.118],[39.154,9.112],[39.147,9.109],[39.129,9.089],[39.115,9.065],[39.102,9.039],[39.081,9.014],[39.06,8.993],[39.047,8.965],[39.039,8.931],[39.032,8.911],[39.047,8.911],[39.053,8.909],[39.059,8.91],[39.068,8.904],[39.083,8.909],[39.102,8.924],[39.121,8.927],[39.124,8.914],[39.121,8.896],[39.133,8.885],[39.168,8.91],[39.182,8.908],[39.186,8.891],[39.178,8.871],[39.176,8.857],[39.182,8.849],[39.201,8.845],[39.199,8.815],[39.204,8.803],[39.218,8.8],[39.234,8.816],[39.245,8.829],[39.245,8.838],[39.266,8.844],[39.261,8.852],[39.238,8.863],[39.242,8.89],[39.26,8.911],[39.266,8.923],[39.259,8.964],[39.27,8.982],[39.289,9.0],[39.298,9.054],[39.316,9.061],[39.348,9.065],[39.358,9.063],[39.355,9.072],[39.349,9.078],[39.349,9.089],[39.344,9.101],[39.33,9.138],[39.321,9.141],[39.324,9.15],[39.295,9.15],[39.25,9.137]]]}},{"type":"Feature","properties":{"name":"Walmara"},"geometry":{"type":"Polygon","coordinates":[[[38.436,9.197],[38.439,9.171],[38.438,9.149],[38.438,9.129],[38.453,9.115],[38.467,9.099],[38.473,9.067],[38.464,9.043],[38.46,9.023],[38.451,9.002],[38.432,8.982],[38.408,8.947],[38.397,8.921],[38.402,8.908],[38.422,8.89],[38.434,8.878],[38.443,8.877],[38.46,8.887],[38.473,8.87],[38.489,8.865],[38.508,8.877],[38.534,8.901],[38.604,8.992],[38.62,9.008],[38.644,9.015],[38.653,9.011],[38.668,9.011],[38.668,9.027],[38.673,9.034],[38.673,9.04],[38.684,9.051],[38.685,9.067],[38.686,9.074],[38.695,9.079],[38.679,9.106],[38.674,9.122],[38.68,9.132],[38.71,9.157],[38.71,9.174],[38.686,9.177],[38.624,9.174],[38.596,9.183],[38.573,9.199],[38.553,9.21],[38.529,9.219],[38.518,9.244],[38.517,9.249],[38.485,9.236],[38.474,9.228],[38.469,9.214],[38.46,9.201],[38.436,9.197]]]}},{"type":"Feature","properties":{"name":"Akaki"},"geometry":{"type":"Polygon","coordinates":[[[38.856,8.939],[38.862,8.933],[38.88,8.919],[38.874,8.906],[38.878,8.897],[38.871,8.882],[38.87,8.874],[38.865,8.884],[38.859,8.885],[38.848,8.881],[38.842,8.881],[38.834,8.884],[38.827,8.881],[38.828,8.875],[38.83,8.87],[38.825,8.854],[38.825,8.842],[38.818,8.84],[38.813,8.841],[38.798,8.835],[38.793,8.837],[38.781,8.837],[38.779,8.843],[38.778,8.853],[38.774,8.859],[38.762,8.855],[38.768,8.848],[38.756,8.846],[38.753,8.833],[38.755,8.814],[38.746,8.791],[38.741,8.772],[38.737,8.744],[38.738,8.725],[38.742,8.704],[38.749,8.682],[38.751,8.662],[38.748,8.641],[38.723,8.622],[38.718,8.614],[38.723,8.584],[38.73,8.57],[38.747,8.565],[38.761,8.555],[38.764,8.537],[38.774,8.533],[38.783,8.539],[38.805,8.561],[38.82,8.586],[38.841,8.629],[38.883,8.698],[38.903,8.763],[38.914,8.784],[38.932,8.799],[38.956,8.816],[38.96,8.83],[38.965,8.862],[38.982,8.89],[38.989,8.896],[39.001,8.902],[39.026,8.912],[39.017,8.913],[39.007,8.923],[39.0,8.941],[38.988,8.955],[38.956,8.976],[38.937,8.981],[38.926,8.989],[38.919,8.98],[38.904,8.963],[38.897,8.956],[38.902,8.947],[38.898,8.938],[38.892,8.935],[38.862,8.944],[38.856,8.939]]]}},{"type":"Feature","properties":{"name":"Bereh"},"geometry":{"type":"Polygon","coordinates":[[[38.904,8.963],[38.919,8.98],[38.926,8.989],[38.937,8.981],[38.956,8.976],[38.988,8.955],[39.0,8.941],[39.007,8.923],[39.017,8.913],[39.026,8.912],[39.032,8.911],[39.039,8.931],[39.047,8.965],[39.06,8.993],[39.081,9.014],[39.102,9.039],[39.115,9.065],[39.129,9.089],[39.147,9.109],[39.154,9.112],[39.117,9.149],[39.102,9.168],[39.079,9.214],[39.042,9.268],[39.005,9.315],[38.984,9.297],[38.962,9.291],[38.941,9.301],[38.921,9.296],[38.906,9.284],[38.894,9.266],[38.877,9.221],[38.874,9.197],[38.878,9.154],[38.877,9.136],[38.874,9.126],[38.843,9.08],[38.85,9.079],[38.858,9.085],[38.869,9.086],[38.877,9.083],[38.883,9.07],[38.884,9.053],[38.898,9.032],[38.906,9.011],[38.907,8.999],[38.905,8.993],[38.907,8.978],[38.904,8.963]]]}},{"type":"Feature","properties":{"name":"Sululta"},"geometry":{"type":"Polygon","coordinates":[[[38.843,9.08],[38.874,9.126],[38.877,9.136],[38.878,9.154],[38.874,9.197],[38.877,9.221],[38.894,9.266],[38.906,9.284],[38.921,9.296],[38.941,9.301],[38.945,9.313],[38.986,9.358],[38.986,9.399],[38.998,9.432],[38.993,9.458],[38.974,9.473],[38.938,9.47],[38.881,9.468],[38.851,9.458],[38.816,9.449],[38.787,9.451],[38.745,9.48],[38.735,9.485],[38.721,9.491],[38.691,9.499],[38.665,9.496],[38.673,9.468],[38.673,9.456],[38.687,9.434],[38.698,9.41],[38.706,9.354],[38.717,9.306],[38.713,9.278],[38.711,9.234],[38.686,9.177],[38.71,9.174],[38.71,9.157],[38.68,9.132],[38.674,9.122],[38.679,9.106],[38.695,9.079],[38.708,9.083],[38.717,9.089],[38.728,9.087],[38.739,9.088],[38.752,9.092],[38.766,9.099],[38.772,9.099],[38.779,9.095],[38.792,9.079],[38.801,9.08],[38.806,9.083],[38.826,9.077],[38.843,9.08]]]}},{"type":"Feature","properties":{"name":"Alem Gena"},"geometry":{"type":"Polygon","coordinates":[[[38.682,8.951],[38.677,8.959],[38.644,8.967],[38.64,8.975],[38.655,8.978],[38.66,8.986],[38.659,8.996],[38.652,9.004],[38.653,9.011],[38.644,9.015],[38.62,9.008],[38.604,8.992],[38.534,8.901],[38.508,8.877],[38.489,8.865],[38.473,8.87],[38.46,8.887],[38.443,8.877],[38.434,8.878],[38.425,8.857],[38.417,8.85],[38.421,8.837],[38.433,8.82],[38.454,8.781],[38.468,8.757],[38.499,8.719],[38.503,8.714],[38.521,8.703],[38.527,8.702],[38.539,8.705],[38.558,8.711],[38.582,8.714],[38.61,8.706],[38.628,8.683],[38.639,8.662],[38.655,8.64],[38.678,8.623],[38.698,8.621],[38.723,8.622],[38.748,8.641],[38.751,8.662],[38.749,8.682],[38.742,8.704],[38.738,8.725],[38.737,8.744],[38.741,8.772],[38.746,8.791],[38.755,8.814],[38.753,8.833],[38.756,8.846],[38.768,8.848],[38.762,8.855],[38.757,8.854],[38.755,8.86],[38.746,8.864],[38.746,8.871],[38.748,8.878],[38.744,8.881],[38.745,8.893],[38.744,8.904],[38.737,8.902],[38.732,8.906],[38.72,8.921],[38.709,8.922],[38.703,8.927],[38.698,8.934],[38.695,8.943],[38.689,8.941],[38.681,8.942],[38.682,8.951]]]}},{"type":"Feature","properties":{"name":"Basona Worena"},"geometry":{"type":"Polygon","coordinates":[[[39.636,9.466],[39.647,9.463],[39.656,9.474],[39.657,9.48],[39.65,9.492],[39.651,9.501],[39.658,9.514],[39.663,9.517],[39.671,9.526],[39.677,9.56],[39.681,9.57],[39.693,9.58],[39.702,9.604],[39.709,9.609],[39.721,9.609],[39.728,9.613],[39.734,9.644],[39.734,9.667],[39.732,9.672],[39.732,9.677],[39.735,9.682],[39.736,9.692],[39.729,9.709],[39.73,9.716],[39.733,9.723],[39.73,9.724],[39.729,9.734],[39.724,9.739],[39.723,9.745],[39.725,9.752],[39.733,9.759],[39.736,9.766],[39.731,9.785],[39.73,9.795],[39.739,9.828],[39.738,9.834],[39.71,9.844],[39.704,9.843],[39.697,9.846],[39.684,9.859],[39.687,9.867],[39.679,9.869],[39.674,9.874],[39.667,9.869],[39.647,9.867],[39.635,9.86],[39.6,9.86],[39.553,9.843],[39.544,9.843],[39.501,9.85],[39.485,9.849],[39.46,9.853],[39.444,9.853],[39.436,9.858],[39.405,9.867],[39.4,9.871],[39.386,9.877],[39.38,9.882],[39.371,9.895],[39.367,9.9],[39.36,9.903],[39.349,9.907],[39.336,9.915],[39.319,9.932],[39.305,9.942],[39.299,9.956],[39.295,9.961],[39.295,9.966],[39.298,9.972],[39.31,9.987],[39.309,9.993],[39.305,10.0],[39.299,10.008],[39.293,9.994],[39.283,9.981],[39.27,9.971],[39.26,9.955],[39.26,9.947],[39.262,9.938],[39.261,9.917],[39.262,9.896],[39.266,9.885],[39.267,9.874],[39.272,9.869],[39.285,9.869],[39.301,9.867],[39.308,9.856],[39.324,9.84],[39.344,9.832],[39.351,9.828],[39.357,9.821],[39.367,9.802],[39.377,9.796],[39.373,9.782],[39.374,9.776],[39.361,9.759],[39.358,9.75],[39.355,9.745],[39.352,9.733],[39.348,9.726],[39.342,9.718],[39.339,9.711],[39.34,9.705],[39.345,9.7],[39.365,9.702],[39.371,9.7],[39.371,9.691],[39.362,9.681],[39.372,9.671],[39.369,9.664],[39.363,9.663],[39.359,9.658],[39.358,9.649],[39.354,9.635],[39.353,9.623],[39.355,9.619],[39.363,9.62],[39.376,9.63],[39.387,9.632],[39.389,9.623],[39.39,9.617],[39.386,9.612],[39.385,9.604],[39.381,9.597],[39.374,9.593],[39.374,9.584],[39.379,9.581],[39.384,9.581],[39.39,9.577],[39.402,9.587],[39.411,9.597],[39.429,9.61],[39.436,9.611],[39.442,9.609],[39.446,9.604],[39.459,9.604],[39.466,9.593],[39.466,9.586],[39.472,9.589],[39.482,9.587],[39.484,9.578],[39.489,9.571],[39.495,9.57],[39.502,9.57],[39.513,9.574],[39.518,9.57],[39.524,9.575],[39.54,9.581],[39.547,9.583],[39.553,9.59],[39.554,9.598],[39.564,9.607],[39.569,9.605],[39.572,9.6],[39.578,9.597],[39.583,9.599],[39.589,9.598],[39.602,9.591],[39.608,9.59],[39.62,9.59],[39.632,9.6],[39.64,9.601],[39.645,9.597],[39.638,9.576],[39.632,9.537],[39.629,9.52],[39.633,9.5],[39.633,9.492],[39.631,9.484],[39.632,9.473],[39.636,9.466]]]}},{"type":"Feature","properties":{"name":"Ensaro"},"geometry":{"type":"Polygon","coordinates":[[[38.801,9.963],[38.804,9.955],[38.802,9.947],[38.798,9.942],[38.797,9.935],[38.799,9.929],[38.802,9.923],[38.803,9.91],[38.797,9.89],[38.792,9.884],[38.794,9.877],[38.804,9.863],[38.806,9.855],[38.809,9.836],[38.809,9.821],[38.815,9.807],[38.819,9.804],[38.822,9.785],[38.83,9.77],[38.841,9.758],[38.859,9.746],[38.867,9.735],[38.873,9.731],[38.898,9.715],[38.91,9.71],[38.919,9.713],[38.929,9.726],[38.936,9.729],[38.941,9.726],[38.955,9.715],[38.961,9.712],[38.96,9.719],[38.954,9.734],[38.953,9.74],[38.965,9.75],[38.969,9.757],[38.975,9.762],[38.982,9.753],[38.991,9.747],[38.998,9.749],[39.005,9.752],[39.009,9.776],[39.003,9.782],[39.003,9.789],[39.008,9.794],[39.012,9.799],[39.015,9.812],[39.014,9.818],[39.01,9.822],[39.006,9.828],[39.005,9.835],[39.008,9.84],[38.994,9.848],[38.987,9.849],[38.98,9.852],[38.964,9.865],[38.956,9.877],[38.945,9.886],[38.939,9.9],[38.933,9.903],[38.929,9.909],[38.922,9.907],[38.914,9.904],[38.909,9.909],[38.903,9.907],[38.9,9.913],[38.893,9.916],[38.882,9.909],[38.878,9.913],[38.874,9.92],[38.869,9.927],[38.856,9.932],[38.849,9.939],[38.843,9.936],[38.839,9.939],[38.832,9.939],[38.821,9.95],[38.818,9.958],[38.801,9.963]]]}},{"type":"Feature","properties":{"name":"Akaki - Kalit"},"geometry":{"type":"Polygon","coordinates":[[[38.744,8.904],[38.745,8.893],[38.744,8.881],[38.748,8.878],[38.746,8.871],[38.746,8.864],[38.755,8.86],[38.757,8.854],[38.762,8.855],[38.774,8.859],[38.778,8.853],[38.779,8.843],[38.781,8.837],[38.793,8.837],[38.798,8.835],[38.813,8.841],[38.818,8.84],[38.825,8.842],[38.825,8.854],[38.83,8.87],[38.828,8.875],[38.827,8.881],[38.834,8.884],[38.842,8.881],[38.848,8.881],[38.859,8.885],[38.865,8.884],[38.87,8.874],[38.871,8.882],[38.878,8.897],[38.874,8.906],[38.88,8.919],[38.862,8.933],[38.856,8.939],[38.85,8.939],[38.837,8.943],[38.821,8.939],[38.817,8.943],[38.802,8.947],[38.781,8.937],[38.775,8.941],[38.772,8.946],[38.774,8.953],[38.769,8.96],[38.763,8.959],[38.755,8.928],[38.75,8.923],[38.744,8.904]]]}},{"type":"Feature","properties":{"name":"Kolfe - Keran"},"geometry":{"type":"Polygon","coordinates":[[[38.716,8.994],[38.713,8.998],[38.713,9.005],[38.71,9.01],[38.711,9.017],[38.717,9.022],[38.715,9.035],[38.717,9.041],[38.717,9.054],[38.712,9.061],[38.708,9.083],[38.695,9.079],[38.686,9.074],[38.685,9.067],[38.684,9.051],[38.673,9.04],[38.673,9.034],[38.668,9.027],[38.668,9.011],[38.653,9.011],[38.652,9.004],[38.659,8.996],[38.66,8.986],[38.655,8.978],[38.64,8.975],[38.644,8.967],[38.677,8.959],[38.682,8.951],[38.689,8.957],[38.693,8.965],[38.705,8.972],[38.713,8.975],[38.716,8.994]]]}},{"type":"Feature","properties":{"name":"Hawi Gudina\n"},"geometry":{"type":"Polygon","coordinates":[[[40.779,8.358],[40.738,8.356],[40.725,8.359],[40.711,8.356],[40.706,8.348],[40.691,8.344],[40.685,8.337],[40.675,8.334],[40.664,8.326],[40.635,8.326],[40.597,8.322],[40.589,8.331],[40.571,8.326],[40.552,8.317],[40.531,8.312],[40.523,8.308],[40.51,8.296],[40.512,8.307],[40.512,8.322],[40.502,8.325],[40.499,8.34],[40.489,8.355],[40.447,8.346],[40.431,8.334],[40.414,8.351],[40.398,8.381],[40.39,8.388],[40.383,8.387],[40.376,8.361],[40.363,8.34],[40.358,8.329],[40.353,8.324],[40.368,8.306],[40.384,8.277],[40.395,8.256],[40.402,8.233],[40.406,8.203],[40.404,8.182],[40.39,8.158],[40.38,8.134],[40.38,8.114],[40.386,8.099],[40.394,8.089],[40.401,8.07],[40.397,8.042],[40.409,8.022],[40.437,8.015],[40.446,8.005],[40.446,7.998],[40.441,7.968],[40.462,7.941],[40.479,7.928],[40.563,7.883],[40.59,7.879],[40.616,7.882],[40.68,7.894],[40.704,7.895],[40.717,7.891],[40.73,7.917],[40.754,7.943],[40.767,7.948],[40.808,7.956],[40.878,7.956],[40.906,7.954],[40.93,7.956],[40.961,7.959],[40.973,7.964],[40.983,7.973],[41.019,7.991],[41.036,8.007],[41.054,8.02],[41.087,8.055],[41.105,8.066],[41.15,8.1],[41.146,8.11],[41.135,8.119],[41.099,8.145],[41.072,8.161],[40.993,8.229],[40.955,8.255],[40.923,8.266],[40.89,8.272],[40.86,8.276],[40.84,8.286],[40.817,8.311],[40.795,8.34],[40.779,8.358]]]}},{"type":"Feature","properties":{"name":"Daro Lebu"},"geometry":{"type":"Polygon","coordinates":[[[40.3,8.613],[40.316,8.604],[40.319,8.575],[40.32,8.554],[40.326,8.534],[40.329,8.511],[40.323,8.424],[40.328,8.371],[40.338,8.345],[40.353,8.324],[40.358,8.329],[40.363,8.34],[40.376,8.361],[40.383,8.387],[40.39,8.388],[40.398,8.381],[40.414,8.351],[40.431,8.334],[40.447,8.346],[40.489,8.355],[40.499,8.34],[40.502,8.325],[40.512,8.322],[40.512,8.307],[40.51,8.296],[40.523,8.308],[40.531,8.312],[40.552,8.317],[40.571,8.326],[40.589,8.331],[40.597,8.322],[40.635,8.326],[40.664,8.326],[40.675,8.334],[40.685,8.337],[40.691,8.344],[40.706,8.348],[40.711,8.356],[40.725,8.359],[40.738,8.356],[40.779,8.358],[40.718,8.428],[40.7,8.452],[40.68,8.472],[40.645,8.493],[40.631,8.511],[40.611,8.548],[40.597,8.563],[40.593,8.567],[40.568,8.58],[40.541,8.599],[40.515,8.613],[40.455,8.622],[40.434,8.634],[40.412,8.658],[40.404,8.678],[40.391,8.69],[40.372,8.711],[40.366,8.701],[40.345,8.682],[40.338,8.666],[40.326,8.647],[40.3,8.613]]]}},{"type":"Feature","properties":{"name":"Hargele"},"geometry":{"type":"Polygon","coordinates":[[[42.021,5.708],[42.026,5.675],[42.025,5.657],[42.034,5.643],[42.035,5.621],[42.031,5.6],[42.037,5.576],[42.046,5.562],[42.041,5.499],[42.043,5.469],[42.043,5.435],[42.028,5.26],[42.055,5.257],[42.181,5.271],[42.28,5.285],[42.36,5.314],[42.426,5.37],[42.52,5.403],[42.59,5.436],[42.628,5.483],[42.675,5.577],[42.694,5.675],[42.694,5.711],[42.664,5.692],[42.644,5.682],[42.629,5.678],[42.582,5.656],[42.556,5.654],[42.527,5.633],[42.506,5.624],[42.447,5.623],[42.41,5.617],[42.33,5.618],[42.285,5.621],[42.246,5.624],[42.212,5.632],[42.199,5.645],[42.182,5.645],[42.127,5.662],[42.105,5.667],[42.101,5.678],[42.079,5.685],[42.057,5.686],[42.039,5.693],[42.021,5.708]]]}},{"type":"Feature","properties":{"name":"Bidu"},"geometry":{"type":"Polygon","coordinates":[[[41.078,12.998],[41.093,12.873],[41.079,12.766],[41.143,12.722],[41.2,12.71],[41.278,12.72],[41.39,12.714],[41.467,12.733],[41.519,12.74],[41.608,12.745],[41.726,12.776],[41.807,12.795],[41.9,12.838],[41.885,13.084],[41.787,13.176],[41.738,13.232],[41.613,13.348],[41.579,13.386],[41.497,13.468],[41.403,13.351],[41.374,13.321],[41.341,13.205],[41.306,13.117],[41.302,13.061],[41.277,13.02],[41.181,12.999],[41.078,12.998]]]}},{"type":"Feature","properties":{"name":"Kurri"},"geometry":{"type":"Polygon","coordinates":[[[40.623,12.944],[40.628,12.843],[40.616,12.797],[40.614,12.758],[40.622,12.716],[40.629,12.696],[40.646,12.662],[40.673,12.646],[40.679,12.607],[40.679,12.56],[40.682,12.526],[40.683,12.504],[40.693,12.487],[40.709,12.469],[40.75,12.449],[40.739,12.415],[40.726,12.382],[40.727,12.355],[40.719,12.321],[40.8,12.288],[40.81,12.224],[40.835,12.195],[40.835,12.131],[40.888,12.073],[40.908,12.014],[40.913,11.966],[40.947,11.966],[40.971,11.99],[41.015,11.99],[41.054,12.005],[41.088,12.053],[41.049,12.097],[41.015,12.146],[41.061,12.159],[41.074,12.161],[41.108,12.161],[41.118,12.151],[41.166,12.156],[41.181,12.166],[41.21,12.151],[41.249,12.151],[41.291,12.154],[41.304,12.154],[41.288,12.172],[41.259,12.218],[41.257,12.232],[41.248,12.256],[41.233,12.28],[41.226,12.317],[41.205,12.379],[41.204,12.399],[41.215,12.443],[41.21,12.468],[41.194,12.499],[41.176,12.547],[41.165,12.563],[41.167,12.593],[41.153,12.642],[41.13,12.673],[41.11,12.693],[41.138,12.718],[41.143,12.722],[41.079,12.766],[41.093,12.873],[41.078,12.998],[41.019,12.996],[40.911,12.987],[40.81,12.994],[40.709,12.993],[40.623,12.944]]]}},{"type":"Feature","properties":{"name":"Adaa'r"},"geometry":{"type":"Polygon","coordinates":[[[40.174,11.241],[40.216,11.25],[40.253,11.247],[40.298,11.239],[40.351,11.241],[40.392,11.232],[40.443,11.217],[40.518,11.188],[40.547,11.15],[40.567,11.118],[40.617,11.123],[40.673,11.133],[40.704,11.141],[40.693,11.204],[40.644,11.229],[40.61,11.305],[40.591,11.356],[40.62,11.39],[40.624,11.402],[40.629,11.426],[40.625,11.458],[40.553,11.483],[40.486,11.511],[40.463,11.523],[40.457,11.517],[40.448,11.501],[40.442,11.485],[40.422,11.464],[40.402,11.454],[40.384,11.442],[40.355,11.427],[40.324,11.416],[40.279,11.394],[40.144,11.337],[40.103,11.318],[40.124,11.297],[40.146,11.256],[40.174,11.241]]]}},{"type":"Feature","properties":{"name":"Yeki"},"geometry":{"type":"Polygon","coordinates":[[[35.381,7.124],[35.399,7.124],[35.417,7.119],[35.434,7.128],[35.431,7.142],[35.431,7.16],[35.437,7.164],[35.455,7.169],[35.517,7.162],[35.531,7.167],[35.547,7.178],[35.569,7.184],[35.608,7.189],[35.62,7.193],[35.634,7.194],[35.647,7.199],[35.665,7.21],[35.659,7.229],[35.653,7.231],[35.632,7.232],[35.624,7.238],[35.619,7.236],[35.61,7.235],[35.603,7.243],[35.594,7.246],[35.584,7.24],[35.574,7.244],[35.567,7.252],[35.556,7.257],[35.545,7.251],[35.523,7.259],[35.501,7.253],[35.491,7.256],[35.485,7.262],[35.482,7.271],[35.482,7.279],[35.489,7.313],[35.487,7.358],[35.493,7.383],[35.5,7.397],[35.489,7.427],[35.468,7.412],[35.438,7.396],[35.393,7.397],[35.388,7.352],[35.384,7.335],[35.376,7.291],[35.371,7.279],[35.354,7.264],[35.347,7.24],[35.374,7.232],[35.341,7.188],[35.335,7.189],[35.335,7.181],[35.354,7.155],[35.369,7.145],[35.381,7.124]]]}},{"type":"Feature","properties":{"name":"Menjiwo"},"geometry":{"type":"Polygon","coordinates":[[[36.471,7.417],[36.471,7.406],[36.468,7.394],[36.461,7.389],[36.445,7.387],[36.434,7.383],[36.418,7.376],[36.398,7.352],[36.388,7.343],[36.379,7.338],[36.359,7.334],[36.324,7.323],[36.313,7.314],[36.309,7.304],[36.312,7.295],[36.304,7.28],[36.305,7.275],[36.323,7.254],[36.323,7.249],[36.317,7.244],[36.342,7.243],[36.374,7.232],[36.381,7.226],[36.396,7.206],[36.403,7.201],[36.412,7.197],[36.42,7.198],[36.426,7.202],[36.441,7.206],[36.46,7.204],[36.471,7.201],[36.5,7.18],[36.509,7.175],[36.526,7.176],[36.534,7.178],[36.541,7.176],[36.547,7.167],[36.551,7.157],[36.564,7.14],[36.57,7.134],[36.591,7.118],[36.597,7.125],[36.61,7.131],[36.622,7.131],[36.652,7.122],[36.665,7.115],[36.675,7.116],[36.7,7.148],[36.732,7.161],[36.74,7.169],[36.749,7.18],[36.761,7.201],[36.772,7.236],[36.785,7.256],[36.763,7.267],[36.721,7.3],[36.695,7.314],[36.673,7.329],[36.653,7.346],[36.639,7.372],[36.634,7.379],[36.624,7.38],[36.607,7.37],[36.599,7.37],[36.485,7.417],[36.471,7.417]]]}},{"type":"Feature","properties":{"name":"Kacha Bira"},"geometry":{"type":"Polygon","coordinates":[[[37.793,7.282],[37.781,7.3],[37.776,7.311],[37.77,7.318],[37.754,7.332],[37.744,7.335],[37.738,7.342],[37.725,7.316],[37.72,7.307],[37.715,7.293],[37.725,7.266],[37.715,7.208],[37.686,7.154],[37.699,7.149],[37.708,7.144],[37.713,7.144],[37.777,7.158],[37.821,7.183],[37.851,7.197],[37.851,7.215],[37.855,7.244],[37.855,7.256],[37.844,7.255],[37.835,7.258],[37.826,7.272],[37.82,7.276],[37.793,7.282]]]}},{"type":"Feature","properties":{"name":"Tembaro"},"geometry":{"type":"Polygon","coordinates":[[[37.548,7.322],[37.524,7.324],[37.503,7.324],[37.463,7.318],[37.434,7.327],[37.402,7.323],[37.37,7.316],[37.361,7.312],[37.349,7.3],[37.348,7.279],[37.353,7.269],[37.383,7.25],[37.386,7.243],[37.391,7.236],[37.406,7.228],[37.427,7.219],[37.457,7.2],[37.475,7.187],[37.481,7.188],[37.508,7.201],[37.52,7.199],[37.536,7.189],[37.55,7.178],[37.573,7.188],[37.597,7.211],[37.598,7.234],[37.597,7.263],[37.591,7.259],[37.582,7.261],[37.579,7.272],[37.58,7.279],[37.592,7.305],[37.592,7.311],[37.548,7.322]]]}},{"type":"Feature","properties":{"name":"Decha"},"geometry":{"type":"Polygon","coordinates":[[[36.317,7.244],[36.3,7.233],[36.275,7.227],[36.271,7.231],[36.251,7.237],[36.237,7.249],[36.22,7.261],[36.208,7.265],[36.202,7.257],[36.198,7.249],[36.189,7.241],[36.177,7.237],[36.166,7.237],[36.158,7.24],[36.151,7.245],[36.151,7.251],[36.146,7.257],[36.136,7.258],[36.127,7.257],[36.119,7.262],[36.109,7.264],[36.094,7.258],[36.081,7.256],[36.06,7.26],[36.056,7.266],[36.052,7.267],[36.045,7.26],[36.037,7.248],[36.021,7.233],[36.009,7.218],[35.999,7.209],[35.989,7.207],[35.982,7.199],[35.961,7.17],[35.93,7.144],[35.921,7.131],[35.922,7.12],[35.935,7.109],[35.948,7.103],[35.955,7.093],[35.963,7.085],[35.981,7.055],[35.997,7.017],[36.007,7.002],[36.01,6.992],[36.012,6.985],[36.016,6.946],[36.02,6.937],[36.025,6.929],[36.04,6.911],[36.052,6.878],[36.059,6.848],[36.074,6.817],[36.075,6.799],[36.07,6.779],[36.07,6.75],[36.064,6.728],[36.082,6.705],[36.083,6.694],[36.08,6.659],[36.081,6.646],[36.085,6.633],[36.091,6.622],[36.098,6.615],[36.133,6.568],[36.134,6.559],[36.133,6.545],[36.127,6.52],[36.117,6.496],[36.108,6.483],[36.097,6.472],[36.079,6.465],[36.055,6.462],[36.042,6.457],[36.031,6.45],[36.02,6.44],[36.004,6.41],[35.997,6.4],[35.993,6.391],[35.986,6.38],[35.985,6.357],[35.98,6.342],[35.981,6.321],[35.974,6.274],[35.971,6.239],[35.987,6.245],[35.997,6.254],[36.014,6.261],[36.021,6.265],[36.029,6.273],[36.04,6.288],[36.043,6.302],[36.037,6.331],[36.04,6.339],[36.058,6.352],[36.087,6.389],[36.098,6.399],[36.121,6.417],[36.133,6.425],[36.165,6.431],[36.18,6.429],[36.19,6.423],[36.196,6.417],[36.221,6.399],[36.237,6.39],[36.247,6.392],[36.265,6.4],[36.284,6.415],[36.293,6.423],[36.313,6.45],[36.322,6.458],[36.323,6.485],[36.329,6.536],[36.329,6.552],[36.33,6.569],[36.335,6.589],[36.341,6.601],[36.347,6.627],[36.346,6.64],[36.339,6.673],[36.341,6.691],[36.346,6.703],[36.364,6.729],[36.373,6.736],[36.361,6.742],[36.336,6.749],[36.33,6.755],[36.322,6.775],[36.3,6.796],[36.293,6.805],[36.269,6.883],[36.26,6.903],[36.243,6.93],[36.246,6.957],[36.253,6.988],[36.253,7.0],[36.243,7.035],[36.277,7.045],[36.312,7.066],[36.317,7.085],[36.322,7.113],[36.381,7.226],[36.374,7.232],[36.342,7.243],[36.317,7.244]]]}},{"type":"Feature","properties":{"name":"Menit Shasha"},"geometry":{"type":"Polygon","coordinates":[[[36.098,6.615],[36.081,6.597],[36.049,6.578],[35.999,6.571],[35.964,6.581],[35.955,6.63],[35.934,6.631],[35.914,6.604],[35.887,6.589],[35.845,6.589],[35.83,6.609],[35.842,6.632],[35.862,6.659],[35.848,6.674],[35.813,6.666],[35.748,6.665],[35.681,6.63],[35.646,6.623],[35.604,6.629],[35.569,6.659],[35.548,6.684],[35.533,6.712],[35.53,6.746],[35.516,6.737],[35.491,6.751],[35.465,6.75],[35.451,6.746],[35.431,6.745],[35.431,6.736],[35.408,6.711],[35.399,6.698],[35.372,6.656],[35.349,6.611],[35.338,6.6],[35.326,6.585],[35.319,6.567],[35.308,6.554],[35.293,6.541],[35.277,6.53],[35.26,6.516],[35.246,6.5],[35.264,6.484],[35.27,6.476],[35.277,6.462],[35.295,6.437],[35.309,6.431],[35.324,6.433],[35.338,6.45],[35.351,6.454],[35.366,6.454],[35.38,6.45],[35.405,6.426],[35.422,6.423],[35.454,6.435],[35.489,6.433],[35.519,6.421],[35.548,6.39],[35.574,6.375],[35.575,6.324],[35.622,6.323],[35.648,6.32],[35.67,6.311],[35.683,6.302],[35.699,6.311],[35.717,6.327],[35.729,6.332],[35.779,6.342],[35.795,6.335],[35.806,6.319],[35.815,6.272],[35.822,6.247],[35.836,6.237],[35.881,6.213],[35.908,6.157],[35.921,6.141],[35.929,6.132],[35.936,6.128],[35.94,6.141],[35.969,6.162],[35.976,6.171],[35.968,6.19],[35.965,6.203],[35.965,6.215],[35.971,6.239],[35.974,6.274],[35.981,6.321],[35.98,6.342],[35.985,6.357],[35.986,6.38],[35.993,6.391],[35.997,6.4],[36.004,6.41],[36.02,6.44],[36.031,6.45],[36.042,6.457],[36.055,6.462],[36.079,6.465],[36.097,6.472],[36.108,6.483],[36.117,6.496],[36.127,6.52],[36.133,6.545],[36.134,6.559],[36.133,6.568],[36.098,6.615]]]}},{"type":"Feature","properties":{"name":"Ela (Konta) SP Woreda"},"geometry":{"type":"Polygon","coordinates":[[[36.785,7.256],[36.772,7.236],[36.761,7.201],[36.749,7.18],[36.74,7.169],[36.732,7.161],[36.7,7.148],[36.675,7.116],[36.665,7.115],[36.652,7.122],[36.622,7.131],[36.61,7.131],[36.597,7.125],[36.591,7.118],[36.587,7.113],[36.587,7.104],[36.586,7.084],[36.59,7.067],[36.587,7.058],[36.582,7.054],[36.554,7.021],[36.54,7.013],[36.525,6.991],[36.514,6.982],[36.499,6.982],[36.482,6.98],[36.476,6.973],[36.459,6.943],[36.45,6.917],[36.472,6.868],[36.478,6.806],[36.451,6.782],[36.413,6.785],[36.406,6.771],[36.394,6.754],[36.385,6.745],[36.373,6.736],[36.364,6.729],[36.346,6.703],[36.341,6.691],[36.339,6.673],[36.346,6.64],[36.347,6.627],[36.341,6.601],[36.335,6.589],[36.33,6.569],[36.329,6.552],[36.329,6.536],[36.323,6.485],[36.322,6.458],[36.336,6.46],[36.348,6.459],[36.372,6.453],[36.395,6.475],[36.433,6.503],[36.437,6.508],[36.448,6.515],[36.47,6.527],[36.488,6.532],[36.527,6.555],[36.559,6.592],[36.597,6.622],[36.618,6.634],[36.642,6.644],[36.654,6.652],[36.666,6.663],[36.685,6.702],[36.683,6.708],[36.68,6.721],[36.684,6.756],[36.689,6.772],[36.705,6.806],[36.711,6.835],[36.719,6.849],[36.742,6.878],[36.751,6.892],[36.759,6.909],[36.763,6.924],[36.764,6.938],[36.778,6.955],[36.787,6.969],[36.793,6.986],[36.801,7.002],[36.811,7.012],[36.818,7.022],[36.818,7.036],[36.816,7.054],[36.82,7.076],[36.832,7.091],[36.841,7.107],[36.853,7.141],[36.855,7.158],[36.853,7.169],[36.856,7.183],[36.858,7.195],[36.863,7.205],[36.868,7.22],[36.899,7.222],[36.933,7.221],[36.965,7.226],[36.967,7.243],[36.956,7.262],[36.88,7.331],[36.842,7.327],[36.792,7.253],[36.785,7.256]]]}},{"type":"Feature","properties":{"name":"Cheta"},"geometry":{"type":"Polygon","coordinates":[[[36.373,6.736],[36.385,6.745],[36.394,6.754],[36.406,6.771],[36.413,6.785],[36.451,6.782],[36.478,6.806],[36.472,6.868],[36.45,6.917],[36.459,6.943],[36.476,6.973],[36.482,6.98],[36.447,6.989],[36.447,7.027],[36.414,7.022],[36.382,7.035],[36.357,7.059],[36.325,7.037],[36.312,7.066],[36.277,7.045],[36.243,7.035],[36.253,7.0],[36.253,6.988],[36.246,6.957],[36.243,6.93],[36.26,6.903],[36.269,6.883],[36.293,6.805],[36.3,6.796],[36.322,6.775],[36.33,6.755],[36.336,6.749],[36.361,6.742],[36.373,6.736]]]}},{"type":"Feature","properties":{"name":"Loma Bosa"},"geometry":{"type":"Polygon","coordinates":[[[37.416,6.945],[37.383,6.955],[37.34,6.979],[37.293,6.992],[37.261,7.019],[37.26,7.088],[37.251,7.107],[37.25,7.1],[37.252,7.066],[37.245,7.052],[37.234,7.043],[37.22,7.028],[37.192,6.989],[37.186,6.984],[37.151,6.936],[37.121,6.91],[37.106,6.901],[37.112,6.892],[37.11,6.881],[37.099,6.867],[37.07,6.838],[37.061,6.831],[37.035,6.817],[36.994,6.789],[36.968,6.777],[36.952,6.767],[36.943,6.756],[36.93,6.727],[36.926,6.702],[36.936,6.702],[36.965,6.681],[36.981,6.666],[36.987,6.638],[36.986,6.609],[36.989,6.598],[36.996,6.591],[37.005,6.591],[37.079,6.632],[37.117,6.648],[37.13,6.659],[37.146,6.667],[37.164,6.664],[37.192,6.651],[37.197,6.645],[37.203,6.651],[37.223,6.662],[37.235,6.671],[37.225,6.694],[37.226,6.703],[37.236,6.724],[37.239,6.746],[37.243,6.754],[37.264,6.783],[37.272,6.807],[37.282,6.826],[37.285,6.836],[37.285,6.845],[37.295,6.852],[37.321,6.864],[37.376,6.862],[37.389,6.863],[37.396,6.866],[37.404,6.87],[37.418,6.881],[37.426,6.895],[37.426,6.915],[37.418,6.936],[37.416,6.945]]]}},{"type":"Feature","properties":{"name":"Boreda"},"geometry":{"type":"Polygon","coordinates":[[[37.804,6.561],[37.794,6.563],[37.775,6.564],[37.764,6.566],[37.734,6.592],[37.72,6.613],[37.709,6.622],[37.694,6.621],[37.679,6.616],[37.665,6.616],[37.655,6.618],[37.632,6.611],[37.622,6.61],[37.602,6.615],[37.593,6.631],[37.588,6.612],[37.57,6.579],[37.553,6.557],[37.55,6.545],[37.552,6.523],[37.564,6.489],[37.563,6.467],[37.564,6.427],[37.568,6.415],[37.575,6.404],[37.592,6.382],[37.604,6.376],[37.614,6.373],[37.649,6.432],[37.67,6.448],[37.697,6.445],[37.717,6.478],[37.733,6.488],[37.762,6.49],[37.762,6.522],[37.781,6.532],[37.801,6.55],[37.804,6.561]]]}},{"type":"Feature","properties":{"name":"Sodo"},"geometry":{"type":"Polygon","coordinates":[[[38.376,8.267],[38.382,8.253],[38.381,8.205],[38.386,8.192],[38.394,8.182],[38.412,8.185],[38.428,8.194],[38.456,8.218],[38.469,8.222],[38.479,8.213],[38.501,8.185],[38.503,8.18],[38.512,8.155],[38.513,8.139],[38.511,8.122],[38.511,8.108],[38.513,8.096],[38.519,8.087],[38.528,8.082],[38.537,8.084],[38.575,8.107],[38.585,8.109],[38.589,8.128],[38.588,8.157],[38.582,8.173],[38.569,8.195],[38.552,8.214],[38.543,8.227],[38.543,8.247],[38.55,8.264],[38.562,8.267],[38.594,8.261],[38.602,8.251],[38.604,8.224],[38.631,8.145],[38.636,8.133],[38.655,8.115],[38.667,8.097],[38.674,8.091],[38.68,8.097],[38.685,8.124],[38.679,8.172],[38.683,8.192],[38.694,8.204],[38.717,8.221],[38.717,8.232],[38.703,8.246],[38.663,8.272],[38.652,8.286],[38.667,8.328],[38.668,8.352],[38.662,8.377],[38.655,8.396],[38.64,8.413],[38.618,8.432],[38.605,8.433],[38.592,8.427],[38.585,8.434],[38.577,8.446],[38.549,8.454],[38.528,8.459],[38.502,8.445],[38.479,8.448],[38.469,8.436],[38.462,8.401],[38.453,8.386],[38.449,8.366],[38.442,8.336],[38.433,8.313],[38.431,8.3],[38.422,8.29],[38.402,8.281],[38.383,8.275],[38.376,8.267]]]}},{"type":"Feature","properties":{"name":"Abeshege"},"geometry":{"type":"Polygon","coordinates":[[[37.464,8.313],[37.463,8.307],[37.465,8.284],[37.473,8.267],[37.489,8.253],[37.518,8.237],[37.574,8.226],[37.622,8.21],[37.625,8.201],[37.675,8.213],[37.693,8.209],[37.73,8.208],[37.747,8.215],[37.762,8.227],[37.752,8.256],[37.731,8.293],[37.737,8.313],[37.765,8.311],[37.767,8.334],[37.766,8.348],[37.749,8.353],[37.732,8.344],[37.718,8.335],[37.705,8.338],[37.693,8.355],[37.684,8.37],[37.68,8.379],[37.667,8.385],[37.613,8.355],[37.599,8.366],[37.577,8.415],[37.559,8.427],[37.536,8.425],[37.513,8.418],[37.499,8.405],[37.472,8.352],[37.467,8.332],[37.464,8.313]]]}},{"type":"Feature","properties":{"name":"Kokir Gedbano"},"geometry":{"type":"Polygon","coordinates":[[[38.082,8.386],[38.091,8.379],[38.103,8.376],[38.117,8.369],[38.125,8.363],[38.118,8.355],[38.086,8.347],[38.069,8.341],[38.052,8.339],[38.015,8.329],[38.0,8.322],[37.983,8.305],[37.988,8.301],[38.04,8.271],[38.1,8.249],[38.116,8.241],[38.126,8.232],[38.136,8.219],[38.149,8.206],[38.166,8.203],[38.183,8.206],[38.207,8.207],[38.253,8.201],[38.283,8.187],[38.298,8.185],[38.304,8.195],[38.317,8.207],[38.328,8.22],[38.332,8.235],[38.334,8.26],[38.323,8.273],[38.308,8.301],[38.309,8.331],[38.313,8.354],[38.312,8.371],[38.302,8.377],[38.29,8.382],[38.283,8.401],[38.267,8.408],[38.239,8.41],[38.218,8.41],[38.181,8.394],[38.165,8.409],[38.14,8.411],[38.123,8.408],[38.111,8.391],[38.104,8.39],[38.087,8.391],[38.082,8.386]]]}},{"type":"Feature","properties":{"name":"Meskan"},"geometry":{"type":"Polygon","coordinates":[[[38.334,8.26],[38.332,8.235],[38.328,8.22],[38.317,8.207],[38.304,8.195],[38.298,8.185],[38.286,8.156],[38.272,8.128],[38.266,8.1],[38.26,8.095],[38.26,8.071],[38.264,8.061],[38.265,8.046],[38.265,8.032],[38.263,8.021],[38.276,8.017],[38.304,8.022],[38.355,8.046],[38.368,8.048],[38.38,8.049],[38.391,8.041],[38.401,8.019],[38.404,8.009],[38.403,7.996],[38.425,7.99],[38.431,8.009],[38.437,8.014],[38.436,8.031],[38.455,8.032],[38.461,8.03],[38.462,8.025],[38.469,8.026],[38.472,8.032],[38.477,8.036],[38.486,8.037],[38.479,8.043],[38.477,8.049],[38.49,8.042],[38.502,8.034],[38.506,8.028],[38.506,8.02],[38.512,8.015],[38.519,8.006],[38.523,8.01],[38.524,8.016],[38.523,8.039],[38.515,8.044],[38.505,8.045],[38.497,8.058],[38.475,8.068],[38.48,8.076],[38.492,8.088],[38.5,8.082],[38.501,8.075],[38.507,8.074],[38.514,8.076],[38.522,8.075],[38.533,8.066],[38.542,8.064],[38.559,8.066],[38.561,8.073],[38.568,8.083],[38.569,8.091],[38.575,8.107],[38.537,8.084],[38.528,8.082],[38.519,8.087],[38.513,8.096],[38.511,8.108],[38.511,8.122],[38.513,8.139],[38.512,8.155],[38.503,8.18],[38.501,8.185],[38.479,8.213],[38.469,8.222],[38.456,8.218],[38.428,8.194],[38.412,8.185],[38.394,8.182],[38.386,8.192],[38.381,8.205],[38.382,8.253],[38.376,8.267],[38.348,8.255],[38.334,8.26]]]}},{"type":"Feature","properties":{"name":"Cheha"},"geometry":{"type":"Polygon","coordinates":[[[37.593,8.094],[37.601,8.089],[37.631,8.099],[37.646,8.097],[37.683,8.109],[37.698,8.105],[37.71,8.099],[37.742,8.107],[37.756,8.11],[37.775,8.121],[37.787,8.125],[37.801,8.123],[37.813,8.114],[37.82,8.103],[37.834,8.088],[37.851,8.084],[37.866,8.076],[37.876,8.066],[37.88,8.059],[37.9,8.036],[37.918,8.005],[37.929,8.0],[37.951,7.995],[37.963,7.994],[37.972,7.995],[37.987,8.0],[38.01,8.011],[38.039,8.016],[38.054,8.022],[38.06,8.023],[38.047,8.045],[38.04,8.052],[38.031,8.059],[37.987,8.078],[37.955,8.115],[37.935,8.134],[37.889,8.164],[37.871,8.181],[37.858,8.197],[37.84,8.23],[37.829,8.24],[37.825,8.25],[37.794,8.241],[37.782,8.24],[37.774,8.236],[37.762,8.227],[37.747,8.215],[37.73,8.208],[37.693,8.209],[37.675,8.213],[37.625,8.201],[37.618,8.178],[37.607,8.152],[37.596,8.113],[37.593,8.094]]]}},{"type":"Feature","properties":{"name":"South Ari (Bako Gazer)"},"geometry":{"type":"Polygon","coordinates":[[[36.53,6.175],[36.522,6.175],[36.505,6.179],[36.494,6.184],[36.482,6.183],[36.461,6.17],[36.45,6.162],[36.438,6.156],[36.42,6.146],[36.411,6.143],[36.404,6.143],[36.396,6.137],[36.389,6.121],[36.387,6.097],[36.365,6.068],[36.336,6.048],[36.311,6.05],[36.305,6.032],[36.362,6.01],[36.417,5.976],[36.427,5.896],[36.405,5.859],[36.37,5.869],[36.338,5.906],[36.311,5.856],[36.27,5.843],[36.266,5.813],[36.268,5.802],[36.27,5.79],[36.283,5.761],[36.272,5.73],[36.264,5.696],[36.258,5.684],[36.252,5.675],[36.247,5.655],[36.235,5.597],[36.233,5.585],[36.237,5.58],[36.257,5.601],[36.272,5.615],[36.28,5.62],[36.282,5.629],[36.28,5.639],[36.281,5.647],[36.287,5.657],[36.294,5.671],[36.302,5.682],[36.315,5.69],[36.336,5.692],[36.37,5.684],[36.391,5.673],[36.421,5.654],[36.445,5.645],[36.454,5.636],[36.462,5.626],[36.469,5.622],[36.477,5.626],[36.489,5.638],[36.505,5.66],[36.537,5.684],[36.548,5.687],[36.561,5.688],[36.577,5.685],[36.588,5.68],[36.605,5.667],[36.611,5.659],[36.619,5.656],[36.626,5.657],[36.64,5.681],[36.652,5.689],[36.684,5.697],[36.688,5.735],[36.7,5.795],[36.698,5.833],[36.672,5.865],[36.672,5.891],[36.711,5.919],[36.732,5.925],[36.728,5.939],[36.726,5.955],[36.726,5.967],[36.724,5.976],[36.719,5.987],[36.718,6.034],[36.715,6.063],[36.712,6.072],[36.691,6.086],[36.655,6.088],[36.607,6.104],[36.573,6.111],[36.556,6.134],[36.549,6.16],[36.53,6.175]]]}},{"type":"Feature","properties":{"name":"Enemorina Eaner"},"geometry":{"type":"Polygon","coordinates":[[[37.604,7.966],[37.608,7.958],[37.607,7.94],[37.604,7.916],[37.639,7.91],[37.665,7.902],[37.707,7.879],[37.724,7.877],[37.738,7.872],[37.724,7.845],[37.741,7.838],[37.768,7.835],[37.769,7.861],[37.763,7.883],[37.816,7.867],[37.868,7.854],[37.903,7.847],[37.91,7.894],[37.912,7.925],[37.893,7.95],[37.893,7.984],[37.897,7.99],[37.903,7.997],[37.918,8.005],[37.9,8.036],[37.88,8.059],[37.876,8.066],[37.866,8.076],[37.851,8.084],[37.834,8.088],[37.82,8.103],[37.813,8.114],[37.801,8.123],[37.787,8.125],[37.775,8.121],[37.756,8.11],[37.742,8.107],[37.71,8.099],[37.698,8.105],[37.683,8.109],[37.646,8.097],[37.631,8.099],[37.601,8.089],[37.593,8.094],[37.593,8.075],[37.602,8.012],[37.602,7.975],[37.604,7.966]]]}},{"type":"Feature","properties":{"name":"Alicho Woriro"},"geometry":{"type":"Polygon","coordinates":[[[38.26,8.095],[38.255,8.101],[38.249,8.098],[38.234,8.095],[38.225,8.088],[38.21,8.071],[38.204,8.067],[38.19,8.06],[38.168,8.054],[38.134,7.994],[38.124,7.954],[38.072,7.919],[38.067,7.895],[38.079,7.896],[38.097,7.884],[38.087,7.858],[38.1,7.849],[38.12,7.853],[38.132,7.851],[38.135,7.865],[38.173,7.922],[38.205,7.966],[38.22,7.982],[38.244,8.004],[38.259,8.016],[38.263,8.021],[38.265,8.032],[38.265,8.046],[38.264,8.061],[38.26,8.071],[38.26,8.095]]]}},{"type":"Feature","properties":{"name":"Selti"},"geometry":{"type":"Polygon","coordinates":[[[38.529,7.86],[38.52,7.867],[38.499,7.894],[38.489,7.903],[38.473,7.916],[38.462,7.927],[38.438,7.941],[38.432,7.948],[38.441,7.972],[38.44,7.98],[38.433,7.986],[38.425,7.99],[38.403,7.996],[38.404,8.009],[38.401,8.019],[38.391,8.041],[38.38,8.049],[38.368,8.048],[38.355,8.046],[38.304,8.022],[38.276,8.017],[38.263,8.021],[38.259,8.016],[38.244,8.004],[38.22,7.982],[38.205,7.966],[38.173,7.922],[38.197,7.909],[38.209,7.876],[38.201,7.858],[38.19,7.822],[38.199,7.825],[38.213,7.832],[38.26,7.862],[38.279,7.872],[38.297,7.877],[38.311,7.878],[38.325,7.875],[38.331,7.87],[38.337,7.872],[38.35,7.881],[38.367,7.897],[38.386,7.902],[38.401,7.899],[38.428,7.888],[38.445,7.884],[38.476,7.883],[38.484,7.878],[38.507,7.851],[38.514,7.85],[38.529,7.86]]]}},{"type":"Feature","properties":{"name":"Yem SP Woreda"},"geometry":{"type":"Polygon","coordinates":[[[37.4,7.955],[37.417,7.945],[37.43,7.932],[37.438,7.92],[37.435,7.899],[37.413,7.855],[37.406,7.828],[37.401,7.742],[37.402,7.711],[37.402,7.684],[37.408,7.659],[37.421,7.635],[37.436,7.585],[37.446,7.565],[37.451,7.568],[37.482,7.593],[37.499,7.61],[37.516,7.633],[37.523,7.647],[37.53,7.655],[37.544,7.685],[37.548,7.702],[37.549,7.727],[37.556,7.749],[37.562,7.762],[37.583,7.843],[37.59,7.852],[37.595,7.869],[37.601,7.909],[37.604,7.916],[37.607,7.94],[37.608,7.958],[37.604,7.966],[37.574,7.953],[37.558,7.949],[37.55,7.95],[37.54,7.955],[37.534,7.961],[37.523,7.978],[37.519,7.993],[37.515,8.001],[37.502,8.013],[37.492,8.018],[37.478,8.015],[37.46,8.009],[37.425,8.004],[37.41,7.999],[37.405,7.995],[37.393,7.994],[37.391,7.986],[37.389,7.976],[37.391,7.963],[37.4,7.955]]]}},{"type":"Feature","properties":{"name":"Gibe"},"geometry":{"type":"Polygon","coordinates":[[[37.544,7.685],[37.565,7.685],[37.595,7.665],[37.619,7.642],[37.65,7.645],[37.673,7.629],[37.742,7.607],[37.763,7.67],[37.764,7.69],[37.743,7.722],[37.732,7.76],[37.735,7.818],[37.72,7.838],[37.693,7.82],[37.658,7.828],[37.616,7.835],[37.593,7.848],[37.59,7.852],[37.583,7.843],[37.562,7.762],[37.556,7.749],[37.549,7.727],[37.548,7.702],[37.544,7.685]]]}},{"type":"Feature","properties":{"name":"Lanfero"},"geometry":{"type":"Polygon","coordinates":[[[38.514,7.85],[38.507,7.851],[38.484,7.878],[38.476,7.883],[38.445,7.884],[38.428,7.888],[38.401,7.899],[38.386,7.902],[38.367,7.897],[38.35,7.881],[38.337,7.872],[38.331,7.87],[38.326,7.851],[38.327,7.841],[38.334,7.83],[38.377,7.81],[38.381,7.798],[38.373,7.783],[38.364,7.772],[38.345,7.756],[38.326,7.729],[38.318,7.723],[38.312,7.712],[38.306,7.696],[38.284,7.665],[38.275,7.657],[38.265,7.644],[38.244,7.632],[38.234,7.617],[38.243,7.604],[38.247,7.593],[38.254,7.58],[38.263,7.575],[38.278,7.579],[38.306,7.591],[38.316,7.596],[38.335,7.609],[38.346,7.611],[38.367,7.602],[38.396,7.601],[38.402,7.596],[38.409,7.606],[38.421,7.626],[38.419,7.644],[38.412,7.663],[38.413,7.683],[38.427,7.698],[38.439,7.72],[38.443,7.74],[38.446,7.761],[38.493,7.797],[38.501,7.812],[38.504,7.832],[38.514,7.85]]]}},{"type":"Feature","properties":{"name":"Gesha (Deka)"},"geometry":{"type":"Polygon","coordinates":[[[35.607,7.811],[35.613,7.784],[35.613,7.759],[35.615,7.746],[35.613,7.728],[35.609,7.716],[35.59,7.708],[35.59,7.695],[35.613,7.672],[35.604,7.66],[35.591,7.652],[35.58,7.645],[35.575,7.634],[35.574,7.624],[35.576,7.594],[35.58,7.579],[35.583,7.558],[35.588,7.512],[35.576,7.503],[35.538,7.492],[35.53,7.488],[35.565,7.478],[35.596,7.486],[35.634,7.515],[35.675,7.515],[35.714,7.503],[35.744,7.536],[35.769,7.541],[35.785,7.536],[35.829,7.548],[35.8,7.577],[35.821,7.618],[35.865,7.636],[35.874,7.672],[35.877,7.696],[35.874,7.706],[35.851,7.692],[35.774,7.703],[35.697,7.743],[35.637,7.79],[35.629,7.822],[35.607,7.811]]]}},{"type":"Feature","properties":{"name":"Wilbareg"},"geometry":{"type":"Polygon","coordinates":[[[38.087,7.858],[38.084,7.839],[38.073,7.822],[38.065,7.818],[38.053,7.807],[38.048,7.797],[38.046,7.787],[38.046,7.765],[38.039,7.748],[38.037,7.734],[38.031,7.726],[38.036,7.706],[38.034,7.7],[38.046,7.672],[38.045,7.643],[38.059,7.623],[38.087,7.613],[38.122,7.612],[38.135,7.618],[38.144,7.619],[38.189,7.621],[38.202,7.619],[38.212,7.619],[38.215,7.641],[38.206,7.665],[38.215,7.706],[38.194,7.73],[38.194,7.773],[38.182,7.804],[38.19,7.822],[38.201,7.858],[38.209,7.876],[38.197,7.909],[38.173,7.922],[38.135,7.865],[38.132,7.851],[38.12,7.853],[38.1,7.849],[38.087,7.858]]]}},{"type":"Feature","properties":{"name":"Soro"},"geometry":{"type":"Polygon","coordinates":[[[37.332,7.345],[37.337,7.342],[37.345,7.334],[37.361,7.312],[37.37,7.316],[37.402,7.323],[37.434,7.327],[37.463,7.318],[37.503,7.324],[37.524,7.324],[37.548,7.322],[37.575,7.354],[37.61,7.374],[37.641,7.354],[37.653,7.391],[37.693,7.391],[37.721,7.381],[37.758,7.4],[37.77,7.429],[37.776,7.456],[37.731,7.471],[37.729,7.507],[37.661,7.502],[37.548,7.499],[37.492,7.558],[37.451,7.568],[37.446,7.565],[37.439,7.547],[37.408,7.493],[37.391,7.404],[37.381,7.381],[37.357,7.362],[37.332,7.351],[37.332,7.345]]]}},{"type":"Feature","properties":{"name":"Masha"},"geometry":{"type":"Polygon","coordinates":[[[35.429,7.882],[35.419,7.865],[35.41,7.845],[35.401,7.831],[35.39,7.828],[35.373,7.834],[35.359,7.844],[35.351,7.836],[35.343,7.823],[35.342,7.778],[35.326,7.766],[35.312,7.762],[35.294,7.753],[35.291,7.748],[35.285,7.719],[35.308,7.689],[35.348,7.65],[35.374,7.632],[35.387,7.639],[35.387,7.663],[35.401,7.669],[35.419,7.668],[35.436,7.658],[35.448,7.631],[35.468,7.59],[35.505,7.561],[35.537,7.552],[35.547,7.564],[35.564,7.58],[35.576,7.594],[35.574,7.624],[35.575,7.634],[35.58,7.645],[35.591,7.652],[35.604,7.66],[35.613,7.672],[35.59,7.695],[35.59,7.708],[35.609,7.716],[35.613,7.728],[35.615,7.746],[35.613,7.759],[35.613,7.784],[35.607,7.811],[35.59,7.81],[35.571,7.814],[35.555,7.821],[35.545,7.832],[35.537,7.851],[35.531,7.881],[35.521,7.897],[35.513,7.893],[35.506,7.886],[35.498,7.881],[35.491,7.884],[35.475,7.875],[35.46,7.874],[35.434,7.884],[35.429,7.882]]]}},{"type":"Feature","properties":{"name":"Gimbo"},"geometry":{"type":"Polygon","coordinates":[[[36.217,7.492],[36.199,7.462],[36.148,7.462],[36.118,7.441],[36.098,7.403],[36.066,7.398],[36.064,7.349],[36.02,7.351],[36.017,7.347],[36.011,7.342],[36.004,7.335],[36.01,7.325],[36.016,7.319],[36.046,7.294],[36.053,7.284],[36.057,7.275],[36.056,7.266],[36.06,7.26],[36.081,7.256],[36.094,7.258],[36.109,7.264],[36.119,7.262],[36.127,7.257],[36.136,7.258],[36.146,7.257],[36.151,7.251],[36.151,7.245],[36.158,7.24],[36.166,7.237],[36.177,7.237],[36.189,7.241],[36.198,7.249],[36.202,7.257],[36.208,7.265],[36.22,7.261],[36.237,7.249],[36.251,7.237],[36.271,7.231],[36.275,7.227],[36.3,7.233],[36.317,7.244],[36.323,7.249],[36.323,7.254],[36.305,7.275],[36.304,7.28],[36.312,7.295],[36.309,7.304],[36.313,7.314],[36.324,7.323],[36.359,7.334],[36.379,7.338],[36.388,7.343],[36.398,7.352],[36.418,7.376],[36.434,7.383],[36.445,7.387],[36.461,7.389],[36.468,7.394],[36.471,7.406],[36.471,7.417],[36.454,7.419],[36.407,7.41],[36.375,7.417],[36.349,7.447],[36.303,7.451],[36.28,7.464],[36.242,7.478],[36.225,7.486],[36.217,7.492]]]}},{"type":"Feature","properties":{"name":"Alaba SP Woreda"},"geometry":{"type":"Polygon","coordinates":[[[38.402,7.596],[38.396,7.601],[38.367,7.602],[38.346,7.611],[38.335,7.609],[38.316,7.596],[38.306,7.591],[38.278,7.579],[38.263,7.575],[38.254,7.58],[38.247,7.593],[38.238,7.558],[38.217,7.518],[38.217,7.473],[38.196,7.472],[38.189,7.443],[38.163,7.439],[38.144,7.406],[38.118,7.41],[38.118,7.437],[38.107,7.451],[38.054,7.425],[38.049,7.417],[38.03,7.419],[38.058,7.39],[38.059,7.383],[38.04,7.379],[38.031,7.364],[38.024,7.36],[38.018,7.346],[38.006,7.335],[37.986,7.303],[38.0,7.293],[38.053,7.297],[38.074,7.28],[38.081,7.27],[38.084,7.262],[38.087,7.248],[38.095,7.231],[38.101,7.208],[38.105,7.212],[38.145,7.233],[38.182,7.259],[38.199,7.263],[38.207,7.267],[38.221,7.277],[38.234,7.289],[38.266,7.308],[38.276,7.32],[38.282,7.34],[38.278,7.362],[38.28,7.382],[38.293,7.393],[38.31,7.403],[38.32,7.415],[38.326,7.435],[38.329,7.458],[38.328,7.463],[38.342,7.48],[38.393,7.503],[38.408,7.505],[38.415,7.505],[38.428,7.516],[38.43,7.535],[38.426,7.555],[38.42,7.571],[38.402,7.58],[38.402,7.596]]]}},{"type":"Feature","properties":{"name":"Anigacha"},"geometry":{"type":"Polygon","coordinates":[[[37.855,7.256],[37.865,7.263],[37.873,7.274],[37.874,7.297],[37.88,7.354],[37.918,7.387],[37.925,7.408],[37.926,7.415],[37.919,7.423],[37.907,7.442],[37.894,7.454],[37.887,7.457],[37.859,7.434],[37.824,7.394],[37.819,7.354],[37.809,7.314],[37.793,7.282],[37.82,7.276],[37.826,7.272],[37.835,7.258],[37.844,7.255],[37.855,7.256]]]}},{"type":"Feature","properties":{"name":"Chena"},"geometry":{"type":"Polygon","coordinates":[[[36.056,7.266],[36.057,7.275],[36.053,7.284],[36.046,7.294],[36.016,7.319],[36.01,7.325],[36.004,7.335],[36.011,7.342],[36.017,7.347],[36.02,7.351],[36.024,7.357],[36.024,7.369],[36.018,7.381],[36.019,7.391],[36.011,7.405],[35.998,7.421],[35.994,7.428],[35.982,7.437],[35.963,7.444],[35.931,7.447],[35.882,7.446],[35.837,7.48],[35.814,7.506],[35.805,7.511],[35.798,7.489],[35.795,7.471],[35.799,7.456],[35.818,7.422],[35.825,7.397],[35.849,7.376],[35.84,7.326],[35.836,7.28],[35.787,7.22],[35.738,7.22],[35.708,7.21],[35.671,7.208],[35.697,7.154],[35.713,7.115],[35.719,7.103],[35.716,7.091],[35.709,7.083],[35.709,7.074],[35.723,7.068],[35.729,7.06],[35.722,7.046],[35.698,7.022],[35.691,7.009],[35.69,6.989],[35.715,7.003],[35.751,7.027],[35.778,7.016],[35.79,7.043],[35.816,7.076],[35.839,7.067],[35.823,7.035],[35.843,6.998],[35.848,7.013],[35.857,7.023],[35.868,7.027],[35.88,7.035],[35.867,7.068],[35.866,7.085],[35.87,7.096],[35.877,7.101],[35.914,7.115],[35.922,7.12],[35.921,7.131],[35.93,7.144],[35.961,7.17],[35.982,7.199],[35.989,7.207],[35.999,7.209],[36.009,7.218],[36.021,7.233],[36.037,7.248],[36.045,7.26],[36.052,7.267],[36.056,7.266]]]}},{"type":"Feature","properties":{"name":"Boloso sore"},"geometry":{"type":"Polygon","coordinates":[[[37.686,7.154],[37.666,7.16],[37.645,7.165],[37.632,7.165],[37.633,7.148],[37.637,7.141],[37.644,7.122],[37.649,7.116],[37.654,7.103],[37.657,7.098],[37.641,7.095],[37.643,7.088],[37.641,7.083],[37.636,7.08],[37.623,7.058],[37.624,7.051],[37.62,7.044],[37.626,7.033],[37.626,7.023],[37.623,7.015],[37.628,7.004],[37.628,6.999],[37.636,6.996],[37.644,6.996],[37.665,7.004],[37.67,7.007],[37.675,7.005],[37.681,7.004],[37.688,7.009],[37.694,7.005],[37.708,7.002],[37.709,7.01],[37.713,7.014],[37.717,7.01],[37.718,7.004],[37.719,6.998],[37.718,6.991],[37.722,6.978],[37.729,6.985],[37.74,6.988],[37.748,6.987],[37.774,6.988],[37.785,6.994],[37.793,7.005],[37.795,7.012],[37.799,7.057],[37.802,7.064],[37.814,7.066],[37.824,7.071],[37.839,7.08],[37.844,7.085],[37.844,7.093],[37.84,7.106],[37.819,7.094],[37.794,7.099],[37.773,7.105],[37.755,7.111],[37.714,7.138],[37.708,7.144],[37.699,7.149],[37.686,7.154]]]}},{"type":"Feature","properties":{"name":"Mareka"},"geometry":{"type":"Polygon","coordinates":[[[37.251,7.107],[37.224,7.128],[37.193,7.159],[37.155,7.19],[37.134,7.214],[37.111,7.226],[37.116,7.214],[37.138,7.193],[37.138,7.184],[37.136,7.173],[37.126,7.144],[37.121,7.117],[37.111,7.083],[37.105,7.071],[37.094,7.06],[37.082,7.052],[37.053,7.038],[37.034,7.021],[37.025,7.009],[37.023,6.992],[37.021,6.981],[37.022,6.962],[37.029,6.948],[37.039,6.937],[37.065,6.931],[37.079,6.925],[37.106,6.901],[37.121,6.91],[37.151,6.936],[37.186,6.984],[37.192,6.989],[37.22,7.028],[37.234,7.043],[37.245,7.052],[37.252,7.066],[37.25,7.1],[37.251,7.107]]]}},{"type":"Feature","properties":{"name":"Wondo-Genet"},"geometry":{"type":"Polygon","coordinates":[[[38.547,7.092],[38.549,7.071],[38.548,7.059],[38.551,7.044],[38.551,7.035],[38.543,7.031],[38.535,7.031],[38.533,7.018],[38.535,7.011],[38.544,7.005],[38.547,6.997],[38.544,6.991],[38.533,6.981],[38.531,6.973],[38.522,6.964],[38.517,6.952],[38.521,6.95],[38.526,6.956],[38.533,6.962],[38.547,6.954],[38.555,6.959],[38.563,6.959],[38.564,6.951],[38.568,6.945],[38.573,6.949],[38.576,6.963],[38.576,6.968],[38.591,6.983],[38.598,6.982],[38.602,6.978],[38.611,6.978],[38.623,6.968],[38.638,6.968],[38.648,6.965],[38.664,6.965],[38.672,6.966],[38.67,6.984],[38.679,6.992],[38.681,7.0],[38.678,7.007],[38.675,7.018],[38.679,7.03],[38.685,7.035],[38.682,7.05],[38.669,7.061],[38.654,7.063],[38.638,7.067],[38.647,7.097],[38.631,7.112],[38.612,7.125],[38.584,7.128],[38.567,7.114],[38.547,7.092]]]}},{"type":"Feature","properties":{"name":"Damot Gale"},"geometry":{"type":"Polygon","coordinates":[[[37.748,6.987],[37.746,6.979],[37.751,6.966],[37.773,6.928],[37.781,6.919],[37.829,6.887],[37.844,6.883],[37.85,6.895],[37.86,6.906],[37.871,6.915],[37.909,6.936],[37.936,6.949],[37.961,6.967],[37.97,6.982],[37.975,7.019],[37.989,7.039],[37.998,7.063],[37.992,7.065],[37.983,7.089],[37.978,7.097],[37.967,7.104],[37.96,7.11],[37.945,7.11],[37.931,7.099],[37.932,7.074],[37.931,7.067],[37.926,7.061],[37.923,7.052],[37.915,7.042],[37.911,7.035],[37.906,7.031],[37.904,7.026],[37.895,7.019],[37.889,7.017],[37.886,7.007],[37.877,6.991],[37.866,6.982],[37.857,6.981],[37.847,6.974],[37.84,6.972],[37.834,6.975],[37.828,6.974],[37.819,6.98],[37.811,6.978],[37.806,6.984],[37.809,6.998],[37.801,6.997],[37.791,6.989],[37.785,6.994],[37.774,6.988],[37.748,6.987]]]}},{"type":"Feature","properties":{"name":"Esira"},"geometry":{"type":"Polygon","coordinates":[[[36.685,6.702],[36.701,6.707],[36.755,6.712],[36.778,6.704],[36.822,6.678],[36.834,6.673],[36.847,6.671],[36.857,6.672],[36.869,6.675],[36.915,6.698],[36.926,6.702],[36.93,6.727],[36.943,6.756],[36.952,6.767],[36.968,6.777],[36.994,6.789],[37.035,6.817],[37.061,6.831],[37.07,6.838],[37.099,6.867],[37.11,6.881],[37.112,6.892],[37.106,6.901],[37.079,6.925],[37.065,6.931],[37.039,6.937],[37.029,6.948],[37.022,6.962],[37.021,6.981],[37.023,6.992],[37.011,7.002],[36.976,7.024],[36.948,6.995],[36.919,6.97],[36.834,6.973],[36.787,6.969],[36.778,6.955],[36.764,6.938],[36.763,6.924],[36.759,6.909],[36.751,6.892],[36.742,6.878],[36.719,6.849],[36.711,6.835],[36.705,6.806],[36.689,6.772],[36.684,6.756],[36.68,6.721],[36.683,6.708],[36.685,6.702]]]}},{"type":"Feature","properties":{"name":"Sodo Zuria"},"geometry":{"type":"Polygon","coordinates":[[[37.722,6.978],[37.723,6.969],[37.727,6.96],[37.733,6.954],[37.735,6.947],[37.727,6.939],[37.72,6.916],[37.71,6.896],[37.704,6.896],[37.693,6.904],[37.685,6.904],[37.681,6.901],[37.679,6.892],[37.673,6.887],[37.667,6.886],[37.659,6.889],[37.642,6.874],[37.652,6.86],[37.644,6.854],[37.636,6.856],[37.627,6.862],[37.62,6.85],[37.609,6.822],[37.614,6.814],[37.614,6.788],[37.621,6.75],[37.624,6.743],[37.632,6.734],[37.646,6.724],[37.678,6.715],[37.688,6.723],[37.711,6.734],[37.731,6.75],[37.743,6.754],[37.763,6.754],[37.775,6.758],[37.79,6.767],[37.8,6.771],[37.83,6.764],[37.848,6.774],[37.868,6.789],[37.878,6.787],[37.873,6.799],[37.863,6.82],[37.841,6.85],[37.84,6.868],[37.844,6.883],[37.829,6.887],[37.781,6.919],[37.773,6.928],[37.751,6.966],[37.746,6.979],[37.748,6.987],[37.74,6.988],[37.729,6.985],[37.722,6.978]]]}},{"type":"Feature","properties":{"name":"Loka Abaya"},"geometry":{"type":"Polygon","coordinates":[[[38.216,6.465],[38.215,6.48],[38.224,6.501],[38.225,6.524],[38.22,6.531],[38.217,6.54],[38.217,6.547],[38.22,6.553],[38.227,6.561],[38.229,6.572],[38.239,6.59],[38.241,6.598],[38.239,6.605],[38.243,6.611],[38.258,6.618],[38.269,6.631],[38.271,6.645],[38.277,6.656],[38.293,6.662],[38.312,6.658],[38.324,6.664],[38.334,6.665],[38.337,6.672],[38.33,6.682],[38.325,6.692],[38.316,6.695],[38.309,6.708],[38.314,6.718],[38.32,6.727],[38.328,6.735],[38.333,6.738],[38.339,6.738],[38.348,6.752],[38.348,6.76],[38.344,6.765],[38.336,6.765],[38.332,6.769],[38.318,6.768],[38.312,6.766],[38.304,6.773],[38.305,6.779],[38.311,6.788],[38.315,6.799],[38.301,6.806],[38.301,6.812],[38.291,6.813],[38.279,6.818],[38.272,6.819],[38.261,6.812],[38.246,6.806],[38.226,6.8],[38.221,6.795],[38.215,6.792],[38.209,6.792],[38.204,6.789],[38.198,6.786],[38.195,6.781],[38.186,6.766],[38.18,6.761],[38.169,6.76],[38.16,6.762],[38.157,6.772],[38.144,6.789],[38.139,6.791],[38.127,6.791],[38.12,6.786],[38.099,6.782],[38.087,6.777],[38.077,6.791],[38.063,6.737],[38.053,6.713],[38.052,6.701],[38.048,6.692],[38.032,6.678],[38.033,6.672],[38.029,6.667],[38.022,6.663],[38.016,6.663],[38.011,6.661],[38.006,6.655],[37.997,6.653],[37.984,6.634],[37.974,6.628],[37.97,6.623],[37.963,6.61],[37.949,6.6],[37.942,6.6],[37.938,6.605],[37.932,6.607],[37.924,6.621],[37.918,6.623],[37.912,6.621],[37.906,6.609],[37.909,6.602],[37.913,6.598],[37.913,6.592],[37.919,6.576],[37.934,6.558],[37.953,6.551],[37.97,6.55],[37.984,6.558],[37.998,6.577],[38.017,6.577],[38.034,6.563],[38.052,6.536],[38.092,6.527],[38.102,6.514],[38.115,6.501],[38.14,6.507],[38.151,6.498],[38.144,6.459],[38.156,6.441],[38.171,6.451],[38.216,6.465]]]}},{"type":"Feature","properties":{"name":"Arbe Gonna"},"geometry":{"type":"Polygon","coordinates":[[[38.637,6.787],[38.63,6.783],[38.619,6.772],[38.612,6.784],[38.604,6.775],[38.606,6.766],[38.613,6.76],[38.619,6.75],[38.618,6.741],[38.604,6.743],[38.604,6.735],[38.595,6.736],[38.592,6.729],[38.595,6.724],[38.602,6.718],[38.614,6.693],[38.613,6.683],[38.619,6.675],[38.616,6.658],[38.626,6.636],[38.634,6.634],[38.639,6.626],[38.647,6.627],[38.649,6.634],[38.648,6.64],[38.662,6.641],[38.679,6.637],[38.692,6.627],[38.7,6.613],[38.705,6.61],[38.709,6.604],[38.715,6.6],[38.716,6.607],[38.727,6.603],[38.741,6.602],[38.746,6.606],[38.747,6.611],[38.763,6.631],[38.769,6.627],[38.773,6.621],[38.778,6.616],[38.788,6.619],[38.795,6.631],[38.803,6.637],[38.81,6.637],[38.816,6.641],[38.826,6.657],[38.83,6.666],[38.839,6.676],[38.834,6.693],[38.819,6.705],[38.811,6.703],[38.78,6.701],[38.755,6.698],[38.743,6.702],[38.728,6.713],[38.722,6.731],[38.706,6.743],[38.689,6.746],[38.679,6.75],[38.673,6.764],[38.659,6.771],[38.644,6.77],[38.637,6.773],[38.637,6.787]]]}},{"type":"Feature","properties":{"name":"Ofa"},"geometry":{"type":"Polygon","coordinates":[[[37.609,6.822],[37.604,6.819],[37.589,6.816],[37.581,6.812],[37.562,6.795],[37.519,6.799],[37.492,6.807],[37.483,6.801],[37.479,6.789],[37.454,6.765],[37.452,6.757],[37.454,6.748],[37.449,6.739],[37.443,6.731],[37.439,6.724],[37.427,6.716],[37.428,6.709],[37.434,6.706],[37.432,6.698],[37.421,6.691],[37.407,6.673],[37.435,6.664],[37.45,6.668],[37.466,6.665],[37.481,6.657],[37.502,6.644],[37.519,6.626],[37.526,6.616],[37.537,6.613],[37.547,6.619],[37.569,6.637],[37.577,6.636],[37.586,6.632],[37.593,6.631],[37.607,6.65],[37.639,6.674],[37.678,6.715],[37.646,6.724],[37.632,6.734],[37.624,6.743],[37.621,6.75],[37.614,6.788],[37.614,6.814],[37.609,6.822]]]}},{"type":"Feature","properties":{"name":"Hulla"},"geometry":{"type":"Polygon","coordinates":[[[38.635,6.534],[38.629,6.54],[38.624,6.528],[38.61,6.534],[38.603,6.536],[38.597,6.536],[38.581,6.53],[38.576,6.536],[38.574,6.542],[38.576,6.549],[38.575,6.557],[38.568,6.556],[38.566,6.549],[38.561,6.552],[38.554,6.553],[38.547,6.55],[38.551,6.564],[38.554,6.581],[38.552,6.597],[38.546,6.599],[38.543,6.605],[38.537,6.608],[38.529,6.608],[38.524,6.6],[38.514,6.599],[38.509,6.596],[38.507,6.59],[38.493,6.583],[38.49,6.569],[38.49,6.563],[38.482,6.562],[38.477,6.556],[38.477,6.55],[38.475,6.545],[38.457,6.531],[38.454,6.52],[38.465,6.51],[38.47,6.508],[38.474,6.503],[38.476,6.495],[38.48,6.491],[38.485,6.492],[38.496,6.487],[38.503,6.486],[38.503,6.477],[38.5,6.463],[38.492,6.448],[38.484,6.442],[38.476,6.441],[38.464,6.444],[38.458,6.439],[38.453,6.431],[38.447,6.429],[38.446,6.418],[38.454,6.418],[38.476,6.432],[38.505,6.438],[38.538,6.438],[38.567,6.442],[38.584,6.438],[38.607,6.424],[38.628,6.418],[38.646,6.424],[38.648,6.442],[38.668,6.435],[38.677,6.435],[38.684,6.438],[38.685,6.443],[38.688,6.449],[38.695,6.456],[38.695,6.462],[38.691,6.468],[38.684,6.474],[38.681,6.48],[38.667,6.48],[38.672,6.488],[38.667,6.492],[38.651,6.494],[38.645,6.497],[38.641,6.501],[38.646,6.509],[38.645,6.516],[38.639,6.517],[38.634,6.522],[38.635,6.534]]]}},{"type":"Feature","properties":{"name":"Chuko"},"geometry":{"type":"Polygon","coordinates":[[[38.254,6.461],[38.26,6.466],[38.272,6.472],[38.277,6.478],[38.299,6.483],[38.305,6.487],[38.312,6.489],[38.322,6.485],[38.329,6.485],[38.337,6.487],[38.344,6.494],[38.35,6.496],[38.378,6.499],[38.379,6.505],[38.382,6.51],[38.397,6.515],[38.403,6.515],[38.41,6.517],[38.417,6.525],[38.41,6.533],[38.402,6.537],[38.39,6.535],[38.383,6.546],[38.379,6.558],[38.371,6.558],[38.366,6.559],[38.366,6.565],[38.362,6.571],[38.36,6.58],[38.368,6.586],[38.374,6.588],[38.369,6.599],[38.363,6.608],[38.356,6.612],[38.349,6.62],[38.354,6.624],[38.356,6.629],[38.352,6.64],[38.369,6.651],[38.366,6.659],[38.359,6.662],[38.353,6.661],[38.334,6.665],[38.324,6.664],[38.312,6.658],[38.293,6.662],[38.277,6.656],[38.271,6.645],[38.269,6.631],[38.258,6.618],[38.243,6.611],[38.239,6.605],[38.241,6.598],[38.239,6.59],[38.229,6.572],[38.227,6.561],[38.22,6.553],[38.217,6.547],[38.217,6.54],[38.22,6.531],[38.225,6.524],[38.224,6.501],[38.215,6.48],[38.216,6.465],[38.222,6.462],[38.246,6.469],[38.254,6.461]]]}},{"type":"Feature","properties":{"name":"Melekoza"},"geometry":{"type":"Polygon","coordinates":[[[36.372,6.453],[36.379,6.443],[36.385,6.398],[36.393,6.387],[36.403,6.379],[36.406,6.368],[36.407,6.352],[36.41,6.346],[36.421,6.334],[36.438,6.323],[36.439,6.297],[36.446,6.295],[36.466,6.292],[36.471,6.285],[36.477,6.283],[36.506,6.303],[36.517,6.315],[36.528,6.338],[36.53,6.353],[36.537,6.365],[36.543,6.364],[36.564,6.346],[36.575,6.343],[36.586,6.35],[36.599,6.364],[36.613,6.371],[36.627,6.363],[36.65,6.387],[36.671,6.382],[36.658,6.342],[36.674,6.334],[36.686,6.333],[36.692,6.338],[36.696,6.345],[36.721,6.371],[36.727,6.381],[36.734,6.405],[36.752,6.429],[36.764,6.436],[36.792,6.447],[36.808,6.459],[36.832,6.469],[36.872,6.489],[36.877,6.505],[36.882,6.513],[36.891,6.527],[36.897,6.535],[36.91,6.54],[36.932,6.545],[36.94,6.55],[36.95,6.559],[36.97,6.564],[36.976,6.567],[36.984,6.575],[36.996,6.591],[36.989,6.598],[36.986,6.609],[36.987,6.638],[36.981,6.666],[36.965,6.681],[36.936,6.702],[36.926,6.702],[36.915,6.698],[36.869,6.675],[36.857,6.672],[36.847,6.671],[36.834,6.673],[36.822,6.678],[36.778,6.704],[36.755,6.712],[36.701,6.707],[36.685,6.702],[36.666,6.663],[36.654,6.652],[36.642,6.644],[36.618,6.634],[36.597,6.622],[36.559,6.592],[36.527,6.555],[36.488,6.532],[36.47,6.527],[36.448,6.515],[36.437,6.508],[36.433,6.503],[36.395,6.475],[36.372,6.453]]]}},{"type":"Feature","properties":{"name":"Kucha"},"geometry":{"type":"Polygon","coordinates":[[[37.197,6.645],[37.195,6.636],[37.195,6.626],[37.193,6.616],[37.184,6.597],[37.161,6.561],[37.15,6.54],[37.132,6.511],[37.13,6.499],[37.133,6.491],[37.144,6.48],[37.162,6.469],[37.18,6.451],[37.2,6.414],[37.209,6.387],[37.212,6.382],[37.223,6.383],[37.239,6.381],[37.299,6.373],[37.314,6.369],[37.342,6.348],[37.351,6.341],[37.366,6.333],[37.385,6.328],[37.401,6.327],[37.43,6.335],[37.463,6.353],[37.471,6.361],[37.488,6.381],[37.499,6.388],[37.51,6.385],[37.525,6.375],[37.531,6.374],[37.537,6.376],[37.544,6.381],[37.55,6.388],[37.564,6.398],[37.575,6.404],[37.568,6.415],[37.564,6.427],[37.563,6.467],[37.564,6.489],[37.552,6.523],[37.55,6.545],[37.553,6.557],[37.57,6.579],[37.588,6.612],[37.593,6.631],[37.586,6.632],[37.577,6.636],[37.569,6.637],[37.547,6.619],[37.537,6.613],[37.526,6.616],[37.519,6.626],[37.502,6.644],[37.481,6.657],[37.466,6.665],[37.45,6.668],[37.435,6.664],[37.407,6.673],[37.392,6.676],[37.348,6.691],[37.33,6.696],[37.296,6.702],[37.281,6.7],[37.27,6.695],[37.257,6.688],[37.235,6.671],[37.223,6.662],[37.203,6.651],[37.197,6.645]]]}},{"type":"Feature","properties":{"name":"Chire"},"geometry":{"type":"Polygon","coordinates":[[[38.96,6.602],[38.957,6.599],[38.949,6.601],[38.943,6.596],[38.938,6.594],[38.933,6.596],[38.926,6.591],[38.918,6.58],[38.916,6.573],[38.928,6.562],[38.935,6.564],[38.946,6.56],[38.941,6.546],[38.941,6.54],[38.937,6.535],[38.928,6.527],[38.922,6.51],[38.912,6.502],[38.905,6.499],[38.908,6.492],[38.918,6.479],[38.919,6.457],[38.918,6.434],[38.926,6.435],[38.932,6.431],[38.935,6.426],[38.943,6.428],[38.958,6.436],[38.967,6.453],[38.978,6.463],[38.983,6.475],[38.995,6.484],[39.006,6.483],[39.019,6.478],[39.029,6.485],[39.033,6.49],[39.029,6.493],[39.023,6.492],[39.016,6.493],[39.016,6.515],[39.043,6.512],[39.063,6.511],[39.062,6.504],[39.052,6.481],[39.049,6.457],[39.043,6.437],[39.037,6.435],[39.012,6.437],[39.011,6.43],[39.014,6.417],[39.017,6.408],[39.024,6.401],[39.031,6.384],[39.039,6.382],[39.067,6.382],[39.073,6.369],[39.069,6.354],[39.071,6.349],[39.071,6.339],[39.074,6.333],[39.075,6.321],[39.08,6.315],[39.083,6.302],[39.092,6.293],[39.092,6.272],[39.11,6.289],[39.12,6.3],[39.127,6.323],[39.128,6.337],[39.128,6.346],[39.122,6.382],[39.108,6.439],[39.101,6.457],[39.096,6.473],[39.097,6.523],[39.087,6.546],[39.071,6.555],[39.053,6.558],[39.049,6.571],[39.054,6.585],[39.065,6.6],[39.06,6.61],[39.033,6.613],[38.96,6.602]]]}},{"type":"Feature","properties":{"name":"Denibu Gofa"},"geometry":{"type":"Polygon","coordinates":[[[36.996,6.591],[36.984,6.575],[36.976,6.567],[36.97,6.564],[36.95,6.559],[36.94,6.55],[36.932,6.545],[36.91,6.54],[36.897,6.535],[36.891,6.527],[36.882,6.513],[36.905,6.475],[36.908,6.442],[36.919,6.414],[36.922,6.393],[36.869,6.353],[36.844,6.331],[36.849,6.309],[36.842,6.286],[36.829,6.258],[36.828,6.243],[36.833,6.245],[36.858,6.234],[36.883,6.248],[36.881,6.213],[36.886,6.19],[36.907,6.172],[36.92,6.186],[36.948,6.209],[36.943,6.217],[36.937,6.238],[36.964,6.272],[36.949,6.307],[36.986,6.333],[37.021,6.366],[37.071,6.416],[37.115,6.471],[37.133,6.491],[37.13,6.499],[37.132,6.511],[37.15,6.54],[37.161,6.561],[37.184,6.597],[37.193,6.616],[37.195,6.626],[37.195,6.636],[37.197,6.645],[37.192,6.651],[37.164,6.664],[37.146,6.667],[37.13,6.659],[37.117,6.648],[37.079,6.632],[37.005,6.591],[36.996,6.591]]]}},{"type":"Feature","properties":{"name":"Aroresa"},"geometry":{"type":"Polygon","coordinates":[[[39.046,6.143],[39.081,6.154],[39.104,6.159],[39.133,6.16],[39.131,6.167],[39.114,6.178],[39.104,6.204],[39.101,6.22],[39.087,6.253],[39.092,6.272],[39.092,6.293],[39.083,6.302],[39.08,6.315],[39.075,6.321],[39.074,6.333],[39.071,6.339],[39.071,6.349],[39.069,6.354],[39.073,6.369],[39.067,6.382],[39.039,6.382],[39.031,6.384],[39.024,6.401],[39.017,6.408],[39.014,6.417],[39.011,6.43],[39.012,6.437],[39.037,6.435],[39.043,6.437],[39.049,6.457],[39.052,6.481],[39.062,6.504],[39.063,6.511],[39.043,6.512],[39.016,6.515],[39.016,6.493],[39.023,6.492],[39.029,6.493],[39.033,6.49],[39.029,6.485],[39.019,6.478],[39.006,6.483],[38.995,6.484],[38.983,6.475],[38.978,6.463],[38.967,6.453],[38.958,6.436],[38.943,6.428],[38.935,6.426],[38.932,6.431],[38.926,6.435],[38.918,6.434],[38.919,6.457],[38.918,6.479],[38.908,6.492],[38.905,6.499],[38.9,6.501],[38.892,6.488],[38.89,6.483],[38.89,6.478],[38.888,6.471],[38.89,6.461],[38.886,6.456],[38.887,6.437],[38.884,6.43],[38.893,6.424],[38.891,6.419],[38.877,6.408],[38.869,6.405],[38.864,6.398],[38.859,6.401],[38.853,6.398],[38.838,6.396],[38.835,6.391],[38.835,6.363],[38.833,6.344],[38.853,6.322],[38.875,6.302],[38.886,6.286],[38.899,6.26],[38.922,6.23],[38.93,6.215],[38.951,6.182],[38.961,6.161],[38.989,6.148],[39.035,6.139],[39.046,6.143]]]}},{"type":"Feature","properties":{"name":"Dara"},"geometry":{"type":"Polygon","coordinates":[[[38.297,6.417],[38.304,6.416],[38.311,6.417],[38.317,6.409],[38.328,6.408],[38.341,6.411],[38.359,6.406],[38.385,6.407],[38.393,6.403],[38.395,6.393],[38.399,6.388],[38.398,6.382],[38.395,6.371],[38.392,6.357],[38.395,6.352],[38.404,6.347],[38.41,6.352],[38.419,6.364],[38.425,6.367],[38.428,6.387],[38.442,6.407],[38.454,6.418],[38.446,6.418],[38.447,6.429],[38.453,6.431],[38.458,6.439],[38.464,6.444],[38.476,6.441],[38.484,6.442],[38.492,6.448],[38.5,6.463],[38.503,6.477],[38.503,6.486],[38.496,6.487],[38.485,6.492],[38.48,6.491],[38.476,6.495],[38.474,6.503],[38.47,6.508],[38.465,6.51],[38.454,6.52],[38.437,6.528],[38.431,6.527],[38.425,6.528],[38.417,6.525],[38.41,6.517],[38.403,6.515],[38.397,6.515],[38.382,6.51],[38.379,6.505],[38.378,6.499],[38.35,6.496],[38.344,6.494],[38.337,6.487],[38.329,6.485],[38.322,6.485],[38.312,6.489],[38.305,6.487],[38.299,6.483],[38.277,6.478],[38.272,6.472],[38.26,6.466],[38.254,6.461],[38.261,6.453],[38.284,6.439],[38.297,6.417]]]}},{"type":"Feature","properties":{"name":"Surma"},"geometry":{"type":"Polygon","coordinates":[[[34.986,6.3],[34.952,6.269],[34.95,6.253],[34.953,6.239],[34.965,6.213],[34.967,6.202],[34.966,6.185],[34.97,6.156],[34.966,6.146],[34.961,6.137],[34.958,6.129],[34.959,6.121],[34.966,6.091],[34.973,6.086],[34.988,6.069],[34.993,6.055],[34.993,6.02],[35.003,6.004],[34.999,5.983],[34.992,5.972],[34.988,5.956],[34.988,5.947],[34.998,5.926],[34.992,5.903],[34.992,5.897],[35.047,5.819],[35.096,5.732],[35.11,5.709],[35.122,5.692],[35.126,5.684],[35.126,5.675],[35.121,5.629],[35.122,5.622],[35.127,5.617],[35.227,5.55],[35.265,5.524],[35.284,5.512],[35.301,5.498],[35.3,5.492],[35.305,5.478],[35.304,5.467],[35.305,5.459],[35.301,5.447],[35.3,5.439],[35.291,5.427],[35.288,5.404],[35.288,5.391],[35.286,5.384],[35.286,5.377],[35.301,5.334],[35.309,5.331],[35.317,5.33],[35.335,5.334],[35.36,5.349],[35.368,5.35],[35.375,5.354],[35.407,5.361],[35.411,5.365],[35.427,5.374],[35.455,5.393],[35.469,5.407],[35.48,5.412],[35.488,5.414],[35.493,5.414],[35.506,5.419],[35.511,5.419],[35.517,5.415],[35.534,5.419],[35.54,5.416],[35.579,5.416],[35.573,5.428],[35.568,5.461],[35.57,5.476],[35.583,5.509],[35.587,5.532],[35.596,5.566],[35.55,5.635],[35.544,5.644],[35.54,5.658],[35.544,5.684],[35.546,5.714],[35.539,5.72],[35.532,5.731],[35.527,5.748],[35.518,5.759],[35.499,5.771],[35.493,5.786],[35.48,5.798],[35.475,5.812],[35.474,5.828],[35.468,5.842],[35.459,5.852],[35.457,5.857],[35.459,5.863],[35.459,5.889],[35.455,5.908],[35.452,5.957],[35.449,5.975],[35.444,5.987],[35.441,6.02],[35.446,6.066],[35.459,6.094],[35.474,6.12],[35.478,6.136],[35.475,6.154],[35.469,6.167],[35.461,6.179],[35.452,6.188],[35.42,6.212],[35.439,6.223],[35.456,6.253],[35.464,6.286],[35.46,6.332],[35.441,6.365],[35.398,6.382],[35.385,6.378],[35.366,6.373],[35.344,6.363],[35.323,6.363],[35.302,6.349],[35.273,6.347],[35.257,6.333],[35.251,6.31],[35.247,6.281],[35.282,6.232],[35.276,6.201],[35.268,6.179],[35.246,6.17],[35.241,6.165],[35.232,6.159],[35.213,6.157],[35.195,6.161],[35.179,6.167],[35.157,6.18],[35.145,6.182],[35.135,6.188],[35.127,6.198],[35.125,6.212],[35.13,6.221],[35.152,6.232],[35.154,6.242],[35.146,6.253],[35.133,6.264],[35.128,6.271],[35.124,6.281],[35.124,6.295],[35.117,6.308],[35.107,6.32],[35.084,6.319],[35.074,6.309],[35.039,6.306],[35.012,6.282],[34.986,6.3]]]}},{"type":"Feature","properties":{"name":"Selamgo"},"geometry":{"type":"Polygon","coordinates":[[[35.971,6.239],[35.965,6.215],[35.965,6.203],[35.968,6.19],[35.976,6.171],[35.969,6.162],[35.94,6.141],[35.936,6.128],[35.938,6.12],[35.956,6.093],[35.979,6.078],[35.974,6.049],[35.994,6.0],[35.997,5.973],[35.968,5.948],[35.977,5.919],[35.962,5.878],[35.953,5.827],[35.953,5.783],[35.969,5.749],[35.956,5.718],[35.955,5.671],[35.938,5.656],[35.94,5.632],[35.935,5.603],[35.916,5.579],[35.913,5.571],[35.91,5.559],[35.91,5.546],[35.916,5.513],[35.93,5.483],[35.933,5.469],[35.933,5.458],[35.924,5.406],[35.93,5.393],[35.94,5.381],[35.961,5.363],[35.964,5.353],[35.958,5.34],[35.963,5.327],[35.976,5.322],[35.987,5.327],[35.995,5.338],[35.997,5.346],[36.006,5.349],[36.014,5.354],[36.027,5.367],[36.033,5.366],[36.045,5.354],[36.061,5.344],[36.068,5.344],[36.075,5.345],[36.082,5.348],[36.086,5.353],[36.094,5.353],[36.119,5.374],[36.121,5.386],[36.122,5.448],[36.152,5.443],[36.172,5.448],[36.183,5.441],[36.186,5.437],[36.204,5.453],[36.206,5.474],[36.216,5.494],[36.217,5.506],[36.215,5.524],[36.218,5.547],[36.237,5.58],[36.233,5.585],[36.235,5.597],[36.247,5.655],[36.252,5.675],[36.258,5.684],[36.264,5.696],[36.272,5.73],[36.283,5.761],[36.27,5.79],[36.268,5.802],[36.266,5.813],[36.27,5.843],[36.311,5.856],[36.338,5.906],[36.37,5.869],[36.405,5.859],[36.427,5.896],[36.417,5.976],[36.362,6.01],[36.305,6.032],[36.311,6.05],[36.336,6.048],[36.365,6.068],[36.387,6.097],[36.389,6.121],[36.396,6.137],[36.404,6.143],[36.399,6.152],[36.4,6.161],[36.406,6.172],[36.414,6.176],[36.42,6.182],[36.424,6.19],[36.425,6.198],[36.423,6.217],[36.427,6.221],[36.441,6.228],[36.446,6.234],[36.449,6.246],[36.457,6.263],[36.468,6.276],[36.471,6.285],[36.466,6.292],[36.446,6.295],[36.439,6.297],[36.438,6.323],[36.421,6.334],[36.41,6.346],[36.407,6.352],[36.406,6.368],[36.403,6.379],[36.393,6.387],[36.385,6.398],[36.379,6.443],[36.372,6.453],[36.348,6.459],[36.336,6.46],[36.322,6.458],[36.313,6.45],[36.293,6.423],[36.284,6.415],[36.265,6.4],[36.247,6.392],[36.237,6.39],[36.221,6.399],[36.196,6.417],[36.19,6.423],[36.18,6.429],[36.165,6.431],[36.133,6.425],[36.121,6.417],[36.098,6.399],[36.087,6.389],[36.058,6.352],[36.04,6.339],[36.037,6.331],[36.043,6.302],[36.04,6.288],[36.029,6.273],[36.021,6.265],[36.014,6.261],[35.997,6.254],[35.987,6.245],[35.971,6.239]]]}},{"type":"Feature","properties":{"name":"Maji"},"geometry":{"type":"Polygon","coordinates":[[[35.366,6.454],[35.381,6.421],[35.385,6.378],[35.398,6.382],[35.441,6.365],[35.46,6.332],[35.464,6.286],[35.456,6.253],[35.439,6.223],[35.42,6.212],[35.452,6.188],[35.461,6.179],[35.469,6.167],[35.475,6.154],[35.478,6.136],[35.474,6.12],[35.459,6.094],[35.446,6.066],[35.441,6.02],[35.444,5.987],[35.449,5.975],[35.452,5.957],[35.455,5.908],[35.459,5.889],[35.459,5.863],[35.457,5.857],[35.459,5.852],[35.468,5.842],[35.474,5.828],[35.475,5.812],[35.48,5.798],[35.493,5.786],[35.499,5.771],[35.518,5.759],[35.527,5.748],[35.532,5.731],[35.539,5.72],[35.546,5.714],[35.544,5.684],[35.54,5.658],[35.544,5.644],[35.55,5.635],[35.596,5.566],[35.587,5.532],[35.583,5.509],[35.57,5.476],[35.568,5.461],[35.573,5.428],[35.579,5.416],[35.656,5.382],[35.741,5.371],[35.742,5.407],[35.737,5.545],[35.747,5.606],[35.795,5.661],[35.845,5.672],[35.915,5.663],[35.938,5.656],[35.955,5.671],[35.956,5.718],[35.969,5.749],[35.953,5.783],[35.953,5.827],[35.962,5.878],[35.977,5.919],[35.968,5.948],[35.997,5.973],[35.994,6.0],[35.974,6.049],[35.979,6.078],[35.956,6.093],[35.938,6.12],[35.936,6.128],[35.929,6.132],[35.921,6.141],[35.908,6.157],[35.881,6.213],[35.836,6.237],[35.822,6.247],[35.815,6.272],[35.806,6.319],[35.795,6.335],[35.779,6.342],[35.729,6.332],[35.717,6.327],[35.699,6.311],[35.683,6.302],[35.67,6.311],[35.648,6.32],[35.622,6.323],[35.575,6.324],[35.574,6.375],[35.548,6.39],[35.519,6.421],[35.489,6.433],[35.454,6.435],[35.422,6.423],[35.405,6.426],[35.38,6.45],[35.366,6.454]]]}},{"type":"Feature","properties":{"name":"Chencha"},"geometry":{"type":"Polygon","coordinates":[[[37.575,6.404],[37.564,6.398],[37.55,6.388],[37.544,6.381],[37.549,6.351],[37.549,6.342],[37.543,6.318],[37.546,6.307],[37.551,6.299],[37.544,6.289],[37.499,6.27],[37.487,6.261],[37.482,6.252],[37.483,6.24],[37.492,6.223],[37.489,6.213],[37.475,6.191],[37.464,6.159],[37.464,6.143],[37.472,6.128],[37.482,6.136],[37.495,6.143],[37.506,6.146],[37.52,6.144],[37.545,6.137],[37.554,6.136],[37.563,6.139],[37.585,6.151],[37.597,6.156],[37.621,6.156],[37.634,6.154],[37.627,6.168],[37.625,6.178],[37.627,6.2],[37.63,6.21],[37.646,6.232],[37.651,6.256],[37.644,6.282],[37.628,6.301],[37.623,6.313],[37.626,6.325],[37.635,6.335],[37.641,6.347],[37.627,6.373],[37.614,6.373],[37.604,6.376],[37.592,6.382],[37.575,6.404]]]}},{"type":"Feature","properties":{"name":"Dita"},"geometry":{"type":"Polygon","coordinates":[[[37.342,6.348],[37.369,6.183],[37.378,6.186],[37.391,6.185],[37.401,6.189],[37.41,6.191],[37.417,6.189],[37.418,6.177],[37.43,6.173],[37.435,6.164],[37.439,6.153],[37.445,6.122],[37.452,6.114],[37.46,6.118],[37.472,6.128],[37.464,6.143],[37.464,6.159],[37.475,6.191],[37.489,6.213],[37.492,6.223],[37.483,6.24],[37.482,6.252],[37.487,6.261],[37.499,6.27],[37.544,6.289],[37.551,6.299],[37.546,6.307],[37.543,6.318],[37.549,6.342],[37.549,6.351],[37.544,6.381],[37.537,6.376],[37.531,6.374],[37.525,6.375],[37.51,6.385],[37.499,6.388],[37.488,6.381],[37.471,6.361],[37.463,6.353],[37.43,6.335],[37.401,6.327],[37.385,6.328],[37.366,6.333],[37.351,6.341],[37.342,6.348]]]}},{"type":"Feature","properties":{"name":"Basketo SP Woreda"},"geometry":{"type":"Polygon","coordinates":[[[36.53,6.175],[36.539,6.179],[36.558,6.202],[36.564,6.206],[36.574,6.21],[36.612,6.219],[36.641,6.223],[36.656,6.227],[36.671,6.229],[36.684,6.227],[36.683,6.24],[36.676,6.26],[36.676,6.269],[36.676,6.286],[36.678,6.294],[36.69,6.324],[36.686,6.333],[36.674,6.334],[36.658,6.342],[36.671,6.382],[36.65,6.387],[36.627,6.363],[36.613,6.371],[36.599,6.364],[36.586,6.35],[36.575,6.343],[36.564,6.346],[36.543,6.364],[36.537,6.365],[36.53,6.353],[36.528,6.338],[36.517,6.315],[36.506,6.303],[36.477,6.283],[36.471,6.285],[36.468,6.276],[36.457,6.263],[36.449,6.246],[36.446,6.234],[36.441,6.228],[36.427,6.221],[36.423,6.217],[36.425,6.198],[36.424,6.19],[36.42,6.182],[36.414,6.176],[36.406,6.172],[36.4,6.161],[36.399,6.152],[36.404,6.143],[36.411,6.143],[36.42,6.146],[36.438,6.156],[36.45,6.162],[36.461,6.17],[36.482,6.183],[36.494,6.184],[36.505,6.179],[36.522,6.175],[36.53,6.175]]]}},{"type":"Feature","properties":{"name":"Daramalo"},"geometry":{"type":"Polygon","coordinates":[[[37.212,6.382],[37.19,6.282],[37.178,6.273],[37.208,6.252],[37.232,6.225],[37.248,6.203],[37.274,6.184],[37.284,6.171],[37.293,6.162],[37.305,6.14],[37.315,6.128],[37.327,6.138],[37.338,6.157],[37.345,6.163],[37.355,6.167],[37.364,6.175],[37.369,6.183],[37.342,6.348],[37.314,6.369],[37.299,6.373],[37.239,6.381],[37.223,6.383],[37.212,6.382]]]}},{"type":"Feature","properties":{"name":"Bule"},"geometry":{"type":"Polygon","coordinates":[[[38.366,6.144],[38.378,6.166],[38.395,6.183],[38.436,6.2],[38.44,6.218],[38.434,6.267],[38.426,6.291],[38.428,6.301],[38.426,6.308],[38.423,6.35],[38.425,6.367],[38.419,6.364],[38.41,6.352],[38.404,6.347],[38.395,6.352],[38.392,6.357],[38.395,6.371],[38.387,6.365],[38.384,6.357],[38.377,6.346],[38.367,6.341],[38.359,6.323],[38.344,6.308],[38.338,6.298],[38.346,6.275],[38.348,6.255],[38.33,6.258],[38.322,6.253],[38.317,6.245],[38.312,6.232],[38.309,6.218],[38.316,6.217],[38.318,6.208],[38.316,6.2],[38.309,6.194],[38.296,6.189],[38.293,6.182],[38.298,6.175],[38.311,6.164],[38.315,6.157],[38.317,6.136],[38.322,6.124],[38.332,6.121],[38.343,6.11],[38.356,6.105],[38.363,6.121],[38.366,6.144]]]}},{"type":"Feature","properties":{"name":"Yirgachefe"},"geometry":{"type":"Polygon","coordinates":[[[38.099,6.088],[38.108,6.092],[38.12,6.088],[38.13,6.087],[38.136,6.088],[38.146,6.093],[38.163,6.116],[38.17,6.122],[38.176,6.123],[38.183,6.12],[38.201,6.104],[38.209,6.1],[38.219,6.1],[38.229,6.106],[38.238,6.113],[38.247,6.114],[38.252,6.109],[38.26,6.095],[38.269,6.086],[38.279,6.088],[38.291,6.104],[38.299,6.112],[38.304,6.116],[38.322,6.124],[38.317,6.136],[38.315,6.157],[38.311,6.164],[38.298,6.175],[38.293,6.182],[38.296,6.189],[38.309,6.194],[38.316,6.2],[38.318,6.208],[38.316,6.217],[38.309,6.218],[38.301,6.22],[38.286,6.232],[38.282,6.24],[38.276,6.248],[38.26,6.227],[38.246,6.228],[38.244,6.235],[38.242,6.249],[38.231,6.284],[38.223,6.298],[38.213,6.31],[38.211,6.317],[38.206,6.326],[38.198,6.32],[38.189,6.306],[38.183,6.286],[38.175,6.268],[38.173,6.257],[38.18,6.24],[38.194,6.227],[38.199,6.208],[38.188,6.184],[38.172,6.168],[38.159,6.161],[38.142,6.156],[38.126,6.156],[38.118,6.168],[38.103,6.182],[38.088,6.162],[38.081,6.118],[38.099,6.088]]]}},{"type":"Feature","properties":{"name":"Arba Minch Zuria"},"geometry":{"type":"Polygon","coordinates":[[[37.777,6.115],[37.767,6.125],[37.76,6.126],[37.723,6.125],[37.714,6.127],[37.705,6.126],[37.68,6.128],[37.661,6.136],[37.634,6.154],[37.621,6.156],[37.597,6.156],[37.585,6.151],[37.563,6.139],[37.554,6.136],[37.545,6.137],[37.52,6.144],[37.506,6.146],[37.495,6.143],[37.482,6.136],[37.472,6.128],[37.46,6.118],[37.452,6.114],[37.445,6.122],[37.439,6.153],[37.435,6.164],[37.43,6.173],[37.418,6.177],[37.412,6.171],[37.392,6.135],[37.385,6.119],[37.381,6.104],[37.377,6.079],[37.372,6.068],[37.37,6.056],[37.376,6.047],[37.396,6.031],[37.403,6.02],[37.405,6.01],[37.401,6.002],[37.401,5.991],[37.406,5.978],[37.404,5.97],[37.395,5.962],[37.395,5.953],[37.398,5.941],[37.394,5.931],[37.377,5.914],[37.373,5.903],[37.373,5.89],[37.38,5.859],[37.375,5.844],[37.362,5.832],[37.348,5.826],[37.332,5.815],[37.322,5.805],[37.313,5.781],[37.312,5.754],[37.324,5.749],[37.332,5.746],[37.342,5.746],[37.35,5.748],[37.36,5.755],[37.367,5.764],[37.377,5.767],[37.391,5.759],[37.402,5.747],[37.415,5.741],[37.428,5.722],[37.443,5.712],[37.465,5.702],[37.472,5.7],[37.48,5.704],[37.487,5.712],[37.495,5.732],[37.504,5.747],[37.536,5.783],[37.546,5.797],[37.557,5.807],[37.569,5.816],[37.592,5.83],[37.608,5.836],[37.641,5.841],[37.652,5.846],[37.66,5.854],[37.681,5.886],[37.69,5.896],[37.717,5.918],[37.759,5.949],[37.768,5.96],[37.778,5.969],[37.798,5.981],[37.803,5.988],[37.805,5.994],[37.792,5.997],[37.784,6.012],[37.791,6.051],[37.786,6.074],[37.779,6.099],[37.777,6.115]]]}},{"type":"Feature","properties":{"name":"Shay Bench"},"geometry":{"type":"Polygon","coordinates":[[[35.69,6.989],[35.684,6.985],[35.653,6.952],[35.605,6.917],[35.614,6.892],[35.627,6.885],[35.658,6.888],[35.683,6.885],[35.693,6.859],[35.686,6.83],[35.599,6.789],[35.613,6.765],[35.628,6.744],[35.651,6.74],[35.669,6.75],[35.704,6.805],[35.718,6.801],[35.74,6.782],[35.758,6.775],[35.808,6.813],[35.832,6.838],[35.857,6.846],[35.857,6.855],[35.851,6.893],[35.839,6.919],[35.839,6.93],[35.845,6.948],[35.851,6.961],[35.853,6.976],[35.847,6.987],[35.839,6.991],[35.843,6.998],[35.823,7.035],[35.839,7.067],[35.816,7.076],[35.79,7.043],[35.778,7.016],[35.751,7.027],[35.715,7.003],[35.69,6.989]]]}},{"type":"Feature","properties":{"name":"Amaro"},"geometry":{"type":"Polygon","coordinates":[[[37.805,5.994],[37.803,5.988],[37.798,5.981],[37.778,5.969],[37.768,5.96],[37.759,5.949],[37.717,5.918],[37.69,5.896],[37.681,5.886],[37.66,5.854],[37.652,5.846],[37.641,5.841],[37.608,5.836],[37.592,5.83],[37.569,5.816],[37.557,5.807],[37.546,5.797],[37.545,5.787],[37.55,5.749],[37.564,5.712],[37.571,5.677],[37.568,5.658],[37.571,5.652],[37.569,5.629],[37.578,5.627],[37.586,5.627],[37.594,5.63],[37.602,5.638],[37.624,5.679],[37.634,5.689],[37.663,5.704],[37.681,5.703],[37.696,5.697],[37.711,5.69],[37.721,5.682],[37.731,5.671],[37.747,5.632],[37.754,5.623],[37.766,5.624],[37.781,5.631],[37.796,5.64],[37.804,5.641],[37.815,5.64],[37.827,5.636],[37.842,5.635],[37.855,5.638],[37.863,5.644],[37.872,5.652],[37.886,5.662],[37.901,5.665],[37.917,5.665],[37.954,5.653],[37.965,5.647],[37.978,5.651],[38.0,5.651],[38.009,5.651],[38.025,5.661],[38.042,5.675],[38.076,5.69],[38.088,5.723],[38.09,5.747],[38.073,5.764],[38.055,5.765],[38.04,5.774],[38.021,5.791],[38.013,5.806],[38.008,5.851],[37.983,5.889],[37.98,5.909],[37.978,5.929],[37.969,5.957],[37.954,5.965],[37.924,5.961],[37.905,5.962],[37.896,5.976],[37.881,5.986],[37.866,5.988],[37.857,6.0],[37.844,6.012],[37.828,6.011],[37.814,5.999],[37.805,5.994]]]}},{"type":"Feature","properties":{"name":"Burji"},"geometry":{"type":"Polygon","coordinates":[[[37.886,5.236],[37.902,5.246],[37.903,5.256],[37.905,5.281],[37.906,5.305],[37.897,5.351],[37.902,5.375],[37.92,5.397],[37.936,5.424],[37.941,5.451],[37.948,5.476],[37.95,5.509],[37.949,5.539],[37.942,5.57],[37.942,5.586],[37.931,5.618],[37.944,5.641],[37.965,5.647],[37.954,5.653],[37.917,5.665],[37.901,5.665],[37.886,5.662],[37.872,5.652],[37.863,5.644],[37.855,5.638],[37.842,5.635],[37.827,5.636],[37.815,5.64],[37.804,5.641],[37.796,5.64],[37.781,5.631],[37.766,5.624],[37.754,5.623],[37.747,5.632],[37.731,5.671],[37.721,5.682],[37.711,5.69],[37.696,5.697],[37.681,5.703],[37.663,5.704],[37.634,5.689],[37.624,5.679],[37.602,5.638],[37.594,5.63],[37.586,5.627],[37.578,5.627],[37.569,5.629],[37.569,5.611],[37.571,5.597],[37.585,5.573],[37.607,5.555],[37.623,5.529],[37.659,5.505],[37.688,5.483],[37.695,5.473],[37.698,5.463],[37.699,5.451],[37.698,5.438],[37.683,5.398],[37.676,5.376],[37.662,5.346],[37.656,5.328],[37.655,5.315],[37.656,5.303],[37.675,5.309],[37.702,5.307],[37.73,5.294],[37.748,5.278],[37.774,5.285],[37.793,5.276],[37.811,5.27],[37.828,5.251],[37.853,5.236],[37.886,5.236]]]}},{"type":"Feature","properties":{"name":"Konso"},"geometry":{"type":"Polygon","coordinates":[[[37.656,5.303],[37.655,5.315],[37.656,5.328],[37.662,5.346],[37.676,5.376],[37.683,5.398],[37.698,5.438],[37.699,5.451],[37.698,5.463],[37.695,5.473],[37.688,5.483],[37.659,5.505],[37.623,5.529],[37.607,5.555],[37.585,5.573],[37.571,5.597],[37.569,5.611],[37.569,5.629],[37.571,5.652],[37.568,5.658],[37.561,5.658],[37.553,5.653],[37.544,5.645],[37.522,5.616],[37.501,5.592],[37.466,5.539],[37.449,5.533],[37.436,5.537],[37.407,5.542],[37.391,5.542],[37.383,5.537],[37.379,5.521],[37.382,5.49],[37.378,5.477],[37.372,5.471],[37.334,5.472],[37.299,5.457],[37.283,5.458],[37.276,5.463],[37.279,5.439],[37.277,5.43],[37.268,5.426],[37.268,5.42],[37.278,5.413],[37.271,5.391],[37.264,5.393],[37.257,5.392],[37.252,5.386],[37.245,5.384],[37.235,5.387],[37.213,5.387],[37.2,5.389],[37.184,5.385],[37.177,5.38],[37.168,5.37],[37.161,5.366],[37.161,5.36],[37.158,5.352],[37.151,5.354],[37.145,5.352],[37.141,5.346],[37.135,5.349],[37.126,5.35],[37.097,5.341],[37.055,5.336],[37.039,5.352],[37.04,5.347],[37.034,5.334],[37.019,5.295],[37.016,5.269],[37.004,5.2],[37.083,5.188],[37.113,5.188],[37.146,5.19],[37.183,5.195],[37.198,5.212],[37.218,5.214],[37.239,5.201],[37.293,5.196],[37.318,5.175],[37.342,5.161],[37.368,5.156],[37.418,5.168],[37.466,5.195],[37.492,5.204],[37.519,5.222],[37.552,5.235],[37.579,5.244],[37.581,5.249],[37.631,5.267],[37.638,5.285],[37.648,5.301],[37.656,5.303]]]}},{"type":"Feature","properties":{"name":"Gnangatom"},"geometry":{"type":"Polygon","coordinates":[[[35.938,5.656],[35.915,5.663],[35.845,5.672],[35.795,5.661],[35.747,5.606],[35.737,5.545],[35.742,5.407],[35.741,5.371],[35.763,5.353],[35.786,5.344],[35.809,5.341],[35.814,5.338],[35.82,5.333],[35.829,5.333],[35.836,5.329],[35.84,5.322],[35.848,5.32],[35.855,5.316],[35.858,5.311],[35.86,5.304],[35.858,5.296],[35.854,5.285],[35.847,5.282],[35.843,5.275],[35.833,5.268],[35.828,5.262],[35.825,5.257],[35.823,5.249],[35.823,5.238],[35.825,5.229],[35.828,5.224],[35.837,5.204],[35.85,5.197],[35.853,5.19],[35.859,5.176],[35.859,5.166],[35.855,5.15],[35.846,5.143],[35.833,5.121],[35.815,5.105],[35.81,5.095],[35.809,5.088],[35.811,5.071],[35.811,5.022],[35.809,4.985],[35.84,4.986],[35.914,4.974],[35.968,4.954],[35.975,4.902],[36.01,4.856],[36.141,4.857],[36.142,5.04],[36.139,5.138],[36.161,5.17],[36.179,5.185],[36.185,5.206],[36.179,5.237],[36.185,5.263],[36.194,5.282],[36.193,5.339],[36.198,5.361],[36.212,5.387],[36.212,5.405],[36.204,5.453],[36.186,5.437],[36.183,5.441],[36.172,5.448],[36.152,5.443],[36.122,5.448],[36.121,5.386],[36.119,5.374],[36.094,5.353],[36.086,5.353],[36.082,5.348],[36.075,5.345],[36.068,5.344],[36.061,5.344],[36.045,5.354],[36.033,5.366],[36.027,5.367],[36.014,5.354],[36.006,5.349],[35.997,5.346],[35.995,5.338],[35.987,5.327],[35.976,5.322],[35.963,5.327],[35.958,5.34],[35.964,5.353],[35.961,5.363],[35.94,5.381],[35.93,5.393],[35.924,5.406],[35.933,5.458],[35.933,5.469],[35.93,5.483],[35.916,5.513],[35.91,5.546],[35.91,5.559],[35.913,5.571],[35.916,5.579],[35.935,5.603],[35.94,5.632],[35.938,5.656]]]}},{"type":"Feature","properties":{"name":"Zala"},"geometry":{"type":"Polygon","coordinates":[[[37.133,6.491],[37.115,6.471],[37.071,6.416],[37.021,6.366],[36.986,6.333],[36.949,6.307],[36.964,6.272],[36.937,6.238],[36.943,6.217],[36.948,6.209],[36.964,6.189],[36.975,6.171],[36.973,6.145],[36.955,6.128],[36.967,6.102],[37.001,6.096],[37.051,6.069],[37.068,6.101],[37.068,6.142],[37.076,6.181],[37.109,6.219],[37.178,6.273],[37.19,6.282],[37.212,6.382],[37.209,6.387],[37.2,6.414],[37.18,6.451],[37.162,6.469],[37.144,6.48],[37.133,6.491]]]}},{"type":"Feature","properties":{"name":"Ezha"},"geometry":{"type":"MultiPolygon","coordinates":[[[[38.266,8.1],[38.255,8.101],[38.26,8.095],[38.266,8.1]]],[[[38.06,8.023],[38.122,8.031],[38.137,8.039],[38.147,8.045],[38.168,8.054],[38.19,8.06],[38.204,8.067],[38.21,8.071],[38.225,8.088],[38.234,8.095],[38.249,8.098],[38.255,8.101],[38.176,8.13],[38.128,8.141],[38.078,8.188],[38.026,8.188],[37.98,8.179],[37.935,8.214],[37.902,8.212],[37.889,8.257],[37.839,8.255],[37.825,8.25],[37.829,8.24],[37.84,8.23],[37.858,8.197],[37.871,8.181],[37.889,8.164],[37.935,8.134],[37.955,8.115],[37.987,8.078],[38.031,8.059],[38.04,8.052],[38.047,8.045],[38.06,8.023]]]]}},{"type":"Feature","properties":{"name":"Damot Sore"},"geometry":{"type":"Polygon","coordinates":[[[37.62,7.044],[37.615,7.046],[37.602,7.032],[37.596,7.031],[37.591,7.033],[37.591,7.022],[37.584,7.01],[37.584,7.005],[37.587,6.999],[37.584,6.981],[37.589,6.979],[37.61,6.975],[37.631,6.967],[37.626,6.962],[37.618,6.957],[37.61,6.947],[37.607,6.939],[37.609,6.933],[37.619,6.922],[37.619,6.91],[37.621,6.905],[37.619,6.886],[37.623,6.877],[37.622,6.866],[37.627,6.862],[37.636,6.856],[37.644,6.854],[37.652,6.86],[37.642,6.874],[37.659,6.889],[37.667,6.886],[37.673,6.887],[37.679,6.892],[37.681,6.901],[37.685,6.904],[37.693,6.904],[37.704,6.896],[37.71,6.896],[37.72,6.916],[37.727,6.939],[37.735,6.947],[37.733,6.954],[37.727,6.96],[37.723,6.969],[37.722,6.978],[37.718,6.991],[37.719,6.998],[37.718,7.004],[37.717,7.01],[37.713,7.014],[37.709,7.01],[37.708,7.002],[37.694,7.005],[37.688,7.009],[37.681,7.004],[37.675,7.005],[37.67,7.007],[37.665,7.004],[37.644,6.996],[37.636,6.996],[37.628,6.999],[37.628,7.004],[37.623,7.015],[37.626,7.023],[37.626,7.033],[37.62,7.044]]]}},{"type":"Feature","properties":{"name":"Boloso Bombe"},"geometry":{"type":"Polygon","coordinates":[[[37.536,7.189],[37.528,7.182],[37.514,7.163],[37.507,7.156],[37.468,7.138],[37.46,7.131],[37.452,7.114],[37.449,7.103],[37.452,7.091],[37.451,7.072],[37.442,7.052],[37.435,7.029],[37.44,7.024],[37.448,7.03],[37.477,7.064],[37.484,7.07],[37.491,7.068],[37.5,7.051],[37.509,7.048],[37.517,7.05],[37.526,7.048],[37.535,7.04],[37.555,7.048],[37.573,7.037],[37.591,7.033],[37.596,7.031],[37.602,7.032],[37.615,7.046],[37.62,7.044],[37.624,7.051],[37.623,7.058],[37.636,7.08],[37.641,7.083],[37.643,7.088],[37.641,7.095],[37.657,7.098],[37.654,7.103],[37.649,7.116],[37.644,7.122],[37.637,7.141],[37.633,7.148],[37.632,7.165],[37.566,7.171],[37.554,7.174],[37.55,7.178],[37.536,7.189]]]}},{"type":"Feature","properties":{"name":"Kindo Koysha"},"geometry":{"type":"Polygon","coordinates":[[[37.396,6.866],[37.406,6.847],[37.415,6.842],[37.422,6.84],[37.425,6.836],[37.435,6.814],[37.434,6.807],[37.431,6.802],[37.439,6.802],[37.45,6.797],[37.449,6.803],[37.452,6.81],[37.457,6.814],[37.462,6.815],[37.462,6.821],[37.47,6.82],[37.476,6.817],[37.478,6.811],[37.492,6.807],[37.519,6.799],[37.562,6.795],[37.581,6.812],[37.589,6.816],[37.604,6.819],[37.609,6.822],[37.62,6.85],[37.627,6.862],[37.622,6.866],[37.623,6.877],[37.619,6.886],[37.621,6.905],[37.619,6.91],[37.619,6.922],[37.609,6.933],[37.607,6.939],[37.61,6.947],[37.618,6.957],[37.626,6.962],[37.631,6.967],[37.61,6.975],[37.589,6.979],[37.584,6.981],[37.587,6.999],[37.584,7.005],[37.584,7.01],[37.591,7.022],[37.591,7.033],[37.573,7.037],[37.555,7.048],[37.535,7.04],[37.526,7.048],[37.517,7.05],[37.509,7.048],[37.5,7.051],[37.491,7.068],[37.484,7.07],[37.477,7.064],[37.448,7.03],[37.44,7.024],[37.435,7.029],[37.419,7.008],[37.416,6.996],[37.415,6.987],[37.418,6.971],[37.416,6.945],[37.418,6.936],[37.426,6.915],[37.426,6.895],[37.418,6.881],[37.404,6.87],[37.396,6.866]]]}},{"type":"Feature","properties":{"name":"Kindo Dida"},"geometry":{"type":"Polygon","coordinates":[[[37.235,6.671],[37.257,6.688],[37.27,6.695],[37.281,6.7],[37.296,6.702],[37.33,6.696],[37.348,6.691],[37.392,6.676],[37.407,6.673],[37.421,6.691],[37.432,6.698],[37.434,6.706],[37.428,6.709],[37.427,6.716],[37.439,6.724],[37.443,6.731],[37.449,6.739],[37.454,6.748],[37.452,6.757],[37.454,6.765],[37.479,6.789],[37.483,6.801],[37.492,6.807],[37.478,6.811],[37.476,6.817],[37.47,6.82],[37.462,6.821],[37.462,6.815],[37.457,6.814],[37.452,6.81],[37.449,6.803],[37.45,6.797],[37.439,6.802],[37.431,6.802],[37.434,6.807],[37.435,6.814],[37.425,6.836],[37.422,6.84],[37.415,6.842],[37.406,6.847],[37.396,6.866],[37.389,6.863],[37.376,6.862],[37.321,6.864],[37.295,6.852],[37.285,6.845],[37.285,6.836],[37.282,6.826],[37.272,6.807],[37.264,6.783],[37.243,6.754],[37.239,6.746],[37.236,6.724],[37.226,6.703],[37.225,6.694],[37.235,6.671]]]}},{"type":"Feature","properties":{"name":"Damot Pulasa"},"geometry":{"type":"Polygon","coordinates":[[[37.785,6.994],[37.791,6.989],[37.801,6.997],[37.809,6.998],[37.806,6.984],[37.811,6.978],[37.819,6.98],[37.828,6.974],[37.834,6.975],[37.84,6.972],[37.847,6.974],[37.857,6.981],[37.866,6.982],[37.877,6.991],[37.886,7.007],[37.889,7.017],[37.895,7.019],[37.904,7.026],[37.906,7.031],[37.911,7.035],[37.915,7.042],[37.923,7.052],[37.926,7.061],[37.931,7.067],[37.932,7.074],[37.931,7.099],[37.922,7.104],[37.914,7.114],[37.907,7.113],[37.887,7.094],[37.879,7.094],[37.851,7.106],[37.84,7.106],[37.844,7.093],[37.844,7.085],[37.839,7.08],[37.824,7.071],[37.814,7.066],[37.802,7.064],[37.799,7.057],[37.795,7.012],[37.793,7.005],[37.785,6.994]]]}},{"type":"Feature","properties":{"name":"Hawassa Zuria"},"geometry":{"type":"Polygon","coordinates":[[[38.323,7.163],[38.314,7.148],[38.306,7.123],[38.29,7.108],[38.255,7.061],[38.242,7.029],[38.245,7.025],[38.251,7.02],[38.256,7.019],[38.261,7.015],[38.268,7.014],[38.282,7.001],[38.289,6.989],[38.295,6.974],[38.308,6.97],[38.315,6.964],[38.323,6.964],[38.325,6.98],[38.33,6.977],[38.334,6.971],[38.336,6.966],[38.347,6.964],[38.362,6.948],[38.368,6.943],[38.379,6.949],[38.39,6.944],[38.398,6.945],[38.404,6.949],[38.406,6.966],[38.41,6.972],[38.409,6.979],[38.407,6.988],[38.397,6.998],[38.395,7.017],[38.392,7.029],[38.387,7.035],[38.397,7.044],[38.404,7.056],[38.41,7.059],[38.414,7.063],[38.423,7.079],[38.422,7.087],[38.424,7.098],[38.422,7.124],[38.401,7.123],[38.379,7.131],[38.358,7.147],[38.343,7.166],[38.323,7.163]]]}},{"type":"Feature","properties":{"name":"Hawasa Town"},"geometry":{"type":"Polygon","coordinates":[[[38.443,7.128],[38.422,7.124],[38.424,7.098],[38.422,7.087],[38.423,7.079],[38.414,7.063],[38.41,7.059],[38.404,7.056],[38.397,7.044],[38.387,7.035],[38.392,7.029],[38.395,7.017],[38.397,6.998],[38.407,6.988],[38.411,6.984],[38.409,6.979],[38.41,6.972],[38.416,6.963],[38.427,6.952],[38.432,6.958],[38.439,6.96],[38.445,6.96],[38.455,6.951],[38.46,6.95],[38.471,6.935],[38.477,6.933],[38.483,6.925],[38.489,6.924],[38.495,6.92],[38.526,6.91],[38.534,6.909],[38.539,6.924],[38.525,6.935],[38.517,6.952],[38.522,6.964],[38.531,6.973],[38.533,6.981],[38.544,6.991],[38.547,6.997],[38.544,7.005],[38.535,7.011],[38.533,7.018],[38.535,7.031],[38.543,7.031],[38.551,7.035],[38.551,7.044],[38.548,7.059],[38.549,7.071],[38.547,7.092],[38.529,7.092],[38.506,7.089],[38.481,7.092],[38.465,7.101],[38.461,7.119],[38.443,7.128]]]}},{"type":"Feature","properties":{"name":"Malga"},"geometry":{"type":"Polygon","coordinates":[[[38.678,7.007],[38.681,7.0],[38.679,6.992],[38.67,6.984],[38.672,6.966],[38.664,6.965],[38.648,6.965],[38.638,6.968],[38.623,6.968],[38.611,6.978],[38.602,6.978],[38.598,6.982],[38.591,6.983],[38.576,6.968],[38.576,6.963],[38.573,6.949],[38.568,6.945],[38.564,6.951],[38.563,6.959],[38.555,6.959],[38.547,6.954],[38.533,6.962],[38.526,6.956],[38.521,6.95],[38.517,6.952],[38.525,6.935],[38.539,6.924],[38.55,6.913],[38.557,6.91],[38.583,6.903],[38.589,6.904],[38.601,6.901],[38.617,6.899],[38.624,6.904],[38.63,6.903],[38.636,6.9],[38.656,6.886],[38.665,6.874],[38.668,6.86],[38.666,6.843],[38.668,6.834],[38.699,6.85],[38.715,6.862],[38.706,6.887],[38.701,6.905],[38.705,6.932],[38.702,6.946],[38.696,6.959],[38.701,6.97],[38.712,6.975],[38.715,6.993],[38.711,7.014],[38.698,7.015],[38.69,7.002],[38.678,7.007]]]}},{"type":"Feature","properties":{"name":"Shebe Dino"},"geometry":{"type":"MultiPolygon","coordinates":[[[[38.39,6.944],[38.393,6.926],[38.391,6.92],[38.39,6.909],[38.387,6.898],[38.387,6.891],[38.382,6.888],[38.376,6.886],[38.377,6.875],[38.362,6.876],[38.349,6.875],[38.353,6.865],[38.348,6.859],[38.349,6.854],[38.347,6.844],[38.35,6.835],[38.349,6.827],[38.344,6.822],[38.363,6.827],[38.375,6.826],[38.383,6.823],[38.4,6.822],[38.412,6.816],[38.418,6.816],[38.427,6.823],[38.435,6.826],[38.448,6.828],[38.461,6.841],[38.466,6.827],[38.473,6.822],[38.475,6.816],[38.487,6.82],[38.493,6.819],[38.498,6.814],[38.511,6.813],[38.507,6.809],[38.513,6.807],[38.517,6.801],[38.524,6.797],[38.543,6.799],[38.541,6.805],[38.545,6.808],[38.552,6.824],[38.545,6.84],[38.549,6.845],[38.55,6.852],[38.547,6.857],[38.531,6.859],[38.523,6.858],[38.524,6.863],[38.528,6.871],[38.524,6.881],[38.513,6.887],[38.511,6.904],[38.551,6.901],[38.557,6.91],[38.55,6.913],[38.539,6.924],[38.534,6.909],[38.526,6.91],[38.495,6.92],[38.489,6.924],[38.483,6.925],[38.477,6.933],[38.471,6.935],[38.46,6.95],[38.455,6.951],[38.445,6.96],[38.439,6.96],[38.432,6.958],[38.427,6.952],[38.416,6.963],[38.41,6.972],[38.406,6.966],[38.404,6.949],[38.398,6.945],[38.39,6.944]]],[[[38.409,6.979],[38.411,6.984],[38.407,6.988],[38.409,6.979]]]]}},{"type":"Feature","properties":{"name":"Gorche"},"geometry":{"type":"Polygon","coordinates":[[[38.668,6.834],[38.666,6.843],[38.668,6.86],[38.665,6.874],[38.656,6.886],[38.636,6.9],[38.63,6.903],[38.624,6.904],[38.617,6.899],[38.601,6.901],[38.589,6.904],[38.583,6.903],[38.557,6.91],[38.551,6.901],[38.511,6.904],[38.513,6.887],[38.524,6.881],[38.528,6.871],[38.524,6.863],[38.523,6.858],[38.531,6.859],[38.547,6.857],[38.55,6.852],[38.549,6.845],[38.545,6.84],[38.552,6.824],[38.545,6.808],[38.541,6.805],[38.543,6.799],[38.551,6.801],[38.572,6.791],[38.577,6.782],[38.578,6.775],[38.588,6.763],[38.591,6.758],[38.595,6.736],[38.604,6.735],[38.604,6.743],[38.618,6.741],[38.619,6.75],[38.613,6.76],[38.606,6.766],[38.604,6.775],[38.612,6.784],[38.619,6.772],[38.63,6.783],[38.637,6.787],[38.637,6.801],[38.641,6.814],[38.668,6.834]]]}},{"type":"Feature","properties":{"name":"Dale"},"geometry":{"type":"Polygon","coordinates":[[[38.334,6.665],[38.353,6.661],[38.359,6.662],[38.366,6.659],[38.378,6.664],[38.395,6.661],[38.402,6.667],[38.417,6.665],[38.423,6.666],[38.44,6.672],[38.446,6.676],[38.452,6.679],[38.443,6.683],[38.432,6.69],[38.421,6.688],[38.415,6.694],[38.428,6.707],[38.441,6.709],[38.45,6.719],[38.45,6.726],[38.44,6.73],[38.433,6.736],[38.43,6.741],[38.444,6.744],[38.442,6.751],[38.427,6.756],[38.431,6.762],[38.449,6.765],[38.459,6.771],[38.47,6.78],[38.481,6.781],[38.488,6.777],[38.495,6.779],[38.504,6.786],[38.514,6.79],[38.517,6.801],[38.513,6.807],[38.507,6.809],[38.511,6.813],[38.498,6.814],[38.493,6.819],[38.487,6.82],[38.475,6.816],[38.473,6.822],[38.466,6.827],[38.461,6.841],[38.448,6.828],[38.435,6.826],[38.427,6.823],[38.418,6.816],[38.412,6.816],[38.4,6.822],[38.383,6.823],[38.375,6.826],[38.363,6.827],[38.344,6.822],[38.332,6.816],[38.313,6.811],[38.301,6.812],[38.301,6.806],[38.315,6.799],[38.311,6.788],[38.305,6.779],[38.304,6.773],[38.312,6.766],[38.318,6.768],[38.332,6.769],[38.336,6.765],[38.344,6.765],[38.348,6.76],[38.348,6.752],[38.339,6.738],[38.333,6.738],[38.328,6.735],[38.32,6.727],[38.314,6.718],[38.309,6.708],[38.316,6.695],[38.325,6.692],[38.33,6.682],[38.337,6.672],[38.334,6.665]]]}},{"type":"Feature","properties":{"name":"Wonosho"},"geometry":{"type":"Polygon","coordinates":[[[38.595,6.736],[38.591,6.758],[38.588,6.763],[38.578,6.775],[38.577,6.782],[38.572,6.791],[38.551,6.801],[38.543,6.799],[38.524,6.797],[38.517,6.801],[38.514,6.79],[38.504,6.786],[38.495,6.779],[38.488,6.777],[38.481,6.781],[38.47,6.78],[38.459,6.771],[38.449,6.765],[38.431,6.762],[38.427,6.756],[38.442,6.751],[38.444,6.744],[38.43,6.741],[38.433,6.736],[38.44,6.73],[38.45,6.726],[38.45,6.719],[38.441,6.709],[38.428,6.707],[38.415,6.694],[38.421,6.688],[38.432,6.69],[38.443,6.683],[38.452,6.679],[38.446,6.676],[38.44,6.672],[38.443,6.665],[38.442,6.658],[38.457,6.656],[38.473,6.659],[38.478,6.663],[38.482,6.671],[38.489,6.674],[38.501,6.669],[38.511,6.676],[38.516,6.682],[38.517,6.689],[38.538,6.698],[38.54,6.709],[38.544,6.714],[38.55,6.717],[38.565,6.718],[38.572,6.72],[38.579,6.718],[38.583,6.715],[38.589,6.721],[38.592,6.729],[38.595,6.736]]]}},{"type":"Feature","properties":{"name":"Humbo"},"geometry":{"type":"Polygon","coordinates":[[[37.913,6.592],[37.913,6.598],[37.909,6.602],[37.906,6.609],[37.912,6.621],[37.918,6.623],[37.924,6.621],[37.932,6.607],[37.938,6.605],[37.942,6.6],[37.949,6.6],[37.963,6.61],[37.97,6.623],[37.974,6.628],[37.984,6.634],[37.997,6.653],[38.006,6.655],[38.011,6.661],[38.016,6.663],[38.022,6.663],[38.029,6.667],[38.033,6.672],[38.032,6.678],[38.031,6.69],[38.034,6.721],[38.018,6.723],[38.008,6.722],[37.986,6.716],[37.978,6.725],[37.971,6.741],[37.964,6.749],[37.955,6.754],[37.941,6.757],[37.928,6.763],[37.918,6.77],[37.878,6.787],[37.868,6.789],[37.848,6.774],[37.83,6.764],[37.8,6.771],[37.79,6.767],[37.775,6.758],[37.763,6.754],[37.743,6.754],[37.731,6.75],[37.711,6.734],[37.688,6.723],[37.678,6.715],[37.639,6.674],[37.607,6.65],[37.593,6.631],[37.602,6.615],[37.622,6.61],[37.632,6.611],[37.655,6.618],[37.665,6.616],[37.679,6.616],[37.694,6.621],[37.709,6.622],[37.72,6.613],[37.734,6.592],[37.764,6.566],[37.775,6.564],[37.794,6.563],[37.804,6.561],[37.816,6.555],[37.819,6.545],[37.815,6.512],[37.843,6.543],[37.872,6.583],[37.894,6.597],[37.913,6.592]]]}},{"type":"Feature","properties":{"name":"Aleta Wendo"},"geometry":{"type":"Polygon","coordinates":[[[38.529,6.608],[38.526,6.613],[38.52,6.627],[38.513,6.626],[38.511,6.632],[38.511,6.646],[38.515,6.653],[38.517,6.663],[38.512,6.67],[38.511,6.676],[38.501,6.669],[38.489,6.674],[38.482,6.671],[38.478,6.663],[38.473,6.659],[38.457,6.656],[38.442,6.658],[38.443,6.665],[38.44,6.672],[38.423,6.666],[38.417,6.665],[38.402,6.667],[38.395,6.661],[38.378,6.664],[38.366,6.659],[38.369,6.651],[38.352,6.64],[38.356,6.629],[38.354,6.624],[38.349,6.62],[38.356,6.612],[38.363,6.608],[38.369,6.599],[38.374,6.588],[38.368,6.586],[38.36,6.58],[38.362,6.571],[38.366,6.565],[38.366,6.559],[38.371,6.558],[38.379,6.558],[38.383,6.546],[38.39,6.535],[38.402,6.537],[38.41,6.533],[38.417,6.525],[38.425,6.528],[38.431,6.527],[38.437,6.528],[38.454,6.52],[38.457,6.531],[38.475,6.545],[38.477,6.55],[38.477,6.556],[38.482,6.562],[38.49,6.563],[38.49,6.569],[38.493,6.583],[38.507,6.59],[38.509,6.596],[38.514,6.599],[38.524,6.6],[38.529,6.608]]]}},{"type":"Feature","properties":{"name":"Bona Zuria"},"geometry":{"type":"Polygon","coordinates":[[[38.647,6.627],[38.656,6.625],[38.662,6.625],[38.667,6.613],[38.664,6.606],[38.664,6.595],[38.668,6.55],[38.663,6.546],[38.656,6.547],[38.648,6.542],[38.642,6.535],[38.635,6.534],[38.634,6.522],[38.639,6.517],[38.645,6.516],[38.646,6.509],[38.641,6.501],[38.645,6.497],[38.651,6.494],[38.667,6.492],[38.672,6.488],[38.667,6.48],[38.681,6.48],[38.684,6.474],[38.691,6.468],[38.695,6.462],[38.695,6.456],[38.688,6.449],[38.685,6.443],[38.684,6.438],[38.677,6.435],[38.668,6.435],[38.648,6.442],[38.646,6.424],[38.662,6.42],[38.673,6.41],[38.691,6.407],[38.708,6.394],[38.739,6.41],[38.759,6.41],[38.767,6.404],[38.769,6.411],[38.766,6.419],[38.763,6.447],[38.755,6.457],[38.756,6.47],[38.751,6.473],[38.728,6.497],[38.741,6.499],[38.742,6.505],[38.738,6.517],[38.739,6.524],[38.745,6.539],[38.756,6.552],[38.759,6.559],[38.765,6.58],[38.773,6.595],[38.778,6.616],[38.773,6.621],[38.769,6.627],[38.763,6.631],[38.747,6.611],[38.746,6.606],[38.741,6.602],[38.727,6.603],[38.716,6.607],[38.715,6.6],[38.709,6.604],[38.705,6.61],[38.7,6.613],[38.692,6.627],[38.679,6.637],[38.662,6.641],[38.648,6.64],[38.649,6.634],[38.647,6.627]]]}},{"type":"Feature","properties":{"name":"Bursa"},"geometry":{"type":"Polygon","coordinates":[[[38.592,6.729],[38.589,6.721],[38.583,6.715],[38.579,6.718],[38.572,6.72],[38.565,6.718],[38.55,6.717],[38.544,6.714],[38.54,6.709],[38.538,6.698],[38.517,6.689],[38.516,6.682],[38.511,6.676],[38.512,6.67],[38.517,6.663],[38.515,6.653],[38.511,6.646],[38.511,6.632],[38.513,6.626],[38.52,6.627],[38.526,6.613],[38.529,6.608],[38.537,6.608],[38.543,6.605],[38.546,6.599],[38.552,6.597],[38.554,6.581],[38.551,6.564],[38.547,6.55],[38.554,6.553],[38.561,6.552],[38.566,6.549],[38.568,6.556],[38.575,6.557],[38.576,6.549],[38.574,6.542],[38.576,6.536],[38.581,6.53],[38.597,6.536],[38.603,6.536],[38.61,6.534],[38.624,6.528],[38.629,6.54],[38.635,6.534],[38.642,6.535],[38.648,6.542],[38.656,6.547],[38.663,6.546],[38.668,6.55],[38.664,6.595],[38.664,6.606],[38.667,6.613],[38.662,6.625],[38.656,6.625],[38.647,6.627],[38.639,6.626],[38.634,6.634],[38.626,6.636],[38.616,6.658],[38.619,6.675],[38.613,6.683],[38.614,6.693],[38.602,6.718],[38.595,6.724],[38.592,6.729]]]}},{"type":"Feature","properties":{"name":"Bensa"},"geometry":{"type":"Polygon","coordinates":[[[38.839,6.676],[38.83,6.666],[38.826,6.657],[38.816,6.641],[38.81,6.637],[38.803,6.637],[38.795,6.631],[38.788,6.619],[38.778,6.616],[38.773,6.595],[38.765,6.58],[38.759,6.559],[38.756,6.552],[38.745,6.539],[38.739,6.524],[38.738,6.517],[38.742,6.505],[38.741,6.499],[38.728,6.497],[38.751,6.473],[38.756,6.47],[38.755,6.457],[38.763,6.447],[38.766,6.419],[38.769,6.411],[38.767,6.404],[38.784,6.389],[38.796,6.374],[38.813,6.357],[38.833,6.344],[38.835,6.363],[38.835,6.391],[38.838,6.396],[38.853,6.398],[38.859,6.401],[38.864,6.398],[38.869,6.405],[38.877,6.408],[38.891,6.419],[38.893,6.424],[38.884,6.43],[38.887,6.437],[38.886,6.456],[38.89,6.461],[38.888,6.471],[38.89,6.478],[38.89,6.483],[38.892,6.488],[38.9,6.501],[38.905,6.499],[38.912,6.502],[38.922,6.51],[38.928,6.527],[38.937,6.535],[38.941,6.54],[38.941,6.546],[38.946,6.56],[38.935,6.564],[38.928,6.562],[38.916,6.573],[38.918,6.58],[38.926,6.591],[38.933,6.596],[38.938,6.594],[38.943,6.596],[38.949,6.601],[38.957,6.599],[38.96,6.602],[38.943,6.612],[38.945,6.632],[38.95,6.645],[38.935,6.657],[38.919,6.66],[38.903,6.667],[38.878,6.669],[38.856,6.67],[38.839,6.676]]]}},{"type":"Feature","properties":{"name":"Mareko"},"geometry":{"type":"Polygon","coordinates":[[[38.585,8.109],[38.575,8.107],[38.569,8.091],[38.568,8.083],[38.561,8.073],[38.559,8.066],[38.542,8.064],[38.533,8.066],[38.522,8.075],[38.514,8.076],[38.507,8.074],[38.501,8.075],[38.5,8.082],[38.492,8.088],[38.48,8.076],[38.475,8.068],[38.497,8.058],[38.505,8.045],[38.515,8.044],[38.523,8.039],[38.524,8.016],[38.523,8.01],[38.519,8.006],[38.512,8.015],[38.506,8.02],[38.506,8.028],[38.502,8.034],[38.49,8.042],[38.477,8.049],[38.479,8.043],[38.486,8.037],[38.477,8.036],[38.472,8.032],[38.469,8.026],[38.462,8.025],[38.461,8.03],[38.455,8.032],[38.436,8.031],[38.437,8.014],[38.431,8.009],[38.425,7.99],[38.433,7.986],[38.44,7.98],[38.441,7.972],[38.432,7.948],[38.438,7.941],[38.462,7.927],[38.473,7.916],[38.489,7.903],[38.499,7.894],[38.52,7.867],[38.529,7.86],[38.55,7.872],[38.564,7.886],[38.567,7.907],[38.577,7.925],[38.587,7.939],[38.59,7.962],[38.598,7.992],[38.613,8.008],[38.611,8.013],[38.625,8.027],[38.629,8.035],[38.614,8.044],[38.617,8.058],[38.623,8.07],[38.594,8.092],[38.585,8.109]]]}},{"type":"Feature","properties":{"name":"Misha"},"geometry":{"type":"Polygon","coordinates":[[[37.604,7.916],[37.601,7.909],[37.595,7.869],[37.59,7.852],[37.593,7.848],[37.616,7.835],[37.658,7.828],[37.693,7.82],[37.72,7.838],[37.735,7.818],[37.732,7.76],[37.743,7.722],[37.764,7.69],[37.763,7.67],[37.742,7.607],[37.762,7.576],[37.786,7.577],[37.83,7.598],[37.849,7.646],[37.881,7.684],[37.865,7.753],[37.846,7.776],[37.836,7.78],[37.832,7.785],[37.829,7.793],[37.823,7.82],[37.817,7.828],[37.784,7.849],[37.769,7.861],[37.768,7.835],[37.741,7.838],[37.724,7.845],[37.738,7.872],[37.724,7.877],[37.707,7.879],[37.665,7.902],[37.639,7.91],[37.604,7.916]]]}},{"type":"Feature","properties":{"name":"Shashogo"},"geometry":{"type":"Polygon","coordinates":[[[38.045,7.643],[38.037,7.609],[38.038,7.583],[38.024,7.549],[37.966,7.521],[37.942,7.497],[37.894,7.454],[37.907,7.442],[37.919,7.423],[37.926,7.415],[37.934,7.412],[37.957,7.427],[37.968,7.425],[37.978,7.419],[38.011,7.411],[38.03,7.419],[38.049,7.417],[38.054,7.425],[38.107,7.451],[38.114,7.461],[38.115,7.471],[38.112,7.479],[38.097,7.492],[38.09,7.504],[38.094,7.512],[38.103,7.52],[38.102,7.551],[38.104,7.556],[38.113,7.564],[38.122,7.612],[38.087,7.613],[38.059,7.623],[38.045,7.643]]]}},{"type":"Feature","properties":{"name":"Mirab Abaya"},"geometry":{"type":"Polygon","coordinates":[[[37.852,6.301],[37.853,6.306],[37.851,6.328],[37.849,6.333],[37.841,6.38],[37.82,6.395],[37.809,6.411],[37.798,6.431],[37.797,6.451],[37.801,6.479],[37.809,6.502],[37.815,6.512],[37.819,6.545],[37.816,6.555],[37.804,6.561],[37.801,6.55],[37.781,6.532],[37.762,6.522],[37.762,6.49],[37.733,6.488],[37.717,6.478],[37.697,6.445],[37.67,6.448],[37.649,6.432],[37.614,6.373],[37.627,6.373],[37.641,6.347],[37.635,6.335],[37.626,6.325],[37.623,6.313],[37.628,6.301],[37.644,6.282],[37.651,6.256],[37.646,6.232],[37.63,6.21],[37.627,6.2],[37.625,6.178],[37.627,6.168],[37.634,6.154],[37.661,6.136],[37.68,6.128],[37.705,6.126],[37.714,6.127],[37.723,6.125],[37.76,6.126],[37.767,6.125],[37.777,6.115],[37.776,6.125],[37.779,6.151],[37.791,6.174],[37.811,6.197],[37.826,6.222],[37.841,6.25],[37.849,6.28],[37.852,6.301]]]}},{"type":"Feature","properties":{"name":"Ubadebretsehay"},"geometry":{"type":"Polygon","coordinates":[[[36.732,5.925],[36.739,5.915],[36.754,5.906],[36.766,5.905],[36.795,5.912],[36.807,5.912],[36.817,5.913],[36.824,5.922],[36.838,5.955],[36.846,5.964],[36.856,5.969],[36.865,5.976],[36.871,5.986],[36.877,5.994],[36.888,5.998],[36.897,5.999],[36.906,6.004],[36.912,6.009],[36.923,6.008],[36.933,6.005],[36.966,5.984],[36.981,5.956],[37.015,5.968],[37.031,6.0],[37.051,6.069],[37.001,6.096],[36.967,6.102],[36.955,6.128],[36.973,6.145],[36.975,6.171],[36.964,6.189],[36.948,6.209],[36.92,6.186],[36.907,6.172],[36.862,6.117],[36.85,6.114],[36.83,6.131],[36.818,6.136],[36.805,6.138],[36.79,6.135],[36.746,6.121],[36.724,6.117],[36.716,6.12],[36.688,6.096],[36.684,6.09],[36.691,6.086],[36.712,6.072],[36.715,6.063],[36.718,6.034],[36.719,5.987],[36.724,5.976],[36.726,5.967],[36.726,5.955],[36.728,5.939],[36.732,5.925]]]}},{"type":"Feature","properties":{"name":"Bena Tsemay"},"geometry":{"type":"Polygon","coordinates":[[[37.004,5.2],[37.016,5.269],[37.019,5.295],[37.034,5.334],[37.04,5.347],[37.039,5.352],[37.032,5.356],[37.035,5.365],[37.044,5.379],[37.051,5.38],[37.05,5.387],[37.058,5.399],[37.062,5.413],[37.064,5.427],[37.062,5.454],[37.055,5.469],[37.055,5.474],[37.049,5.494],[37.032,5.509],[37.013,5.519],[36.966,5.517],[36.939,5.509],[36.903,5.481],[36.88,5.511],[36.862,5.546],[36.858,5.56],[36.852,5.571],[36.84,5.576],[36.82,5.57],[36.811,5.574],[36.798,5.586],[36.782,5.615],[36.773,5.627],[36.766,5.64],[36.756,5.646],[36.744,5.664],[36.735,5.673],[36.712,5.691],[36.697,5.696],[36.684,5.697],[36.652,5.689],[36.64,5.681],[36.626,5.657],[36.619,5.656],[36.611,5.659],[36.605,5.667],[36.588,5.68],[36.577,5.685],[36.561,5.688],[36.548,5.687],[36.537,5.684],[36.505,5.66],[36.489,5.638],[36.477,5.626],[36.469,5.622],[36.462,5.626],[36.454,5.636],[36.445,5.645],[36.421,5.654],[36.391,5.673],[36.37,5.684],[36.336,5.692],[36.315,5.69],[36.302,5.682],[36.294,5.671],[36.287,5.657],[36.281,5.647],[36.28,5.639],[36.282,5.629],[36.28,5.62],[36.272,5.615],[36.257,5.601],[36.237,5.58],[36.218,5.547],[36.215,5.524],[36.217,5.506],[36.216,5.494],[36.206,5.474],[36.204,5.453],[36.24,5.458],[36.352,5.404],[36.38,5.342],[36.417,5.325],[36.446,5.347],[36.472,5.31],[36.522,5.267],[36.599,5.273],[36.646,5.302],[36.727,5.211],[36.812,5.215],[36.826,5.156],[36.861,5.159],[36.832,5.089],[36.826,5.041],[36.861,5.025],[36.868,5.008],[36.883,5.076],[36.894,5.111],[36.922,5.147],[36.95,5.196],[36.984,5.194],[37.004,5.2]]]}},{"type":"Feature","properties":{"name":"Kochere"},"geometry":{"type":"Polygon","coordinates":[[[38.208,5.93],[38.213,5.98],[38.223,5.99],[38.243,6.021],[38.244,6.049],[38.25,6.066],[38.269,6.086],[38.26,6.095],[38.252,6.109],[38.247,6.114],[38.238,6.113],[38.229,6.106],[38.219,6.1],[38.209,6.1],[38.201,6.104],[38.183,6.12],[38.176,6.123],[38.17,6.122],[38.163,6.116],[38.146,6.093],[38.136,6.088],[38.13,6.087],[38.12,6.088],[38.108,6.092],[38.099,6.088],[38.101,6.079],[38.106,6.067],[38.117,6.052],[38.122,6.018],[38.14,6.012],[38.151,6.002],[38.16,5.986],[38.171,5.958],[38.182,5.943],[38.205,5.936],[38.208,5.93]]]}},{"type":"Feature","properties":{"name":"Kochere Gedeb"},"geometry":{"type":"Polygon","coordinates":[[[38.201,5.866],[38.199,5.851],[38.209,5.842],[38.224,5.84],[38.24,5.846],[38.255,5.86],[38.271,5.87],[38.305,5.863],[38.311,5.865],[38.326,5.87],[38.359,5.903],[38.382,5.905],[38.391,5.914],[38.397,5.921],[38.389,5.934],[38.376,5.944],[38.339,5.957],[38.328,5.957],[38.32,5.976],[38.305,5.981],[38.294,5.975],[38.283,5.972],[38.273,5.988],[38.28,6.008],[38.315,6.029],[38.321,6.049],[38.329,6.062],[38.352,6.098],[38.356,6.105],[38.343,6.11],[38.332,6.121],[38.322,6.124],[38.304,6.116],[38.299,6.112],[38.291,6.104],[38.279,6.088],[38.269,6.086],[38.25,6.066],[38.244,6.049],[38.243,6.021],[38.223,5.99],[38.213,5.98],[38.208,5.93],[38.213,5.918],[38.216,5.895],[38.21,5.88],[38.201,5.866]]]}},{"type":"Feature","properties":{"name":"Wenago"},"geometry":{"type":"Polygon","coordinates":[[[38.206,6.326],[38.211,6.317],[38.213,6.31],[38.223,6.298],[38.231,6.284],[38.242,6.249],[38.244,6.235],[38.246,6.228],[38.26,6.227],[38.276,6.248],[38.282,6.24],[38.286,6.232],[38.301,6.22],[38.309,6.218],[38.312,6.232],[38.317,6.245],[38.322,6.253],[38.327,6.272],[38.307,6.341],[38.289,6.361],[38.273,6.349],[38.249,6.338],[38.232,6.332],[38.215,6.331],[38.206,6.326]]]}},{"type":"Feature","properties":{"name":"Dila Zuria"},"geometry":{"type":"Polygon","coordinates":[[[38.289,6.361],[38.307,6.341],[38.327,6.272],[38.322,6.253],[38.33,6.258],[38.348,6.255],[38.346,6.275],[38.338,6.298],[38.344,6.308],[38.359,6.323],[38.367,6.341],[38.377,6.346],[38.384,6.357],[38.387,6.365],[38.395,6.371],[38.398,6.382],[38.399,6.388],[38.395,6.393],[38.393,6.403],[38.385,6.407],[38.359,6.406],[38.341,6.411],[38.328,6.408],[38.317,6.409],[38.311,6.417],[38.304,6.416],[38.297,6.417],[38.294,6.397],[38.294,6.373],[38.289,6.361]]]}},{"type":"Feature","properties":{"name":"Boricha"},"geometry":{"type":"Polygon","coordinates":[[[38.13,6.975],[38.127,6.962],[38.13,6.943],[38.129,6.93],[38.121,6.883],[38.111,6.855],[38.094,6.829],[38.091,6.82],[38.077,6.791],[38.087,6.777],[38.099,6.782],[38.12,6.786],[38.127,6.791],[38.139,6.791],[38.144,6.789],[38.157,6.772],[38.16,6.762],[38.169,6.76],[38.18,6.761],[38.186,6.766],[38.195,6.781],[38.198,6.786],[38.204,6.789],[38.209,6.792],[38.215,6.792],[38.221,6.795],[38.226,6.8],[38.246,6.806],[38.261,6.812],[38.272,6.819],[38.279,6.818],[38.291,6.813],[38.301,6.812],[38.313,6.811],[38.332,6.816],[38.344,6.822],[38.349,6.827],[38.35,6.835],[38.347,6.844],[38.349,6.854],[38.348,6.859],[38.353,6.865],[38.349,6.875],[38.362,6.876],[38.377,6.875],[38.376,6.886],[38.382,6.888],[38.387,6.891],[38.387,6.898],[38.39,6.909],[38.391,6.92],[38.393,6.926],[38.39,6.944],[38.379,6.949],[38.368,6.943],[38.362,6.948],[38.347,6.964],[38.336,6.966],[38.334,6.971],[38.33,6.977],[38.325,6.98],[38.323,6.964],[38.315,6.964],[38.308,6.97],[38.295,6.974],[38.289,6.989],[38.282,7.001],[38.268,7.014],[38.261,7.015],[38.256,7.019],[38.251,7.02],[38.245,7.025],[38.242,7.029],[38.239,7.021],[38.217,7.016],[38.195,7.014],[38.171,7.002],[38.147,6.979],[38.13,6.975]]]}},{"type":"Feature","properties":{"name":"Diguna Fango"},"geometry":{"type":"Polygon","coordinates":[[[38.062,7.073],[38.049,7.074],[38.029,7.067],[38.021,7.067],[37.998,7.063],[37.989,7.039],[37.975,7.019],[37.97,6.982],[37.961,6.967],[37.966,6.948],[37.966,6.939],[37.975,6.933],[37.978,6.926],[37.979,6.917],[37.977,6.912],[37.982,6.904],[37.999,6.894],[38.001,6.889],[38.0,6.882],[38.003,6.874],[38.005,6.838],[38.04,6.813],[38.062,6.821],[38.091,6.82],[38.094,6.829],[38.111,6.855],[38.121,6.883],[38.129,6.93],[38.13,6.943],[38.127,6.962],[38.13,6.975],[38.118,6.982],[38.11,7.001],[38.103,7.012],[38.089,7.024],[38.074,7.031],[38.065,7.045],[38.064,7.067],[38.062,7.073]]]}},{"type":"Feature","properties":{"name":"Damot Weydie"},"geometry":{"type":"Polygon","coordinates":[[[37.844,6.883],[37.84,6.868],[37.841,6.85],[37.863,6.82],[37.873,6.799],[37.878,6.787],[37.918,6.77],[37.928,6.763],[37.941,6.757],[37.955,6.754],[37.964,6.749],[37.971,6.741],[37.978,6.725],[37.986,6.716],[38.008,6.722],[38.018,6.723],[38.034,6.721],[38.031,6.69],[38.032,6.678],[38.048,6.692],[38.052,6.701],[38.053,6.713],[38.063,6.737],[38.077,6.791],[38.091,6.82],[38.062,6.821],[38.04,6.813],[38.005,6.838],[38.003,6.874],[38.0,6.882],[38.001,6.889],[37.999,6.894],[37.982,6.904],[37.977,6.912],[37.979,6.917],[37.978,6.926],[37.975,6.933],[37.966,6.939],[37.966,6.948],[37.961,6.967],[37.936,6.949],[37.909,6.936],[37.871,6.915],[37.86,6.906],[37.85,6.895],[37.844,6.883]]]}},{"type":"Feature","properties":{"name":"Misrak Badawacho"},"geometry":{"type":"Polygon","coordinates":[[[38.101,7.208],[38.095,7.231],[38.087,7.248],[38.084,7.262],[38.081,7.27],[38.074,7.28],[38.053,7.297],[38.044,7.273],[38.025,7.246],[38.006,7.214],[37.983,7.191],[37.945,7.187],[37.909,7.187],[37.895,7.208],[37.89,7.194],[37.897,7.187],[37.891,7.176],[37.899,7.148],[37.914,7.114],[37.922,7.104],[37.931,7.099],[37.945,7.11],[37.96,7.11],[37.967,7.104],[37.978,7.097],[37.983,7.089],[37.992,7.065],[37.998,7.063],[38.021,7.067],[38.029,7.067],[38.049,7.074],[38.062,7.073],[38.067,7.089],[38.07,7.124],[38.077,7.155],[38.079,7.181],[38.088,7.196],[38.101,7.208]]]}},{"type":"Feature","properties":{"name":"Mierab Badawacho"},"geometry":{"type":"Polygon","coordinates":[[[37.708,7.144],[37.714,7.138],[37.755,7.111],[37.773,7.105],[37.794,7.099],[37.819,7.094],[37.84,7.106],[37.851,7.106],[37.879,7.094],[37.887,7.094],[37.907,7.113],[37.914,7.114],[37.899,7.148],[37.891,7.176],[37.897,7.187],[37.89,7.194],[37.895,7.208],[37.874,7.204],[37.851,7.197],[37.821,7.183],[37.777,7.158],[37.713,7.144],[37.708,7.144]]]}},{"type":"Feature","properties":{"name":"Kebena"},"geometry":{"type":"Polygon","coordinates":[[[38.053,8.384],[38.04,8.39],[38.029,8.391],[38.009,8.374],[37.989,8.361],[37.949,8.369],[37.929,8.379],[37.911,8.372],[37.888,8.351],[37.864,8.337],[37.84,8.333],[37.817,8.333],[37.797,8.336],[37.78,8.341],[37.766,8.348],[37.767,8.334],[37.765,8.311],[37.737,8.313],[37.731,8.293],[37.752,8.256],[37.762,8.227],[37.774,8.236],[37.782,8.24],[37.794,8.241],[37.825,8.25],[37.839,8.255],[37.889,8.257],[37.927,8.267],[37.948,8.275],[37.963,8.286],[37.975,8.296],[37.983,8.305],[38.0,8.322],[38.015,8.329],[38.052,8.339],[38.069,8.341],[38.086,8.347],[38.118,8.355],[38.125,8.363],[38.117,8.369],[38.103,8.376],[38.091,8.379],[38.082,8.386],[38.078,8.382],[38.068,8.377],[38.053,8.384]]]}},{"type":"Feature","properties":{"name":"Muhur Na Aklil"},"geometry":{"type":"Polygon","coordinates":[[[37.983,8.305],[37.975,8.296],[37.963,8.286],[37.948,8.275],[37.927,8.267],[37.889,8.257],[37.902,8.212],[37.935,8.214],[37.98,8.179],[38.026,8.188],[38.078,8.188],[38.128,8.141],[38.176,8.13],[38.255,8.101],[38.266,8.1],[38.272,8.128],[38.286,8.156],[38.298,8.185],[38.283,8.187],[38.253,8.201],[38.207,8.207],[38.183,8.206],[38.166,8.203],[38.149,8.206],[38.136,8.219],[38.126,8.232],[38.116,8.241],[38.1,8.249],[38.04,8.271],[37.988,8.301],[37.983,8.305]]]}},{"type":"Feature","properties":{"name":"Hamer"},"geometry":{"type":"Polygon","coordinates":[[[36.868,5.008],[36.861,5.025],[36.826,5.041],[36.832,5.089],[36.861,5.159],[36.826,5.156],[36.812,5.215],[36.727,5.211],[36.646,5.302],[36.599,5.273],[36.522,5.267],[36.472,5.31],[36.446,5.347],[36.417,5.325],[36.38,5.342],[36.352,5.404],[36.24,5.458],[36.204,5.453],[36.212,5.405],[36.212,5.387],[36.198,5.361],[36.193,5.339],[36.194,5.282],[36.185,5.263],[36.179,5.237],[36.185,5.206],[36.179,5.185],[36.161,5.17],[36.139,5.138],[36.142,5.04],[36.141,4.857],[36.141,4.835],[36.178,4.772],[36.252,4.757],[36.368,4.722],[36.388,4.714],[36.388,4.681],[36.389,4.666],[36.381,4.646],[36.351,4.602],[36.374,4.532],[36.398,4.441],[36.455,4.445],[36.544,4.441],[36.618,4.451],[36.641,4.451],[36.657,4.441],[36.713,4.441],[36.658,4.582],[36.682,4.606],[36.647,4.712],[36.829,4.711],[36.856,4.737],[36.864,4.794],[36.862,4.936],[36.866,4.946],[36.861,4.98],[36.868,5.008]]]}},{"type":"Feature","properties":{"name":"Dasenech (Kuraz)"},"geometry":{"type":"Polygon","coordinates":[[[35.809,4.985],[35.805,4.947],[35.805,4.924],[35.799,4.88],[35.794,4.805],[35.787,4.751],[35.787,4.733],[35.827,4.682],[35.847,4.653],[35.874,4.626],[35.904,4.591],[35.966,4.513],[35.998,4.493],[36.04,4.456],[36.05,4.451],[36.089,4.45],[36.115,4.451],[36.156,4.448],[36.21,4.446],[36.245,4.456],[36.266,4.445],[36.354,4.444],[36.398,4.441],[36.374,4.532],[36.351,4.602],[36.381,4.646],[36.389,4.666],[36.388,4.681],[36.388,4.714],[36.368,4.722],[36.252,4.757],[36.178,4.772],[36.141,4.835],[36.141,4.857],[36.01,4.856],[35.975,4.902],[35.968,4.954],[35.914,4.974],[35.84,4.986],[35.809,4.985]]]}},{"type":"Feature","properties":{"name":"Bero"},"geometry":{"type":"Polygon","coordinates":[[[35.107,6.32],[35.117,6.308],[35.124,6.295],[35.124,6.281],[35.128,6.271],[35.133,6.264],[35.146,6.253],[35.154,6.242],[35.152,6.232],[35.13,6.221],[35.125,6.212],[35.127,6.198],[35.135,6.188],[35.145,6.182],[35.157,6.18],[35.179,6.167],[35.195,6.161],[35.213,6.157],[35.232,6.159],[35.241,6.165],[35.246,6.17],[35.268,6.179],[35.276,6.201],[35.282,6.232],[35.247,6.281],[35.251,6.31],[35.257,6.333],[35.273,6.347],[35.302,6.349],[35.323,6.363],[35.344,6.363],[35.366,6.373],[35.385,6.378],[35.381,6.421],[35.366,6.454],[35.351,6.454],[35.338,6.45],[35.324,6.433],[35.309,6.431],[35.295,6.437],[35.277,6.462],[35.27,6.476],[35.264,6.484],[35.246,6.5],[35.227,6.488],[35.21,6.488],[35.196,6.493],[35.186,6.491],[35.175,6.468],[35.187,6.446],[35.2,6.412],[35.179,6.381],[35.166,6.384],[35.144,6.399],[35.132,6.397],[35.12,6.348],[35.107,6.32]]]}},{"type":"Feature","properties":{"name":"Gurafereda"},"geometry":{"type":"Polygon","coordinates":[[[34.971,7.235],[34.966,7.216],[34.943,7.194],[34.899,7.186],[34.891,7.161],[34.893,7.093],[34.878,7.071],[34.885,7.032],[34.903,7.032],[34.912,6.989],[34.946,6.945],[34.975,6.926],[34.999,6.894],[34.993,6.865],[34.97,6.861],[34.946,6.828],[34.934,6.798],[34.986,6.799],[35.044,6.812],[35.081,6.812],[35.148,6.762],[35.18,6.729],[35.179,6.711],[35.198,6.681],[35.188,6.658],[35.187,6.628],[35.196,6.599],[35.188,6.559],[35.186,6.491],[35.196,6.493],[35.21,6.488],[35.227,6.488],[35.246,6.5],[35.26,6.516],[35.277,6.53],[35.293,6.541],[35.308,6.554],[35.319,6.567],[35.326,6.585],[35.338,6.6],[35.349,6.611],[35.372,6.656],[35.399,6.698],[35.408,6.711],[35.431,6.736],[35.431,6.745],[35.412,6.771],[35.395,6.788],[35.39,6.795],[35.389,6.806],[35.39,6.85],[35.387,6.863],[35.378,6.874],[35.376,6.894],[35.369,6.925],[35.368,6.939],[35.369,6.956],[35.373,6.97],[35.359,6.979],[35.347,6.998],[35.339,7.017],[35.339,7.045],[35.301,7.117],[35.281,7.131],[35.265,7.137],[35.235,7.139],[35.219,7.109],[35.205,7.101],[35.115,7.103],[35.084,7.126],[35.055,7.185],[35.022,7.187],[35.012,7.196],[34.979,7.214],[34.971,7.235]]]}},{"type":"Feature","properties":{"name":"Sheka"},"geometry":{"type":"Polygon","coordinates":[[[35.301,7.117],[35.339,7.045],[35.339,7.017],[35.347,6.998],[35.359,6.979],[35.373,6.97],[35.382,6.98],[35.402,6.988],[35.42,6.979],[35.432,6.978],[35.446,6.979],[35.458,6.986],[35.472,7.001],[35.483,7.01],[35.497,7.013],[35.526,7.023],[35.538,7.026],[35.549,7.036],[35.555,7.056],[35.568,7.066],[35.574,7.104],[35.593,7.122],[35.593,7.132],[35.585,7.143],[35.583,7.149],[35.601,7.171],[35.607,7.181],[35.608,7.189],[35.569,7.184],[35.547,7.178],[35.531,7.167],[35.517,7.162],[35.455,7.169],[35.437,7.164],[35.431,7.16],[35.431,7.142],[35.434,7.128],[35.417,7.119],[35.399,7.124],[35.381,7.124],[35.373,7.118],[35.355,7.12],[35.332,7.128],[35.314,7.116],[35.301,7.117]]]}},{"type":"Feature","properties":{"name":"Debub Bench"},"geometry":{"type":"Polygon","coordinates":[[[35.53,6.746],[35.561,6.767],[35.581,6.789],[35.599,6.789],[35.686,6.83],[35.693,6.859],[35.683,6.885],[35.658,6.888],[35.627,6.885],[35.614,6.892],[35.605,6.917],[35.591,6.962],[35.588,7.012],[35.539,6.999],[35.526,7.023],[35.497,7.013],[35.483,7.01],[35.472,7.001],[35.458,6.986],[35.446,6.979],[35.432,6.978],[35.42,6.979],[35.402,6.988],[35.382,6.98],[35.373,6.97],[35.369,6.956],[35.368,6.939],[35.369,6.925],[35.376,6.894],[35.378,6.874],[35.387,6.863],[35.39,6.85],[35.389,6.806],[35.39,6.795],[35.395,6.788],[35.412,6.771],[35.431,6.745],[35.451,6.746],[35.465,6.75],[35.491,6.751],[35.516,6.737],[35.53,6.746]]]}},{"type":"Feature","properties":{"name":"Semen Bench"},"geometry":{"type":"Polygon","coordinates":[[[35.608,7.189],[35.607,7.181],[35.601,7.171],[35.583,7.149],[35.585,7.143],[35.593,7.132],[35.593,7.122],[35.574,7.104],[35.568,7.066],[35.555,7.056],[35.549,7.036],[35.538,7.026],[35.526,7.023],[35.539,6.999],[35.588,7.012],[35.591,6.962],[35.605,6.917],[35.653,6.952],[35.684,6.985],[35.69,6.989],[35.691,7.009],[35.698,7.022],[35.722,7.046],[35.729,7.06],[35.723,7.068],[35.709,7.074],[35.709,7.083],[35.716,7.091],[35.719,7.103],[35.713,7.115],[35.697,7.154],[35.671,7.208],[35.665,7.21],[35.647,7.199],[35.634,7.194],[35.62,7.193],[35.608,7.189]]]}},{"type":"Feature","properties":{"name":"Menit Goldiye"},"geometry":{"type":"Polygon","coordinates":[[[35.922,7.12],[35.914,7.115],[35.877,7.101],[35.87,7.096],[35.866,7.085],[35.867,7.068],[35.88,7.035],[35.868,7.027],[35.857,7.023],[35.848,7.013],[35.843,6.998],[35.839,6.991],[35.847,6.987],[35.853,6.976],[35.851,6.961],[35.845,6.948],[35.839,6.93],[35.839,6.919],[35.851,6.893],[35.857,6.855],[35.857,6.846],[35.832,6.838],[35.808,6.813],[35.758,6.775],[35.74,6.782],[35.718,6.801],[35.704,6.805],[35.669,6.75],[35.651,6.74],[35.628,6.744],[35.613,6.765],[35.599,6.789],[35.581,6.789],[35.561,6.767],[35.53,6.746],[35.533,6.712],[35.548,6.684],[35.569,6.659],[35.604,6.629],[35.646,6.623],[35.681,6.63],[35.748,6.665],[35.813,6.666],[35.848,6.674],[35.862,6.659],[35.842,6.632],[35.83,6.609],[35.845,6.589],[35.887,6.589],[35.914,6.604],[35.934,6.631],[35.955,6.63],[35.964,6.581],[35.999,6.571],[36.049,6.578],[36.081,6.597],[36.098,6.615],[36.091,6.622],[36.085,6.633],[36.081,6.646],[36.08,6.659],[36.083,6.694],[36.082,6.705],[36.064,6.728],[36.07,6.75],[36.07,6.779],[36.075,6.799],[36.074,6.817],[36.059,6.848],[36.052,6.878],[36.04,6.911],[36.025,6.929],[36.02,6.937],[36.016,6.946],[36.012,6.985],[36.01,6.992],[36.007,7.002],[35.997,7.017],[35.981,7.055],[35.963,7.085],[35.955,7.093],[35.948,7.103],[35.935,7.109],[35.922,7.12]]]}},{"type":"Feature","properties":{"name":"Gelila"},"geometry":{"type":"Polygon","coordinates":[[[36.691,6.086],[36.684,6.09],[36.688,6.096],[36.716,6.12],[36.721,6.124],[36.728,6.133],[36.732,6.142],[36.736,6.153],[36.736,6.166],[36.733,6.179],[36.709,6.212],[36.7,6.22],[36.684,6.227],[36.671,6.229],[36.656,6.227],[36.641,6.223],[36.612,6.219],[36.574,6.21],[36.564,6.206],[36.558,6.202],[36.539,6.179],[36.53,6.175],[36.549,6.16],[36.556,6.134],[36.573,6.111],[36.607,6.104],[36.655,6.088],[36.691,6.086]]]}},{"type":"Feature","properties":{"name":"Male"},"geometry":{"type":"Polygon","coordinates":[[[36.684,5.697],[36.697,5.696],[36.712,5.691],[36.735,5.673],[36.744,5.664],[36.756,5.646],[36.766,5.64],[36.773,5.627],[36.782,5.615],[36.798,5.586],[36.811,5.574],[36.82,5.57],[36.84,5.576],[36.852,5.571],[36.858,5.56],[36.862,5.546],[36.88,5.511],[36.903,5.481],[36.939,5.509],[36.966,5.517],[37.013,5.519],[37.023,5.52],[37.017,5.529],[37.013,5.54],[37.012,5.547],[37.014,5.558],[37.011,5.563],[37.016,5.565],[37.015,5.576],[37.018,5.584],[37.019,5.591],[37.016,5.597],[37.026,5.606],[37.025,5.616],[37.031,5.619],[37.025,5.629],[37.016,5.651],[37.004,5.673],[37.001,5.694],[37.009,5.766],[37.01,5.781],[37.008,5.801],[37.009,5.832],[37.012,5.876],[37.01,5.891],[37.005,5.914],[36.981,5.956],[36.966,5.984],[36.933,6.005],[36.923,6.008],[36.912,6.009],[36.906,6.004],[36.897,5.999],[36.888,5.998],[36.877,5.994],[36.871,5.986],[36.865,5.976],[36.856,5.969],[36.846,5.964],[36.838,5.955],[36.824,5.922],[36.817,5.913],[36.807,5.912],[36.795,5.912],[36.766,5.905],[36.754,5.906],[36.739,5.915],[36.732,5.925],[36.711,5.919],[36.672,5.891],[36.672,5.865],[36.698,5.833],[36.7,5.795],[36.688,5.735],[36.684,5.697]]]}},{"type":"Feature","properties":{"name":"Ayida"},"geometry":{"type":"Polygon","coordinates":[[[36.828,6.243],[36.811,6.237],[36.783,6.223],[36.755,6.228],[36.709,6.212],[36.733,6.179],[36.736,6.166],[36.736,6.153],[36.732,6.142],[36.728,6.133],[36.721,6.124],[36.716,6.12],[36.724,6.117],[36.746,6.121],[36.79,6.135],[36.805,6.138],[36.818,6.136],[36.83,6.131],[36.85,6.114],[36.862,6.117],[36.907,6.172],[36.886,6.19],[36.881,6.213],[36.883,6.248],[36.858,6.234],[36.833,6.245],[36.828,6.243]]]}},{"type":"Feature","properties":{"name":"Geze Gofa"},"geometry":{"type":"Polygon","coordinates":[[[36.686,6.333],[36.69,6.324],[36.678,6.294],[36.676,6.286],[36.676,6.269],[36.676,6.26],[36.683,6.24],[36.684,6.227],[36.7,6.22],[36.709,6.212],[36.755,6.228],[36.783,6.223],[36.811,6.237],[36.828,6.243],[36.829,6.258],[36.842,6.286],[36.849,6.309],[36.844,6.331],[36.869,6.353],[36.922,6.393],[36.919,6.414],[36.908,6.442],[36.905,6.475],[36.882,6.513],[36.877,6.505],[36.872,6.489],[36.832,6.469],[36.808,6.459],[36.792,6.447],[36.764,6.436],[36.752,6.429],[36.734,6.405],[36.727,6.381],[36.721,6.371],[36.696,6.345],[36.692,6.338],[36.686,6.333]]]}},{"type":"Feature","properties":{"name":"Tocha"},"geometry":{"type":"Polygon","coordinates":[[[36.965,7.226],[36.933,7.221],[36.899,7.222],[36.868,7.22],[36.863,7.205],[36.858,7.195],[36.856,7.183],[36.853,7.169],[36.855,7.158],[36.853,7.141],[36.841,7.107],[36.832,7.091],[36.82,7.076],[36.816,7.054],[36.818,7.036],[36.818,7.022],[36.811,7.012],[36.801,7.002],[36.793,6.986],[36.787,6.969],[36.834,6.973],[36.919,6.97],[36.948,6.995],[36.976,7.024],[37.011,7.002],[37.023,6.992],[37.025,7.009],[37.034,7.021],[37.053,7.038],[37.082,7.052],[37.094,7.06],[37.105,7.071],[37.111,7.083],[37.121,7.117],[37.126,7.144],[37.136,7.173],[37.138,7.184],[37.138,7.193],[37.116,7.214],[37.111,7.226],[37.106,7.226],[37.069,7.236],[37.04,7.241],[37.004,7.236],[36.965,7.226]]]}},{"type":"Feature","properties":{"name":"Gena Bosa"},"geometry":{"type":"Polygon","coordinates":[[[37.201,7.283],[37.184,7.266],[37.155,7.242],[37.129,7.23],[37.111,7.226],[37.134,7.214],[37.155,7.19],[37.193,7.159],[37.224,7.128],[37.251,7.107],[37.26,7.088],[37.261,7.019],[37.293,6.992],[37.34,6.979],[37.383,6.955],[37.416,6.945],[37.418,6.971],[37.415,6.987],[37.416,6.996],[37.419,7.008],[37.435,7.029],[37.442,7.052],[37.451,7.072],[37.452,7.091],[37.449,7.103],[37.452,7.114],[37.46,7.131],[37.468,7.138],[37.507,7.156],[37.514,7.163],[37.528,7.182],[37.536,7.189],[37.52,7.199],[37.508,7.201],[37.481,7.188],[37.475,7.187],[37.457,7.2],[37.427,7.219],[37.406,7.228],[37.391,7.236],[37.386,7.243],[37.383,7.25],[37.353,7.269],[37.348,7.279],[37.349,7.3],[37.361,7.312],[37.345,7.334],[37.337,7.342],[37.332,7.345],[37.288,7.336],[37.263,7.327],[37.239,7.313],[37.212,7.294],[37.201,7.283]]]}},{"type":"Feature","properties":{"name":"Tulo"},"geometry":{"type":"Polygon","coordinates":[[[36.381,7.226],[36.322,7.113],[36.317,7.085],[36.312,7.066],[36.325,7.037],[36.357,7.059],[36.382,7.035],[36.414,7.022],[36.447,7.027],[36.447,6.989],[36.482,6.98],[36.499,6.982],[36.514,6.982],[36.525,6.991],[36.54,7.013],[36.554,7.021],[36.582,7.054],[36.587,7.058],[36.59,7.067],[36.586,7.084],[36.587,7.104],[36.587,7.113],[36.591,7.118],[36.57,7.134],[36.564,7.14],[36.551,7.157],[36.547,7.167],[36.541,7.176],[36.534,7.178],[36.526,7.176],[36.509,7.175],[36.5,7.18],[36.471,7.201],[36.46,7.204],[36.441,7.206],[36.426,7.202],[36.42,7.198],[36.412,7.197],[36.403,7.201],[36.396,7.206],[36.381,7.226]]]}},{"type":"Feature","properties":{"name":"Sayilem"},"geometry":{"type":"Polygon","coordinates":[[[35.629,7.822],[35.637,7.79],[35.697,7.743],[35.774,7.703],[35.851,7.692],[35.874,7.706],[35.911,7.728],[35.953,7.771],[35.942,7.775],[35.923,7.788],[35.899,7.808],[35.876,7.823],[35.861,7.83],[35.849,7.84],[35.852,7.849],[35.86,7.861],[35.875,7.877],[35.888,7.894],[35.903,7.927],[35.906,7.947],[35.9,7.972],[35.889,8.002],[35.873,8.06],[35.87,8.066],[35.862,8.078],[35.817,8.084],[35.81,8.083],[35.799,8.08],[35.767,8.082],[35.754,8.069],[35.745,8.052],[35.729,8.041],[35.726,8.032],[35.724,8.024],[35.739,7.99],[35.768,7.97],[35.772,7.964],[35.783,7.955],[35.796,7.949],[35.801,7.942],[35.8,7.934],[35.793,7.922],[35.763,7.884],[35.74,7.868],[35.717,7.857],[35.704,7.86],[35.694,7.866],[35.677,7.855],[35.668,7.846],[35.629,7.822]]]}},{"type":"Feature","properties":{"name":"Bita (Big)"},"geometry":{"type":"Polygon","coordinates":[[[35.665,7.21],[35.671,7.208],[35.708,7.21],[35.738,7.22],[35.787,7.22],[35.836,7.28],[35.84,7.326],[35.849,7.376],[35.825,7.397],[35.818,7.422],[35.799,7.456],[35.795,7.471],[35.798,7.489],[35.805,7.511],[35.796,7.524],[35.785,7.536],[35.769,7.541],[35.744,7.536],[35.714,7.503],[35.675,7.515],[35.634,7.515],[35.596,7.486],[35.565,7.478],[35.53,7.488],[35.525,7.485],[35.517,7.469],[35.51,7.441],[35.489,7.427],[35.5,7.397],[35.493,7.383],[35.487,7.358],[35.489,7.313],[35.482,7.279],[35.482,7.271],[35.485,7.262],[35.491,7.256],[35.501,7.253],[35.523,7.259],[35.545,7.251],[35.556,7.257],[35.567,7.252],[35.574,7.244],[35.584,7.24],[35.594,7.246],[35.603,7.243],[35.61,7.235],[35.619,7.236],[35.624,7.238],[35.632,7.232],[35.653,7.231],[35.659,7.229],[35.665,7.21]]]}},{"type":"Feature","properties":{"name":"Getawa"},"geometry":{"type":"Polygon","coordinates":[[[35.953,7.771],[35.911,7.728],[35.874,7.706],[35.877,7.696],[35.874,7.672],[35.865,7.636],[35.821,7.618],[35.8,7.577],[35.829,7.548],[35.785,7.536],[35.796,7.524],[35.805,7.511],[35.814,7.506],[35.837,7.48],[35.882,7.446],[35.931,7.447],[35.963,7.444],[35.982,7.437],[35.994,7.428],[35.998,7.421],[36.011,7.405],[36.019,7.391],[36.018,7.381],[36.024,7.369],[36.024,7.357],[36.02,7.351],[36.064,7.349],[36.066,7.398],[36.098,7.403],[36.118,7.441],[36.148,7.462],[36.199,7.462],[36.217,7.492],[36.201,7.505],[36.182,7.525],[36.157,7.544],[36.128,7.557],[36.088,7.555],[36.063,7.559],[36.046,7.567],[36.036,7.574],[36.033,7.593],[36.048,7.635],[36.053,7.655],[36.043,7.676],[36.021,7.693],[35.998,7.746],[35.987,7.756],[35.953,7.771]]]}},{"type":"Feature","properties":{"name":"Anderacha"},"geometry":{"type":"Polygon","coordinates":[[[35.263,7.481],[35.273,7.473],[35.31,7.48],[35.321,7.464],[35.33,7.463],[35.346,7.454],[35.357,7.438],[35.374,7.429],[35.369,7.416],[35.393,7.397],[35.438,7.396],[35.468,7.412],[35.489,7.427],[35.51,7.441],[35.517,7.469],[35.525,7.485],[35.53,7.488],[35.538,7.492],[35.576,7.503],[35.588,7.512],[35.583,7.558],[35.58,7.579],[35.576,7.594],[35.564,7.58],[35.547,7.564],[35.537,7.552],[35.505,7.561],[35.468,7.59],[35.448,7.631],[35.436,7.658],[35.419,7.668],[35.401,7.669],[35.387,7.663],[35.387,7.639],[35.374,7.632],[35.348,7.65],[35.308,7.689],[35.285,7.719],[35.291,7.748],[35.276,7.747],[35.249,7.728],[35.223,7.704],[35.221,7.681],[35.221,7.664],[35.213,7.653],[35.174,7.655],[35.117,7.646],[35.116,7.632],[35.146,7.631],[35.167,7.616],[35.165,7.582],[35.171,7.556],[35.173,7.534],[35.147,7.521],[35.139,7.513],[35.128,7.497],[35.121,7.485],[35.123,7.48],[35.162,7.473],[35.19,7.457],[35.21,7.473],[35.245,7.475],[35.254,7.48],[35.263,7.481]]]}},{"type":"Feature","properties":{"name":"Hadero Tubito"},"geometry":{"type":"Polygon","coordinates":[[[37.715,7.293],[37.703,7.275],[37.693,7.267],[37.668,7.278],[37.64,7.303],[37.632,7.304],[37.616,7.281],[37.605,7.269],[37.597,7.263],[37.598,7.234],[37.597,7.211],[37.573,7.188],[37.55,7.178],[37.554,7.174],[37.566,7.171],[37.632,7.165],[37.645,7.165],[37.666,7.16],[37.686,7.154],[37.715,7.208],[37.725,7.266],[37.715,7.293]]]}},{"type":"Feature","properties":{"name":"Dune"},"geometry":{"type":"Polygon","coordinates":[[[37.738,7.342],[37.747,7.358],[37.758,7.37],[37.772,7.391],[37.758,7.4],[37.721,7.381],[37.693,7.391],[37.653,7.391],[37.641,7.354],[37.61,7.374],[37.575,7.354],[37.548,7.322],[37.592,7.311],[37.592,7.305],[37.58,7.279],[37.579,7.272],[37.582,7.261],[37.591,7.259],[37.597,7.263],[37.605,7.269],[37.616,7.281],[37.632,7.304],[37.64,7.303],[37.668,7.278],[37.693,7.267],[37.703,7.275],[37.715,7.293],[37.72,7.307],[37.725,7.316],[37.738,7.342]]]}},{"type":"Feature","properties":{"name":"Gembora"},"geometry":{"type":"Polygon","coordinates":[[[37.451,7.568],[37.492,7.558],[37.548,7.499],[37.661,7.502],[37.729,7.507],[37.759,7.532],[37.786,7.577],[37.762,7.576],[37.742,7.607],[37.673,7.629],[37.65,7.645],[37.619,7.642],[37.595,7.665],[37.565,7.685],[37.544,7.685],[37.53,7.655],[37.523,7.647],[37.516,7.633],[37.499,7.61],[37.482,7.593],[37.451,7.568]]]}},{"type":"Feature","properties":{"name":"Misrak Azenet Berbere"},"geometry":{"type":"Polygon","coordinates":[[[38.067,7.895],[38.061,7.885],[38.045,7.864],[38.032,7.845],[38.006,7.823],[37.999,7.818],[37.993,7.825],[37.974,7.797],[37.958,7.752],[37.958,7.717],[37.964,7.697],[37.978,7.704],[37.998,7.7],[38.034,7.7],[38.036,7.706],[38.031,7.726],[38.037,7.734],[38.039,7.748],[38.046,7.765],[38.046,7.787],[38.048,7.797],[38.053,7.807],[38.065,7.818],[38.073,7.822],[38.084,7.839],[38.087,7.858],[38.097,7.884],[38.079,7.896],[38.067,7.895]]]}},{"type":"Feature","properties":{"name":"Endiguagn"},"geometry":{"type":"Polygon","coordinates":[[[37.769,7.861],[37.784,7.849],[37.817,7.828],[37.823,7.82],[37.829,7.793],[37.832,7.785],[37.836,7.78],[37.846,7.776],[37.865,7.753],[37.889,7.768],[37.891,7.775],[37.899,7.779],[37.916,7.777],[37.926,7.784],[37.937,7.797],[37.93,7.819],[37.921,7.844],[37.92,7.852],[37.924,7.882],[37.92,7.911],[37.912,7.925],[37.91,7.894],[37.903,7.847],[37.868,7.854],[37.816,7.867],[37.763,7.883],[37.769,7.861]]]}},{"type":"Feature","properties":{"name":"Limu"},"geometry":{"type":"Polygon","coordinates":[[[37.758,7.4],[37.772,7.391],[37.787,7.417],[37.803,7.421],[37.828,7.447],[37.837,7.475],[37.857,7.471],[37.864,7.474],[37.878,7.462],[37.887,7.457],[37.894,7.454],[37.942,7.497],[37.966,7.521],[37.946,7.547],[37.94,7.584],[37.909,7.62],[37.908,7.663],[37.881,7.684],[37.849,7.646],[37.83,7.598],[37.786,7.577],[37.759,7.532],[37.729,7.507],[37.731,7.471],[37.776,7.456],[37.77,7.429],[37.758,7.4]]]}},{"type":"Feature","properties":{"name":"Geta"},"geometry":{"type":"Polygon","coordinates":[[[37.918,8.005],[37.903,7.997],[37.897,7.99],[37.893,7.984],[37.893,7.95],[37.912,7.925],[37.92,7.911],[37.924,7.882],[37.92,7.852],[37.921,7.844],[37.943,7.844],[37.971,7.865],[37.984,7.836],[37.993,7.825],[37.999,7.818],[38.006,7.823],[38.032,7.845],[38.045,7.864],[38.032,7.89],[38.004,7.931],[37.974,7.961],[37.972,7.995],[37.963,7.994],[37.951,7.995],[37.929,8.0],[37.918,8.005]]]}},{"type":"Feature","properties":{"name":"Analemmo"},"geometry":{"type":"Polygon","coordinates":[[[38.034,7.7],[37.998,7.7],[37.978,7.704],[37.964,7.697],[37.95,7.685],[37.941,7.672],[37.929,7.672],[37.906,7.683],[37.881,7.684],[37.908,7.663],[37.909,7.62],[37.94,7.584],[37.946,7.547],[37.966,7.521],[38.024,7.549],[38.038,7.583],[38.037,7.609],[38.045,7.643],[38.046,7.672],[38.034,7.7]]]}},{"type":"Feature","properties":{"name":"Mierab Azenet Berbere"},"geometry":{"type":"Polygon","coordinates":[[[37.881,7.684],[37.906,7.683],[37.929,7.672],[37.941,7.672],[37.95,7.685],[37.964,7.697],[37.958,7.717],[37.958,7.752],[37.974,7.797],[37.993,7.825],[37.984,7.836],[37.971,7.865],[37.943,7.844],[37.921,7.844],[37.93,7.819],[37.937,7.797],[37.926,7.784],[37.916,7.777],[37.899,7.779],[37.891,7.775],[37.889,7.768],[37.865,7.753],[37.881,7.684]]]}},{"type":"Feature","properties":{"name":"Sankura"},"geometry":{"type":"Polygon","coordinates":[[[38.234,7.617],[38.225,7.623],[38.212,7.619],[38.202,7.619],[38.189,7.621],[38.144,7.619],[38.135,7.618],[38.122,7.612],[38.113,7.564],[38.104,7.556],[38.102,7.551],[38.103,7.52],[38.094,7.512],[38.09,7.504],[38.097,7.492],[38.112,7.479],[38.115,7.471],[38.114,7.461],[38.107,7.451],[38.118,7.437],[38.118,7.41],[38.144,7.406],[38.163,7.439],[38.189,7.443],[38.196,7.472],[38.217,7.473],[38.217,7.518],[38.238,7.558],[38.247,7.593],[38.243,7.604],[38.234,7.617]]]}},{"type":"Feature","properties":{"name":"Doya Gena"},"geometry":{"type":"Polygon","coordinates":[[[37.793,7.282],[37.809,7.314],[37.819,7.354],[37.824,7.394],[37.859,7.434],[37.887,7.457],[37.878,7.462],[37.864,7.474],[37.857,7.471],[37.837,7.475],[37.828,7.447],[37.803,7.421],[37.787,7.417],[37.772,7.391],[37.758,7.37],[37.747,7.358],[37.738,7.342],[37.744,7.335],[37.754,7.332],[37.77,7.318],[37.776,7.311],[37.781,7.3],[37.793,7.282]]]}},{"type":"Feature","properties":{"name":"Daniboya"},"geometry":{"type":"Polygon","coordinates":[[[38.03,7.419],[38.011,7.411],[37.978,7.419],[37.968,7.425],[37.957,7.427],[37.934,7.412],[37.926,7.415],[37.925,7.408],[37.918,7.387],[37.88,7.354],[37.874,7.297],[37.885,7.297],[37.903,7.301],[37.907,7.291],[37.932,7.284],[37.964,7.26],[37.964,7.295],[37.986,7.303],[38.006,7.335],[38.018,7.346],[38.024,7.36],[38.031,7.364],[38.04,7.379],[38.059,7.383],[38.058,7.39],[38.03,7.419]]]}},{"type":"Feature","properties":{"name":"Kediada Gambela"},"geometry":{"type":"Polygon","coordinates":[[[37.851,7.197],[37.874,7.204],[37.895,7.208],[37.909,7.187],[37.945,7.187],[37.983,7.191],[38.006,7.214],[38.025,7.246],[38.044,7.273],[38.053,7.297],[38.0,7.293],[37.986,7.303],[37.964,7.295],[37.964,7.26],[37.932,7.284],[37.907,7.291],[37.903,7.301],[37.885,7.297],[37.874,7.297],[37.873,7.274],[37.865,7.263],[37.855,7.256],[37.855,7.244],[37.851,7.215],[37.851,7.197]]]}},{"type":"Feature","properties":{"name":"Dalocha"},"geometry":{"type":"Polygon","coordinates":[[[38.19,7.822],[38.182,7.804],[38.194,7.773],[38.194,7.73],[38.215,7.706],[38.206,7.665],[38.215,7.641],[38.212,7.619],[38.225,7.623],[38.234,7.617],[38.244,7.632],[38.265,7.644],[38.275,7.657],[38.284,7.665],[38.306,7.696],[38.312,7.712],[38.318,7.723],[38.326,7.729],[38.345,7.756],[38.364,7.772],[38.373,7.783],[38.381,7.798],[38.377,7.81],[38.334,7.83],[38.327,7.841],[38.326,7.851],[38.331,7.87],[38.325,7.875],[38.311,7.878],[38.297,7.877],[38.279,7.872],[38.26,7.862],[38.213,7.832],[38.199,7.825],[38.19,7.822]]]}},{"type":"Feature","properties":{"name":"Gumer"},"geometry":{"type":"Polygon","coordinates":[[[37.972,7.995],[37.974,7.961],[38.004,7.931],[38.032,7.89],[38.045,7.864],[38.061,7.885],[38.067,7.895],[38.072,7.919],[38.124,7.954],[38.134,7.994],[38.168,8.054],[38.147,8.045],[38.137,8.039],[38.122,8.031],[38.06,8.023],[38.054,8.022],[38.039,8.016],[38.01,8.011],[37.987,8.0],[37.972,7.995]]]}},{"type":"Feature","properties":{"name":"Alle"},"geometry":{"type":"Polygon","coordinates":[[[37.276,5.463],[37.281,5.476],[37.287,5.477],[37.291,5.48],[37.297,5.487],[37.304,5.492],[37.31,5.486],[37.312,5.479],[37.33,5.478],[37.339,5.481],[37.339,5.488],[37.344,5.495],[37.35,5.494],[37.35,5.499],[37.355,5.501],[37.36,5.512],[37.349,5.513],[37.339,5.521],[37.334,5.528],[37.332,5.533],[37.336,5.539],[37.329,5.546],[37.325,5.555],[37.32,5.562],[37.318,5.567],[37.315,5.581],[37.318,5.593],[37.298,5.587],[37.277,5.588],[37.268,5.59],[37.261,5.6],[37.258,5.608],[37.259,5.63],[37.267,5.643],[37.268,5.651],[37.262,5.668],[37.259,5.673],[37.252,5.682],[37.244,5.687],[37.231,5.703],[37.22,5.709],[37.214,5.71],[37.202,5.709],[37.191,5.711],[37.185,5.71],[37.178,5.711],[37.168,5.715],[37.156,5.714],[37.15,5.718],[37.137,5.719],[37.133,5.725],[37.127,5.727],[37.11,5.719],[37.105,5.708],[37.097,5.703],[37.091,5.702],[37.075,5.705],[37.069,5.71],[37.062,5.708],[37.056,5.705],[37.053,5.701],[37.048,5.686],[37.05,5.679],[37.047,5.656],[37.046,5.649],[37.042,5.644],[37.043,5.639],[37.038,5.632],[37.031,5.632],[37.033,5.625],[37.031,5.619],[37.025,5.616],[37.026,5.606],[37.016,5.597],[37.019,5.591],[37.018,5.584],[37.015,5.576],[37.016,5.565],[37.011,5.563],[37.014,5.558],[37.012,5.547],[37.013,5.54],[37.017,5.529],[37.023,5.52],[37.013,5.519],[37.032,5.509],[37.049,5.494],[37.055,5.474],[37.055,5.469],[37.062,5.454],[37.064,5.427],[37.062,5.413],[37.058,5.399],[37.05,5.387],[37.051,5.38],[37.044,5.379],[37.035,5.365],[37.032,5.356],[37.039,5.352],[37.055,5.336],[37.097,5.341],[37.126,5.35],[37.135,5.349],[37.141,5.346],[37.145,5.352],[37.151,5.354],[37.158,5.352],[37.161,5.36],[37.161,5.366],[37.168,5.37],[37.177,5.38],[37.184,5.385],[37.2,5.389],[37.213,5.387],[37.235,5.387],[37.245,5.384],[37.252,5.386],[37.257,5.392],[37.264,5.393],[37.271,5.391],[37.278,5.413],[37.268,5.42],[37.268,5.426],[37.277,5.43],[37.279,5.439],[37.276,5.463]]]}},{"type":"Feature","properties":{"name":"Derashe"},"geometry":{"type":"Polygon","coordinates":[[[37.312,5.754],[37.282,5.758],[37.273,5.751],[37.265,5.742],[37.253,5.732],[37.24,5.726],[37.225,5.724],[37.199,5.724],[37.162,5.722],[37.15,5.718],[37.156,5.714],[37.168,5.715],[37.178,5.711],[37.185,5.71],[37.191,5.711],[37.202,5.709],[37.214,5.71],[37.22,5.709],[37.231,5.703],[37.244,5.687],[37.252,5.682],[37.259,5.673],[37.262,5.668],[37.268,5.651],[37.267,5.643],[37.259,5.63],[37.258,5.608],[37.261,5.6],[37.268,5.59],[37.277,5.588],[37.298,5.587],[37.318,5.593],[37.315,5.581],[37.318,5.567],[37.32,5.562],[37.325,5.555],[37.329,5.546],[37.336,5.539],[37.332,5.533],[37.334,5.528],[37.339,5.521],[37.349,5.513],[37.36,5.512],[37.355,5.501],[37.35,5.499],[37.35,5.494],[37.344,5.495],[37.339,5.488],[37.339,5.481],[37.33,5.478],[37.312,5.479],[37.31,5.486],[37.304,5.492],[37.297,5.487],[37.291,5.48],[37.287,5.477],[37.281,5.476],[37.276,5.463],[37.283,5.458],[37.299,5.457],[37.334,5.472],[37.372,5.471],[37.378,5.477],[37.382,5.49],[37.379,5.521],[37.383,5.537],[37.391,5.542],[37.407,5.542],[37.436,5.537],[37.449,5.533],[37.466,5.539],[37.501,5.592],[37.522,5.616],[37.544,5.645],[37.553,5.653],[37.561,5.658],[37.568,5.658],[37.571,5.677],[37.564,5.712],[37.55,5.749],[37.545,5.787],[37.546,5.797],[37.536,5.783],[37.504,5.747],[37.495,5.732],[37.487,5.712],[37.48,5.704],[37.472,5.7],[37.465,5.702],[37.443,5.712],[37.428,5.722],[37.415,5.741],[37.402,5.747],[37.391,5.759],[37.377,5.767],[37.367,5.764],[37.36,5.755],[37.35,5.748],[37.342,5.746],[37.332,5.746],[37.324,5.749],[37.312,5.754]]]}},{"type":"Feature","properties":{"name":"Kemba"},"geometry":{"type":"Polygon","coordinates":[[[37.178,6.273],[37.109,6.219],[37.076,6.181],[37.068,6.142],[37.068,6.101],[37.051,6.069],[37.031,6.0],[37.015,5.968],[36.981,5.956],[37.005,5.914],[37.01,5.891],[37.012,5.876],[37.009,5.832],[37.008,5.801],[37.01,5.781],[37.009,5.766],[37.001,5.694],[37.004,5.673],[37.016,5.651],[37.025,5.629],[37.031,5.619],[37.033,5.625],[37.031,5.632],[37.038,5.632],[37.043,5.639],[37.042,5.644],[37.046,5.649],[37.047,5.656],[37.05,5.679],[37.048,5.686],[37.053,5.701],[37.056,5.705],[37.062,5.708],[37.069,5.71],[37.075,5.723],[37.089,5.739],[37.093,5.746],[37.096,5.758],[37.114,5.785],[37.124,5.796],[37.137,5.807],[37.145,5.822],[37.154,5.849],[37.161,5.874],[37.175,5.898],[37.203,5.939],[37.208,5.95],[37.215,5.958],[37.23,5.967],[37.237,5.979],[37.244,5.986],[37.255,5.987],[37.284,5.984],[37.295,5.989],[37.303,6.001],[37.317,6.028],[37.316,6.039],[37.295,6.089],[37.297,6.099],[37.31,6.123],[37.315,6.128],[37.305,6.14],[37.293,6.162],[37.284,6.171],[37.274,6.184],[37.248,6.203],[37.232,6.225],[37.208,6.252],[37.178,6.273]]]}},{"type":"Feature","properties":{"name":"Bonke"},"geometry":{"type":"Polygon","coordinates":[[[37.369,6.183],[37.364,6.175],[37.355,6.167],[37.345,6.163],[37.338,6.157],[37.327,6.138],[37.315,6.128],[37.31,6.123],[37.297,6.099],[37.295,6.089],[37.316,6.039],[37.317,6.028],[37.303,6.001],[37.295,5.989],[37.284,5.984],[37.255,5.987],[37.244,5.986],[37.237,5.979],[37.23,5.967],[37.215,5.958],[37.208,5.95],[37.203,5.939],[37.175,5.898],[37.161,5.874],[37.154,5.849],[37.145,5.822],[37.137,5.807],[37.124,5.796],[37.114,5.785],[37.096,5.758],[37.093,5.746],[37.089,5.739],[37.075,5.723],[37.069,5.71],[37.075,5.705],[37.091,5.702],[37.097,5.703],[37.105,5.708],[37.11,5.719],[37.127,5.727],[37.133,5.725],[37.137,5.719],[37.15,5.718],[37.162,5.722],[37.199,5.724],[37.225,5.724],[37.24,5.726],[37.253,5.732],[37.265,5.742],[37.273,5.751],[37.282,5.758],[37.312,5.754],[37.313,5.781],[37.322,5.805],[37.332,5.815],[37.348,5.826],[37.362,5.832],[37.375,5.844],[37.38,5.859],[37.373,5.89],[37.373,5.903],[37.377,5.914],[37.394,5.931],[37.398,5.941],[37.395,5.953],[37.395,5.962],[37.404,5.97],[37.406,5.978],[37.401,5.991],[37.401,6.002],[37.405,6.01],[37.403,6.02],[37.396,6.031],[37.376,6.047],[37.37,6.056],[37.372,6.068],[37.377,6.079],[37.381,6.104],[37.385,6.119],[37.392,6.135],[37.412,6.171],[37.418,6.177],[37.417,6.189],[37.41,6.191],[37.401,6.189],[37.391,6.185],[37.378,6.186],[37.369,6.183]]]}},{"type":"Feature","properties":{"name":"Liben"},"geometry":{"type":"Polygon","coordinates":[[[40.035,5.398],[40.01,5.401],[39.98,5.397],[39.943,5.405],[39.915,5.436],[39.897,5.468],[39.871,5.492],[39.842,5.507],[39.802,5.517],[39.775,5.517],[39.738,5.512],[39.704,5.51],[39.683,5.519],[39.667,5.549],[39.621,5.521],[39.614,5.496],[39.597,5.484],[39.588,5.467],[39.589,5.445],[39.578,5.454],[39.572,5.457],[39.563,5.455],[39.555,5.451],[39.542,5.44],[39.53,5.419],[39.522,5.41],[39.512,5.426],[39.503,5.438],[39.494,5.435],[39.486,5.426],[39.479,5.421],[39.457,5.417],[39.444,5.394],[39.438,5.375],[39.434,5.371],[39.432,5.364],[39.436,5.349],[39.434,5.342],[39.426,5.315],[39.415,5.303],[39.411,5.289],[39.417,5.255],[39.415,5.249],[39.406,5.251],[39.401,5.25],[39.393,5.25],[39.36,5.264],[39.346,5.261],[39.334,5.267],[39.331,5.273],[39.32,5.261],[39.317,5.256],[39.316,5.25],[39.307,5.237],[39.296,5.215],[39.283,5.211],[39.278,5.207],[39.27,5.206],[39.265,5.2],[39.257,5.189],[39.262,5.172],[39.269,5.162],[39.264,5.141],[39.263,5.122],[39.231,5.091],[39.204,5.068],[39.199,5.049],[39.197,5.032],[39.197,5.023],[39.227,5.0],[39.232,4.995],[39.22,4.984],[39.213,4.982],[39.202,4.975],[39.184,4.957],[39.175,4.951],[39.165,4.948],[39.162,4.943],[39.164,4.938],[39.191,4.904],[39.216,4.886],[39.246,4.874],[39.272,4.869],[39.299,4.871],[39.325,4.866],[39.352,4.849],[39.362,4.829],[39.364,4.804],[39.369,4.778],[39.386,4.76],[39.409,4.74],[39.435,4.725],[39.468,4.725],[39.497,4.727],[39.524,4.721],[39.547,4.71],[39.575,4.7],[39.595,4.683],[39.619,4.679],[39.639,4.664],[39.662,4.657],[39.692,4.667],[39.744,4.725],[39.759,4.802],[39.766,4.848],[39.785,4.892],[39.805,4.953],[39.814,5.003],[39.834,5.034],[39.879,5.142],[39.908,5.221],[39.943,5.286],[40.035,5.398]]]}},{"type":"Feature","properties":{"name":"Goro Dola"},"geometry":{"type":"Polygon","coordinates":[[[39.462,5.808],[39.438,5.802],[39.425,5.793],[39.41,5.769],[39.385,5.751],[39.374,5.739],[39.343,5.749],[39.327,5.751],[39.317,5.736],[39.313,5.726],[39.311,5.715],[39.303,5.708],[39.299,5.705],[39.262,5.71],[39.246,5.707],[39.228,5.7],[39.218,5.694],[39.222,5.681],[39.218,5.657],[39.217,5.637],[39.222,5.561],[39.228,5.533],[39.253,5.485],[39.251,5.466],[39.24,5.444],[39.23,5.419],[39.211,5.36],[39.198,5.306],[39.187,5.27],[39.148,5.165],[39.139,5.134],[39.11,5.094],[39.103,5.064],[39.106,5.046],[39.109,5.028],[39.124,4.998],[39.148,4.957],[39.162,4.943],[39.165,4.948],[39.175,4.951],[39.184,4.957],[39.202,4.975],[39.213,4.982],[39.22,4.984],[39.232,4.995],[39.227,5.0],[39.197,5.023],[39.197,5.032],[39.199,5.049],[39.204,5.068],[39.231,5.091],[39.263,5.122],[39.264,5.141],[39.269,5.162],[39.262,5.172],[39.257,5.189],[39.265,5.2],[39.27,5.206],[39.278,5.207],[39.283,5.211],[39.296,5.215],[39.307,5.237],[39.316,5.25],[39.317,5.256],[39.32,5.261],[39.331,5.273],[39.334,5.267],[39.346,5.261],[39.36,5.264],[39.393,5.25],[39.401,5.25],[39.406,5.251],[39.415,5.249],[39.417,5.255],[39.411,5.289],[39.415,5.303],[39.426,5.315],[39.434,5.342],[39.436,5.349],[39.432,5.364],[39.434,5.371],[39.438,5.375],[39.444,5.394],[39.457,5.417],[39.479,5.421],[39.486,5.426],[39.494,5.435],[39.503,5.438],[39.512,5.426],[39.522,5.41],[39.53,5.419],[39.542,5.44],[39.555,5.451],[39.563,5.455],[39.572,5.457],[39.578,5.454],[39.589,5.445],[39.588,5.467],[39.597,5.484],[39.614,5.496],[39.621,5.521],[39.667,5.549],[39.665,5.554],[39.678,5.588],[39.703,5.621],[39.716,5.647],[39.704,5.676],[39.685,5.699],[39.649,5.717],[39.615,5.72],[39.548,5.7],[39.524,5.703],[39.502,5.727],[39.478,5.757],[39.456,5.789],[39.454,5.794],[39.462,5.808]]]}},{"type":"Feature","properties":{"name":"Saba Boru"},"geometry":{"type":"Polygon","coordinates":[[[39.112,5.72],[39.109,5.712],[39.103,5.706],[39.101,5.7],[39.095,5.696],[39.088,5.689],[39.059,5.684],[39.048,5.677],[39.041,5.673],[39.036,5.674],[39.012,5.649],[39.012,5.642],[39.006,5.638],[38.999,5.639],[38.994,5.635],[38.99,5.635],[38.985,5.627],[38.977,5.626],[38.974,5.621],[38.975,5.615],[38.975,5.607],[38.97,5.604],[38.964,5.607],[38.955,5.621],[38.951,5.617],[38.945,5.618],[38.942,5.624],[38.945,5.629],[38.942,5.637],[38.934,5.635],[38.926,5.636],[38.918,5.64],[38.912,5.636],[38.896,5.635],[38.887,5.638],[38.879,5.637],[38.873,5.64],[38.866,5.638],[38.863,5.63],[38.867,5.583],[38.863,5.577],[38.842,5.56],[38.832,5.563],[38.822,5.57],[38.821,5.592],[38.822,5.625],[38.82,5.633],[38.814,5.636],[38.799,5.635],[38.764,5.641],[38.756,5.638],[38.755,5.624],[38.747,5.615],[38.74,5.612],[38.733,5.614],[38.713,5.606],[38.727,5.585],[38.739,5.551],[38.744,5.516],[38.734,5.494],[38.715,5.481],[38.699,5.462],[38.701,5.438],[38.715,5.406],[38.734,5.379],[38.757,5.357],[38.771,5.332],[38.776,5.311],[38.79,5.302],[38.805,5.298],[38.821,5.281],[38.827,5.257],[38.834,5.244],[38.829,5.213],[38.834,5.197],[38.842,5.189],[38.841,5.181],[38.839,5.175],[38.841,5.17],[38.856,5.164],[38.863,5.168],[38.867,5.161],[38.876,5.153],[38.889,5.135],[38.891,5.127],[38.899,5.122],[38.903,5.115],[38.909,5.109],[38.933,5.126],[38.967,5.139],[38.995,5.128],[39.028,5.078],[39.052,5.06],[39.079,5.048],[39.086,5.046],[39.106,5.046],[39.103,5.064],[39.11,5.094],[39.139,5.134],[39.148,5.165],[39.187,5.27],[39.198,5.306],[39.211,5.36],[39.23,5.419],[39.24,5.444],[39.251,5.466],[39.253,5.485],[39.228,5.533],[39.222,5.561],[39.217,5.637],[39.218,5.657],[39.222,5.681],[39.218,5.694],[39.228,5.7],[39.23,5.705],[39.229,5.712],[39.23,5.731],[39.228,5.751],[39.218,5.758],[39.217,5.771],[39.207,5.773],[39.185,5.757],[39.169,5.742],[39.168,5.736],[39.154,5.733],[39.147,5.735],[39.135,5.735],[39.134,5.73],[39.118,5.724],[39.112,5.72]]]}},{"type":"Feature","properties":{"name":"Odo Shakiso"},"geometry":{"type":"Polygon","coordinates":[[[38.649,5.884],[38.655,5.882],[38.662,5.876],[38.663,5.867],[38.667,5.856],[38.674,5.845],[38.677,5.833],[38.662,5.834],[38.646,5.807],[38.635,5.805],[38.628,5.806],[38.618,5.798],[38.608,5.787],[38.61,5.78],[38.618,5.774],[38.616,5.768],[38.62,5.76],[38.625,5.737],[38.623,5.713],[38.624,5.696],[38.63,5.693],[38.636,5.686],[38.638,5.673],[38.659,5.666],[38.666,5.658],[38.667,5.649],[38.67,5.639],[38.668,5.633],[38.692,5.615],[38.713,5.606],[38.733,5.614],[38.74,5.612],[38.747,5.615],[38.755,5.624],[38.756,5.638],[38.764,5.641],[38.799,5.635],[38.814,5.636],[38.82,5.633],[38.822,5.625],[38.821,5.592],[38.822,5.57],[38.832,5.563],[38.842,5.56],[38.863,5.577],[38.867,5.583],[38.863,5.63],[38.866,5.638],[38.873,5.64],[38.879,5.637],[38.887,5.638],[38.896,5.635],[38.912,5.636],[38.918,5.64],[38.926,5.636],[38.934,5.635],[38.942,5.637],[38.945,5.629],[38.942,5.624],[38.945,5.618],[38.951,5.617],[38.955,5.621],[38.964,5.607],[38.97,5.604],[38.975,5.607],[38.975,5.615],[38.974,5.621],[38.977,5.626],[38.985,5.627],[38.99,5.635],[38.994,5.635],[38.999,5.639],[39.006,5.638],[39.012,5.642],[39.012,5.649],[39.036,5.674],[39.041,5.673],[39.048,5.677],[39.059,5.684],[39.088,5.689],[39.095,5.696],[39.101,5.7],[39.103,5.706],[39.109,5.712],[39.112,5.72],[39.105,5.721],[39.097,5.719],[39.09,5.727],[39.074,5.731],[39.042,5.734],[39.025,5.749],[38.998,5.758],[38.973,5.775],[38.942,5.779],[38.912,5.792],[38.895,5.812],[38.888,5.828],[38.891,5.858],[38.886,5.886],[38.875,5.914],[38.853,5.935],[38.757,5.95],[38.746,5.962],[38.737,5.963],[38.729,5.967],[38.72,5.967],[38.716,5.963],[38.708,5.959],[38.701,5.962],[38.693,5.971],[38.685,5.978],[38.668,5.967],[38.67,5.952],[38.667,5.935],[38.654,5.922],[38.654,5.897],[38.649,5.884]]]}},{"type":"Feature","properties":{"name":"Hambela Wamena"},"geometry":{"type":"Polygon","coordinates":[[[38.329,6.062],[38.321,6.049],[38.315,6.029],[38.28,6.008],[38.273,5.988],[38.283,5.972],[38.294,5.975],[38.305,5.981],[38.32,5.976],[38.328,5.957],[38.339,5.957],[38.376,5.944],[38.389,5.934],[38.397,5.921],[38.391,5.914],[38.411,5.914],[38.432,5.902],[38.449,5.89],[38.469,5.878],[38.473,5.859],[38.486,5.84],[38.499,5.836],[38.511,5.835],[38.526,5.829],[38.536,5.83],[38.558,5.828],[38.567,5.818],[38.576,5.815],[38.593,5.792],[38.594,5.786],[38.599,5.782],[38.602,5.788],[38.608,5.787],[38.618,5.798],[38.628,5.806],[38.635,5.805],[38.646,5.807],[38.662,5.834],[38.677,5.833],[38.674,5.845],[38.667,5.856],[38.663,5.867],[38.662,5.876],[38.655,5.882],[38.649,5.884],[38.625,5.888],[38.613,5.903],[38.588,5.925],[38.584,5.937],[38.57,5.945],[38.545,5.949],[38.541,5.961],[38.536,5.967],[38.523,5.973],[38.52,5.982],[38.513,5.989],[38.499,5.989],[38.48,5.997],[38.474,6.007],[38.468,6.013],[38.46,6.012],[38.45,6.009],[38.435,6.009],[38.422,6.02],[38.404,6.017],[38.398,6.028],[38.383,6.03],[38.371,6.036],[38.34,6.053],[38.329,6.062]]]}},{"type":"Feature","properties":{"name":"Ana Sora"},"geometry":{"type":"Polygon","coordinates":[[[38.716,5.963],[38.72,5.967],[38.729,5.967],[38.737,5.963],[38.746,5.962],[38.755,5.962],[38.76,5.966],[38.776,5.99],[38.783,6.033],[38.805,6.068],[38.811,6.09],[38.811,6.123],[38.825,6.125],[38.833,6.133],[38.842,6.146],[38.855,6.154],[38.871,6.158],[38.886,6.172],[38.888,6.187],[38.893,6.197],[38.905,6.197],[38.919,6.213],[38.93,6.215],[38.922,6.23],[38.899,6.26],[38.886,6.286],[38.875,6.302],[38.853,6.322],[38.833,6.344],[38.823,6.342],[38.816,6.339],[38.807,6.338],[38.8,6.334],[38.785,6.32],[38.787,6.313],[38.779,6.311],[38.765,6.289],[38.748,6.285],[38.74,6.279],[38.727,6.294],[38.717,6.301],[38.711,6.303],[38.706,6.302],[38.702,6.306],[38.673,6.312],[38.663,6.301],[38.669,6.298],[38.676,6.3],[38.682,6.297],[38.674,6.287],[38.671,6.28],[38.663,6.281],[38.656,6.284],[38.651,6.278],[38.663,6.265],[38.653,6.246],[38.637,6.237],[38.65,6.213],[38.65,6.186],[38.657,6.156],[38.655,6.138],[38.656,6.123],[38.666,6.107],[38.67,6.089],[38.687,6.07],[38.69,6.055],[38.697,6.035],[38.709,6.014],[38.706,5.999],[38.707,5.978],[38.716,5.963]]]}},{"type":"Feature","properties":{"name":"Bore"},"geometry":{"type":"Polygon","coordinates":[[[38.637,6.237],[38.653,6.246],[38.663,6.265],[38.651,6.278],[38.656,6.284],[38.663,6.281],[38.671,6.28],[38.674,6.287],[38.682,6.297],[38.676,6.3],[38.669,6.298],[38.663,6.301],[38.673,6.312],[38.702,6.306],[38.706,6.302],[38.711,6.303],[38.717,6.301],[38.727,6.294],[38.74,6.279],[38.748,6.285],[38.765,6.289],[38.779,6.311],[38.787,6.313],[38.785,6.32],[38.8,6.334],[38.807,6.338],[38.816,6.339],[38.823,6.342],[38.833,6.344],[38.813,6.357],[38.796,6.374],[38.784,6.389],[38.767,6.404],[38.759,6.41],[38.739,6.41],[38.708,6.394],[38.691,6.407],[38.673,6.41],[38.662,6.42],[38.646,6.424],[38.628,6.418],[38.607,6.424],[38.584,6.438],[38.567,6.442],[38.538,6.438],[38.505,6.438],[38.476,6.432],[38.454,6.418],[38.442,6.407],[38.428,6.387],[38.425,6.367],[38.423,6.35],[38.436,6.344],[38.451,6.342],[38.491,6.35],[38.507,6.351],[38.516,6.34],[38.508,6.333],[38.497,6.315],[38.494,6.291],[38.494,6.281],[38.506,6.278],[38.523,6.276],[38.529,6.285],[38.535,6.289],[38.538,6.303],[38.539,6.318],[38.545,6.329],[38.554,6.329],[38.56,6.326],[38.599,6.292],[38.614,6.264],[38.637,6.237]]]}},{"type":"Feature","properties":{"name":"Homa"},"geometry":{"type":"Polygon","coordinates":[[[35.742,9.031],[35.745,9.037],[35.751,9.042],[35.752,9.047],[35.751,9.055],[35.754,9.063],[35.759,9.066],[35.765,9.064],[35.771,9.068],[35.775,9.084],[35.782,9.099],[35.782,9.106],[35.763,9.105],[35.757,9.11],[35.744,9.101],[35.739,9.104],[35.726,9.105],[35.721,9.108],[35.714,9.108],[35.711,9.112],[35.712,9.117],[35.705,9.117],[35.697,9.115],[35.69,9.106],[35.678,9.103],[35.673,9.098],[35.666,9.094],[35.661,9.089],[35.663,9.084],[35.659,9.079],[35.651,9.071],[35.662,9.04],[35.669,9.017],[35.681,9.01],[35.708,9.011],[35.713,9.012],[35.726,9.008],[35.729,9.016],[35.733,9.02],[35.738,9.018],[35.744,9.019],[35.746,9.025],[35.751,9.026],[35.749,9.03],[35.742,9.031]]]}},{"type":"Feature","properties":{"name":"Gida Ayana"},"geometry":{"type":"Polygon","coordinates":[[[36.539,10.264],[36.544,10.238],[36.534,10.183],[36.542,10.152],[36.553,10.127],[36.575,10.054],[36.574,10.021],[36.57,9.991],[36.552,9.975],[36.532,9.953],[36.535,9.947],[36.534,9.94],[36.532,9.935],[36.519,9.929],[36.519,9.922],[36.524,9.919],[36.527,9.911],[36.522,9.904],[36.523,9.895],[36.518,9.892],[36.515,9.883],[36.523,9.878],[36.528,9.87],[36.538,9.865],[36.545,9.863],[36.552,9.864],[36.552,9.854],[36.546,9.85],[36.54,9.832],[36.533,9.828],[36.532,9.821],[36.527,9.81],[36.528,9.795],[36.508,9.789],[36.513,9.783],[36.514,9.776],[36.509,9.77],[36.514,9.767],[36.52,9.766],[36.518,9.741],[36.523,9.732],[36.528,9.728],[36.534,9.724],[36.538,9.718],[36.541,9.709],[36.541,9.704],[36.545,9.69],[36.562,9.68],[36.559,9.666],[36.569,9.598],[36.559,9.561],[36.555,9.535],[36.536,9.513],[36.53,9.485],[36.534,9.457],[36.542,9.44],[36.555,9.443],[36.563,9.454],[36.575,9.477],[36.59,9.494],[36.611,9.498],[36.625,9.512],[36.649,9.524],[36.652,9.528],[36.657,9.535],[36.658,9.553],[36.667,9.583],[36.668,9.611],[36.673,9.639],[36.687,9.668],[36.744,9.678],[36.775,9.706],[36.785,9.73],[36.799,9.745],[36.789,9.765],[36.788,9.774],[36.789,9.779],[36.778,9.787],[36.778,9.795],[36.773,9.807],[36.773,9.817],[36.778,9.826],[36.784,9.829],[36.786,9.833],[36.78,9.84],[36.775,9.854],[36.768,9.858],[36.765,9.863],[36.749,9.871],[36.744,9.876],[36.743,9.883],[36.737,9.886],[36.734,9.892],[36.737,9.899],[36.737,9.909],[36.74,9.916],[36.74,9.921],[36.735,9.925],[36.733,9.93],[36.735,9.937],[36.734,9.944],[36.729,9.945],[36.725,9.95],[36.719,9.953],[36.724,9.958],[36.725,9.967],[36.733,9.968],[36.743,9.96],[36.751,9.96],[36.757,9.965],[36.754,9.975],[36.749,9.979],[36.744,9.991],[36.739,9.995],[36.739,10.017],[36.737,10.023],[36.732,10.025],[36.726,10.032],[36.728,10.04],[36.733,10.049],[36.734,10.056],[36.739,10.076],[36.738,10.086],[36.742,10.095],[36.741,10.114],[36.744,10.131],[36.743,10.139],[36.725,10.129],[36.721,10.134],[36.72,10.141],[36.713,10.142],[36.706,10.141],[36.7,10.144],[36.705,10.157],[36.718,10.162],[36.724,10.175],[36.733,10.185],[36.735,10.221],[36.732,10.229],[36.732,10.238],[36.735,10.246],[36.727,10.246],[36.719,10.249],[36.711,10.264],[36.707,10.285],[36.703,10.29],[36.697,10.291],[36.691,10.289],[36.686,10.293],[36.66,10.278],[36.611,10.26],[36.575,10.265],[36.577,10.28],[36.555,10.286],[36.55,10.28],[36.546,10.27],[36.539,10.264]]]}},{"type":"Feature","properties":{"name":"Kiremu"},"geometry":{"type":"Polygon","coordinates":[[[36.686,10.293],[36.691,10.289],[36.697,10.291],[36.703,10.29],[36.707,10.285],[36.711,10.264],[36.719,10.249],[36.727,10.246],[36.735,10.246],[36.732,10.238],[36.732,10.229],[36.735,10.221],[36.733,10.185],[36.724,10.175],[36.718,10.162],[36.705,10.157],[36.7,10.144],[36.706,10.141],[36.713,10.142],[36.72,10.141],[36.721,10.134],[36.725,10.129],[36.743,10.139],[36.744,10.131],[36.741,10.114],[36.742,10.095],[36.738,10.086],[36.739,10.076],[36.734,10.056],[36.733,10.049],[36.728,10.04],[36.726,10.032],[36.732,10.025],[36.737,10.023],[36.739,10.017],[36.739,9.995],[36.744,9.991],[36.749,9.979],[36.754,9.975],[36.757,9.965],[36.751,9.96],[36.743,9.96],[36.733,9.968],[36.725,9.967],[36.724,9.958],[36.719,9.953],[36.725,9.95],[36.729,9.945],[36.734,9.944],[36.735,9.937],[36.733,9.93],[36.735,9.925],[36.74,9.921],[36.74,9.916],[36.737,9.909],[36.737,9.899],[36.734,9.892],[36.737,9.886],[36.743,9.883],[36.744,9.876],[36.749,9.871],[36.765,9.863],[36.768,9.858],[36.775,9.854],[36.78,9.84],[36.786,9.833],[36.784,9.829],[36.778,9.826],[36.773,9.817],[36.773,9.807],[36.778,9.795],[36.778,9.787],[36.789,9.779],[36.788,9.774],[36.789,9.765],[36.799,9.745],[36.866,9.761],[36.909,9.792],[36.917,9.796],[36.913,9.805],[36.916,9.819],[36.915,9.832],[36.907,9.847],[36.906,9.875],[36.911,9.889],[36.914,9.903],[36.916,9.926],[36.909,9.941],[36.903,9.96],[36.898,9.989],[36.897,10.011],[36.9,10.03],[36.9,10.055],[36.889,10.11],[36.888,10.131],[36.877,10.161],[36.869,10.177],[36.876,10.231],[36.834,10.343],[36.818,10.343],[36.813,10.338],[36.807,10.336],[36.8,10.339],[36.793,10.344],[36.777,10.347],[36.767,10.363],[36.763,10.368],[36.753,10.367],[36.747,10.361],[36.732,10.362],[36.724,10.362],[36.719,10.359],[36.692,10.358],[36.689,10.346],[36.682,10.336],[36.687,10.324],[36.686,10.319],[36.69,10.312],[36.693,10.297],[36.686,10.293]]]}},{"type":"Feature","properties":{"name":"Ayira"},"geometry":{"type":"Polygon","coordinates":[[[35.125,9.189],[35.125,9.166],[35.131,9.149],[35.145,9.138],[35.154,9.123],[35.157,9.106],[35.165,9.083],[35.158,9.072],[35.177,9.075],[35.194,9.073],[35.225,9.063],[35.26,9.045],[35.258,9.02],[35.255,9.01],[35.256,9.003],[35.261,9.002],[35.266,8.996],[35.273,8.996],[35.277,9.001],[35.292,9.003],[35.303,9.01],[35.309,9.008],[35.313,9.004],[35.335,9.023],[35.347,9.027],[35.37,9.026],[35.406,9.021],[35.421,9.022],[35.442,9.033],[35.469,9.043],[35.472,9.06],[35.468,9.069],[35.459,9.074],[35.451,9.075],[35.433,9.083],[35.432,9.099],[35.425,9.112],[35.428,9.124],[35.422,9.126],[35.408,9.12],[35.4,9.123],[35.395,9.124],[35.388,9.12],[35.382,9.109],[35.376,9.113],[35.369,9.112],[35.355,9.106],[35.343,9.105],[35.335,9.109],[35.33,9.122],[35.325,9.127],[35.322,9.139],[35.334,9.158],[35.336,9.168],[35.333,9.174],[35.321,9.185],[35.315,9.183],[35.303,9.188],[35.299,9.196],[35.266,9.2],[35.256,9.194],[35.253,9.189],[35.254,9.183],[35.251,9.178],[35.244,9.18],[35.242,9.186],[35.242,9.192],[35.232,9.203],[35.228,9.215],[35.214,9.213],[35.208,9.209],[35.203,9.211],[35.2,9.216],[35.196,9.212],[35.19,9.21],[35.185,9.211],[35.178,9.207],[35.171,9.205],[35.169,9.198],[35.163,9.196],[35.147,9.201],[35.122,9.201],[35.125,9.189]]]}},{"type":"Feature","properties":{"name":"Guliso"},"geometry":{"type":"Polygon","coordinates":[[[35.087,9.253],[35.091,9.235],[35.103,9.223],[35.119,9.212],[35.122,9.201],[35.147,9.201],[35.163,9.196],[35.169,9.198],[35.171,9.205],[35.178,9.207],[35.185,9.211],[35.19,9.21],[35.196,9.212],[35.2,9.216],[35.203,9.211],[35.208,9.209],[35.214,9.213],[35.228,9.215],[35.232,9.203],[35.242,9.192],[35.242,9.186],[35.244,9.18],[35.251,9.178],[35.254,9.183],[35.253,9.189],[35.256,9.194],[35.266,9.2],[35.299,9.196],[35.303,9.188],[35.315,9.183],[35.321,9.185],[35.333,9.174],[35.336,9.168],[35.334,9.158],[35.322,9.139],[35.325,9.127],[35.33,9.122],[35.335,9.109],[35.343,9.105],[35.355,9.106],[35.369,9.112],[35.376,9.113],[35.382,9.109],[35.388,9.12],[35.395,9.124],[35.4,9.123],[35.408,9.12],[35.422,9.126],[35.428,9.124],[35.425,9.112],[35.432,9.099],[35.433,9.083],[35.451,9.075],[35.459,9.074],[35.468,9.069],[35.47,9.075],[35.469,9.084],[35.471,9.096],[35.483,9.092],[35.488,9.086],[35.49,9.079],[35.504,9.08],[35.506,9.074],[35.505,9.068],[35.516,9.063],[35.517,9.071],[35.514,9.078],[35.518,9.086],[35.523,9.09],[35.526,9.084],[35.533,9.085],[35.539,9.09],[35.542,9.095],[35.544,9.102],[35.524,9.109],[35.516,9.11],[35.523,9.13],[35.523,9.138],[35.527,9.15],[35.528,9.157],[35.525,9.169],[35.511,9.173],[35.498,9.172],[35.492,9.175],[35.485,9.189],[35.454,9.195],[35.435,9.203],[35.411,9.209],[35.394,9.224],[35.359,9.222],[35.333,9.228],[35.324,9.248],[35.323,9.276],[35.319,9.289],[35.308,9.299],[35.298,9.289],[35.28,9.277],[35.239,9.269],[35.22,9.262],[35.205,9.262],[35.198,9.262],[35.182,9.278],[35.163,9.291],[35.142,9.296],[35.122,9.297],[35.119,9.286],[35.109,9.265],[35.087,9.253]]]}}]}