{"type":"FeatureCollection","features":[{"type":"Feature","properties":{"name":"Afder"},"geometry":{"type":"Polygon","coordinates":[[[42.005,6.599],[42.0,6.591],[41.937,6.554],[41.889,6.537],[41.862,6.537],[41.855,6.57],[41.821,6.572],[41.8,6.559],[41.759,6.542],[41.74,6.521],[41.705,6.454],[41.691,6.431],[41.685,6.425],[41.657,6.41],[41.634,6.393],[41.621,6.363],[41.529,6.466],[41.439,6.545],[41.381,6.567],[41.359,6.567],[41.229,6.624],[41.175,6.66],[41.157,6.678],[41.132,6.693],[41.073,6.696],[41.072,6.689],[41.016,6.646],[40.991,6.605],[40.937,6.552],[40.901,6.513],[40.886,6.473],[40.861,6.437],[40.858,6.387],[40.862,6.362],[40.865,6.354],[40.863,6.347],[40.865,6.322],[40.881,6.268],[40.883,6.246],[40.879,6.189],[40.869,6.153],[40.867,6.135],[40.867,6.115],[40.87,6.096],[40.868,6.078],[40.872,6.057],[40.879,5.989],[40.876,5.809],[40.923,5.685],[40.983,5.693],[41.008,5.691],[41.042,5.68],[41.053,5.662],[41.074,5.642],[41.118,5.636],[41.129,5.616],[41.151,5.556],[41.166,5.549],[41.162,5.531],[41.178,5.507],[41.182,5.486],[41.213,5.448],[41.231,5.421],[41.24,5.403],[41.259,5.378],[41.286,5.354],[41.294,5.331],[41.302,5.302],[41.307,5.281],[41.305,5.262],[41.313,5.207],[41.312,5.184],[41.313,5.167],[41.328,5.152],[41.345,5.123],[41.36,5.092],[41.388,5.047],[41.405,5.016],[41.412,5.009],[41.437,4.998],[41.463,4.984],[41.478,4.963],[41.496,4.932],[41.515,4.911],[41.53,4.887],[41.539,4.867],[41.552,4.85],[41.561,4.831],[41.573,4.793],[41.589,4.771],[41.632,4.7],[41.643,4.675],[41.652,4.661],[41.68,4.612],[41.688,4.594],[41.697,4.586],[41.722,4.552],[41.741,4.53],[41.756,4.507],[41.769,4.476],[41.78,4.465],[41.793,4.442],[41.806,4.426],[41.825,4.419],[41.837,4.408],[41.843,4.398],[41.862,4.384],[41.865,4.369],[41.878,4.348],[41.894,4.327],[41.904,4.306],[41.927,4.287],[41.956,4.279],[41.982,4.27],[42.009,4.267],[42.028,4.26],[42.042,4.252],[42.058,4.233],[42.063,4.208],[42.066,4.176],[42.059,4.152],[42.058,4.12],[42.079,4.133],[42.116,4.134],[42.159,4.145],[42.205,4.163],[42.306,4.163],[42.346,4.167],[42.397,4.165],[42.437,4.168],[42.52,4.19],[42.547,4.188],[42.575,4.202],[42.597,4.2],[42.613,4.211],[42.64,4.209],[42.653,4.22],[42.693,4.226],[42.716,4.234],[42.731,4.245],[42.757,4.252],[42.778,4.27],[42.803,4.277],[42.816,4.286],[42.83,4.302],[42.861,4.324],[42.875,4.337],[42.89,4.345],[42.904,4.357],[42.917,4.372],[42.949,4.397],[42.959,4.423],[42.974,4.434],[42.992,4.469],[43.009,4.489],[43.013,4.509],[43.014,4.521],[43.028,4.539],[43.034,4.556],[43.068,4.58],[43.084,4.596],[43.111,4.618],[43.131,4.631],[43.152,4.646],[43.164,4.66],[43.202,4.676],[43.23,4.693],[43.251,4.703],[43.271,4.711],[43.287,4.727],[43.308,4.737],[43.326,4.741],[43.354,4.758],[43.357,4.767],[43.375,4.77],[43.385,4.774],[43.398,4.785],[43.428,4.79],[43.456,4.802],[43.489,4.809],[43.511,4.812],[43.527,4.818],[43.553,4.833],[43.57,4.834],[43.58,4.84],[43.601,4.845],[43.613,4.847],[43.623,4.851],[43.683,4.865],[43.714,4.874],[43.757,4.885],[43.789,4.887],[43.807,4.9],[43.845,4.907],[43.865,4.912],[43.895,4.914],[44.03,4.941],[44.079,4.937],[44.124,4.945],[44.151,4.947],[44.202,4.94],[44.308,4.937],[44.384,4.938],[44.548,4.923],[44.627,4.924],[44.679,4.915],[44.732,4.92],[44.828,4.914],[44.904,4.914],[44.963,4.92],[45.003,4.934],[44.95,4.986],[44.929,5.003],[44.916,5.019],[44.879,5.047],[44.85,5.079],[44.821,5.119],[44.806,5.142],[44.765,5.188],[44.747,5.204],[44.668,5.266],[44.653,5.282],[44.617,5.298],[44.586,5.305],[44.51,5.347],[44.416,5.392],[44.388,5.413],[44.362,5.428],[44.351,5.441],[44.314,5.474],[44.301,5.49],[44.287,5.499],[44.276,5.517],[44.25,5.551],[44.206,5.56],[44.178,5.573],[44.112,5.594],[44.094,5.61],[44.063,5.615],[43.993,5.634],[43.948,5.656],[43.912,5.696],[43.897,5.717],[43.871,5.737],[43.839,5.768],[43.827,5.771],[43.807,5.783],[43.78,5.812],[43.755,5.818],[43.723,5.82],[43.707,5.809],[43.694,5.799],[43.683,5.785],[43.673,5.778],[43.67,5.766],[43.656,5.748],[43.64,5.735],[43.626,5.721],[43.593,5.707],[43.58,5.696],[43.544,5.685],[43.521,5.672],[43.501,5.664],[43.473,5.659],[43.435,5.648],[43.277,5.655],[43.223,5.66],[43.19,5.665],[43.165,5.653],[43.152,5.649],[43.135,5.639],[43.052,5.643],[43.016,5.655],[42.988,5.657],[42.94,5.668],[42.916,5.674],[42.897,5.683],[42.862,5.693],[42.847,5.695],[42.831,5.704],[42.792,5.716],[42.758,5.734],[42.734,5.743],[42.727,5.757],[42.913,5.984],[43.005,6.092],[42.98,6.092],[42.911,6.106],[42.849,6.129],[42.825,6.139],[42.804,6.177],[42.781,6.205],[42.763,6.239],[42.743,6.249],[42.703,6.251],[42.645,6.266],[42.611,6.27],[42.565,6.286],[42.552,6.292],[42.51,6.301],[42.482,6.311],[42.453,6.311],[42.364,6.319],[42.298,6.338],[42.266,6.365],[42.254,6.394],[42.239,6.405],[42.196,6.432],[42.156,6.46],[42.122,6.5],[42.12,6.513],[42.102,6.545],[42.042,6.583],[42.005,6.599]]]}},{"type":"Feature","properties":{"name":"Agnuak"},"geometry":{"type":"Polygon","coordinates":[[[34.966,8.248],[34.883,8.252],[34.856,8.252],[34.827,8.263],[34.787,8.305],[34.796,8.328],[34.786,8.356],[34.768,8.364],[34.729,8.391],[34.668,8.396],[34.631,8.403],[34.575,8.405],[34.557,8.456],[34.523,8.477],[34.472,8.449],[34.437,8.423],[34.348,8.378],[34.33,8.388],[34.314,8.391],[34.316,8.408],[34.336,8.44],[34.345,8.47],[34.358,8.501],[34.359,8.523],[34.346,8.601],[34.313,8.683],[34.28,8.71],[34.256,8.704],[34.236,8.687],[34.224,8.671],[34.19,8.653],[34.142,8.653],[34.143,8.612],[34.122,8.576],[34.097,8.551],[34.082,8.55],[34.071,8.543],[34.062,8.532],[34.053,8.525],[34.043,8.519],[34.047,8.506],[34.07,8.479],[34.083,8.476],[34.077,8.46],[34.051,8.425],[34.065,8.402],[34.069,8.384],[34.05,8.375],[34.052,8.35],[34.046,8.338],[34.023,8.33],[34.015,8.317],[34.011,8.296],[33.996,8.292],[33.997,8.265],[33.999,8.239],[34.033,8.233],[34.049,8.233],[34.048,8.177],[34.019,8.175],[34.005,8.183],[33.987,8.182],[33.974,8.173],[33.941,8.186],[33.932,8.208],[33.931,8.226],[33.922,8.236],[33.902,8.254],[33.884,8.256],[33.864,8.191],[33.86,8.16],[33.85,8.135],[33.835,8.151],[33.816,8.155],[33.798,8.167],[33.779,8.172],[33.745,8.157],[33.707,8.151],[33.611,8.13],[33.567,8.193],[33.546,8.23],[33.555,8.275],[33.514,8.29],[33.474,8.26],[33.461,8.24],[33.462,8.195],[33.465,8.184],[33.481,8.166],[33.494,8.139],[33.49,8.089],[33.478,8.073],[33.479,8.036],[33.491,8.001],[33.504,7.97],[33.481,7.965],[33.462,7.957],[33.45,7.938],[33.44,7.914],[33.441,7.891],[33.456,7.876],[33.485,7.881],[33.48,7.866],[33.486,7.824],[33.478,7.77],[33.465,7.748],[33.474,7.745],[33.491,7.732],[33.501,7.736],[33.503,7.728],[33.516,7.733],[33.541,7.705],[33.551,7.703],[33.563,7.695],[33.581,7.688],[33.587,7.698],[33.6,7.707],[33.613,7.703],[33.623,7.709],[33.631,7.702],[33.637,7.693],[33.665,7.692],[33.673,7.693],[33.684,7.683],[33.682,7.675],[33.691,7.67],[33.695,7.661],[33.713,7.658],[33.721,7.653],[33.734,7.641],[33.738,7.629],[33.753,7.618],[33.77,7.613],[33.778,7.605],[33.794,7.606],[33.835,7.569],[33.841,7.56],[33.857,7.543],[33.872,7.519],[33.888,7.513],[33.904,7.519],[33.927,7.513],[33.948,7.503],[33.944,7.494],[33.944,7.482],[33.946,7.469],[33.957,7.464],[33.958,7.448],[33.985,7.437],[33.993,7.425],[33.999,7.42],[34.013,7.394],[34.029,7.371],[34.034,7.355],[34.031,7.338],[34.032,7.317],[34.036,7.295],[34.034,7.276],[34.028,7.267],[34.011,7.271],[34.012,7.261],[34.02,7.251],[34.035,7.237],[34.045,7.222],[34.055,7.222],[34.077,7.211],[34.093,7.198],[34.1,7.187],[34.1,7.181],[34.129,7.176],[34.146,7.157],[34.166,7.158],[34.193,7.139],[34.194,7.056],[34.216,7.048],[34.233,7.017],[34.256,7.023],[34.288,6.998],[34.323,6.975],[34.36,6.965],[34.384,6.965],[34.411,6.954],[34.485,6.906],[34.521,6.865],[34.531,6.844],[34.535,6.813],[34.537,6.754],[34.562,6.741],[34.614,6.734],[34.63,6.75],[34.651,6.734],[34.682,6.704],[34.709,6.698],[34.716,6.665],[34.731,6.649],[34.748,6.626],[34.773,6.598],[34.789,6.585],[34.807,6.601],[34.845,6.6],[34.857,6.609],[34.89,6.598],[34.885,6.578],[34.906,6.573],[34.921,6.558],[34.94,6.548],[34.955,6.52],[34.957,6.505],[34.985,6.49],[35.007,6.466],[35.015,6.446],[35.004,6.416],[35.004,6.404],[34.999,6.396],[34.987,6.388],[34.989,6.347],[34.986,6.3],[35.012,6.282],[35.039,6.306],[35.074,6.309],[35.084,6.319],[35.107,6.32],[35.12,6.348],[35.132,6.397],[35.144,6.399],[35.166,6.384],[35.179,6.381],[35.2,6.412],[35.187,6.446],[35.175,6.468],[35.186,6.491],[35.188,6.559],[35.196,6.599],[35.187,6.628],[35.188,6.658],[35.198,6.681],[35.179,6.711],[35.18,6.729],[35.148,6.762],[35.081,6.812],[35.044,6.812],[34.986,6.799],[34.934,6.798],[34.946,6.828],[34.97,6.861],[34.993,6.865],[34.999,6.894],[34.975,6.926],[34.946,6.945],[34.912,6.989],[34.903,7.032],[34.885,7.032],[34.878,7.071],[34.893,7.093],[34.891,7.161],[34.899,7.186],[34.943,7.194],[34.966,7.216],[34.971,7.235],[34.968,7.275],[34.974,7.29],[34.971,7.312],[34.972,7.339],[34.954,7.368],[34.914,7.379],[34.924,7.418],[34.925,7.435],[34.902,7.488],[34.862,7.523],[34.837,7.542],[34.869,7.551],[34.884,7.565],[34.884,7.589],[34.903,7.617],[34.922,7.623],[35.003,7.634],[35.012,7.674],[35.01,7.727],[34.996,7.749],[34.933,7.729],[34.938,7.766],[34.933,7.829],[34.945,7.881],[34.951,7.891],[35.001,7.863],[35.014,7.884],[35.009,7.925],[35.049,7.956],[35.109,7.958],[35.142,7.99],[35.141,8.023],[35.119,8.084],[35.09,8.115],[35.105,8.116],[35.144,8.144],[35.158,8.138],[35.139,8.183],[35.12,8.202],[35.074,8.221],[35.019,8.221],[34.966,8.248]]]}},{"type":"Feature","properties":{"name":"Alaba"},"geometry":{"type":"Polygon","coordinates":[[[38.426,7.555],[38.42,7.571],[38.402,7.58],[38.402,7.596],[38.396,7.601],[38.367,7.602],[38.346,7.611],[38.335,7.609],[38.316,7.596],[38.306,7.591],[38.278,7.579],[38.263,7.575],[38.254,7.58],[38.247,7.593],[38.238,7.558],[38.217,7.518],[38.217,7.473],[38.196,7.472],[38.189,7.443],[38.163,7.439],[38.144,7.406],[38.118,7.41],[38.118,7.437],[38.107,7.451],[38.075,7.435],[38.066,7.43],[38.054,7.425],[38.049,7.417],[38.03,7.419],[38.058,7.39],[38.059,7.383],[38.052,7.381],[38.04,7.379],[38.031,7.364],[38.024,7.36],[38.018,7.346],[38.006,7.335],[37.986,7.303],[38.0,7.293],[38.053,7.297],[38.074,7.28],[38.081,7.27],[38.084,7.262],[38.087,7.248],[38.095,7.231],[38.101,7.208],[38.105,7.212],[38.145,7.233],[38.182,7.259],[38.199,7.263],[38.207,7.267],[38.221,7.277],[38.234,7.289],[38.247,7.298],[38.266,7.308],[38.276,7.32],[38.282,7.34],[38.278,7.362],[38.28,7.382],[38.293,7.393],[38.31,7.403],[38.32,7.415],[38.326,7.435],[38.329,7.458],[38.328,7.463],[38.342,7.48],[38.393,7.503],[38.415,7.505],[38.428,7.516],[38.43,7.535],[38.426,7.555]]]}},{"type":"Feature","properties":{"name":"Arsi"},"geometry":{"type":"Polygon","coordinates":[[[40.717,7.891],[40.704,7.895],[40.68,7.894],[40.616,7.882],[40.59,7.879],[40.563,7.883],[40.479,7.928],[40.462,7.941],[40.441,7.968],[40.446,7.998],[40.446,8.005],[40.437,8.015],[40.409,8.022],[40.397,8.042],[40.401,8.07],[40.394,8.089],[40.386,8.099],[40.38,8.114],[40.38,8.134],[40.39,8.158],[40.404,8.182],[40.406,8.203],[40.402,8.233],[40.395,8.256],[40.384,8.277],[40.368,8.306],[40.338,8.345],[40.328,8.371],[40.323,8.424],[40.329,8.511],[40.326,8.534],[40.32,8.554],[40.319,8.575],[40.316,8.604],[40.3,8.613],[40.287,8.606],[40.272,8.591],[40.248,8.571],[40.211,8.55],[40.191,8.551],[40.183,8.56],[40.187,8.576],[40.189,8.605],[40.178,8.62],[40.157,8.626],[40.094,8.63],[40.063,8.629],[40.046,8.636],[40.037,8.648],[40.028,8.67],[40.026,8.689],[40.035,8.705],[40.069,8.74],[40.078,8.767],[40.084,8.799],[40.096,8.842],[40.097,8.858],[40.095,8.863],[40.082,8.852],[40.068,8.845],[40.067,8.836],[40.041,8.783],[40.024,8.763],[40.003,8.749],[39.974,8.738],[39.927,8.729],[39.894,8.719],[39.874,8.699],[39.848,8.677],[39.825,8.664],[39.798,8.656],[39.758,8.653],[39.725,8.636],[39.714,8.616],[39.699,8.593],[39.658,8.55],[39.635,8.535],[39.609,8.531],[39.572,8.517],[39.546,8.495],[39.531,8.465],[39.515,8.44],[39.495,8.424],[39.475,8.418],[39.447,8.414],[39.427,8.415],[39.418,8.413],[39.401,8.4],[39.383,8.382],[39.366,8.382],[39.352,8.387],[39.341,8.382],[39.332,8.383],[39.311,8.372],[39.295,8.346],[39.27,8.263],[39.252,8.243],[39.235,8.231],[39.218,8.223],[39.208,8.226],[39.197,8.248],[39.195,8.264],[39.187,8.281],[39.174,8.302],[39.158,8.313],[39.141,8.308],[39.121,8.297],[39.101,8.293],[39.08,8.304],[39.057,8.307],[39.031,8.293],[39.013,8.277],[39.0,8.255],[38.993,8.232],[38.988,8.21],[38.983,8.168],[38.971,8.147],[38.958,8.133],[38.948,8.114],[38.943,8.086],[38.941,8.068],[38.934,8.051],[38.906,8.017],[38.895,7.999],[38.873,7.986],[38.82,7.928],[38.807,7.911],[38.737,7.859],[38.718,7.849],[38.708,7.839],[38.709,7.822],[38.698,7.807],[38.688,7.797],[38.696,7.78],[38.717,7.766],[38.741,7.756],[38.763,7.737],[38.778,7.711],[38.786,7.687],[38.827,7.696],[38.845,7.705],[38.857,7.707],[38.863,7.69],[38.865,7.679],[38.877,7.664],[38.887,7.663],[38.898,7.666],[38.897,7.656],[38.887,7.642],[38.879,7.617],[38.884,7.606],[38.89,7.6],[38.872,7.58],[38.876,7.576],[38.887,7.573],[38.867,7.506],[38.861,7.506],[38.848,7.475],[38.855,7.467],[38.863,7.467],[38.87,7.454],[38.883,7.449],[38.883,7.432],[38.89,7.417],[38.89,7.402],[38.894,7.385],[38.902,7.387],[38.899,7.374],[38.9,7.365],[38.893,7.362],[38.89,7.355],[38.897,7.353],[38.905,7.355],[38.914,7.349],[38.916,7.343],[38.909,7.339],[38.911,7.334],[38.919,7.326],[38.971,7.319],[39.002,7.328],[39.042,7.343],[39.067,7.356],[39.129,7.364],[39.151,7.348],[39.171,7.342],[39.193,7.331],[39.197,7.304],[39.207,7.286],[39.239,7.286],[39.269,7.279],[39.293,7.266],[39.317,7.249],[39.335,7.228],[39.368,7.193],[39.395,7.154],[39.403,7.163],[39.44,7.181],[39.439,7.204],[39.453,7.229],[39.47,7.264],[39.483,7.282],[39.492,7.31],[39.5,7.353],[39.513,7.387],[39.523,7.403],[39.528,7.411],[39.541,7.427],[39.571,7.433],[39.596,7.449],[39.615,7.466],[39.639,7.477],[39.661,7.477],[39.705,7.464],[39.75,7.444],[39.774,7.442],[39.795,7.447],[39.807,7.462],[39.85,7.463],[39.88,7.472],[39.91,7.475],[39.959,7.483],[40.002,7.478],[40.021,7.464],[40.052,7.461],[40.076,7.446],[40.112,7.438],[40.147,7.44],[40.19,7.458],[40.209,7.475],[40.268,7.515],[40.321,7.559],[40.348,7.585],[40.374,7.605],[40.441,7.636],[40.474,7.645],[40.521,7.649],[40.534,7.653],[40.565,7.725],[40.583,7.757],[40.605,7.777],[40.635,7.799],[40.661,7.812],[40.676,7.814],[40.693,7.824],[40.711,7.878],[40.717,7.891]]]}},{"type":"Feature","properties":{"name":"Asosa"},"geometry":{"type":"Polygon","coordinates":[[[34.983,10.899],[34.958,10.878],[34.928,10.857],[34.89,10.823],[34.868,10.809],[34.868,10.776],[34.858,10.757],[34.801,10.722],[34.786,10.711],[34.778,10.711],[34.791,10.741],[34.791,10.756],[34.766,10.756],[34.751,10.771],[34.729,10.795],[34.688,10.825],[34.611,10.898],[34.599,10.902],[34.584,10.888],[34.555,10.884],[34.546,10.869],[34.532,10.853],[34.506,10.845],[34.466,10.822],[34.452,10.793],[34.431,10.763],[34.407,10.714],[34.384,10.678],[34.346,10.631],[34.298,10.587],[34.294,10.561],[34.28,10.533],[34.281,10.516],[34.307,10.509],[34.327,10.477],[34.312,10.448],[34.294,10.407],[34.306,10.374],[34.324,10.294],[34.352,10.222],[34.343,10.202],[34.347,10.17],[34.334,10.143],[34.334,10.114],[34.298,10.087],[34.26,10.072],[34.234,10.048],[34.227,10.014],[34.219,9.962],[34.218,9.903],[34.204,9.865],[34.17,9.782],[34.147,9.719],[34.145,9.702],[34.133,9.641],[34.118,9.607],[34.101,9.552],[34.109,9.409],[34.118,9.345],[34.123,9.258],[34.135,9.173],[34.145,8.963],[34.431,8.968],[34.504,9.005],[34.484,9.048],[34.459,9.074],[34.428,9.073],[34.394,9.117],[34.342,9.17],[34.402,9.188],[34.44,9.217],[34.453,9.259],[34.452,9.31],[34.467,9.367],[34.453,9.45],[34.514,9.449],[34.499,9.515],[34.524,9.542],[34.533,9.592],[34.549,9.631],[34.586,9.631],[34.633,9.589],[34.687,9.565],[34.736,9.546],[34.784,9.554],[34.793,9.604],[34.812,9.631],[34.811,9.703],[34.797,9.737],[34.808,9.762],[34.832,9.804],[34.855,9.818],[34.87,9.822],[34.878,9.846],[34.893,9.866],[34.898,9.883],[34.868,9.903],[34.889,9.909],[34.905,9.957],[34.928,9.936],[34.944,9.935],[34.989,9.998],[35.016,9.996],[35.02,9.93],[35.049,9.919],[35.082,9.923],[35.082,9.94],[35.089,9.951],[35.16,9.949],[35.222,9.926],[35.224,9.911],[35.232,9.894],[35.279,9.908],[35.298,9.923],[35.312,9.912],[35.325,9.886],[35.341,9.905],[35.35,9.92],[35.349,9.964],[35.332,10.023],[35.301,10.024],[35.276,10.043],[35.249,10.06],[35.243,10.077],[35.237,10.118],[35.221,10.147],[35.211,10.173],[35.201,10.211],[35.189,10.239],[35.193,10.264],[35.215,10.285],[35.196,10.317],[35.181,10.403],[35.145,10.396],[35.118,10.406],[35.106,10.423],[35.091,10.453],[35.063,10.481],[35.035,10.484],[35.04,10.507],[35.051,10.526],[35.038,10.532],[35.011,10.53],[35.016,10.552],[35.031,10.581],[35.052,10.61],[35.069,10.663],[35.078,10.732],[35.082,10.794],[35.082,10.848],[35.024,10.883],[34.983,10.899]]]}},{"type":"Feature","properties":{"name":"Awi/Agew"},"geometry":{"type":"Polygon","coordinates":[[[36.655,11.643],[36.654,11.651],[36.662,11.665],[36.662,11.672],[36.659,11.681],[36.663,11.688],[36.663,11.696],[36.663,11.718],[36.662,11.727],[36.646,11.718],[36.64,11.716],[36.633,11.717],[36.612,11.742],[36.598,11.753],[36.584,11.778],[36.581,11.785],[36.592,11.789],[36.595,11.795],[36.599,11.81],[36.599,11.823],[36.586,11.879],[36.601,11.882],[36.61,11.882],[36.606,11.907],[36.61,11.912],[36.616,11.909],[36.628,11.91],[36.628,11.917],[36.623,11.923],[36.623,11.93],[36.588,11.958],[36.549,11.971],[36.545,11.966],[36.538,11.977],[36.526,11.981],[36.515,11.988],[36.509,11.988],[36.484,11.99],[36.475,11.997],[36.453,12.002],[36.446,12.005],[36.439,12.006],[36.433,12.01],[36.41,12.016],[36.384,12.029],[36.381,12.037],[36.367,12.034],[36.355,12.046],[36.348,12.05],[36.342,12.051],[36.337,12.047],[36.331,12.045],[36.324,12.047],[36.295,12.04],[36.282,12.032],[36.28,12.025],[36.26,12.023],[36.253,12.021],[36.226,12.002],[36.217,12.001],[36.21,12.004],[36.203,12.0],[36.194,12.002],[36.187,12.0],[36.176,12.007],[36.17,12.002],[36.146,12.01],[36.141,12.009],[36.137,12.013],[36.129,12.009],[36.11,12.025],[36.101,12.03],[36.093,12.028],[36.087,12.025],[36.084,12.029],[36.08,12.037],[36.071,12.043],[36.065,12.049],[36.057,12.046],[36.054,12.038],[36.053,12.032],[36.059,12.027],[36.058,12.021],[36.051,12.023],[36.041,12.018],[36.033,12.019],[36.026,12.022],[36.021,12.017],[36.008,12.011],[36.0,12.013],[35.972,12.004],[35.967,12.005],[35.962,12.001],[35.967,11.985],[35.973,11.971],[35.97,11.959],[35.979,11.961],[35.997,11.928],[36.022,11.915],[36.043,11.896],[36.035,11.893],[36.039,11.886],[36.051,11.884],[36.046,11.877],[36.057,11.875],[36.05,11.867],[36.052,11.858],[36.055,11.85],[36.067,11.852],[36.085,11.836],[36.082,11.825],[36.096,11.814],[36.106,11.817],[36.118,11.775],[36.124,11.735],[36.117,11.724],[36.126,11.72],[36.119,11.707],[36.146,11.686],[36.158,11.687],[36.166,11.679],[36.177,11.685],[36.186,11.691],[36.202,11.707],[36.208,11.722],[36.232,11.723],[36.237,11.738],[36.262,11.754],[36.284,11.773],[36.31,11.804],[36.33,11.797],[36.342,11.782],[36.338,11.774],[36.342,11.769],[36.34,11.762],[36.341,11.749],[36.34,11.744],[36.34,11.738],[36.335,11.724],[36.335,11.718],[36.333,11.705],[36.348,11.697],[36.333,11.667],[36.339,11.652],[36.349,11.606],[36.366,11.601],[36.376,11.609],[36.38,11.597],[36.392,11.584],[36.391,11.572],[36.404,11.547],[36.415,11.546],[36.414,11.533],[36.435,11.512],[36.44,11.505],[36.445,11.494],[36.439,11.493],[36.436,11.488],[36.426,11.478],[36.42,11.468],[36.41,11.459],[36.411,11.415],[36.449,11.428],[36.468,11.429],[36.472,11.437],[36.49,11.441],[36.499,11.445],[36.504,11.459],[36.513,11.459],[36.522,11.445],[36.531,11.435],[36.534,11.395],[36.542,11.395],[36.552,11.387],[36.565,11.372],[36.564,11.359],[36.56,11.355],[36.54,11.346],[36.535,11.336],[36.548,11.338],[36.557,11.33],[36.563,11.319],[36.563,11.313],[36.558,11.303],[36.546,11.306],[36.538,11.306],[36.53,11.303],[36.516,11.29],[36.506,11.286],[36.496,11.29],[36.491,11.28],[36.484,11.273],[36.468,11.266],[36.477,11.246],[36.472,11.234],[36.461,11.227],[36.468,11.216],[36.469,11.198],[36.467,11.187],[36.469,11.179],[36.468,11.156],[36.476,11.158],[36.484,11.154],[36.49,11.147],[36.504,11.138],[36.512,11.138],[36.531,11.142],[36.55,11.139],[36.554,11.133],[36.554,11.128],[36.557,11.121],[36.561,11.114],[36.567,11.112],[36.574,11.113],[36.579,11.111],[36.576,11.102],[36.568,11.103],[36.56,11.101],[36.556,11.094],[36.547,11.095],[36.535,11.099],[36.533,11.114],[36.526,11.114],[36.516,11.106],[36.501,11.086],[36.492,11.077],[36.49,11.07],[36.486,11.067],[36.479,11.068],[36.471,11.056],[36.452,11.054],[36.445,11.051],[36.437,11.04],[36.428,11.036],[36.423,11.032],[36.418,11.002],[36.367,10.947],[36.355,10.938],[36.351,10.931],[36.354,10.922],[36.348,10.918],[36.346,10.912],[36.332,10.899],[36.331,10.893],[36.333,10.888],[36.328,10.883],[36.323,10.88],[36.31,10.863],[36.31,10.855],[36.315,10.852],[36.31,10.837],[36.311,10.828],[36.306,10.821],[36.296,10.816],[36.3,10.811],[36.293,10.807],[36.283,10.805],[36.284,10.797],[36.289,10.773],[36.286,10.752],[36.286,10.745],[36.295,10.744],[36.312,10.748],[36.314,10.754],[36.325,10.764],[36.326,10.77],[36.332,10.771],[36.342,10.79],[36.35,10.791],[36.358,10.791],[36.378,10.787],[36.374,10.774],[36.377,10.766],[36.375,10.759],[36.363,10.749],[36.36,10.743],[36.353,10.741],[36.332,10.727],[36.327,10.715],[36.318,10.705],[36.317,10.698],[36.323,10.686],[36.319,10.68],[36.312,10.68],[36.313,10.675],[36.321,10.668],[36.325,10.663],[36.319,10.653],[36.312,10.65],[36.307,10.645],[36.304,10.639],[36.308,10.625],[36.302,10.624],[36.298,10.621],[36.292,10.621],[36.287,10.616],[36.282,10.605],[36.285,10.6],[36.294,10.598],[36.307,10.579],[36.303,10.572],[36.303,10.555],[36.309,10.553],[36.312,10.549],[36.312,10.543],[36.319,10.529],[36.327,10.524],[36.344,10.522],[36.349,10.525],[36.356,10.528],[36.36,10.531],[36.364,10.519],[36.365,10.507],[36.372,10.506],[36.383,10.491],[36.392,10.469],[36.41,10.456],[36.418,10.455],[36.423,10.457],[36.429,10.456],[36.436,10.453],[36.446,10.457],[36.45,10.46],[36.456,10.476],[36.464,10.48],[36.486,10.484],[36.512,10.48],[36.519,10.48],[36.528,10.484],[36.531,10.49],[36.535,10.493],[36.548,10.498],[36.567,10.508],[36.598,10.522],[36.607,10.534],[36.627,10.538],[36.643,10.544],[36.662,10.546],[36.681,10.552],[36.687,10.55],[36.7,10.535],[36.725,10.52],[36.741,10.525],[36.747,10.532],[36.752,10.55],[36.748,10.56],[36.748,10.577],[36.754,10.58],[36.777,10.577],[36.783,10.58],[36.787,10.586],[36.796,10.595],[36.798,10.6],[36.829,10.624],[36.828,10.629],[36.821,10.632],[36.829,10.647],[36.816,10.655],[36.82,10.66],[36.825,10.66],[36.829,10.664],[36.836,10.666],[36.853,10.676],[36.861,10.676],[36.866,10.672],[36.872,10.672],[36.877,10.67],[36.883,10.669],[36.893,10.675],[36.898,10.675],[36.905,10.67],[36.913,10.667],[36.92,10.671],[36.928,10.682],[36.921,10.687],[36.921,10.7],[36.925,10.714],[36.929,10.721],[36.935,10.723],[36.949,10.705],[36.954,10.705],[36.959,10.708],[36.966,10.71],[36.961,10.717],[36.959,10.723],[36.963,10.729],[36.971,10.72],[36.976,10.719],[36.98,10.722],[36.981,10.729],[36.983,10.735],[36.998,10.738],[37.003,10.741],[37.006,10.748],[37.01,10.752],[37.016,10.751],[37.013,10.745],[37.012,10.739],[37.014,10.732],[37.021,10.731],[37.026,10.734],[37.027,10.747],[37.035,10.749],[37.04,10.754],[37.054,10.764],[37.066,10.76],[37.065,10.784],[37.074,10.785],[37.077,10.779],[37.099,10.791],[37.094,10.798],[37.091,10.81],[37.091,10.817],[37.098,10.826],[37.106,10.825],[37.119,10.821],[37.121,10.828],[37.121,10.842],[37.125,10.85],[37.118,10.851],[37.111,10.863],[37.112,10.87],[37.115,10.877],[37.112,10.884],[37.109,10.896],[37.11,10.902],[37.113,10.912],[37.103,10.924],[37.093,10.931],[37.089,10.936],[37.087,10.943],[37.083,10.946],[37.091,10.956],[37.095,10.958],[37.107,10.956],[37.123,10.957],[37.129,10.957],[37.132,10.961],[37.131,10.97],[37.121,10.98],[37.119,10.989],[37.116,10.996],[37.105,11.008],[37.105,11.016],[37.106,11.022],[37.11,11.026],[37.106,11.033],[37.099,11.029],[37.093,11.023],[37.089,11.013],[37.086,11.018],[37.087,11.024],[37.08,11.043],[37.072,11.055],[37.071,11.078],[37.086,11.096],[37.083,11.102],[37.073,11.114],[37.079,11.138],[37.079,11.157],[37.076,11.161],[37.069,11.165],[37.072,11.169],[37.069,11.174],[37.049,11.182],[37.045,11.187],[37.038,11.178],[37.027,11.187],[37.021,11.187],[37.006,11.183],[37.005,11.191],[37.01,11.195],[37.007,11.207],[37.002,11.207],[36.995,11.21],[36.994,11.218],[36.988,11.223],[36.983,11.231],[36.982,11.24],[36.98,11.249],[36.974,11.253],[36.967,11.254],[36.961,11.253],[36.955,11.25],[36.948,11.25],[36.932,11.252],[36.927,11.258],[36.93,11.263],[36.93,11.269],[36.938,11.275],[36.939,11.28],[36.943,11.284],[36.948,11.294],[36.942,11.299],[36.934,11.3],[36.928,11.298],[36.92,11.298],[36.91,11.315],[36.897,11.31],[36.889,11.31],[36.879,11.316],[36.866,11.326],[36.864,11.339],[36.854,11.346],[36.85,11.35],[36.836,11.359],[36.821,11.368],[36.809,11.383],[36.806,11.39],[36.805,11.396],[36.802,11.4],[36.796,11.401],[36.789,11.4],[36.775,11.408],[36.762,11.415],[36.751,11.424],[36.741,11.427],[36.736,11.432],[36.731,11.431],[36.719,11.425],[36.714,11.419],[36.705,11.415],[36.693,11.412],[36.687,11.413],[36.679,11.408],[36.67,11.405],[36.655,11.406],[36.644,11.403],[36.64,11.407],[36.648,11.418],[36.653,11.421],[36.657,11.425],[36.659,11.441],[36.655,11.443],[36.636,11.447],[36.624,11.453],[36.603,11.46],[36.576,11.463],[36.561,11.463],[36.543,11.464],[36.517,11.472],[36.512,11.475],[36.525,11.484],[36.527,11.489],[36.532,11.492],[36.536,11.496],[36.539,11.503],[36.538,11.509],[36.545,11.519],[36.544,11.526],[36.547,11.537],[36.564,11.544],[36.582,11.573],[36.588,11.581],[36.606,11.595],[36.638,11.628],[36.655,11.643]]]}},{"type":"Feature","properties":{"name":"Bale"},"geometry":{"type":"Polygon","coordinates":[[[42.005,6.599],[42.007,6.616],[42.001,6.63],[42.0,6.643],[42.014,6.66],[42.016,6.682],[42.026,6.708],[42.056,6.75],[42.064,6.827],[42.068,6.842],[42.076,6.865],[42.077,6.888],[42.1,6.917],[42.107,6.931],[42.135,6.955],[42.141,6.968],[42.164,7.008],[42.159,7.053],[42.188,7.098],[42.206,7.142],[42.204,7.196],[42.211,7.228],[42.211,7.265],[42.2,7.293],[41.897,7.412],[41.868,7.534],[41.866,7.516],[41.844,7.517],[41.843,7.535],[41.837,7.552],[41.797,7.557],[41.781,7.569],[41.763,7.59],[41.742,7.599],[41.724,7.609],[41.708,7.612],[41.702,7.622],[41.702,7.63],[41.696,7.637],[41.677,7.641],[41.675,7.654],[41.678,7.669],[41.654,7.679],[41.649,7.702],[41.653,7.709],[41.64,7.714],[41.625,7.721],[41.608,7.733],[41.595,7.746],[41.591,7.771],[41.594,7.802],[41.595,7.831],[41.586,7.849],[41.566,7.852],[41.552,7.865],[41.544,7.913],[41.526,7.939],[41.524,7.95],[41.525,7.958],[41.52,7.973],[41.519,7.979],[41.533,8.012],[41.532,8.044],[41.528,8.075],[41.521,8.101],[41.504,8.121],[41.474,8.133],[41.428,8.124],[41.396,8.134],[41.328,8.148],[41.299,8.149],[41.253,8.133],[41.194,8.127],[41.168,8.114],[41.105,8.066],[41.087,8.055],[41.054,8.02],[41.036,8.007],[41.019,7.991],[40.983,7.973],[40.973,7.964],[40.961,7.959],[40.93,7.956],[40.906,7.954],[40.878,7.956],[40.808,7.956],[40.767,7.948],[40.754,7.943],[40.73,7.917],[40.717,7.891],[40.711,7.878],[40.693,7.824],[40.676,7.814],[40.661,7.812],[40.635,7.799],[40.605,7.777],[40.583,7.757],[40.565,7.725],[40.534,7.653],[40.521,7.649],[40.474,7.645],[40.441,7.636],[40.374,7.605],[40.348,7.585],[40.321,7.559],[40.268,7.515],[40.209,7.475],[40.19,7.458],[40.147,7.44],[40.112,7.438],[40.076,7.446],[40.052,7.461],[40.021,7.464],[40.002,7.478],[39.959,7.483],[39.91,7.475],[39.88,7.472],[39.85,7.463],[39.807,7.462],[39.795,7.447],[39.774,7.442],[39.75,7.444],[39.705,7.464],[39.661,7.477],[39.639,7.477],[39.615,7.466],[39.596,7.449],[39.571,7.433],[39.541,7.427],[39.528,7.411],[39.523,7.403],[39.542,7.388],[39.543,7.379],[39.548,7.354],[39.562,7.338],[39.59,7.334],[39.608,7.32],[39.633,7.283],[39.644,7.246],[39.643,7.19],[39.648,7.169],[39.671,7.169],[39.683,7.172],[39.684,7.166],[39.67,7.15],[39.627,7.129],[39.612,7.112],[39.62,7.094],[39.637,7.084],[39.645,7.077],[39.656,7.058],[39.685,7.014],[39.697,6.998],[39.731,6.978],[39.732,6.954],[39.747,6.93],[39.759,6.916],[39.772,6.886],[39.751,6.863],[39.726,6.842],[39.66,6.808],[39.638,6.793],[39.628,6.776],[39.637,6.744],[39.626,6.73],[39.6,6.718],[39.579,6.703],[39.533,6.66],[39.517,6.67],[39.511,6.689],[39.495,6.679],[39.493,6.668],[39.499,6.641],[39.487,6.624],[39.472,6.613],[39.45,6.612],[39.433,6.598],[39.427,6.584],[39.432,6.565],[39.42,6.555],[39.401,6.559],[39.38,6.559],[39.353,6.542],[39.338,6.506],[39.323,6.476],[39.315,6.445],[39.317,6.401],[39.293,6.384],[39.26,6.369],[39.254,6.355],[39.257,6.342],[39.241,6.329],[39.226,6.307],[39.218,6.292],[39.227,6.288],[39.26,6.266],[39.29,6.224],[39.321,6.184],[39.334,6.145],[39.333,6.12],[39.347,6.109],[39.356,6.097],[39.343,6.08],[39.348,6.051],[39.37,6.022],[39.369,6.012],[39.376,6.007],[39.376,5.994],[39.381,5.985],[39.383,5.97],[39.394,5.956],[39.408,5.944],[39.409,5.93],[39.425,5.927],[39.435,5.909],[39.447,5.897],[39.464,5.897],[39.469,5.891],[39.47,5.882],[39.466,5.874],[39.461,5.872],[39.459,5.865],[39.453,5.86],[39.448,5.845],[39.455,5.831],[39.452,5.822],[39.458,5.819],[39.462,5.815],[39.462,5.808],[39.454,5.794],[39.456,5.789],[39.478,5.757],[39.502,5.727],[39.524,5.703],[39.548,5.7],[39.615,5.72],[39.649,5.717],[39.685,5.699],[39.704,5.676],[39.716,5.647],[39.703,5.621],[39.678,5.588],[39.665,5.554],[39.683,5.519],[39.704,5.51],[39.738,5.512],[39.775,5.517],[39.802,5.517],[39.842,5.507],[39.871,5.492],[39.897,5.468],[39.915,5.436],[39.943,5.405],[39.98,5.397],[40.01,5.401],[40.035,5.398],[40.064,5.38],[40.099,5.366],[40.135,5.359],[40.175,5.355],[40.209,5.357],[40.241,5.367],[40.278,5.37],[40.311,5.378],[40.37,5.388],[40.534,5.412],[40.55,5.429],[40.564,5.455],[40.582,5.477],[40.606,5.492],[40.634,5.531],[40.68,5.542],[40.695,5.569],[40.754,5.596],[40.812,5.636],[40.833,5.657],[40.866,5.67],[40.923,5.685],[40.876,5.809],[40.879,5.989],[40.872,6.057],[40.868,6.078],[40.87,6.096],[40.867,6.115],[40.867,6.135],[40.869,6.153],[40.879,6.189],[40.883,6.246],[40.881,6.268],[40.865,6.322],[40.863,6.347],[40.865,6.354],[40.862,6.362],[40.858,6.387],[40.861,6.437],[40.886,6.473],[40.901,6.513],[40.937,6.552],[40.991,6.605],[41.016,6.646],[41.072,6.689],[41.073,6.696],[41.132,6.693],[41.157,6.678],[41.175,6.66],[41.229,6.624],[41.359,6.567],[41.381,6.567],[41.439,6.545],[41.529,6.466],[41.621,6.363],[41.634,6.393],[41.657,6.41],[41.685,6.425],[41.691,6.431],[41.705,6.454],[41.74,6.521],[41.759,6.542],[41.8,6.559],[41.821,6.572],[41.855,6.57],[41.862,6.537],[41.889,6.537],[41.937,6.554],[42.0,6.591],[42.005,6.599]]]}},{"type":"Feature","properties":{"name":"Basketo"},"geometry":{"type":"Polygon","coordinates":[[[36.686,6.333],[36.674,6.334],[36.658,6.342],[36.671,6.382],[36.65,6.387],[36.627,6.363],[36.613,6.371],[36.599,6.364],[36.586,6.35],[36.575,6.343],[36.564,6.346],[36.543,6.364],[36.537,6.365],[36.53,6.353],[36.528,6.345],[36.528,6.338],[36.525,6.33],[36.517,6.315],[36.506,6.303],[36.477,6.283],[36.471,6.285],[36.468,6.276],[36.457,6.263],[36.449,6.246],[36.446,6.234],[36.441,6.228],[36.427,6.221],[36.423,6.217],[36.425,6.198],[36.424,6.19],[36.42,6.182],[36.414,6.176],[36.406,6.172],[36.4,6.161],[36.399,6.152],[36.404,6.143],[36.411,6.143],[36.42,6.146],[36.438,6.156],[36.45,6.162],[36.461,6.17],[36.482,6.183],[36.494,6.184],[36.505,6.179],[36.517,6.176],[36.522,6.175],[36.53,6.175],[36.539,6.179],[36.547,6.188],[36.558,6.202],[36.564,6.206],[36.612,6.219],[36.617,6.22],[36.671,6.229],[36.684,6.227],[36.683,6.24],[36.676,6.26],[36.676,6.269],[36.676,6.278],[36.676,6.286],[36.678,6.294],[36.685,6.311],[36.69,6.324],[36.686,6.333]]]}},{"type":"Feature","properties":{"name":"Bench Maji"},"geometry":{"type":"Polygon","coordinates":[[[34.986,6.3],[34.952,6.269],[34.95,6.253],[34.953,6.239],[34.965,6.213],[34.967,6.202],[34.966,6.185],[34.97,6.156],[34.966,6.146],[34.961,6.137],[34.958,6.129],[34.959,6.121],[34.966,6.091],[34.973,6.086],[34.988,6.069],[34.993,6.055],[34.993,6.02],[35.003,6.004],[34.999,5.983],[34.992,5.972],[34.988,5.956],[34.988,5.947],[34.998,5.926],[34.992,5.903],[34.992,5.897],[35.047,5.819],[35.096,5.732],[35.11,5.709],[35.122,5.692],[35.126,5.684],[35.126,5.675],[35.121,5.629],[35.122,5.622],[35.127,5.617],[35.227,5.55],[35.265,5.524],[35.284,5.512],[35.301,5.498],[35.3,5.492],[35.305,5.478],[35.304,5.467],[35.305,5.459],[35.301,5.447],[35.3,5.439],[35.291,5.427],[35.288,5.404],[35.288,5.391],[35.286,5.384],[35.286,5.377],[35.301,5.334],[35.309,5.331],[35.317,5.33],[35.335,5.334],[35.36,5.349],[35.368,5.35],[35.375,5.354],[35.407,5.361],[35.411,5.365],[35.427,5.374],[35.455,5.393],[35.469,5.407],[35.48,5.412],[35.488,5.414],[35.493,5.414],[35.506,5.419],[35.511,5.419],[35.517,5.415],[35.534,5.419],[35.54,5.416],[35.579,5.416],[35.656,5.382],[35.741,5.371],[35.742,5.407],[35.737,5.545],[35.747,5.606],[35.795,5.661],[35.845,5.672],[35.915,5.663],[35.938,5.656],[35.955,5.671],[35.956,5.718],[35.969,5.749],[35.953,5.783],[35.953,5.827],[35.962,5.878],[35.977,5.919],[35.968,5.948],[35.997,5.973],[35.994,6.0],[35.974,6.049],[35.979,6.078],[35.956,6.093],[35.938,6.12],[35.936,6.128],[35.94,6.141],[35.969,6.162],[35.976,6.171],[35.968,6.19],[35.965,6.203],[35.965,6.215],[35.971,6.239],[35.974,6.274],[35.981,6.321],[35.98,6.342],[35.985,6.357],[35.986,6.38],[35.993,6.391],[35.997,6.4],[36.004,6.41],[36.02,6.44],[36.031,6.45],[36.042,6.457],[36.055,6.462],[36.079,6.465],[36.088,6.468],[36.097,6.472],[36.108,6.483],[36.117,6.496],[36.122,6.508],[36.127,6.52],[36.133,6.545],[36.134,6.559],[36.133,6.568],[36.091,6.622],[36.085,6.633],[36.081,6.646],[36.08,6.659],[36.083,6.694],[36.082,6.705],[36.064,6.728],[36.07,6.75],[36.07,6.779],[36.075,6.799],[36.074,6.817],[36.059,6.848],[36.052,6.878],[36.04,6.911],[36.025,6.929],[36.02,6.937],[36.016,6.946],[36.012,6.985],[36.01,6.992],[36.007,7.002],[35.997,7.017],[35.981,7.055],[35.963,7.085],[35.955,7.093],[35.948,7.103],[35.935,7.109],[35.922,7.12],[35.914,7.115],[35.877,7.101],[35.87,7.096],[35.866,7.085],[35.867,7.068],[35.88,7.035],[35.868,7.027],[35.857,7.023],[35.848,7.013],[35.843,6.998],[35.823,7.035],[35.839,7.067],[35.816,7.076],[35.79,7.043],[35.778,7.016],[35.751,7.027],[35.715,7.003],[35.69,6.989],[35.691,7.009],[35.698,7.022],[35.722,7.046],[35.729,7.06],[35.723,7.068],[35.709,7.074],[35.709,7.083],[35.716,7.091],[35.719,7.103],[35.713,7.115],[35.697,7.154],[35.671,7.208],[35.665,7.21],[35.647,7.199],[35.634,7.194],[35.62,7.193],[35.608,7.189],[35.569,7.184],[35.547,7.178],[35.531,7.167],[35.517,7.162],[35.455,7.169],[35.437,7.164],[35.431,7.16],[35.431,7.142],[35.434,7.128],[35.417,7.119],[35.399,7.124],[35.381,7.124],[35.373,7.118],[35.355,7.12],[35.332,7.128],[35.314,7.116],[35.301,7.117],[35.281,7.131],[35.265,7.137],[35.235,7.139],[35.219,7.109],[35.205,7.101],[35.115,7.103],[35.084,7.126],[35.055,7.185],[35.022,7.187],[35.012,7.196],[34.979,7.214],[34.971,7.235],[34.966,7.216],[34.943,7.194],[34.899,7.186],[34.891,7.161],[34.893,7.093],[34.878,7.071],[34.885,7.032],[34.903,7.032],[34.912,6.989],[34.946,6.945],[34.975,6.926],[34.999,6.894],[34.993,6.865],[34.97,6.861],[34.946,6.828],[34.934,6.798],[34.986,6.799],[35.044,6.812],[35.081,6.812],[35.148,6.762],[35.18,6.729],[35.179,6.711],[35.198,6.681],[35.188,6.658],[35.187,6.628],[35.196,6.599],[35.188,6.559],[35.186,6.491],[35.175,6.468],[35.187,6.446],[35.2,6.412],[35.179,6.381],[35.166,6.384],[35.144,6.399],[35.132,6.397],[35.12,6.348],[35.107,6.32],[35.084,6.319],[35.074,6.309],[35.039,6.306],[35.012,6.282],[34.986,6.3]]]}},{"type":"Feature","properties":{"name":"Borena"},"geometry":{"type":"Polygon","coordinates":[[[38.297,6.417],[38.284,6.439],[38.261,6.453],[38.246,6.469],[38.222,6.462],[38.216,6.465],[38.171,6.451],[38.156,6.441],[38.144,6.459],[38.151,6.498],[38.14,6.507],[38.115,6.501],[38.102,6.514],[38.092,6.527],[38.052,6.536],[38.034,6.563],[38.017,6.577],[37.998,6.577],[37.984,6.558],[37.97,6.55],[37.953,6.551],[37.934,6.558],[37.919,6.576],[37.913,6.592],[37.894,6.597],[37.872,6.583],[37.843,6.543],[37.815,6.512],[37.809,6.502],[37.801,6.479],[37.797,6.451],[37.798,6.431],[37.809,6.411],[37.82,6.395],[37.841,6.38],[37.849,6.333],[37.851,6.328],[37.853,6.306],[37.849,6.28],[37.841,6.25],[37.826,6.222],[37.811,6.197],[37.791,6.174],[37.779,6.151],[37.776,6.125],[37.777,6.115],[37.779,6.099],[37.786,6.074],[37.791,6.051],[37.784,6.012],[37.792,5.997],[37.805,5.994],[37.814,5.999],[37.828,6.011],[37.844,6.012],[37.857,6.0],[37.866,5.988],[37.881,5.986],[37.896,5.976],[37.905,5.962],[37.924,5.961],[37.954,5.965],[37.969,5.957],[37.978,5.929],[37.98,5.909],[37.983,5.889],[38.008,5.851],[38.013,5.806],[38.021,5.791],[38.04,5.774],[38.055,5.765],[38.073,5.764],[38.09,5.747],[38.088,5.723],[38.076,5.69],[38.042,5.675],[38.025,5.661],[38.009,5.651],[37.978,5.651],[37.944,5.641],[37.931,5.618],[37.942,5.586],[37.942,5.57],[37.949,5.539],[37.95,5.509],[37.948,5.476],[37.941,5.451],[37.936,5.424],[37.92,5.397],[37.902,5.375],[37.897,5.351],[37.906,5.305],[37.905,5.281],[37.902,5.246],[37.886,5.236],[37.853,5.236],[37.828,5.251],[37.811,5.27],[37.793,5.276],[37.774,5.285],[37.748,5.278],[37.73,5.294],[37.702,5.307],[37.675,5.309],[37.648,5.301],[37.638,5.285],[37.631,5.267],[37.581,5.249],[37.579,5.244],[37.552,5.235],[37.519,5.222],[37.492,5.204],[37.466,5.195],[37.418,5.168],[37.368,5.156],[37.342,5.161],[37.318,5.175],[37.293,5.196],[37.239,5.201],[37.218,5.214],[37.198,5.212],[37.183,5.195],[37.146,5.19],[37.113,5.188],[37.083,5.188],[37.004,5.2],[36.984,5.194],[36.95,5.196],[36.922,5.147],[36.894,5.111],[36.883,5.076],[36.861,4.98],[36.866,4.946],[36.862,4.936],[36.864,4.794],[36.856,4.737],[36.829,4.711],[36.647,4.712],[36.682,4.606],[36.658,4.582],[36.713,4.441],[36.84,4.445],[36.867,4.433],[36.896,4.426],[36.951,4.406],[36.957,4.398],[36.971,4.396],[36.982,4.391],[36.986,4.387],[36.998,4.38],[37.04,4.363],[37.059,4.344],[37.086,4.327],[37.105,4.3],[37.124,4.284],[37.162,4.272],[37.191,4.256],[37.249,4.219],[37.268,4.205],[37.33,4.166],[37.354,4.148],[37.402,4.12],[37.511,4.048],[37.517,4.041],[37.531,4.033],[37.555,4.014],[37.578,4.0],[37.586,3.992],[37.598,3.987],[37.632,3.964],[37.638,3.955],[37.671,3.934],[37.711,3.906],[37.741,3.888],[37.783,3.857],[37.834,3.825],[37.901,3.779],[37.917,3.77],[37.93,3.761],[37.967,3.74],[37.986,3.731],[37.997,3.728],[38.003,3.724],[38.006,3.717],[38.014,3.71],[38.015,3.704],[38.046,3.671],[38.052,3.669],[38.098,3.633],[38.121,3.61],[38.127,3.608],[38.134,3.611],[38.145,3.611],[38.182,3.619],[38.189,3.619],[38.254,3.614],[38.278,3.613],[38.323,3.611],[38.343,3.608],[38.438,3.603],[38.45,3.628],[38.477,3.612],[38.512,3.624],[38.518,3.628],[38.518,3.641],[38.514,3.648],[38.522,3.652],[38.534,3.654],[38.545,3.641],[38.553,3.625],[38.552,3.619],[38.554,3.614],[38.569,3.608],[38.573,3.605],[38.597,3.606],[38.611,3.613],[38.611,3.605],[38.656,3.596],[38.663,3.596],[38.669,3.605],[38.671,3.611],[38.67,3.616],[38.671,3.621],[38.679,3.623],[38.684,3.619],[38.691,3.605],[38.707,3.584],[38.709,3.576],[38.713,3.571],[38.83,3.534],[38.837,3.533],[38.858,3.527],[38.897,3.513],[38.908,3.511],[38.948,3.514],[38.964,3.53],[38.984,3.522],[39.003,3.522],[39.016,3.514],[39.025,3.523],[39.032,3.526],[39.048,3.523],[39.067,3.529],[39.082,3.54],[39.094,3.536],[39.221,3.604],[39.286,3.625],[39.4,3.797],[39.484,3.943],[39.501,3.967],[39.479,4.042],[39.51,4.116],[39.53,4.168],[39.541,4.237],[39.568,4.266],[39.587,4.298],[39.62,4.37],[39.643,4.437],[39.656,4.47],[39.675,4.507],[39.691,4.545],[39.704,4.57],[39.711,4.599],[39.718,4.617],[39.726,4.634],[39.741,4.656],[39.747,4.668],[39.744,4.725],[39.692,4.667],[39.662,4.657],[39.639,4.664],[39.619,4.679],[39.595,4.683],[39.575,4.7],[39.547,4.71],[39.524,4.721],[39.497,4.727],[39.468,4.725],[39.435,4.725],[39.409,4.74],[39.386,4.76],[39.369,4.778],[39.364,4.804],[39.362,4.829],[39.352,4.849],[39.325,4.866],[39.299,4.871],[39.272,4.869],[39.246,4.874],[39.216,4.886],[39.191,4.904],[39.164,4.938],[39.162,4.943],[39.148,4.957],[39.124,4.998],[39.109,5.028],[39.106,5.046],[39.086,5.046],[39.079,5.048],[39.052,5.06],[39.028,5.078],[38.995,5.128],[38.967,5.139],[38.933,5.126],[38.909,5.109],[38.903,5.115],[38.899,5.122],[38.891,5.127],[38.889,5.135],[38.876,5.153],[38.867,5.161],[38.863,5.168],[38.856,5.164],[38.841,5.17],[38.839,5.175],[38.841,5.181],[38.842,5.189],[38.834,5.197],[38.829,5.213],[38.834,5.244],[38.827,5.257],[38.821,5.281],[38.805,5.298],[38.79,5.302],[38.776,5.311],[38.771,5.332],[38.757,5.357],[38.734,5.379],[38.715,5.406],[38.701,5.438],[38.699,5.462],[38.715,5.481],[38.734,5.494],[38.744,5.516],[38.739,5.551],[38.727,5.585],[38.713,5.606],[38.692,5.615],[38.66,5.638],[38.633,5.649],[38.615,5.648],[38.592,5.643],[38.561,5.632],[38.534,5.63],[38.51,5.631],[38.493,5.644],[38.469,5.668],[38.45,5.692],[38.431,5.725],[38.413,5.738],[38.396,5.73],[38.377,5.718],[38.355,5.738],[38.337,5.746],[38.327,5.756],[38.318,5.78],[38.315,5.809],[38.314,5.843],[38.311,5.865],[38.305,5.863],[38.271,5.87],[38.255,5.86],[38.24,5.846],[38.224,5.84],[38.209,5.842],[38.199,5.851],[38.201,5.866],[38.21,5.88],[38.216,5.895],[38.213,5.918],[38.205,5.936],[38.182,5.943],[38.171,5.958],[38.16,5.986],[38.151,6.002],[38.14,6.012],[38.122,6.018],[38.117,6.052],[38.106,6.067],[38.101,6.079],[38.099,6.088],[38.081,6.118],[38.088,6.162],[38.103,6.182],[38.118,6.168],[38.126,6.156],[38.142,6.156],[38.159,6.161],[38.172,6.168],[38.188,6.184],[38.199,6.208],[38.194,6.227],[38.18,6.24],[38.173,6.257],[38.175,6.268],[38.183,6.286],[38.189,6.306],[38.198,6.32],[38.215,6.331],[38.232,6.332],[38.249,6.338],[38.273,6.349],[38.289,6.361],[38.294,6.373],[38.294,6.397],[38.297,6.417]]]}},{"type":"Feature","properties":{"name":"Central"},"geometry":{"type":"Polygon","coordinates":[[[39.248,14.406],[39.241,14.412],[39.233,14.431],[39.225,14.444],[39.222,14.454],[39.22,14.479],[39.215,14.483],[39.209,14.494],[39.218,14.497],[39.229,14.512],[39.232,14.52],[39.233,14.541],[39.239,14.548],[39.241,14.556],[39.239,14.561],[39.239,14.566],[39.234,14.569],[39.227,14.569],[39.222,14.573],[39.222,14.58],[39.217,14.592],[39.209,14.604],[39.201,14.612],[39.179,14.619],[39.158,14.621],[39.126,14.614],[39.115,14.618],[39.105,14.631],[39.098,14.634],[39.088,14.634],[39.082,14.637],[39.076,14.634],[39.068,14.634],[39.062,14.637],[39.056,14.637],[39.049,14.636],[39.042,14.632],[39.03,14.635],[39.024,14.633],[39.015,14.624],[39.009,14.617],[39.014,14.604],[39.011,14.591],[39.002,14.586],[38.995,14.566],[38.982,14.553],[38.976,14.542],[38.968,14.539],[38.961,14.539],[38.955,14.537],[38.95,14.532],[38.938,14.533],[38.922,14.512],[38.906,14.502],[38.865,14.495],[38.849,14.496],[38.836,14.486],[38.825,14.483],[38.818,14.482],[38.816,14.475],[38.803,14.469],[38.795,14.464],[38.776,14.467],[38.76,14.465],[38.751,14.466],[38.731,14.459],[38.717,14.462],[38.704,14.466],[38.688,14.461],[38.676,14.454],[38.671,14.453],[38.666,14.451],[38.662,14.446],[38.655,14.446],[38.648,14.442],[38.64,14.44],[38.632,14.441],[38.617,14.434],[38.609,14.439],[38.602,14.44],[38.573,14.434],[38.562,14.427],[38.556,14.426],[38.55,14.423],[38.544,14.423],[38.538,14.421],[38.522,14.411],[38.517,14.406],[38.507,14.414],[38.499,14.413],[38.485,14.419],[38.478,14.417],[38.473,14.414],[38.457,14.41],[38.448,14.411],[38.444,14.417],[38.444,14.423],[38.44,14.427],[38.433,14.429],[38.432,14.422],[38.433,14.416],[38.43,14.409],[38.442,14.381],[38.446,14.377],[38.448,14.356],[38.446,14.351],[38.447,14.346],[38.451,14.341],[38.454,14.332],[38.475,14.322],[38.473,14.315],[38.474,14.309],[38.479,14.309],[38.487,14.3],[38.493,14.302],[38.501,14.301],[38.503,14.294],[38.503,14.286],[38.509,14.28],[38.529,14.273],[38.53,14.267],[38.528,14.262],[38.531,14.257],[38.532,14.25],[38.537,14.245],[38.553,14.242],[38.558,14.244],[38.567,14.236],[38.563,14.232],[38.543,14.227],[38.536,14.227],[38.547,14.21],[38.554,14.21],[38.559,14.207],[38.566,14.209],[38.574,14.204],[38.568,14.195],[38.568,14.189],[38.564,14.185],[38.561,14.176],[38.555,14.168],[38.543,14.162],[38.549,14.142],[38.546,14.136],[38.541,14.133],[38.528,14.131],[38.523,14.126],[38.503,14.116],[38.501,14.107],[38.503,14.101],[38.501,14.096],[38.495,14.09],[38.5,14.086],[38.497,14.081],[38.5,14.073],[38.518,14.047],[38.52,14.042],[38.504,14.033],[38.5,14.029],[38.494,14.03],[38.488,14.026],[38.488,14.017],[38.49,14.011],[38.492,13.998],[38.496,13.987],[38.498,13.967],[38.506,13.96],[38.518,13.945],[38.524,13.94],[38.527,13.934],[38.558,13.906],[38.555,13.9],[38.559,13.894],[38.56,13.886],[38.564,13.881],[38.544,13.848],[38.538,13.844],[38.528,13.833],[38.52,13.828],[38.507,13.801],[38.494,13.785],[38.495,13.779],[38.493,13.774],[38.499,13.763],[38.503,13.751],[38.51,13.741],[38.514,13.718],[38.52,13.715],[38.526,13.703],[38.526,13.695],[38.528,13.69],[38.528,13.684],[38.54,13.679],[38.566,13.66],[38.571,13.654],[38.577,13.649],[38.586,13.649],[38.593,13.65],[38.598,13.647],[38.602,13.641],[38.614,13.628],[38.623,13.611],[38.632,13.604],[38.635,13.597],[38.637,13.58],[38.641,13.573],[38.659,13.557],[38.663,13.545],[38.672,13.53],[38.679,13.512],[38.677,13.498],[38.679,13.493],[38.677,13.484],[38.683,13.481],[38.691,13.472],[38.702,13.454],[38.706,13.444],[38.711,13.439],[38.712,13.432],[38.717,13.424],[38.723,13.409],[38.734,13.399],[38.734,13.385],[38.738,13.378],[38.731,13.366],[38.735,13.35],[38.743,13.341],[38.743,13.334],[38.738,13.331],[38.739,13.313],[38.742,13.308],[38.736,13.303],[38.74,13.297],[38.741,13.287],[38.736,13.283],[38.731,13.27],[38.732,13.263],[38.744,13.266],[38.78,13.25],[38.791,13.251],[38.802,13.248],[38.82,13.235],[38.835,13.233],[38.839,13.23],[38.851,13.215],[38.864,13.21],[38.868,13.216],[38.877,13.221],[38.894,13.224],[38.914,13.225],[38.919,13.231],[38.93,13.236],[38.953,13.238],[38.954,13.224],[38.957,13.22],[38.957,13.213],[38.966,13.208],[38.986,13.203],[38.998,13.204],[39.018,13.179],[39.037,13.171],[39.042,13.175],[39.045,13.182],[39.044,13.188],[39.048,13.198],[39.053,13.202],[39.067,13.2],[39.07,13.207],[39.07,13.213],[39.074,13.218],[39.093,13.223],[39.099,13.236],[39.097,13.242],[39.093,13.247],[39.091,13.262],[39.095,13.276],[39.09,13.281],[39.081,13.282],[39.071,13.294],[39.062,13.285],[39.05,13.285],[39.043,13.289],[39.047,13.295],[39.051,13.31],[39.056,13.318],[39.063,13.322],[39.062,13.329],[39.055,13.335],[39.051,13.341],[39.045,13.346],[39.041,13.36],[39.036,13.364],[39.028,13.375],[39.03,13.381],[39.03,13.387],[39.027,13.391],[39.027,13.403],[39.024,13.419],[39.021,13.431],[39.02,13.444],[39.022,13.449],[39.023,13.459],[39.032,13.452],[39.041,13.451],[39.045,13.448],[39.057,13.454],[39.07,13.468],[39.075,13.466],[39.081,13.466],[39.08,13.471],[39.082,13.475],[39.091,13.477],[39.091,13.484],[39.1,13.485],[39.105,13.481],[39.11,13.485],[39.115,13.479],[39.123,13.477],[39.139,13.48],[39.149,13.474],[39.152,13.479],[39.157,13.475],[39.17,13.474],[39.176,13.478],[39.181,13.479],[39.186,13.483],[39.193,13.479],[39.198,13.485],[39.205,13.487],[39.219,13.484],[39.228,13.484],[39.237,13.482],[39.243,13.488],[39.256,13.494],[39.267,13.496],[39.273,13.492],[39.285,13.488],[39.291,13.476],[39.295,13.471],[39.302,13.47],[39.307,13.467],[39.314,13.467],[39.318,13.464],[39.325,13.467],[39.331,13.481],[39.338,13.486],[39.337,13.493],[39.342,13.498],[39.344,13.505],[39.343,13.514],[39.351,13.528],[39.355,13.532],[39.353,13.54],[39.349,13.544],[39.349,13.55],[39.355,13.551],[39.363,13.556],[39.358,13.565],[39.364,13.568],[39.371,13.586],[39.381,13.595],[39.377,13.598],[39.38,13.603],[39.385,13.605],[39.392,13.605],[39.39,13.612],[39.397,13.616],[39.402,13.623],[39.412,13.641],[39.409,13.657],[39.409,13.673],[39.413,13.686],[39.42,13.703],[39.41,13.711],[39.396,13.714],[39.396,13.721],[39.392,13.728],[39.376,13.741],[39.369,13.742],[39.354,13.735],[39.336,13.731],[39.315,13.74],[39.312,13.747],[39.318,13.762],[39.317,13.77],[39.321,13.787],[39.319,13.794],[39.303,13.794],[39.282,13.791],[39.268,13.792],[39.262,13.796],[39.239,13.792],[39.221,13.797],[39.218,13.801],[39.223,13.814],[39.226,13.832],[39.225,13.845],[39.218,13.855],[39.218,13.863],[39.21,13.866],[39.191,13.891],[39.196,13.897],[39.209,13.904],[39.214,13.905],[39.219,13.909],[39.223,13.916],[39.229,13.92],[39.232,13.926],[39.244,13.937],[39.247,13.95],[39.26,13.96],[39.272,13.965],[39.279,13.972],[39.285,13.976],[39.293,13.987],[39.301,13.989],[39.305,13.993],[39.315,14.012],[39.315,14.019],[39.325,14.032],[39.329,14.044],[39.332,14.05],[39.334,14.072],[39.342,14.089],[39.341,14.1],[39.338,14.107],[39.336,14.113],[39.331,14.116],[39.326,14.123],[39.323,14.133],[39.302,14.153],[39.292,14.159],[39.291,14.166],[39.28,14.174],[39.258,14.2],[39.254,14.205],[39.256,14.213],[39.259,14.217],[39.259,14.223],[39.257,14.229],[39.258,14.234],[39.25,14.244],[39.236,14.253],[39.229,14.265],[39.233,14.27],[39.242,14.29],[39.24,14.297],[39.232,14.299],[39.225,14.297],[39.22,14.299],[39.221,14.304],[39.229,14.308],[39.237,14.308],[39.239,14.313],[39.24,14.33],[39.244,14.339],[39.24,14.345],[39.244,14.35],[39.246,14.358],[39.242,14.365],[39.235,14.368],[39.234,14.375],[39.239,14.394],[39.248,14.406]]]}},{"type":"Feature","properties":{"name":"Dawro"},"geometry":{"type":"Polygon","coordinates":[[[37.536,7.189],[37.52,7.199],[37.508,7.201],[37.481,7.188],[37.475,7.187],[37.457,7.2],[37.427,7.219],[37.406,7.228],[37.391,7.236],[37.386,7.243],[37.383,7.25],[37.353,7.269],[37.348,7.279],[37.349,7.3],[37.361,7.312],[37.345,7.334],[37.337,7.342],[37.332,7.345],[37.288,7.336],[37.263,7.327],[37.239,7.313],[37.212,7.294],[37.184,7.266],[37.155,7.242],[37.129,7.23],[37.106,7.226],[37.069,7.236],[37.04,7.241],[37.004,7.236],[36.965,7.226],[36.933,7.221],[36.899,7.222],[36.868,7.22],[36.863,7.205],[36.858,7.195],[36.856,7.183],[36.853,7.169],[36.855,7.158],[36.853,7.141],[36.841,7.107],[36.832,7.091],[36.82,7.076],[36.816,7.054],[36.818,7.036],[36.818,7.022],[36.811,7.012],[36.801,7.002],[36.793,6.986],[36.787,6.969],[36.778,6.955],[36.764,6.938],[36.763,6.924],[36.759,6.909],[36.751,6.892],[36.742,6.878],[36.719,6.849],[36.711,6.835],[36.707,6.814],[36.705,6.806],[36.696,6.787],[36.689,6.772],[36.684,6.756],[36.68,6.721],[36.683,6.708],[36.685,6.702],[36.701,6.707],[36.755,6.712],[36.778,6.704],[36.822,6.678],[36.834,6.673],[36.847,6.671],[36.857,6.672],[36.869,6.675],[36.915,6.698],[36.926,6.702],[36.936,6.702],[36.965,6.681],[36.981,6.666],[36.987,6.638],[36.986,6.609],[36.989,6.598],[36.996,6.591],[37.005,6.591],[37.079,6.632],[37.117,6.648],[37.13,6.659],[37.146,6.667],[37.164,6.664],[37.192,6.651],[37.197,6.645],[37.203,6.651],[37.223,6.662],[37.235,6.671],[37.225,6.694],[37.226,6.703],[37.236,6.724],[37.239,6.746],[37.243,6.754],[37.264,6.783],[37.272,6.807],[37.282,6.826],[37.285,6.836],[37.285,6.845],[37.295,6.852],[37.321,6.864],[37.376,6.862],[37.389,6.863],[37.404,6.87],[37.418,6.881],[37.426,6.895],[37.426,6.915],[37.418,6.936],[37.416,6.945],[37.418,6.971],[37.415,6.987],[37.419,7.008],[37.435,7.029],[37.442,7.052],[37.451,7.072],[37.452,7.091],[37.449,7.103],[37.452,7.114],[37.46,7.131],[37.468,7.138],[37.507,7.156],[37.514,7.163],[37.528,7.182],[37.536,7.189]]]}},{"type":"Feature","properties":{"name":"Dire Dawa"},"geometry":{"type":"Polygon","coordinates":[[[41.736,9.472],[41.755,9.486],[41.774,9.492],[41.793,9.491],[41.816,9.478],[41.84,9.479],[41.861,9.489],[41.914,9.473],[41.94,9.481],[41.983,9.509],[41.996,9.507],[42.02,9.509],[42.033,9.505],[42.045,9.499],[42.053,9.493],[42.069,9.476],[42.076,9.475],[42.082,9.489],[42.097,9.502],[42.111,9.509],[42.14,9.536],[42.154,9.557],[42.147,9.572],[42.134,9.583],[42.129,9.599],[42.126,9.616],[42.143,9.621],[42.181,9.645],[42.201,9.654],[42.221,9.657],[42.242,9.658],[42.26,9.653],[42.273,9.668],[42.287,9.677],[42.319,9.707],[42.329,9.714],[42.341,9.721],[42.294,9.758],[42.252,9.784],[42.214,9.785],[42.187,9.775],[42.032,9.619],[42.02,9.619],[42.009,9.623],[41.997,9.632],[41.907,9.68],[41.874,9.685],[41.854,9.675],[41.81,9.642],[41.802,9.643],[41.792,9.65],[41.775,9.655],[41.75,9.637],[41.75,9.602],[41.729,9.49],[41.736,9.472]]]}},{"type":"Feature","properties":{"name":"Doolo"},"geometry":{"type":"Polygon","coordinates":[[[45.946,5.911],[46.123,6.091],[46.178,6.155],[46.805,6.804],[47.959,8.014],[47.0,7.986],[46.737,8.071],[45.622,8.444],[45.613,8.396],[45.604,8.37],[45.59,8.345],[45.575,8.275],[45.566,8.249],[45.559,8.196],[45.552,8.172],[45.53,8.128],[45.514,8.104],[45.473,8.059],[45.467,8.039],[45.446,8.011],[45.403,7.964],[45.376,7.946],[45.346,7.921],[45.294,7.882],[45.265,7.862],[45.252,7.84],[45.17,7.781],[45.131,7.756],[45.104,7.734],[45.086,7.717],[45.062,7.698],[45.03,7.681],[45.0,7.656],[44.974,7.649],[44.934,7.63],[44.904,7.597],[44.664,7.625],[44.646,7.636],[44.604,7.642],[44.519,7.662],[44.518,7.652],[44.539,7.621],[44.539,7.613],[44.544,7.579],[44.562,7.542],[44.564,7.523],[44.573,7.506],[44.589,7.45],[44.604,7.419],[44.626,7.366],[44.631,7.339],[44.639,7.314],[44.655,7.293],[44.674,7.247],[44.692,7.223],[44.707,7.2],[44.731,7.172],[44.73,7.158],[44.733,7.129],[44.752,7.112],[44.767,7.075],[44.798,7.048],[44.809,7.027],[44.853,6.975],[44.874,6.934],[44.891,6.926],[44.912,6.905],[44.932,6.877],[44.944,6.865],[44.951,6.852],[44.963,6.814],[44.973,6.806],[44.997,6.781],[45.036,6.736],[45.06,6.705],[45.075,6.68],[45.083,6.657],[45.09,6.651],[45.096,6.621],[45.111,6.593],[45.109,6.567],[45.122,6.516],[45.12,6.488],[45.128,6.454],[45.146,6.419],[45.151,6.38],[45.162,6.36],[45.157,6.301],[45.196,6.242],[45.596,6.069],[45.795,5.986],[45.946,5.911]]]}},{"type":"Feature","properties":{"name":"East Gojam"},"geometry":{"type":"Polygon","coordinates":[[[38.474,11.036],[38.451,11.067],[38.439,11.081],[38.433,11.083],[38.426,11.083],[38.421,11.079],[38.416,11.077],[38.41,11.077],[38.39,11.082],[38.385,11.09],[38.373,11.102],[38.366,11.104],[38.343,11.107],[38.332,11.122],[38.325,11.128],[38.31,11.137],[38.298,11.147],[38.292,11.149],[38.286,11.147],[38.279,11.143],[38.271,11.142],[38.265,11.143],[38.253,11.149],[38.236,11.152],[38.212,11.14],[38.205,11.139],[38.199,11.139],[38.178,11.141],[38.166,11.149],[38.156,11.161],[38.136,11.159],[38.129,11.156],[38.122,11.156],[38.116,11.152],[38.108,11.155],[38.074,11.156],[38.057,11.168],[38.042,11.17],[38.025,11.17],[38.013,11.175],[38.006,11.179],[38.002,11.194],[37.995,11.2],[37.976,11.199],[37.962,11.196],[37.951,11.192],[37.945,11.192],[37.94,11.199],[37.932,11.202],[37.926,11.208],[37.916,11.211],[37.909,11.21],[37.877,11.214],[37.872,11.218],[37.862,11.231],[37.856,11.235],[37.844,11.231],[37.838,11.227],[37.826,11.224],[37.823,11.217],[37.82,11.2],[37.817,11.194],[37.819,11.183],[37.818,11.163],[37.803,11.162],[37.798,11.155],[37.796,11.148],[37.79,11.146],[37.784,11.147],[37.752,11.139],[37.745,11.135],[37.735,11.133],[37.726,11.134],[37.713,11.129],[37.699,11.13],[37.679,11.135],[37.639,11.125],[37.633,11.125],[37.622,11.122],[37.598,11.122],[37.585,11.119],[37.577,11.12],[37.569,11.123],[37.565,11.129],[37.565,11.136],[37.567,11.143],[37.551,11.143],[37.544,11.141],[37.545,11.133],[37.543,11.128],[37.526,11.119],[37.523,11.113],[37.531,11.101],[37.539,11.099],[37.551,11.09],[37.556,11.079],[37.555,11.073],[37.559,11.069],[37.558,11.054],[37.563,11.041],[37.556,11.021],[37.558,11.014],[37.565,11.01],[37.58,11.011],[37.604,11.004],[37.629,11.003],[37.653,11.011],[37.667,11.015],[37.684,11.022],[37.695,11.033],[37.699,11.039],[37.708,11.049],[37.71,11.056],[37.715,11.048],[37.721,11.042],[37.725,11.045],[37.731,11.044],[37.738,11.047],[37.749,11.056],[37.752,11.061],[37.757,11.056],[37.75,11.042],[37.749,11.035],[37.745,11.032],[37.745,11.016],[37.74,11.012],[37.727,11.007],[37.721,11.002],[37.711,10.987],[37.71,10.98],[37.715,10.973],[37.716,10.966],[37.711,10.951],[37.707,10.926],[37.696,10.905],[37.696,10.892],[37.694,10.885],[37.694,10.87],[37.691,10.855],[37.691,10.841],[37.693,10.831],[37.696,10.824],[37.701,10.821],[37.705,10.816],[37.708,10.798],[37.707,10.791],[37.711,10.78],[37.716,10.773],[37.716,10.766],[37.732,10.754],[37.739,10.754],[37.743,10.76],[37.749,10.758],[37.755,10.754],[37.762,10.752],[37.769,10.755],[37.774,10.75],[37.776,10.744],[37.776,10.737],[37.772,10.734],[37.766,10.737],[37.759,10.739],[37.751,10.738],[37.745,10.734],[37.72,10.719],[37.694,10.712],[37.691,10.707],[37.676,10.703],[37.657,10.701],[37.643,10.696],[37.651,10.687],[37.648,10.679],[37.629,10.666],[37.62,10.654],[37.616,10.647],[37.615,10.636],[37.611,10.623],[37.605,10.612],[37.591,10.597],[37.586,10.583],[37.581,10.583],[37.575,10.596],[37.571,10.6],[37.566,10.602],[37.559,10.602],[37.555,10.595],[37.553,10.581],[37.543,10.576],[37.546,10.559],[37.545,10.55],[37.531,10.538],[37.523,10.536],[37.516,10.535],[37.511,10.532],[37.5,10.524],[37.487,10.519],[37.48,10.509],[37.47,10.505],[37.461,10.498],[37.456,10.492],[37.454,10.486],[37.445,10.483],[37.436,10.483],[37.429,10.486],[37.421,10.487],[37.412,10.484],[37.405,10.48],[37.392,10.479],[37.376,10.472],[37.353,10.468],[37.34,10.463],[37.335,10.463],[37.332,10.468],[37.326,10.468],[37.307,10.459],[37.302,10.452],[37.306,10.439],[37.305,10.434],[37.292,10.423],[37.288,10.41],[37.289,10.405],[37.288,10.398],[37.285,10.392],[37.273,10.383],[37.277,10.36],[37.266,10.35],[37.26,10.341],[37.259,10.333],[37.253,10.325],[37.247,10.322],[37.236,10.32],[37.231,10.318],[37.197,10.319],[37.172,10.328],[37.15,10.329],[37.144,10.335],[37.136,10.334],[37.123,10.328],[37.113,10.324],[37.107,10.319],[37.094,10.318],[37.09,10.316],[37.068,10.298],[37.059,10.293],[37.047,10.289],[37.052,10.285],[37.063,10.283],[37.071,10.277],[37.075,10.272],[37.079,10.264],[37.088,10.26],[37.095,10.259],[37.115,10.252],[37.136,10.247],[37.175,10.244],[37.183,10.242],[37.191,10.237],[37.197,10.232],[37.201,10.224],[37.198,10.215],[37.183,10.189],[37.172,10.175],[37.169,10.169],[37.169,10.164],[37.181,10.145],[37.192,10.113],[37.196,10.105],[37.214,10.089],[37.221,10.085],[37.242,10.077],[37.263,10.078],[37.272,10.075],[37.283,10.066],[37.289,10.064],[37.297,10.054],[37.301,10.04],[37.306,10.028],[37.319,10.019],[37.324,10.009],[37.34,10.005],[37.346,10.007],[37.35,10.013],[37.358,10.041],[37.363,10.044],[37.374,10.043],[37.381,10.044],[37.388,10.048],[37.399,10.047],[37.425,10.035],[37.445,10.016],[37.454,10.013],[37.462,10.013],[37.477,10.016],[37.479,10.01],[37.484,10.004],[37.489,10.004],[37.502,9.999],[37.521,10.001],[37.53,9.997],[37.547,9.978],[37.552,9.974],[37.554,9.96],[37.558,9.955],[37.575,9.943],[37.588,9.94],[37.591,9.934],[37.59,9.928],[37.593,9.92],[37.6,9.919],[37.614,9.91],[37.618,9.903],[37.619,9.895],[37.624,9.89],[37.637,9.887],[37.642,9.883],[37.652,9.87],[37.663,9.861],[37.668,9.86],[37.675,9.863],[37.681,9.863],[37.686,9.858],[37.695,9.844],[37.701,9.838],[37.711,9.844],[37.718,9.844],[37.725,9.846],[37.732,9.846],[37.737,9.842],[37.744,9.842],[37.749,9.848],[37.749,9.857],[37.755,9.858],[37.762,9.853],[37.77,9.852],[37.775,9.857],[37.801,9.863],[37.808,9.866],[37.817,9.868],[37.824,9.875],[37.832,9.886],[37.837,9.889],[37.844,9.898],[37.849,9.899],[37.857,9.897],[37.86,9.901],[37.86,9.907],[37.861,9.914],[37.865,9.914],[37.871,9.909],[37.875,9.912],[37.877,9.917],[37.881,9.922],[37.894,9.928],[37.902,9.931],[37.91,9.931],[37.924,9.916],[37.931,9.916],[37.936,9.92],[37.936,9.927],[37.932,9.931],[37.933,9.937],[37.934,9.942],[37.94,9.945],[37.953,9.939],[37.958,9.94],[37.979,9.95],[37.994,9.95],[38.0,9.955],[38.003,9.961],[38.009,9.965],[38.017,9.968],[38.026,9.969],[38.035,9.968],[38.044,9.971],[38.049,9.982],[38.061,9.983],[38.065,9.999],[38.071,10.002],[38.082,10.003],[38.084,10.008],[38.081,10.016],[38.088,10.021],[38.095,10.021],[38.102,10.023],[38.114,10.017],[38.119,10.019],[38.118,10.025],[38.119,10.03],[38.126,10.044],[38.132,10.048],[38.138,10.048],[38.143,10.044],[38.146,10.038],[38.151,10.036],[38.161,10.045],[38.168,10.047],[38.171,10.052],[38.171,10.059],[38.177,10.064],[38.185,10.068],[38.205,10.083],[38.217,10.087],[38.223,10.093],[38.241,10.104],[38.249,10.103],[38.252,10.097],[38.253,10.089],[38.259,10.089],[38.273,10.093],[38.282,10.092],[38.287,10.089],[38.296,10.09],[38.301,10.096],[38.303,10.104],[38.309,10.109],[38.323,10.108],[38.327,10.115],[38.325,10.124],[38.327,10.134],[38.334,10.152],[38.341,10.157],[38.349,10.16],[38.355,10.156],[38.358,10.152],[38.359,10.145],[38.367,10.141],[38.376,10.141],[38.398,10.145],[38.402,10.15],[38.403,10.156],[38.407,10.161],[38.427,10.173],[38.427,10.179],[38.422,10.182],[38.431,10.194],[38.42,10.214],[38.42,10.221],[38.425,10.224],[38.432,10.233],[38.449,10.241],[38.455,10.248],[38.457,10.255],[38.456,10.262],[38.464,10.269],[38.462,10.277],[38.459,10.283],[38.461,10.291],[38.473,10.293],[38.467,10.306],[38.469,10.312],[38.475,10.316],[38.476,10.323],[38.476,10.332],[38.482,10.345],[38.48,10.352],[38.477,10.357],[38.478,10.364],[38.484,10.366],[38.491,10.365],[38.487,10.373],[38.49,10.394],[38.483,10.406],[38.482,10.418],[38.485,10.428],[38.486,10.44],[38.482,10.445],[38.481,10.451],[38.483,10.456],[38.48,10.461],[38.486,10.475],[38.487,10.483],[38.479,10.492],[38.478,10.5],[38.481,10.505],[38.48,10.513],[38.471,10.525],[38.469,10.536],[38.464,10.543],[38.464,10.552],[38.468,10.566],[38.463,10.586],[38.464,10.593],[38.469,10.597],[38.476,10.631],[38.482,10.638],[38.487,10.64],[38.491,10.644],[38.497,10.658],[38.506,10.667],[38.507,10.682],[38.513,10.687],[38.515,10.692],[38.514,10.698],[38.51,10.704],[38.509,10.716],[38.511,10.724],[38.51,10.731],[38.508,10.736],[38.509,10.75],[38.513,10.762],[38.522,10.777],[38.53,10.783],[38.529,10.789],[38.523,10.794],[38.527,10.801],[38.52,10.806],[38.509,10.834],[38.509,10.84],[38.517,10.851],[38.519,10.865],[38.524,10.871],[38.527,10.88],[38.524,10.894],[38.518,10.908],[38.518,10.917],[38.51,10.934],[38.504,10.939],[38.499,10.956],[38.493,10.964],[38.499,10.972],[38.498,10.979],[38.49,10.994],[38.478,11.029],[38.474,11.036]]]}},{"type":"Feature","properties":{"name":"East Harerge"},"geometry":{"type":"Polygon","coordinates":[[[41.868,7.534],[41.869,7.539],[41.879,7.564],[41.906,7.637],[41.943,7.729],[41.958,7.776],[41.913,7.846],[41.923,7.979],[41.927,8.082],[41.949,8.202],[42.028,8.324],[42.027,8.427],[42.042,8.449],[42.071,8.495],[42.099,8.52],[42.217,8.612],[42.234,8.636],[42.241,8.641],[42.264,8.637],[42.276,8.616],[42.296,8.587],[42.308,8.561],[42.324,8.538],[42.503,8.493],[42.521,8.48],[42.531,8.456],[42.54,8.398],[42.551,8.352],[42.568,8.257],[42.579,8.23],[42.617,8.161],[42.632,8.142],[42.652,8.131],[42.662,8.131],[42.679,8.148],[42.703,8.181],[42.712,8.208],[42.72,8.247],[42.736,8.295],[42.755,8.338],[42.769,8.364],[42.78,8.374],[42.799,8.371],[42.859,8.393],[42.885,8.4],[42.9,8.41],[42.898,8.459],[42.912,8.5],[42.913,8.523],[42.909,8.55],[42.906,8.583],[42.9,8.604],[42.861,8.637],[42.839,8.665],[42.833,8.696],[42.838,8.729],[42.845,8.759],[42.858,8.786],[42.866,8.805],[42.866,8.826],[42.85,8.845],[42.806,8.871],[42.762,8.919],[42.732,8.949],[42.704,8.982],[42.681,9.016],[42.663,9.05],[42.645,9.074],[42.62,9.09],[42.6,9.107],[42.61,9.119],[42.627,9.133],[42.636,9.145],[42.636,9.16],[42.615,9.175],[42.596,9.195],[42.585,9.216],[42.581,9.239],[42.572,9.259],[42.562,9.271],[42.552,9.288],[42.548,9.306],[42.557,9.322],[42.553,9.346],[42.538,9.374],[42.553,9.383],[42.568,9.397],[42.586,9.41],[42.604,9.418],[42.618,9.428],[42.642,9.448],[42.657,9.457],[42.667,9.46],[42.683,9.471],[42.716,9.476],[42.73,9.484],[42.737,9.496],[42.748,9.503],[42.777,9.513],[42.788,9.524],[42.815,9.574],[42.842,9.584],[42.865,9.588],[42.881,9.586],[42.893,9.575],[42.91,9.564],[42.922,9.566],[42.944,9.589],[42.97,9.593],[42.981,9.608],[42.979,9.63],[42.965,9.657],[42.952,9.673],[42.936,9.681],[42.927,9.673],[42.918,9.659],[42.909,9.651],[42.899,9.651],[42.855,9.663],[42.824,9.675],[42.791,9.694],[42.751,9.712],[42.731,9.722],[42.715,9.742],[42.704,9.759],[42.695,9.77],[42.682,9.775],[42.665,9.778],[42.648,9.776],[42.619,9.759],[42.569,9.738],[42.5,9.722],[42.449,9.723],[42.377,9.715],[42.357,9.719],[42.347,9.722],[42.341,9.721],[42.329,9.714],[42.319,9.707],[42.287,9.677],[42.273,9.668],[42.26,9.653],[42.242,9.658],[42.221,9.657],[42.201,9.654],[42.181,9.645],[42.143,9.621],[42.126,9.616],[42.129,9.599],[42.134,9.583],[42.147,9.572],[42.154,9.557],[42.14,9.536],[42.111,9.509],[42.097,9.502],[42.082,9.489],[42.076,9.475],[42.069,9.476],[42.053,9.493],[42.045,9.499],[42.033,9.505],[42.02,9.509],[41.996,9.507],[41.983,9.509],[41.94,9.481],[41.914,9.473],[41.861,9.489],[41.84,9.479],[41.816,9.478],[41.793,9.491],[41.774,9.492],[41.755,9.486],[41.736,9.472],[41.723,9.469],[41.703,9.468],[41.671,9.472],[41.655,9.482],[41.643,9.516],[41.634,9.514],[41.599,9.512],[41.565,9.508],[41.542,9.501],[41.523,9.486],[41.492,9.458],[41.48,9.461],[41.434,9.477],[41.394,9.487],[41.36,9.491],[41.337,9.496],[41.31,9.504],[41.281,9.503],[41.268,9.5],[41.253,9.501],[41.24,9.5],[41.221,9.492],[41.212,9.482],[41.218,9.478],[41.234,9.403],[41.26,9.35],[41.267,9.327],[41.268,9.309],[41.278,9.286],[41.292,9.269],[41.299,9.25],[41.247,9.181],[41.254,9.157],[41.279,9.134],[41.299,9.114],[41.313,9.091],[41.313,9.066],[41.309,9.04],[41.307,9.009],[41.3,8.982],[41.291,8.962],[41.275,8.936],[41.252,8.894],[41.222,8.855],[41.179,8.766],[41.175,8.746],[41.18,8.724],[41.195,8.71],[41.221,8.692],[41.242,8.672],[41.256,8.656],[41.265,8.635],[41.267,8.608],[41.267,8.571],[41.27,8.551],[41.275,8.533],[41.276,8.514],[41.269,8.495],[41.26,8.449],[41.26,8.427],[41.266,8.404],[41.276,8.385],[41.313,8.349],[41.323,8.345],[41.361,8.343],[41.384,8.33],[41.407,8.308],[41.425,8.273],[41.442,8.253],[41.469,8.21],[41.485,8.194],[41.534,8.151],[41.553,8.128],[41.569,8.104],[41.571,8.082],[41.564,8.038],[41.564,8.007],[41.549,7.989],[41.547,7.981],[41.535,7.965],[41.525,7.958],[41.524,7.95],[41.526,7.939],[41.544,7.913],[41.552,7.865],[41.566,7.852],[41.586,7.849],[41.595,7.831],[41.594,7.802],[41.591,7.771],[41.595,7.746],[41.608,7.733],[41.625,7.721],[41.64,7.714],[41.653,7.709],[41.649,7.702],[41.654,7.679],[41.678,7.669],[41.675,7.654],[41.677,7.641],[41.696,7.637],[41.702,7.63],[41.702,7.622],[41.708,7.612],[41.724,7.609],[41.742,7.599],[41.763,7.59],[41.781,7.569],[41.797,7.557],[41.837,7.552],[41.843,7.535],[41.844,7.517],[41.866,7.516],[41.868,7.534]],[[42.075,9.222],[42.062,9.227],[42.061,9.239],[42.06,9.25],[42.061,9.267],[42.066,9.286],[42.071,9.305],[42.086,9.33],[42.11,9.365],[42.115,9.374],[42.13,9.39],[42.148,9.389],[42.169,9.364],[42.188,9.363],[42.223,9.38],[42.239,9.386],[42.254,9.385],[42.262,9.375],[42.271,9.363],[42.259,9.335],[42.266,9.322],[42.267,9.311],[42.261,9.3],[42.251,9.287],[42.25,9.271],[42.257,9.254],[42.263,9.245],[42.27,9.231],[42.273,9.217],[42.266,9.199],[42.26,9.193],[42.247,9.188],[42.235,9.187],[42.222,9.197],[42.209,9.213],[42.198,9.221],[42.183,9.218],[42.167,9.211],[42.149,9.207],[42.128,9.228],[42.113,9.232],[42.075,9.222]]]}},{"type":"Feature","properties":{"name":"East Shewa"},"geometry":{"type":"Polygon","coordinates":[[[38.42,7.571],[38.434,7.579],[38.45,7.591],[38.458,7.61],[38.475,7.623],[38.499,7.634],[38.513,7.65],[38.536,7.67],[38.566,7.67],[38.587,7.659],[38.61,7.661],[38.668,7.679],[38.697,7.684],[38.724,7.675],[38.755,7.669],[38.786,7.668],[38.786,7.687],[38.778,7.711],[38.763,7.737],[38.741,7.756],[38.717,7.766],[38.696,7.78],[38.688,7.797],[38.698,7.807],[38.709,7.822],[38.708,7.839],[38.718,7.849],[38.737,7.859],[38.807,7.911],[38.82,7.928],[38.873,7.986],[38.895,7.999],[38.906,8.017],[38.934,8.051],[38.941,8.068],[38.943,8.086],[38.948,8.114],[38.958,8.133],[38.971,8.147],[38.983,8.168],[38.988,8.21],[38.993,8.232],[39.0,8.255],[39.013,8.277],[39.031,8.293],[39.057,8.307],[39.08,8.304],[39.101,8.293],[39.121,8.297],[39.141,8.308],[39.158,8.313],[39.174,8.302],[39.187,8.281],[39.195,8.264],[39.197,8.248],[39.208,8.226],[39.218,8.223],[39.235,8.231],[39.252,8.243],[39.27,8.263],[39.295,8.346],[39.311,8.372],[39.332,8.383],[39.341,8.382],[39.352,8.387],[39.366,8.382],[39.383,8.382],[39.401,8.4],[39.418,8.413],[39.427,8.415],[39.447,8.414],[39.475,8.418],[39.495,8.424],[39.515,8.44],[39.531,8.465],[39.546,8.495],[39.572,8.517],[39.609,8.531],[39.635,8.535],[39.658,8.55],[39.699,8.593],[39.714,8.616],[39.725,8.636],[39.758,8.653],[39.798,8.656],[39.825,8.664],[39.848,8.677],[39.874,8.699],[39.894,8.719],[39.927,8.729],[39.974,8.738],[40.003,8.749],[40.024,8.763],[40.041,8.783],[40.067,8.836],[40.068,8.845],[40.052,8.842],[40.041,8.842],[40.025,8.846],[40.011,8.857],[40.012,8.872],[40.02,8.89],[40.037,8.908],[40.045,8.943],[40.052,8.962],[40.048,8.979],[40.036,8.995],[40.023,9.003],[40.0,9.008],[39.969,9.005],[39.948,9.005],[39.953,9.031],[39.943,9.049],[39.929,9.055],[39.92,9.069],[39.916,9.098],[39.91,9.133],[39.899,9.14],[39.879,9.146],[39.85,9.139],[39.818,9.137],[39.809,9.136],[39.803,9.127],[39.798,9.122],[39.795,9.114],[39.781,9.105],[39.765,9.096],[39.743,9.092],[39.748,9.064],[39.747,9.056],[39.741,9.041],[39.742,9.024],[39.747,9.016],[39.747,9.011],[39.749,8.911],[39.739,8.873],[39.738,8.858],[39.732,8.845],[39.734,8.827],[39.718,8.817],[39.68,8.817],[39.663,8.814],[39.651,8.804],[39.635,8.8],[39.618,8.788],[39.6,8.794],[39.592,8.798],[39.563,8.819],[39.553,8.77],[39.535,8.759],[39.502,8.716],[39.493,8.726],[39.471,8.743],[39.45,8.753],[39.441,8.769],[39.432,8.791],[39.419,8.816],[39.406,8.811],[39.387,8.8],[39.379,8.792],[39.375,8.781],[39.374,8.768],[39.378,8.732],[39.362,8.722],[39.343,8.728],[39.332,8.742],[39.325,8.748],[39.306,8.723],[39.3,8.72],[39.287,8.719],[39.271,8.726],[39.263,8.748],[39.274,8.768],[39.273,8.784],[39.255,8.814],[39.245,8.829],[39.245,8.838],[39.266,8.844],[39.261,8.852],[39.238,8.863],[39.242,8.89],[39.26,8.911],[39.266,8.923],[39.259,8.964],[39.27,8.982],[39.289,9.0],[39.298,9.054],[39.316,9.061],[39.348,9.065],[39.358,9.063],[39.355,9.072],[39.349,9.078],[39.349,9.089],[39.344,9.101],[39.33,9.138],[39.321,9.141],[39.324,9.15],[39.295,9.15],[39.25,9.137],[39.232,9.116],[39.214,9.103],[39.19,9.122],[39.167,9.118],[39.147,9.109],[39.129,9.089],[39.115,9.065],[39.102,9.039],[39.081,9.014],[39.06,8.993],[39.047,8.965],[39.039,8.931],[39.032,8.911],[39.017,8.913],[39.007,8.923],[39.0,8.941],[38.988,8.955],[38.956,8.976],[38.937,8.981],[38.926,8.989],[38.919,8.98],[38.904,8.963],[38.897,8.956],[38.902,8.947],[38.898,8.938],[38.892,8.935],[38.862,8.944],[38.856,8.939],[38.862,8.933],[38.88,8.919],[38.874,8.906],[38.878,8.897],[38.871,8.882],[38.87,8.874],[38.865,8.884],[38.859,8.885],[38.848,8.881],[38.842,8.881],[38.834,8.884],[38.827,8.881],[38.828,8.875],[38.83,8.87],[38.825,8.854],[38.825,8.842],[38.818,8.84],[38.813,8.841],[38.798,8.835],[38.793,8.837],[38.781,8.837],[38.779,8.843],[38.778,8.853],[38.774,8.859],[38.762,8.855],[38.768,8.848],[38.756,8.846],[38.753,8.833],[38.755,8.814],[38.746,8.791],[38.741,8.772],[38.737,8.744],[38.738,8.725],[38.742,8.704],[38.749,8.682],[38.751,8.662],[38.748,8.641],[38.723,8.622],[38.718,8.614],[38.723,8.584],[38.73,8.57],[38.747,8.565],[38.761,8.555],[38.764,8.537],[38.754,8.494],[38.755,8.473],[38.76,8.451],[38.763,8.429],[38.762,8.413],[38.753,8.394],[38.736,8.384],[38.717,8.368],[38.688,8.331],[38.667,8.328],[38.652,8.286],[38.663,8.272],[38.703,8.246],[38.717,8.232],[38.717,8.221],[38.694,8.204],[38.683,8.192],[38.679,8.172],[38.685,8.124],[38.68,8.097],[38.674,8.091],[38.667,8.097],[38.655,8.115],[38.636,8.133],[38.631,8.145],[38.604,8.224],[38.602,8.251],[38.594,8.261],[38.562,8.267],[38.55,8.264],[38.543,8.247],[38.543,8.227],[38.552,8.214],[38.569,8.195],[38.582,8.173],[38.588,8.157],[38.589,8.128],[38.585,8.109],[38.594,8.092],[38.623,8.07],[38.617,8.058],[38.614,8.044],[38.629,8.035],[38.625,8.027],[38.611,8.013],[38.613,8.008],[38.598,7.992],[38.59,7.962],[38.587,7.939],[38.577,7.925],[38.567,7.907],[38.564,7.886],[38.55,7.872],[38.529,7.86],[38.514,7.85],[38.504,7.832],[38.501,7.812],[38.493,7.797],[38.446,7.761],[38.443,7.74],[38.439,7.72],[38.427,7.698],[38.413,7.683],[38.412,7.663],[38.419,7.644],[38.421,7.626],[38.409,7.606],[38.402,7.596],[38.402,7.58],[38.42,7.571]]]}},{"type":"Feature","properties":{"name":"East Wellega"},"geometry":{"type":"Polygon","coordinates":[[[36.834,10.343],[36.818,10.343],[36.813,10.338],[36.807,10.336],[36.8,10.339],[36.793,10.344],[36.777,10.347],[36.767,10.363],[36.763,10.368],[36.753,10.367],[36.747,10.361],[36.732,10.362],[36.724,10.362],[36.719,10.359],[36.692,10.358],[36.689,10.346],[36.682,10.336],[36.687,10.324],[36.686,10.319],[36.69,10.312],[36.693,10.297],[36.66,10.278],[36.611,10.26],[36.575,10.265],[36.577,10.28],[36.555,10.286],[36.55,10.28],[36.546,10.27],[36.523,10.251],[36.516,10.241],[36.492,10.235],[36.446,10.247],[36.417,10.218],[36.396,10.188],[36.37,10.163],[36.333,10.139],[36.273,10.114],[36.269,10.089],[36.26,10.079],[36.22,10.054],[36.185,10.051],[36.141,10.011],[36.121,9.973],[36.121,9.962],[36.135,9.917],[36.153,9.867],[36.153,9.85],[36.129,9.853],[36.137,9.808],[36.106,9.774],[36.144,9.759],[36.16,9.748],[36.163,9.731],[36.178,9.702],[36.193,9.689],[36.193,9.659],[36.202,9.616],[36.23,9.581],[36.233,9.571],[36.267,9.57],[36.302,9.557],[36.315,9.542],[36.337,9.513],[36.356,9.496],[36.381,9.481],[36.401,9.512],[36.462,9.529],[36.495,9.51],[36.499,9.474],[36.516,9.445],[36.508,9.42],[36.484,9.406],[36.476,9.396],[36.485,9.369],[36.462,9.358],[36.376,9.359],[36.35,9.346],[36.335,9.341],[36.327,9.332],[36.32,9.307],[36.296,9.303],[36.29,9.323],[36.276,9.345],[36.271,9.329],[36.254,9.303],[36.219,9.298],[36.216,9.316],[36.215,9.333],[36.235,9.348],[36.207,9.356],[36.195,9.327],[36.196,9.29],[36.227,9.273],[36.23,9.23],[36.205,9.158],[36.173,9.109],[36.162,9.106],[36.185,9.073],[36.208,9.068],[36.237,9.052],[36.247,9.042],[36.227,9.032],[36.178,9.046],[36.168,9.029],[36.16,9.022],[36.132,9.022],[36.157,9.008],[36.171,8.985],[36.175,8.98],[36.18,8.987],[36.222,8.99],[36.249,8.975],[36.223,8.951],[36.23,8.954],[36.238,8.954],[36.245,8.95],[36.253,8.948],[36.258,8.938],[36.266,8.93],[36.263,8.925],[36.28,8.883],[36.287,8.871],[36.304,8.856],[36.32,8.839],[36.331,8.814],[36.338,8.79],[36.35,8.766],[36.371,8.738],[36.385,8.713],[36.386,8.704],[36.402,8.678],[36.413,8.656],[36.426,8.637],[36.441,8.621],[36.46,8.609],[36.483,8.604],[36.507,8.595],[36.527,8.581],[36.535,8.57],[36.538,8.564],[36.549,8.555],[36.565,8.553],[36.584,8.558],[36.604,8.551],[36.614,8.536],[36.617,8.52],[36.623,8.512],[36.64,8.517],[36.655,8.516],[36.661,8.518],[36.669,8.521],[36.683,8.531],[36.7,8.541],[36.726,8.551],[36.76,8.571],[36.777,8.59],[36.795,8.615],[36.816,8.634],[36.846,8.652],[36.871,8.656],[36.912,8.654],[36.945,8.655],[36.953,8.652],[36.989,8.67],[37.006,8.682],[37.014,8.702],[37.018,8.744],[37.026,8.773],[37.047,8.803],[37.065,8.818],[37.128,8.843],[37.153,8.849],[37.175,8.858],[37.188,8.873],[37.188,8.884],[37.185,8.895],[37.178,8.909],[37.145,8.929],[37.137,8.945],[37.126,8.954],[37.088,8.974],[37.035,9.016],[37.028,9.036],[37.033,9.078],[37.028,9.097],[37.031,9.12],[37.051,9.166],[37.067,9.187],[37.088,9.199],[37.115,9.21],[37.156,9.237],[37.153,9.244],[37.15,9.249],[37.132,9.266],[37.114,9.29],[37.089,9.318],[37.075,9.34],[37.071,9.358],[37.054,9.388],[37.049,9.41],[37.051,9.42],[37.027,9.438],[37.019,9.448],[37.013,9.451],[36.996,9.45],[36.96,9.438],[36.94,9.429],[36.913,9.432],[36.902,9.449],[36.897,9.473],[36.881,9.488],[36.862,9.482],[36.838,9.478],[36.815,9.483],[36.795,9.492],[36.771,9.496],[36.725,9.49],[36.703,9.501],[36.689,9.512],[36.674,9.52],[36.665,9.521],[36.659,9.519],[36.652,9.528],[36.657,9.535],[36.658,9.553],[36.667,9.583],[36.668,9.611],[36.673,9.639],[36.687,9.668],[36.744,9.678],[36.775,9.706],[36.785,9.73],[36.799,9.745],[36.866,9.761],[36.909,9.792],[36.917,9.796],[36.913,9.805],[36.916,9.819],[36.915,9.832],[36.907,9.847],[36.906,9.875],[36.914,9.903],[36.916,9.926],[36.909,9.941],[36.903,9.96],[36.898,9.989],[36.897,10.011],[36.9,10.03],[36.9,10.055],[36.889,10.11],[36.888,10.131],[36.877,10.161],[36.869,10.177],[36.876,10.231],[36.834,10.343]]]}},{"type":"Feature","properties":{"name":"Eastern\n"},"geometry":{"type":"Polygon","coordinates":[[[39.402,13.623],[39.408,13.624],[39.413,13.62],[39.425,13.613],[39.432,13.62],[39.444,13.621],[39.464,13.641],[39.475,13.64],[39.477,13.634],[39.477,13.626],[39.484,13.619],[39.492,13.616],[39.497,13.62],[39.506,13.619],[39.515,13.61],[39.516,13.602],[39.529,13.595],[39.534,13.594],[39.543,13.601],[39.555,13.59],[39.557,13.583],[39.573,13.576],[39.586,13.578],[39.592,13.584],[39.598,13.595],[39.602,13.599],[39.608,13.602],[39.619,13.593],[39.62,13.588],[39.634,13.56],[39.644,13.565],[39.649,13.57],[39.655,13.582],[39.66,13.587],[39.671,13.597],[39.683,13.604],[39.684,13.612],[39.717,13.595],[39.723,13.588],[39.735,13.582],[39.745,13.571],[39.764,13.572],[39.784,13.564],[39.795,13.556],[39.805,13.554],[39.817,13.558],[39.837,13.556],[39.844,13.557],[39.854,13.555],[39.865,13.549],[39.864,13.559],[39.866,13.564],[39.868,13.584],[39.866,13.591],[39.866,13.603],[39.87,13.61],[39.87,13.621],[39.867,13.628],[39.869,13.644],[39.868,13.659],[39.877,13.681],[39.879,13.689],[39.879,13.707],[39.875,13.711],[39.875,13.723],[39.877,13.739],[39.885,13.749],[39.875,13.75],[39.865,13.756],[39.854,13.767],[39.855,13.787],[39.853,13.796],[39.849,13.801],[39.842,13.804],[39.837,13.812],[39.835,13.822],[39.843,13.839],[39.842,13.848],[39.837,13.855],[39.839,13.865],[39.83,13.869],[39.829,13.889],[39.83,13.9],[39.834,13.908],[39.834,13.919],[39.827,13.922],[39.826,13.927],[39.829,13.932],[39.819,13.943],[39.813,13.945],[39.803,13.946],[39.814,13.961],[39.817,13.969],[39.83,13.975],[39.837,13.976],[39.86,13.966],[39.859,13.974],[39.87,13.984],[39.869,13.993],[39.887,14.013],[39.883,14.017],[39.867,14.022],[39.862,14.029],[39.856,14.032],[39.845,14.051],[39.845,14.061],[39.849,14.079],[39.844,14.09],[39.843,14.098],[39.844,14.11],[39.839,14.127],[39.839,14.155],[39.828,14.156],[39.81,14.152],[39.799,14.143],[39.792,14.143],[39.776,14.14],[39.768,14.141],[39.75,14.152],[39.722,14.158],[39.716,14.157],[39.683,14.165],[39.674,14.178],[39.659,14.183],[39.651,14.189],[39.657,14.193],[39.659,14.199],[39.665,14.198],[39.673,14.201],[39.677,14.208],[39.687,14.217],[39.689,14.232],[39.695,14.242],[39.707,14.243],[39.743,14.236],[39.754,14.238],[39.758,14.24],[39.757,14.251],[39.758,14.278],[39.743,14.282],[39.735,14.289],[39.728,14.295],[39.727,14.304],[39.734,14.307],[39.746,14.309],[39.751,14.313],[39.764,14.319],[39.772,14.32],[39.78,14.331],[39.781,14.336],[39.776,14.352],[39.773,14.374],[39.789,14.379],[39.797,14.387],[39.802,14.388],[39.821,14.383],[39.828,14.383],[39.839,14.381],[39.848,14.376],[39.856,14.374],[39.854,14.368],[39.879,14.369],[39.885,14.371],[39.891,14.37],[39.896,14.371],[39.902,14.367],[39.909,14.366],[39.917,14.371],[39.939,14.362],[39.951,14.361],[39.973,14.371],[39.981,14.372],[39.992,14.383],[39.989,14.389],[39.983,14.394],[39.98,14.41],[39.985,14.424],[39.985,14.433],[39.982,14.441],[39.972,14.432],[39.972,14.427],[39.959,14.418],[39.951,14.411],[39.939,14.409],[39.925,14.416],[39.896,14.436],[39.891,14.444],[39.881,14.453],[39.873,14.462],[39.863,14.466],[39.857,14.473],[39.848,14.475],[39.842,14.48],[39.832,14.485],[39.827,14.481],[39.821,14.48],[39.814,14.483],[39.808,14.494],[39.802,14.5],[39.793,14.501],[39.792,14.507],[39.786,14.512],[39.775,14.528],[39.769,14.534],[39.768,14.541],[39.751,14.546],[39.73,14.547],[39.716,14.552],[39.71,14.552],[39.7,14.563],[39.698,14.57],[39.681,14.589],[39.675,14.589],[39.667,14.593],[39.658,14.59],[39.639,14.599],[39.63,14.609],[39.624,14.637],[39.607,14.648],[39.592,14.663],[39.576,14.67],[39.556,14.669],[39.545,14.671],[39.538,14.67],[39.531,14.672],[39.517,14.678],[39.511,14.672],[39.504,14.678],[39.498,14.655],[39.489,14.646],[39.487,14.641],[39.491,14.626],[39.478,14.604],[39.479,14.598],[39.493,14.583],[39.495,14.565],[39.501,14.544],[39.494,14.509],[39.486,14.502],[39.474,14.499],[39.472,14.505],[39.469,14.509],[39.47,14.516],[39.463,14.514],[39.458,14.508],[39.453,14.512],[39.454,14.527],[39.436,14.52],[39.43,14.525],[39.429,14.531],[39.413,14.532],[39.399,14.539],[39.385,14.536],[39.37,14.539],[39.365,14.535],[39.369,14.527],[39.369,14.519],[39.366,14.512],[39.366,14.506],[39.37,14.5],[39.372,14.495],[39.366,14.497],[39.354,14.506],[39.341,14.512],[39.325,14.499],[39.324,14.493],[39.331,14.481],[39.315,14.479],[39.315,14.466],[39.317,14.46],[39.323,14.46],[39.319,14.453],[39.324,14.451],[39.321,14.443],[39.316,14.438],[39.299,14.437],[39.299,14.425],[39.302,14.419],[39.302,14.412],[39.294,14.411],[39.291,14.405],[39.277,14.403],[39.262,14.394],[39.256,14.393],[39.251,14.393],[39.248,14.406],[39.239,14.394],[39.234,14.375],[39.235,14.368],[39.242,14.365],[39.246,14.358],[39.244,14.35],[39.24,14.345],[39.244,14.339],[39.24,14.33],[39.239,14.313],[39.237,14.308],[39.229,14.308],[39.221,14.304],[39.22,14.299],[39.225,14.297],[39.232,14.299],[39.24,14.297],[39.242,14.29],[39.233,14.27],[39.229,14.265],[39.236,14.253],[39.25,14.244],[39.258,14.234],[39.257,14.229],[39.259,14.223],[39.259,14.217],[39.256,14.213],[39.254,14.205],[39.258,14.2],[39.28,14.174],[39.291,14.166],[39.292,14.159],[39.302,14.153],[39.323,14.133],[39.326,14.123],[39.331,14.116],[39.336,14.113],[39.338,14.107],[39.341,14.1],[39.342,14.089],[39.334,14.072],[39.332,14.05],[39.329,14.044],[39.325,14.032],[39.315,14.019],[39.315,14.012],[39.305,13.993],[39.301,13.989],[39.293,13.987],[39.285,13.976],[39.279,13.972],[39.272,13.965],[39.26,13.96],[39.247,13.95],[39.244,13.937],[39.232,13.926],[39.229,13.92],[39.223,13.916],[39.219,13.909],[39.214,13.905],[39.209,13.904],[39.196,13.897],[39.191,13.891],[39.21,13.866],[39.218,13.863],[39.218,13.855],[39.225,13.845],[39.226,13.832],[39.223,13.814],[39.218,13.801],[39.221,13.797],[39.239,13.792],[39.262,13.796],[39.268,13.792],[39.282,13.791],[39.303,13.794],[39.319,13.794],[39.321,13.787],[39.317,13.77],[39.318,13.762],[39.312,13.747],[39.315,13.74],[39.336,13.731],[39.354,13.735],[39.369,13.742],[39.376,13.741],[39.392,13.728],[39.396,13.721],[39.396,13.714],[39.41,13.711],[39.42,13.703],[39.413,13.686],[39.409,13.673],[39.409,13.657],[39.412,13.641],[39.402,13.623]]]}},{"type":"Feature","properties":{"name":"Fafan"},"geometry":{"type":"Polygon","coordinates":[[[42.858,8.786],[42.883,8.785],[42.892,8.78],[42.893,8.773],[42.909,8.771],[42.94,8.757],[42.948,8.745],[42.949,8.734],[42.957,8.717],[42.965,8.703],[42.977,8.693],[42.992,8.675],[43.001,8.653],[43.031,8.63],[43.067,8.644],[43.101,8.653],[43.117,8.659],[43.127,8.671],[43.137,8.68],[43.15,8.686],[43.169,8.688],[43.179,8.696],[43.204,8.703],[43.216,8.71],[43.227,8.714],[43.242,8.713],[43.253,8.697],[43.262,8.69],[43.261,8.681],[43.264,8.668],[43.274,8.658],[43.294,8.652],[43.315,8.66],[43.325,8.67],[43.33,8.682],[43.333,8.699],[43.335,8.722],[43.335,8.739],[43.327,8.758],[43.315,8.771],[43.309,8.782],[43.294,8.83],[43.3,8.837],[43.308,8.855],[43.319,8.855],[43.331,8.869],[43.348,8.871],[43.364,8.881],[43.383,8.888],[43.399,8.911],[43.435,8.934],[43.45,8.96],[43.462,8.974],[43.475,8.993],[43.487,9.006],[43.503,9.042],[43.522,9.07],[43.537,9.083],[43.55,9.108],[43.569,9.097],[43.59,9.079],[43.612,9.065],[43.629,9.056],[43.656,9.022],[43.669,9.008],[43.679,8.99],[43.693,8.978],[43.707,8.956],[43.731,8.969],[43.749,8.973],[43.78,8.968],[43.86,8.978],[43.878,8.984],[43.893,8.991],[43.935,9.003],[43.955,9.014],[43.972,9.026],[43.976,9.038],[43.959,9.066],[43.913,9.104],[43.885,9.124],[43.867,9.143],[43.844,9.158],[43.805,9.198],[43.771,9.219],[43.762,9.232],[43.737,9.247],[43.726,9.26],[43.711,9.271],[43.683,9.28],[43.668,9.306],[43.655,9.318],[43.645,9.324],[43.63,9.336],[43.625,9.347],[43.598,9.362],[43.582,9.379],[43.57,9.386],[43.555,9.391],[43.547,9.402],[43.535,9.407],[43.498,9.409],[43.493,9.422],[43.483,9.436],[43.467,9.442],[43.457,9.448],[43.448,9.458],[43.416,9.478],[43.406,9.512],[43.389,9.526],[43.38,9.543],[43.369,9.558],[43.356,9.565],[43.357,9.578],[43.346,9.596],[43.337,9.606],[43.319,9.631],[43.308,9.639],[43.302,9.654],[43.299,9.668],[43.29,9.679],[43.288,9.694],[43.276,9.702],[43.273,9.718],[43.275,9.727],[43.275,9.742],[43.266,9.753],[43.265,9.771],[43.257,9.784],[43.251,9.792],[43.25,9.804],[43.252,9.829],[43.239,9.84],[43.232,9.85],[43.223,9.859],[43.214,9.873],[43.201,9.881],[43.168,9.889],[43.159,9.901],[43.144,9.905],[43.137,9.915],[43.099,9.922],[43.093,9.936],[43.082,9.94],[43.079,9.956],[43.067,9.979],[43.064,9.997],[43.053,10.004],[43.042,10.023],[43.027,10.038],[43.022,10.049],[43.013,10.058],[43.005,10.07],[42.995,10.081],[42.971,10.091],[42.968,10.1],[42.954,10.112],[42.939,10.131],[42.909,10.16],[42.885,10.187],[42.831,10.15],[42.803,10.125],[42.771,10.111],[42.748,10.104],[42.715,10.085],[42.721,10.059],[42.729,10.043],[42.747,10.018],[42.758,9.996],[42.76,9.966],[42.747,9.923],[42.737,9.902],[42.731,9.867],[42.703,9.842],[42.688,9.827],[42.677,9.805],[42.663,9.792],[42.665,9.778],[42.682,9.775],[42.695,9.77],[42.704,9.759],[42.715,9.742],[42.731,9.722],[42.751,9.712],[42.791,9.694],[42.824,9.675],[42.855,9.663],[42.899,9.651],[42.909,9.651],[42.918,9.659],[42.927,9.673],[42.936,9.681],[42.952,9.673],[42.965,9.657],[42.979,9.63],[42.981,9.608],[42.97,9.593],[42.944,9.589],[42.922,9.566],[42.91,9.564],[42.893,9.575],[42.881,9.586],[42.865,9.588],[42.842,9.584],[42.815,9.574],[42.788,9.524],[42.777,9.513],[42.748,9.503],[42.737,9.496],[42.73,9.484],[42.716,9.476],[42.683,9.471],[42.667,9.46],[42.657,9.457],[42.642,9.448],[42.618,9.428],[42.604,9.418],[42.586,9.41],[42.568,9.397],[42.553,9.383],[42.538,9.374],[42.553,9.346],[42.557,9.322],[42.548,9.306],[42.552,9.288],[42.562,9.271],[42.572,9.259],[42.581,9.239],[42.585,9.216],[42.596,9.195],[42.615,9.175],[42.636,9.16],[42.636,9.145],[42.627,9.133],[42.61,9.119],[42.6,9.107],[42.62,9.09],[42.645,9.074],[42.663,9.05],[42.681,9.016],[42.704,8.982],[42.732,8.949],[42.762,8.919],[42.806,8.871],[42.85,8.845],[42.866,8.826],[42.866,8.805],[42.858,8.786]]]}},{"type":"Feature","properties":{"name":"Gamo Gofa"},"geometry":{"type":"Polygon","coordinates":[[[36.684,6.227],[36.7,6.22],[36.709,6.212],[36.733,6.179],[36.736,6.166],[36.736,6.153],[36.728,6.133],[36.721,6.124],[36.688,6.096],[36.684,6.09],[36.712,6.072],[36.715,6.063],[36.718,6.034],[36.719,5.987],[36.724,5.976],[36.726,5.967],[36.726,5.955],[36.728,5.939],[36.732,5.925],[36.739,5.915],[36.754,5.906],[36.766,5.905],[36.795,5.912],[36.807,5.912],[36.817,5.913],[36.824,5.922],[36.838,5.955],[36.846,5.964],[36.856,5.969],[36.865,5.976],[36.871,5.986],[36.877,5.994],[36.888,5.998],[36.897,5.999],[36.906,6.004],[36.912,6.009],[36.923,6.008],[36.933,6.005],[36.966,5.984],[37.005,5.914],[37.01,5.891],[37.012,5.876],[37.009,5.832],[37.008,5.801],[37.01,5.781],[37.004,5.712],[37.001,5.694],[37.004,5.673],[37.016,5.651],[37.025,5.629],[37.031,5.619],[37.033,5.625],[37.031,5.632],[37.038,5.632],[37.043,5.639],[37.042,5.644],[37.046,5.649],[37.047,5.656],[37.05,5.679],[37.048,5.686],[37.053,5.701],[37.056,5.705],[37.062,5.708],[37.069,5.71],[37.075,5.705],[37.091,5.702],[37.097,5.703],[37.105,5.708],[37.11,5.719],[37.127,5.727],[37.133,5.725],[37.137,5.719],[37.15,5.718],[37.162,5.722],[37.199,5.724],[37.225,5.724],[37.24,5.726],[37.253,5.732],[37.265,5.742],[37.273,5.751],[37.282,5.758],[37.312,5.754],[37.324,5.749],[37.332,5.746],[37.342,5.746],[37.35,5.748],[37.36,5.755],[37.367,5.764],[37.377,5.767],[37.391,5.759],[37.402,5.747],[37.415,5.741],[37.428,5.722],[37.443,5.712],[37.465,5.702],[37.472,5.7],[37.48,5.704],[37.487,5.712],[37.495,5.732],[37.504,5.747],[37.536,5.783],[37.546,5.797],[37.557,5.807],[37.581,5.824],[37.601,5.833],[37.608,5.836],[37.641,5.841],[37.652,5.846],[37.66,5.854],[37.681,5.886],[37.69,5.896],[37.717,5.918],[37.759,5.949],[37.768,5.96],[37.778,5.969],[37.798,5.981],[37.803,5.988],[37.805,5.994],[37.792,5.997],[37.784,6.012],[37.791,6.051],[37.786,6.074],[37.779,6.099],[37.777,6.115],[37.776,6.125],[37.779,6.151],[37.791,6.174],[37.811,6.197],[37.826,6.222],[37.841,6.25],[37.849,6.28],[37.853,6.306],[37.851,6.328],[37.849,6.333],[37.841,6.38],[37.82,6.395],[37.809,6.411],[37.798,6.431],[37.797,6.451],[37.801,6.479],[37.809,6.502],[37.815,6.512],[37.819,6.545],[37.816,6.555],[37.804,6.561],[37.794,6.563],[37.775,6.564],[37.764,6.566],[37.734,6.592],[37.72,6.613],[37.709,6.622],[37.694,6.621],[37.679,6.616],[37.665,6.616],[37.655,6.618],[37.632,6.611],[37.622,6.61],[37.602,6.615],[37.593,6.631],[37.586,6.632],[37.577,6.636],[37.569,6.637],[37.547,6.619],[37.537,6.613],[37.526,6.616],[37.519,6.626],[37.502,6.644],[37.481,6.657],[37.466,6.665],[37.45,6.668],[37.435,6.664],[37.407,6.673],[37.392,6.676],[37.348,6.691],[37.33,6.696],[37.296,6.702],[37.281,6.7],[37.27,6.695],[37.257,6.688],[37.235,6.671],[37.223,6.662],[37.203,6.651],[37.197,6.645],[37.192,6.651],[37.164,6.664],[37.146,6.667],[37.13,6.659],[37.117,6.648],[37.079,6.632],[37.005,6.591],[36.996,6.591],[36.989,6.598],[36.986,6.609],[36.987,6.638],[36.981,6.666],[36.965,6.681],[36.936,6.702],[36.926,6.702],[36.915,6.698],[36.869,6.675],[36.857,6.672],[36.847,6.671],[36.834,6.673],[36.822,6.678],[36.778,6.704],[36.755,6.712],[36.701,6.707],[36.685,6.702],[36.666,6.663],[36.654,6.652],[36.642,6.644],[36.63,6.639],[36.618,6.634],[36.597,6.622],[36.559,6.592],[36.527,6.555],[36.514,6.547],[36.488,6.532],[36.47,6.527],[36.448,6.515],[36.437,6.508],[36.433,6.503],[36.403,6.481],[36.372,6.453],[36.379,6.443],[36.385,6.398],[36.393,6.387],[36.403,6.379],[36.406,6.368],[36.407,6.352],[36.41,6.346],[36.421,6.334],[36.438,6.323],[36.439,6.297],[36.446,6.295],[36.466,6.292],[36.471,6.285],[36.477,6.283],[36.506,6.303],[36.517,6.315],[36.525,6.33],[36.528,6.338],[36.528,6.345],[36.53,6.353],[36.537,6.365],[36.543,6.364],[36.564,6.346],[36.575,6.343],[36.586,6.35],[36.599,6.364],[36.613,6.371],[36.627,6.363],[36.65,6.387],[36.671,6.382],[36.658,6.342],[36.674,6.334],[36.686,6.333],[36.69,6.324],[36.685,6.311],[36.678,6.294],[36.676,6.286],[36.676,6.278],[36.676,6.269],[36.676,6.26],[36.683,6.24],[36.684,6.227]]]}},{"type":"Feature","properties":{"name":"Gedio"},"geometry":{"type":"Polygon","coordinates":[[[38.311,5.865],[38.326,5.87],[38.359,5.903],[38.382,5.905],[38.397,5.921],[38.389,5.934],[38.376,5.944],[38.339,5.957],[38.328,5.957],[38.32,5.976],[38.305,5.981],[38.294,5.975],[38.283,5.972],[38.273,5.988],[38.28,6.008],[38.315,6.029],[38.321,6.049],[38.352,6.098],[38.363,6.121],[38.366,6.144],[38.378,6.166],[38.395,6.183],[38.436,6.2],[38.44,6.218],[38.434,6.267],[38.426,6.291],[38.428,6.301],[38.426,6.308],[38.423,6.35],[38.425,6.367],[38.419,6.364],[38.41,6.352],[38.404,6.347],[38.395,6.352],[38.392,6.357],[38.398,6.382],[38.399,6.388],[38.395,6.393],[38.393,6.403],[38.385,6.407],[38.359,6.406],[38.341,6.411],[38.328,6.408],[38.317,6.409],[38.311,6.417],[38.304,6.416],[38.297,6.417],[38.294,6.397],[38.294,6.373],[38.289,6.361],[38.273,6.349],[38.249,6.338],[38.232,6.332],[38.215,6.331],[38.198,6.32],[38.189,6.306],[38.183,6.286],[38.175,6.268],[38.173,6.257],[38.18,6.24],[38.194,6.227],[38.199,6.208],[38.188,6.184],[38.172,6.168],[38.159,6.161],[38.142,6.156],[38.126,6.156],[38.118,6.168],[38.103,6.182],[38.088,6.162],[38.081,6.118],[38.099,6.088],[38.101,6.079],[38.106,6.067],[38.117,6.052],[38.122,6.018],[38.14,6.012],[38.151,6.002],[38.16,5.986],[38.171,5.958],[38.182,5.943],[38.205,5.936],[38.213,5.918],[38.216,5.895],[38.21,5.88],[38.201,5.866],[38.199,5.851],[38.209,5.842],[38.224,5.84],[38.24,5.846],[38.255,5.86],[38.271,5.87],[38.305,5.863],[38.311,5.865]]]}},{"type":"Feature","properties":{"name":"Guji"},"geometry":{"type":"Polygon","coordinates":[[[39.218,6.292],[39.2,6.302],[39.157,6.332],[39.128,6.337],[39.127,6.323],[39.12,6.3],[39.11,6.289],[39.092,6.272],[39.087,6.253],[39.101,6.22],[39.104,6.204],[39.114,6.178],[39.131,6.167],[39.133,6.16],[39.104,6.159],[39.081,6.154],[39.056,6.147],[39.035,6.139],[38.989,6.148],[38.961,6.161],[38.951,6.182],[38.937,6.202],[38.922,6.23],[38.899,6.26],[38.886,6.286],[38.875,6.302],[38.853,6.322],[38.833,6.344],[38.813,6.357],[38.772,6.401],[38.759,6.41],[38.739,6.41],[38.708,6.394],[38.691,6.407],[38.673,6.41],[38.662,6.42],[38.646,6.424],[38.628,6.418],[38.607,6.424],[38.584,6.438],[38.567,6.442],[38.538,6.438],[38.505,6.438],[38.476,6.432],[38.454,6.418],[38.442,6.407],[38.428,6.387],[38.425,6.367],[38.423,6.35],[38.426,6.308],[38.428,6.301],[38.426,6.291],[38.434,6.267],[38.44,6.218],[38.436,6.2],[38.395,6.183],[38.378,6.166],[38.366,6.144],[38.363,6.121],[38.352,6.098],[38.321,6.049],[38.315,6.029],[38.28,6.008],[38.273,5.988],[38.283,5.972],[38.294,5.975],[38.305,5.981],[38.32,5.976],[38.328,5.957],[38.339,5.957],[38.376,5.944],[38.389,5.934],[38.397,5.921],[38.382,5.905],[38.359,5.903],[38.326,5.87],[38.311,5.865],[38.314,5.843],[38.315,5.809],[38.318,5.78],[38.327,5.756],[38.337,5.746],[38.355,5.738],[38.377,5.718],[38.396,5.73],[38.413,5.738],[38.431,5.725],[38.45,5.692],[38.469,5.668],[38.493,5.644],[38.51,5.631],[38.534,5.63],[38.561,5.632],[38.592,5.643],[38.615,5.648],[38.633,5.649],[38.66,5.638],[38.692,5.615],[38.713,5.606],[38.727,5.585],[38.739,5.551],[38.744,5.516],[38.734,5.494],[38.715,5.481],[38.699,5.462],[38.701,5.438],[38.715,5.406],[38.734,5.379],[38.757,5.357],[38.771,5.332],[38.776,5.311],[38.79,5.302],[38.805,5.298],[38.821,5.281],[38.827,5.257],[38.834,5.244],[38.829,5.213],[38.834,5.197],[38.842,5.189],[38.841,5.181],[38.839,5.175],[38.841,5.17],[38.856,5.164],[38.863,5.168],[38.867,5.161],[38.876,5.153],[38.889,5.135],[38.891,5.127],[38.899,5.122],[38.903,5.115],[38.909,5.109],[38.933,5.126],[38.967,5.139],[38.995,5.128],[39.028,5.078],[39.052,5.06],[39.079,5.048],[39.086,5.046],[39.106,5.046],[39.109,5.028],[39.124,4.998],[39.148,4.957],[39.162,4.943],[39.164,4.938],[39.191,4.904],[39.216,4.886],[39.246,4.874],[39.272,4.869],[39.299,4.871],[39.325,4.866],[39.352,4.849],[39.362,4.829],[39.364,4.804],[39.369,4.778],[39.386,4.76],[39.409,4.74],[39.435,4.725],[39.468,4.725],[39.497,4.727],[39.524,4.721],[39.547,4.71],[39.575,4.7],[39.595,4.683],[39.619,4.679],[39.639,4.664],[39.662,4.657],[39.692,4.667],[39.744,4.725],[39.759,4.802],[39.766,4.848],[39.785,4.892],[39.805,4.953],[39.814,5.003],[39.834,5.034],[39.879,5.142],[39.908,5.221],[39.943,5.286],[40.035,5.398],[40.01,5.401],[39.98,5.397],[39.943,5.405],[39.915,5.436],[39.897,5.468],[39.871,5.492],[39.842,5.507],[39.802,5.517],[39.775,5.517],[39.738,5.512],[39.704,5.51],[39.683,5.519],[39.665,5.554],[39.678,5.588],[39.703,5.621],[39.716,5.647],[39.704,5.676],[39.685,5.699],[39.649,5.717],[39.615,5.72],[39.548,5.7],[39.524,5.703],[39.502,5.727],[39.478,5.757],[39.456,5.789],[39.454,5.794],[39.462,5.808],[39.462,5.815],[39.458,5.819],[39.452,5.822],[39.455,5.831],[39.448,5.845],[39.453,5.86],[39.459,5.865],[39.461,5.872],[39.466,5.874],[39.47,5.882],[39.469,5.891],[39.464,5.897],[39.447,5.897],[39.435,5.909],[39.425,5.927],[39.409,5.93],[39.408,5.944],[39.394,5.956],[39.383,5.97],[39.381,5.985],[39.376,5.994],[39.376,6.007],[39.369,6.012],[39.37,6.022],[39.348,6.051],[39.343,6.08],[39.356,6.097],[39.347,6.109],[39.333,6.12],[39.334,6.145],[39.321,6.184],[39.29,6.224],[39.26,6.266],[39.227,6.288],[39.218,6.292]]]}},{"type":"Feature","properties":{"name":"Gurage"},"geometry":{"type":"Polygon","coordinates":[[[38.667,8.328],[38.668,8.352],[38.662,8.377],[38.655,8.396],[38.64,8.413],[38.618,8.432],[38.605,8.433],[38.592,8.427],[38.585,8.434],[38.577,8.446],[38.549,8.454],[38.528,8.459],[38.502,8.445],[38.479,8.448],[38.469,8.436],[38.462,8.401],[38.453,8.386],[38.442,8.336],[38.433,8.313],[38.431,8.3],[38.422,8.29],[38.402,8.281],[38.383,8.275],[38.376,8.267],[38.348,8.255],[38.334,8.26],[38.323,8.273],[38.308,8.301],[38.309,8.331],[38.313,8.354],[38.312,8.371],[38.302,8.377],[38.29,8.382],[38.283,8.401],[38.267,8.408],[38.239,8.41],[38.218,8.41],[38.181,8.394],[38.165,8.409],[38.14,8.411],[38.123,8.408],[38.111,8.391],[38.104,8.39],[38.087,8.391],[38.078,8.382],[38.068,8.377],[38.04,8.39],[38.029,8.391],[38.009,8.374],[37.989,8.361],[37.949,8.369],[37.929,8.379],[37.911,8.372],[37.888,8.351],[37.864,8.337],[37.84,8.333],[37.817,8.333],[37.797,8.336],[37.78,8.341],[37.766,8.348],[37.749,8.353],[37.732,8.344],[37.718,8.335],[37.705,8.338],[37.693,8.355],[37.68,8.379],[37.667,8.385],[37.613,8.355],[37.599,8.366],[37.577,8.415],[37.559,8.427],[37.536,8.425],[37.513,8.418],[37.499,8.405],[37.472,8.352],[37.467,8.332],[37.464,8.313],[37.463,8.307],[37.465,8.284],[37.473,8.267],[37.489,8.253],[37.518,8.237],[37.574,8.226],[37.622,8.21],[37.625,8.201],[37.618,8.178],[37.607,8.152],[37.596,8.113],[37.593,8.094],[37.593,8.075],[37.602,8.012],[37.602,7.975],[37.604,7.966],[37.608,7.958],[37.607,7.94],[37.604,7.916],[37.639,7.91],[37.665,7.902],[37.707,7.879],[37.724,7.877],[37.738,7.872],[37.724,7.845],[37.741,7.838],[37.768,7.835],[37.769,7.861],[37.784,7.849],[37.817,7.828],[37.823,7.82],[37.829,7.793],[37.832,7.785],[37.836,7.78],[37.846,7.776],[37.865,7.753],[37.889,7.768],[37.891,7.775],[37.899,7.779],[37.916,7.777],[37.926,7.784],[37.937,7.797],[37.93,7.819],[37.921,7.844],[37.943,7.844],[37.971,7.865],[37.984,7.836],[37.999,7.818],[38.032,7.845],[38.045,7.864],[38.061,7.885],[38.067,7.895],[38.072,7.919],[38.124,7.954],[38.134,7.994],[38.168,8.054],[38.19,8.06],[38.204,8.067],[38.21,8.071],[38.225,8.088],[38.234,8.095],[38.249,8.098],[38.255,8.101],[38.26,8.095],[38.26,8.071],[38.264,8.061],[38.265,8.046],[38.265,8.032],[38.263,8.021],[38.276,8.017],[38.304,8.022],[38.355,8.046],[38.368,8.048],[38.38,8.049],[38.391,8.041],[38.401,8.019],[38.404,8.009],[38.403,7.996],[38.425,7.99],[38.433,7.986],[38.44,7.98],[38.441,7.972],[38.432,7.948],[38.438,7.941],[38.462,7.927],[38.473,7.916],[38.489,7.903],[38.499,7.894],[38.52,7.867],[38.529,7.86],[38.55,7.872],[38.564,7.886],[38.567,7.907],[38.577,7.925],[38.587,7.939],[38.59,7.962],[38.598,7.992],[38.613,8.008],[38.611,8.013],[38.625,8.027],[38.629,8.035],[38.614,8.044],[38.617,8.058],[38.623,8.07],[38.594,8.092],[38.585,8.109],[38.589,8.128],[38.588,8.157],[38.582,8.173],[38.569,8.195],[38.552,8.214],[38.543,8.227],[38.543,8.247],[38.55,8.264],[38.562,8.267],[38.594,8.261],[38.602,8.251],[38.604,8.224],[38.631,8.145],[38.636,8.133],[38.655,8.115],[38.667,8.097],[38.674,8.091],[38.68,8.097],[38.685,8.124],[38.679,8.172],[38.683,8.192],[38.694,8.204],[38.717,8.221],[38.717,8.232],[38.703,8.246],[38.663,8.272],[38.652,8.286],[38.667,8.328]]]}},{"type":"Feature","properties":{"name":"Hadiya"},"geometry":{"type":"MultiPolygon","coordinates":[[[[38.053,7.297],[38.044,7.273],[38.025,7.246],[38.006,7.214],[37.983,7.191],[37.945,7.187],[37.909,7.187],[37.895,7.208],[37.874,7.204],[37.851,7.197],[37.821,7.183],[37.777,7.158],[37.713,7.144],[37.708,7.144],[37.714,7.138],[37.755,7.111],[37.794,7.099],[37.809,7.095],[37.819,7.094],[37.84,7.106],[37.851,7.106],[37.879,7.094],[37.887,7.094],[37.907,7.113],[37.914,7.114],[37.922,7.104],[37.931,7.099],[37.945,7.11],[37.96,7.11],[37.967,7.104],[37.978,7.097],[37.983,7.089],[37.992,7.065],[37.998,7.063],[38.021,7.067],[38.029,7.067],[38.049,7.074],[38.062,7.073],[38.067,7.089],[38.07,7.124],[38.077,7.155],[38.079,7.181],[38.088,7.196],[38.101,7.208],[38.095,7.231],[38.087,7.248],[38.084,7.262],[38.081,7.27],[38.074,7.28],[38.053,7.297]]],[[[38.107,7.451],[38.114,7.461],[38.115,7.471],[38.112,7.479],[38.097,7.492],[38.09,7.504],[38.094,7.512],[38.103,7.52],[38.102,7.551],[38.104,7.556],[38.113,7.564],[38.122,7.612],[38.087,7.613],[38.059,7.623],[38.045,7.643],[38.046,7.672],[38.034,7.7],[37.998,7.7],[37.978,7.704],[37.964,7.697],[37.95,7.685],[37.941,7.672],[37.929,7.672],[37.906,7.683],[37.881,7.684],[37.865,7.753],[37.846,7.776],[37.836,7.78],[37.832,7.785],[37.829,7.793],[37.823,7.82],[37.817,7.828],[37.784,7.849],[37.769,7.861],[37.768,7.835],[37.741,7.838],[37.724,7.845],[37.738,7.872],[37.724,7.877],[37.707,7.879],[37.665,7.902],[37.639,7.91],[37.604,7.916],[37.601,7.909],[37.595,7.869],[37.59,7.852],[37.583,7.843],[37.579,7.829],[37.562,7.762],[37.556,7.749],[37.549,7.727],[37.548,7.702],[37.544,7.685],[37.536,7.666],[37.53,7.655],[37.523,7.647],[37.516,7.633],[37.499,7.61],[37.482,7.593],[37.451,7.568],[37.446,7.565],[37.439,7.547],[37.408,7.493],[37.391,7.404],[37.381,7.381],[37.357,7.362],[37.332,7.351],[37.332,7.345],[37.337,7.342],[37.345,7.334],[37.361,7.312],[37.37,7.316],[37.402,7.323],[37.419,7.326],[37.434,7.327],[37.463,7.318],[37.503,7.324],[37.539,7.323],[37.592,7.311],[37.592,7.305],[37.58,7.279],[37.579,7.272],[37.582,7.261],[37.591,7.259],[37.605,7.269],[37.616,7.281],[37.632,7.304],[37.64,7.303],[37.668,7.278],[37.693,7.267],[37.703,7.275],[37.715,7.293],[37.72,7.307],[37.747,7.358],[37.758,7.37],[37.764,7.378],[37.787,7.417],[37.803,7.421],[37.828,7.447],[37.837,7.475],[37.857,7.471],[37.864,7.474],[37.878,7.462],[37.894,7.454],[37.901,7.448],[37.926,7.415],[37.934,7.412],[37.957,7.427],[37.968,7.425],[37.978,7.419],[38.011,7.411],[38.03,7.419],[38.049,7.417],[38.054,7.425],[38.066,7.43],[38.075,7.435],[38.107,7.451]]]]}},{"type":"Feature","properties":{"name":"Hareri"},"geometry":{"type":"Polygon","coordinates":[[[42.075,9.222],[42.113,9.232],[42.128,9.228],[42.149,9.207],[42.167,9.211],[42.183,9.218],[42.198,9.221],[42.209,9.213],[42.222,9.197],[42.235,9.187],[42.247,9.188],[42.26,9.193],[42.266,9.199],[42.273,9.217],[42.27,9.231],[42.263,9.245],[42.257,9.254],[42.25,9.271],[42.251,9.287],[42.261,9.3],[42.267,9.311],[42.266,9.322],[42.259,9.335],[42.271,9.363],[42.262,9.375],[42.254,9.385],[42.239,9.386],[42.223,9.38],[42.188,9.363],[42.169,9.364],[42.148,9.389],[42.13,9.39],[42.115,9.374],[42.11,9.365],[42.086,9.33],[42.071,9.305],[42.066,9.286],[42.061,9.267],[42.06,9.25],[42.061,9.239],[42.062,9.227],[42.075,9.222]]]}},{"type":"Feature","properties":{"name":"Horo Guduru"},"geometry":{"type":"Polygon","coordinates":[[[37.047,10.289],[37.041,10.286],[37.014,10.286],[37.008,10.29],[36.998,10.304],[36.981,10.315],[36.972,10.316],[36.966,10.313],[36.954,10.313],[36.932,10.312],[36.925,10.315],[36.92,10.315],[36.899,10.314],[36.89,10.316],[36.884,10.322],[36.877,10.335],[36.87,10.342],[36.84,10.342],[36.834,10.343],[36.876,10.231],[36.869,10.177],[36.877,10.161],[36.888,10.131],[36.889,10.11],[36.9,10.055],[36.9,10.03],[36.897,10.011],[36.898,9.989],[36.903,9.96],[36.909,9.941],[36.916,9.926],[36.914,9.903],[36.906,9.875],[36.907,9.847],[36.915,9.832],[36.916,9.819],[36.913,9.805],[36.917,9.796],[36.909,9.792],[36.866,9.761],[36.799,9.745],[36.785,9.73],[36.775,9.706],[36.744,9.678],[36.687,9.668],[36.673,9.639],[36.668,9.611],[36.667,9.583],[36.658,9.553],[36.657,9.535],[36.652,9.528],[36.659,9.519],[36.665,9.521],[36.674,9.52],[36.689,9.512],[36.703,9.501],[36.725,9.49],[36.771,9.496],[36.795,9.492],[36.815,9.483],[36.838,9.478],[36.862,9.482],[36.881,9.488],[36.897,9.473],[36.902,9.449],[36.913,9.432],[36.94,9.429],[36.96,9.438],[36.996,9.45],[37.013,9.451],[37.019,9.448],[37.027,9.438],[37.051,9.42],[37.049,9.41],[37.054,9.388],[37.071,9.358],[37.075,9.34],[37.089,9.318],[37.114,9.29],[37.132,9.266],[37.15,9.249],[37.153,9.244],[37.156,9.237],[37.176,9.237],[37.218,9.214],[37.233,9.191],[37.248,9.172],[37.262,9.163],[37.314,9.158],[37.338,9.171],[37.358,9.187],[37.402,9.231],[37.482,9.303],[37.517,9.323],[37.543,9.327],[37.577,9.329],[37.6,9.335],[37.646,9.366],[37.66,9.384],[37.661,9.394],[37.655,9.418],[37.646,9.441],[37.644,9.475],[37.629,9.525],[37.621,9.563],[37.619,9.582],[37.625,9.623],[37.626,9.646],[37.622,9.69],[37.628,9.712],[37.64,9.731],[37.651,9.76],[37.647,9.782],[37.649,9.827],[37.663,9.848],[37.672,9.855],[37.675,9.863],[37.668,9.86],[37.663,9.861],[37.652,9.87],[37.642,9.883],[37.637,9.887],[37.624,9.89],[37.619,9.895],[37.618,9.903],[37.614,9.91],[37.6,9.919],[37.593,9.92],[37.59,9.928],[37.591,9.934],[37.588,9.94],[37.575,9.943],[37.558,9.955],[37.554,9.96],[37.552,9.974],[37.547,9.978],[37.53,9.997],[37.521,10.001],[37.502,9.999],[37.489,10.004],[37.484,10.004],[37.479,10.01],[37.477,10.016],[37.462,10.013],[37.454,10.013],[37.445,10.016],[37.425,10.035],[37.399,10.047],[37.388,10.048],[37.381,10.044],[37.374,10.043],[37.363,10.044],[37.358,10.041],[37.35,10.013],[37.346,10.007],[37.34,10.005],[37.324,10.009],[37.319,10.019],[37.306,10.028],[37.301,10.04],[37.297,10.054],[37.289,10.064],[37.283,10.066],[37.272,10.075],[37.263,10.078],[37.242,10.077],[37.221,10.085],[37.214,10.089],[37.196,10.105],[37.192,10.113],[37.181,10.145],[37.169,10.164],[37.169,10.169],[37.172,10.175],[37.183,10.189],[37.198,10.215],[37.201,10.224],[37.197,10.232],[37.191,10.237],[37.183,10.242],[37.175,10.244],[37.136,10.247],[37.115,10.252],[37.095,10.259],[37.088,10.26],[37.079,10.264],[37.075,10.272],[37.071,10.277],[37.063,10.283],[37.052,10.285],[37.047,10.289]]]}},{"type":"Feature","properties":{"name":"Ilubabor"},"geometry":{"type":"Polygon","coordinates":[[[34.996,7.749],[35.078,7.732],[35.117,7.646],[35.174,7.655],[35.213,7.653],[35.221,7.664],[35.221,7.681],[35.223,7.704],[35.249,7.728],[35.276,7.747],[35.291,7.748],[35.294,7.753],[35.312,7.762],[35.326,7.766],[35.342,7.778],[35.343,7.823],[35.351,7.836],[35.359,7.844],[35.373,7.834],[35.39,7.828],[35.401,7.831],[35.41,7.845],[35.419,7.865],[35.429,7.882],[35.434,7.884],[35.46,7.874],[35.475,7.875],[35.491,7.884],[35.498,7.881],[35.506,7.886],[35.513,7.893],[35.521,7.897],[35.531,7.881],[35.537,7.851],[35.545,7.832],[35.555,7.821],[35.571,7.814],[35.59,7.81],[35.607,7.811],[35.619,7.816],[35.642,7.83],[35.668,7.846],[35.677,7.855],[35.694,7.866],[35.704,7.86],[35.717,7.857],[35.74,7.868],[35.763,7.884],[35.793,7.922],[35.8,7.934],[35.801,7.942],[35.796,7.949],[35.783,7.955],[35.772,7.964],[35.768,7.97],[35.739,7.99],[35.724,8.024],[35.729,8.041],[35.745,8.052],[35.754,8.069],[35.767,8.082],[35.799,8.08],[35.817,8.084],[35.862,8.078],[35.87,8.066],[35.875,8.07],[35.886,8.083],[35.895,8.105],[35.902,8.13],[35.915,8.151],[35.934,8.161],[35.956,8.162],[35.974,8.159],[36.027,8.163],[36.073,8.168],[36.089,8.174],[36.108,8.198],[36.128,8.208],[36.142,8.197],[36.163,8.189],[36.185,8.187],[36.215,8.194],[36.245,8.21],[36.268,8.225],[36.284,8.215],[36.294,8.211],[36.307,8.223],[36.317,8.241],[36.331,8.243],[36.344,8.235],[36.355,8.215],[36.37,8.199],[36.382,8.19],[36.393,8.19],[36.407,8.184],[36.417,8.169],[36.416,8.15],[36.409,8.128],[36.398,8.105],[36.393,8.084],[36.399,8.062],[36.416,8.047],[36.442,8.037],[36.472,8.038],[36.496,8.046],[36.533,8.061],[36.57,8.055],[36.591,8.026],[36.599,7.995],[36.612,7.987],[36.635,8.0],[36.643,8.015],[36.646,8.027],[36.653,8.04],[36.668,8.053],[36.691,8.057],[36.722,8.056],[36.743,8.069],[36.749,8.085],[36.761,8.105],[36.777,8.116],[36.79,8.1],[36.8,8.095],[36.809,8.102],[36.817,8.12],[36.821,8.143],[36.817,8.162],[36.803,8.203],[36.789,8.228],[36.768,8.247],[36.751,8.265],[36.744,8.288],[36.739,8.315],[36.735,8.376],[36.724,8.424],[36.722,8.45],[36.707,8.465],[36.693,8.476],[36.682,8.491],[36.669,8.503],[36.661,8.518],[36.655,8.516],[36.64,8.517],[36.623,8.512],[36.617,8.52],[36.614,8.536],[36.604,8.551],[36.584,8.558],[36.565,8.553],[36.549,8.555],[36.538,8.564],[36.535,8.57],[36.527,8.581],[36.507,8.595],[36.483,8.604],[36.46,8.609],[36.441,8.621],[36.426,8.637],[36.413,8.656],[36.402,8.678],[36.386,8.704],[36.385,8.713],[36.371,8.738],[36.35,8.766],[36.338,8.79],[36.331,8.814],[36.32,8.839],[36.304,8.856],[36.287,8.871],[36.28,8.883],[36.263,8.925],[36.266,8.93],[36.258,8.938],[36.253,8.948],[36.245,8.95],[36.238,8.954],[36.23,8.954],[36.223,8.951],[36.175,8.98],[36.171,8.985],[36.157,9.008],[36.132,9.022],[36.129,9.052],[36.109,9.081],[36.095,9.066],[36.085,9.059],[36.076,9.064],[36.098,9.033],[36.087,9.014],[36.065,9.021],[36.043,9.016],[36.036,9.005],[36.035,8.998],[36.037,8.99],[36.037,8.973],[36.018,8.951],[36.018,8.943],[36.013,8.938],[36.01,8.929],[36.008,8.903],[36.011,8.896],[35.999,8.893],[35.982,8.895],[35.977,8.894],[35.966,8.886],[35.942,8.855],[35.929,8.833],[35.908,8.818],[35.883,8.796],[35.89,8.768],[35.905,8.742],[35.908,8.714],[35.87,8.694],[35.864,8.682],[35.86,8.667],[35.836,8.665],[35.807,8.668],[35.769,8.676],[35.75,8.688],[35.746,8.701],[35.731,8.711],[35.707,8.711],[35.684,8.705],[35.666,8.695],[35.639,8.665],[35.612,8.662],[35.594,8.666],[35.57,8.675],[35.501,8.71],[35.483,8.723],[35.471,8.739],[35.459,8.761],[35.446,8.776],[35.422,8.78],[35.405,8.772],[35.395,8.756],[35.389,8.732],[35.374,8.718],[35.359,8.713],[35.336,8.713],[35.311,8.71],[35.289,8.711],[35.277,8.714],[35.268,8.72],[35.252,8.72],[35.244,8.708],[35.233,8.699],[35.224,8.708],[35.225,8.724],[35.207,8.729],[35.194,8.714],[35.186,8.699],[35.153,8.669],[35.143,8.648],[35.123,8.634],[35.106,8.613],[35.111,8.591],[35.128,8.572],[35.148,8.563],[35.173,8.557],[35.191,8.541],[35.191,8.498],[35.178,8.485],[35.167,8.48],[35.147,8.479],[35.099,8.477],[35.058,8.484],[35.035,8.482],[35.015,8.468],[34.993,8.446],[34.981,8.422],[34.964,8.379],[34.958,8.354],[34.958,8.331],[34.964,8.311],[34.973,8.296],[34.976,8.279],[34.974,8.263],[34.966,8.248],[35.019,8.221],[35.074,8.221],[35.12,8.202],[35.139,8.183],[35.158,8.138],[35.144,8.144],[35.105,8.116],[35.09,8.115],[35.119,8.084],[35.141,8.023],[35.142,7.99],[35.109,7.958],[35.049,7.956],[35.009,7.925],[35.014,7.884],[35.001,7.863],[34.951,7.891],[34.945,7.881],[34.933,7.829],[34.938,7.766],[34.933,7.729],[34.996,7.749]]]}},{"type":"Feature","properties":{"name":"Jarar"},"geometry":{"type":"Polygon","coordinates":[[[45.622,8.444],[44.157,8.939],[44.122,8.963],[44.062,8.987],[44.054,8.999],[44.036,9.008],[44.019,9.026],[44.004,9.032],[43.976,9.038],[43.972,9.026],[43.955,9.014],[43.935,9.003],[43.893,8.991],[43.878,8.984],[43.86,8.978],[43.78,8.968],[43.749,8.973],[43.731,8.969],[43.707,8.956],[43.693,8.978],[43.679,8.99],[43.669,9.008],[43.656,9.022],[43.629,9.056],[43.612,9.065],[43.59,9.079],[43.569,9.097],[43.55,9.108],[43.537,9.083],[43.522,9.07],[43.503,9.042],[43.487,9.006],[43.475,8.993],[43.462,8.974],[43.45,8.96],[43.435,8.934],[43.399,8.911],[43.383,8.888],[43.364,8.881],[43.348,8.871],[43.331,8.869],[43.319,8.855],[43.308,8.855],[43.3,8.837],[43.294,8.83],[43.309,8.782],[43.315,8.771],[43.327,8.758],[43.335,8.739],[43.335,8.722],[43.333,8.699],[43.33,8.682],[43.325,8.67],[43.315,8.66],[43.294,8.652],[43.274,8.658],[43.264,8.668],[43.261,8.681],[43.262,8.69],[43.253,8.697],[43.242,8.713],[43.227,8.714],[43.216,8.71],[43.204,8.703],[43.179,8.696],[43.169,8.688],[43.15,8.686],[43.137,8.68],[43.127,8.671],[43.117,8.659],[43.101,8.653],[43.067,8.644],[43.031,8.63],[43.001,8.653],[42.992,8.675],[42.977,8.693],[42.965,8.703],[42.957,8.717],[42.949,8.734],[42.948,8.745],[42.94,8.757],[42.909,8.771],[42.893,8.773],[42.892,8.78],[42.883,8.785],[42.858,8.786],[42.845,8.759],[42.838,8.729],[42.833,8.696],[42.839,8.665],[42.861,8.637],[42.9,8.604],[42.906,8.583],[42.909,8.55],[42.913,8.523],[42.912,8.5],[42.898,8.459],[42.9,8.41],[42.885,8.4],[42.859,8.393],[42.799,8.371],[42.78,8.374],[42.769,8.364],[42.755,8.338],[42.736,8.295],[42.72,8.247],[42.712,8.208],[42.703,8.181],[42.679,8.148],[42.685,8.138],[42.689,8.118],[42.702,8.091],[42.704,8.067],[42.714,8.047],[42.717,8.001],[42.723,7.983],[42.726,7.949],[42.736,7.919],[42.733,7.893],[42.733,7.847],[42.73,7.83],[42.73,7.812],[42.734,7.804],[42.745,7.798],[42.755,7.785],[42.756,7.777],[42.774,7.762],[42.789,7.755],[42.808,7.752],[42.84,7.739],[42.865,7.732],[42.893,7.717],[42.911,7.712],[42.923,7.71],[42.977,7.699],[43.014,7.702],[43.031,7.702],[43.06,7.709],[43.069,7.713],[43.093,7.713],[43.152,7.71],[43.138,7.679],[43.127,7.644],[43.125,7.631],[43.118,7.62],[43.103,7.599],[43.091,7.591],[43.088,7.565],[43.072,7.544],[43.071,7.523],[43.053,7.49],[43.052,7.478],[43.037,7.468],[43.033,7.455],[43.032,7.44],[43.025,7.423],[43.013,7.41],[43.001,7.393],[42.994,7.38],[42.992,7.368],[42.98,7.358],[42.976,7.33],[42.971,7.313],[42.963,7.305],[42.96,7.292],[42.942,7.276],[42.93,7.262],[42.924,7.252],[42.916,7.244],[42.911,7.234],[42.902,7.207],[42.885,7.172],[42.882,7.159],[42.875,7.143],[42.866,7.135],[42.862,7.117],[42.856,7.103],[42.854,7.09],[42.852,7.071],[42.853,7.055],[42.868,7.05],[42.879,7.055],[42.903,7.057],[42.916,7.08],[42.922,7.081],[42.952,7.097],[42.972,7.105],[42.997,7.108],[43.016,7.125],[43.033,7.132],[43.056,7.146],[43.088,7.17],[43.104,7.178],[43.179,7.235],[43.212,7.255],[43.229,7.274],[43.253,7.281],[43.27,7.29],[43.296,7.311],[43.329,7.32],[43.344,7.328],[43.357,7.338],[43.388,7.355],[43.408,7.37],[43.426,7.368],[43.44,7.379],[43.453,7.385],[43.459,7.394],[43.468,7.402],[43.491,7.418],[43.511,7.441],[43.54,7.445],[43.552,7.454],[43.565,7.463],[43.6,7.48],[43.638,7.51],[43.655,7.518],[43.675,7.531],[43.686,7.541],[43.696,7.547],[43.705,7.557],[43.726,7.563],[43.753,7.584],[43.791,7.602],[43.873,7.635],[43.884,7.643],[43.897,7.645],[43.976,7.676],[44.012,7.686],[44.022,7.691],[44.038,7.69],[44.074,7.698],[44.097,7.706],[44.122,7.707],[44.242,7.7],[44.321,7.691],[44.43,7.67],[44.466,7.661],[44.518,7.652],[44.519,7.662],[44.604,7.642],[44.646,7.636],[44.664,7.625],[44.904,7.597],[44.934,7.63],[44.974,7.649],[45.0,7.656],[45.03,7.681],[45.062,7.698],[45.086,7.717],[45.104,7.734],[45.131,7.756],[45.17,7.781],[45.252,7.84],[45.265,7.862],[45.294,7.882],[45.346,7.921],[45.376,7.946],[45.403,7.964],[45.446,8.011],[45.467,8.039],[45.473,8.059],[45.514,8.104],[45.53,8.128],[45.552,8.172],[45.559,8.196],[45.566,8.249],[45.575,8.275],[45.59,8.345],[45.604,8.37],[45.613,8.396],[45.622,8.444]]]}},{"type":"Feature","properties":{"name":"Jimma"},"geometry":{"type":"Polygon","coordinates":[[[37.332,7.345],[37.332,7.351],[37.357,7.362],[37.381,7.381],[37.391,7.404],[37.408,7.493],[37.439,7.547],[37.446,7.565],[37.436,7.585],[37.421,7.635],[37.408,7.659],[37.402,7.684],[37.402,7.711],[37.401,7.742],[37.406,7.828],[37.413,7.855],[37.435,7.899],[37.438,7.92],[37.43,7.932],[37.417,7.945],[37.4,7.955],[37.391,7.963],[37.389,7.976],[37.393,7.994],[37.405,7.995],[37.41,7.999],[37.417,8.002],[37.46,8.009],[37.478,8.015],[37.492,8.018],[37.498,8.016],[37.508,8.009],[37.515,8.001],[37.519,7.993],[37.521,7.985],[37.523,7.978],[37.526,7.973],[37.529,7.967],[37.534,7.961],[37.54,7.955],[37.55,7.95],[37.558,7.949],[37.574,7.953],[37.604,7.966],[37.602,7.975],[37.602,8.012],[37.593,8.075],[37.593,8.094],[37.596,8.113],[37.607,8.152],[37.618,8.178],[37.625,8.201],[37.622,8.21],[37.574,8.226],[37.518,8.237],[37.489,8.253],[37.473,8.267],[37.465,8.284],[37.463,8.307],[37.464,8.313],[37.45,8.316],[37.434,8.332],[37.389,8.39],[37.375,8.41],[37.357,8.452],[37.325,8.495],[37.306,8.531],[37.287,8.551],[37.263,8.586],[37.226,8.586],[37.211,8.6],[37.203,8.617],[37.191,8.632],[37.182,8.65],[37.18,8.669],[37.166,8.678],[37.142,8.683],[37.137,8.695],[37.145,8.711],[37.16,8.725],[37.196,8.746],[37.216,8.76],[37.226,8.771],[37.227,8.786],[37.222,8.802],[37.213,8.822],[37.206,8.839],[37.21,8.857],[37.202,8.867],[37.188,8.873],[37.175,8.858],[37.153,8.849],[37.128,8.843],[37.065,8.818],[37.047,8.803],[37.026,8.773],[37.018,8.744],[37.014,8.702],[37.006,8.682],[36.989,8.67],[36.953,8.652],[36.945,8.655],[36.912,8.654],[36.871,8.656],[36.846,8.652],[36.816,8.634],[36.795,8.615],[36.777,8.59],[36.76,8.571],[36.726,8.551],[36.7,8.541],[36.683,8.531],[36.669,8.521],[36.661,8.518],[36.669,8.503],[36.682,8.491],[36.693,8.476],[36.707,8.465],[36.722,8.45],[36.724,8.424],[36.735,8.376],[36.739,8.315],[36.744,8.288],[36.751,8.265],[36.768,8.247],[36.789,8.228],[36.803,8.203],[36.817,8.162],[36.821,8.143],[36.817,8.12],[36.809,8.102],[36.8,8.095],[36.79,8.1],[36.777,8.116],[36.761,8.105],[36.749,8.085],[36.743,8.069],[36.722,8.056],[36.691,8.057],[36.668,8.053],[36.653,8.04],[36.646,8.027],[36.643,8.015],[36.635,8.0],[36.612,7.987],[36.599,7.995],[36.591,8.026],[36.57,8.055],[36.533,8.061],[36.496,8.046],[36.472,8.038],[36.442,8.037],[36.416,8.047],[36.399,8.062],[36.393,8.084],[36.398,8.105],[36.409,8.128],[36.416,8.15],[36.417,8.169],[36.407,8.184],[36.393,8.19],[36.382,8.19],[36.37,8.199],[36.355,8.215],[36.344,8.235],[36.331,8.243],[36.317,8.241],[36.307,8.223],[36.294,8.211],[36.284,8.215],[36.268,8.225],[36.245,8.21],[36.215,8.194],[36.185,8.187],[36.163,8.189],[36.142,8.197],[36.128,8.208],[36.108,8.198],[36.089,8.174],[36.073,8.168],[36.027,8.163],[35.974,8.159],[35.956,8.162],[35.934,8.161],[35.915,8.151],[35.902,8.13],[35.895,8.105],[35.886,8.083],[35.875,8.07],[35.87,8.066],[35.873,8.06],[35.889,8.002],[35.9,7.972],[35.906,7.947],[35.903,7.927],[35.888,7.894],[35.875,7.877],[35.86,7.861],[35.852,7.849],[35.849,7.84],[35.861,7.83],[35.876,7.823],[35.899,7.808],[35.923,7.788],[35.942,7.775],[35.987,7.756],[35.998,7.746],[36.021,7.693],[36.043,7.676],[36.053,7.655],[36.048,7.635],[36.033,7.593],[36.036,7.574],[36.046,7.567],[36.063,7.559],[36.088,7.555],[36.128,7.557],[36.157,7.544],[36.182,7.525],[36.201,7.505],[36.225,7.486],[36.28,7.464],[36.303,7.451],[36.349,7.447],[36.375,7.417],[36.407,7.41],[36.454,7.419],[36.471,7.417],[36.485,7.417],[36.599,7.37],[36.607,7.37],[36.624,7.38],[36.634,7.379],[36.639,7.372],[36.653,7.346],[36.673,7.329],[36.695,7.314],[36.721,7.3],[36.763,7.267],[36.785,7.256],[36.792,7.253],[36.842,7.327],[36.88,7.331],[36.956,7.262],[36.967,7.243],[36.965,7.226],[37.004,7.236],[37.04,7.241],[37.069,7.236],[37.106,7.226],[37.129,7.23],[37.155,7.242],[37.184,7.266],[37.212,7.294],[37.239,7.313],[37.263,7.327],[37.288,7.336],[37.332,7.345]]]}},{"type":"Feature","properties":{"name":"Keffa"},"geometry":{"type":"Polygon","coordinates":[[[35.971,6.239],[35.987,6.245],[35.997,6.254],[36.014,6.261],[36.021,6.265],[36.029,6.273],[36.04,6.288],[36.043,6.302],[36.037,6.331],[36.04,6.339],[36.058,6.352],[36.087,6.389],[36.098,6.399],[36.121,6.417],[36.133,6.425],[36.165,6.431],[36.18,6.429],[36.19,6.423],[36.196,6.417],[36.221,6.399],[36.237,6.39],[36.247,6.392],[36.265,6.4],[36.284,6.415],[36.293,6.423],[36.313,6.45],[36.322,6.458],[36.322,6.474],[36.325,6.507],[36.329,6.536],[36.329,6.552],[36.33,6.569],[36.331,6.577],[36.341,6.601],[36.344,6.613],[36.347,6.627],[36.346,6.64],[36.341,6.668],[36.339,6.679],[36.341,6.691],[36.346,6.703],[36.364,6.729],[36.385,6.745],[36.394,6.754],[36.406,6.771],[36.413,6.785],[36.451,6.782],[36.478,6.806],[36.472,6.868],[36.465,6.885],[36.45,6.917],[36.459,6.943],[36.476,6.973],[36.482,6.98],[36.491,6.981],[36.499,6.982],[36.505,6.982],[36.514,6.982],[36.525,6.991],[36.54,7.013],[36.554,7.021],[36.582,7.054],[36.587,7.058],[36.59,7.067],[36.586,7.084],[36.587,7.113],[36.597,7.125],[36.61,7.131],[36.622,7.131],[36.652,7.122],[36.665,7.115],[36.675,7.116],[36.7,7.148],[36.721,7.157],[36.732,7.161],[36.74,7.169],[36.749,7.18],[36.761,7.201],[36.767,7.219],[36.772,7.236],[36.785,7.256],[36.763,7.267],[36.721,7.3],[36.695,7.314],[36.673,7.329],[36.653,7.346],[36.639,7.372],[36.634,7.379],[36.624,7.38],[36.607,7.37],[36.599,7.37],[36.485,7.417],[36.471,7.417],[36.454,7.419],[36.407,7.41],[36.375,7.417],[36.349,7.447],[36.303,7.451],[36.28,7.464],[36.225,7.486],[36.201,7.505],[36.182,7.525],[36.157,7.544],[36.128,7.557],[36.088,7.555],[36.063,7.559],[36.046,7.567],[36.036,7.574],[36.033,7.593],[36.048,7.635],[36.053,7.655],[36.043,7.676],[36.021,7.693],[35.998,7.746],[35.987,7.756],[35.942,7.775],[35.923,7.788],[35.899,7.808],[35.876,7.823],[35.861,7.83],[35.849,7.84],[35.852,7.849],[35.86,7.861],[35.875,7.877],[35.888,7.894],[35.903,7.927],[35.906,7.947],[35.9,7.972],[35.889,8.002],[35.873,8.06],[35.87,8.066],[35.862,8.078],[35.817,8.084],[35.799,8.08],[35.767,8.082],[35.754,8.069],[35.745,8.052],[35.729,8.041],[35.724,8.024],[35.739,7.99],[35.768,7.97],[35.772,7.964],[35.783,7.955],[35.796,7.949],[35.801,7.942],[35.8,7.934],[35.793,7.922],[35.763,7.884],[35.74,7.868],[35.717,7.857],[35.704,7.86],[35.694,7.866],[35.677,7.855],[35.668,7.846],[35.642,7.83],[35.619,7.816],[35.607,7.811],[35.613,7.784],[35.613,7.759],[35.615,7.746],[35.613,7.728],[35.609,7.716],[35.59,7.708],[35.59,7.695],[35.613,7.672],[35.604,7.66],[35.591,7.652],[35.58,7.645],[35.575,7.634],[35.574,7.624],[35.576,7.594],[35.58,7.579],[35.583,7.558],[35.588,7.512],[35.576,7.503],[35.538,7.492],[35.525,7.485],[35.517,7.469],[35.51,7.441],[35.489,7.427],[35.5,7.397],[35.493,7.383],[35.487,7.358],[35.489,7.313],[35.484,7.289],[35.482,7.271],[35.485,7.262],[35.491,7.256],[35.501,7.253],[35.523,7.259],[35.545,7.251],[35.556,7.257],[35.567,7.252],[35.574,7.244],[35.584,7.24],[35.594,7.246],[35.603,7.243],[35.61,7.235],[35.619,7.236],[35.624,7.238],[35.632,7.232],[35.653,7.231],[35.659,7.229],[35.665,7.21],[35.671,7.208],[35.697,7.154],[35.713,7.115],[35.719,7.103],[35.716,7.091],[35.709,7.083],[35.709,7.074],[35.723,7.068],[35.729,7.06],[35.722,7.046],[35.698,7.022],[35.691,7.009],[35.69,6.989],[35.715,7.003],[35.751,7.027],[35.778,7.016],[35.79,7.043],[35.816,7.076],[35.839,7.067],[35.823,7.035],[35.843,6.998],[35.848,7.013],[35.857,7.023],[35.868,7.027],[35.88,7.035],[35.867,7.068],[35.866,7.085],[35.87,7.096],[35.877,7.101],[35.914,7.115],[35.922,7.12],[35.935,7.109],[35.948,7.103],[35.955,7.093],[35.963,7.085],[35.981,7.055],[35.997,7.017],[36.007,7.002],[36.01,6.992],[36.012,6.985],[36.016,6.946],[36.02,6.937],[36.025,6.929],[36.04,6.911],[36.052,6.878],[36.059,6.848],[36.074,6.817],[36.075,6.799],[36.07,6.779],[36.07,6.75],[36.064,6.728],[36.082,6.705],[36.083,6.694],[36.08,6.659],[36.081,6.646],[36.085,6.633],[36.091,6.622],[36.133,6.568],[36.134,6.559],[36.133,6.545],[36.127,6.52],[36.122,6.508],[36.117,6.496],[36.108,6.483],[36.097,6.472],[36.088,6.468],[36.079,6.465],[36.055,6.462],[36.042,6.457],[36.031,6.45],[36.02,6.44],[36.004,6.41],[35.997,6.4],[35.993,6.391],[35.986,6.38],[35.985,6.357],[35.98,6.342],[35.981,6.321],[35.974,6.274],[35.971,6.239]]]}},{"type":"Feature","properties":{"name":"Kelem Wellega"},"geometry":{"type":"Polygon","coordinates":[[[34.966,8.248],[34.974,8.263],[34.976,8.279],[34.973,8.296],[34.964,8.311],[34.958,8.331],[34.958,8.354],[34.964,8.379],[34.981,8.422],[34.993,8.446],[35.015,8.468],[35.035,8.482],[35.058,8.484],[35.099,8.477],[35.147,8.479],[35.167,8.48],[35.178,8.485],[35.191,8.498],[35.191,8.541],[35.173,8.557],[35.148,8.563],[35.128,8.572],[35.111,8.591],[35.106,8.613],[35.123,8.634],[35.143,8.648],[35.153,8.669],[35.186,8.699],[35.194,8.714],[35.207,8.729],[35.225,8.724],[35.224,8.708],[35.233,8.699],[35.244,8.708],[35.252,8.72],[35.268,8.72],[35.277,8.714],[35.289,8.711],[35.311,8.71],[35.336,8.713],[35.359,8.713],[35.374,8.718],[35.389,8.732],[35.395,8.756],[35.405,8.772],[35.422,8.78],[35.424,8.8],[35.423,8.815],[35.428,8.829],[35.431,8.842],[35.418,8.853],[35.43,8.876],[35.421,8.885],[35.409,8.894],[35.398,8.901],[35.358,8.915],[35.343,8.925],[35.333,8.941],[35.326,8.964],[35.315,8.986],[35.313,9.004],[35.309,9.008],[35.303,9.01],[35.292,9.003],[35.277,9.001],[35.273,8.996],[35.266,8.996],[35.261,9.002],[35.256,9.003],[35.255,9.01],[35.258,9.02],[35.26,9.045],[35.225,9.063],[35.194,9.073],[35.177,9.075],[35.158,9.072],[35.165,9.083],[35.157,9.106],[35.154,9.123],[35.145,9.138],[35.131,9.149],[35.125,9.166],[35.125,9.189],[35.119,9.212],[35.103,9.223],[35.091,9.235],[35.087,9.253],[35.056,9.28],[35.038,9.29],[35.017,9.293],[34.999,9.299],[34.984,9.314],[34.966,9.325],[34.939,9.329],[34.925,9.338],[34.927,9.347],[34.916,9.369],[34.903,9.358],[34.89,9.33],[34.887,9.326],[34.874,9.301],[34.851,9.244],[34.827,9.228],[34.8,9.218],[34.774,9.204],[34.75,9.187],[34.695,9.188],[34.653,9.161],[34.617,9.164],[34.594,9.154],[34.587,9.129],[34.572,9.117],[34.558,9.12],[34.542,9.136],[34.53,9.147],[34.507,9.148],[34.496,9.142],[34.48,9.131],[34.458,9.126],[34.425,9.123],[34.394,9.117],[34.428,9.073],[34.459,9.074],[34.484,9.048],[34.504,9.005],[34.431,8.968],[34.145,8.963],[34.141,8.912],[34.142,8.811],[34.14,8.772],[34.142,8.737],[34.141,8.724],[34.145,8.671],[34.142,8.653],[34.19,8.653],[34.224,8.671],[34.236,8.687],[34.256,8.704],[34.28,8.71],[34.313,8.683],[34.346,8.601],[34.359,8.523],[34.358,8.501],[34.345,8.47],[34.336,8.44],[34.316,8.408],[34.314,8.391],[34.33,8.388],[34.348,8.378],[34.437,8.423],[34.472,8.449],[34.523,8.477],[34.557,8.456],[34.575,8.405],[34.631,8.403],[34.668,8.396],[34.729,8.391],[34.768,8.364],[34.786,8.356],[34.796,8.328],[34.787,8.305],[34.827,8.263],[34.856,8.252],[34.883,8.252],[34.966,8.248]]]}},{"type":"Feature","properties":{"name":"Kemashi"},"geometry":{"type":"MultiPolygon","coordinates":[[[[36.175,8.98],[36.223,8.951],[36.249,8.975],[36.222,8.99],[36.18,8.987],[36.175,8.98]]],[[[35.325,9.886],[35.351,9.867],[35.365,9.814],[35.388,9.803],[35.409,9.796],[35.42,9.786],[35.38,9.766],[35.384,9.76],[35.376,9.751],[35.366,9.728],[35.369,9.72],[35.39,9.721],[35.412,9.715],[35.456,9.673],[35.469,9.671],[35.506,9.69],[35.534,9.691],[35.535,9.697],[35.54,9.699],[35.554,9.697],[35.562,9.693],[35.579,9.667],[35.595,9.657],[35.626,9.652],[35.635,9.652],[35.654,9.636],[35.651,9.614],[35.644,9.596],[35.648,9.554],[35.672,9.518],[35.687,9.511],[35.712,9.488],[35.733,9.483],[35.754,9.483],[35.766,9.474],[35.778,9.441],[35.779,9.432],[35.767,9.429],[35.755,9.418],[35.751,9.404],[35.756,9.366],[35.75,9.35],[35.751,9.332],[35.758,9.325],[35.775,9.325],[35.798,9.31],[35.809,9.31],[35.861,9.326],[35.912,9.317],[35.919,9.287],[35.932,9.268],[35.95,9.25],[35.976,9.244],[36.032,9.234],[36.045,9.196],[36.054,9.12],[36.035,9.108],[36.029,9.057],[36.043,9.033],[36.043,9.016],[36.065,9.021],[36.087,9.014],[36.098,9.033],[36.076,9.064],[36.085,9.059],[36.095,9.066],[36.109,9.081],[36.129,9.052],[36.132,9.022],[36.16,9.022],[36.168,9.029],[36.178,9.046],[36.227,9.032],[36.247,9.042],[36.237,9.052],[36.208,9.068],[36.185,9.073],[36.162,9.106],[36.173,9.109],[36.205,9.158],[36.23,9.23],[36.227,9.273],[36.196,9.29],[36.195,9.327],[36.207,9.356],[36.235,9.348],[36.215,9.333],[36.216,9.316],[36.219,9.298],[36.254,9.303],[36.271,9.329],[36.276,9.345],[36.29,9.323],[36.296,9.303],[36.32,9.307],[36.327,9.332],[36.335,9.341],[36.35,9.346],[36.376,9.359],[36.462,9.358],[36.485,9.369],[36.476,9.396],[36.484,9.406],[36.508,9.42],[36.516,9.445],[36.499,9.474],[36.495,9.51],[36.462,9.529],[36.401,9.512],[36.381,9.481],[36.356,9.496],[36.337,9.513],[36.315,9.542],[36.302,9.557],[36.267,9.57],[36.233,9.571],[36.23,9.581],[36.202,9.616],[36.193,9.659],[36.193,9.689],[36.178,9.702],[36.163,9.731],[36.16,9.748],[36.144,9.759],[36.106,9.774],[36.137,9.808],[36.129,9.853],[36.153,9.85],[36.153,9.867],[36.135,9.917],[36.121,9.962],[36.121,9.973],[36.141,10.011],[36.185,10.051],[36.22,10.054],[36.26,10.079],[36.269,10.089],[36.273,10.114],[36.333,10.139],[36.37,10.163],[36.396,10.188],[36.417,10.218],[36.446,10.247],[36.492,10.235],[36.516,10.241],[36.523,10.251],[36.546,10.27],[36.55,10.28],[36.555,10.286],[36.577,10.28],[36.575,10.265],[36.611,10.26],[36.66,10.278],[36.693,10.297],[36.69,10.312],[36.686,10.319],[36.669,10.315],[36.663,10.317],[36.656,10.323],[36.638,10.348],[36.618,10.356],[36.606,10.366],[36.59,10.37],[36.574,10.364],[36.558,10.364],[36.549,10.362],[36.54,10.366],[36.533,10.377],[36.532,10.383],[36.524,10.395],[36.521,10.4],[36.521,10.407],[36.524,10.411],[36.533,10.432],[36.544,10.45],[36.547,10.458],[36.538,10.474],[36.528,10.484],[36.519,10.48],[36.512,10.48],[36.486,10.484],[36.464,10.48],[36.456,10.476],[36.45,10.46],[36.446,10.457],[36.436,10.453],[36.429,10.456],[36.427,10.434],[36.427,10.405],[36.424,10.375],[36.416,10.354],[36.391,10.341],[36.374,10.314],[36.34,10.27],[36.34,10.247],[36.331,10.217],[36.316,10.203],[36.279,10.191],[36.26,10.149],[36.243,10.123],[36.213,10.103],[36.171,10.099],[36.109,10.118],[36.076,10.117],[36.046,10.129],[36.006,10.111],[35.982,10.134],[35.973,10.12],[35.956,10.101],[35.937,10.082],[35.918,10.067],[35.897,10.045],[35.895,10.015],[35.882,9.99],[35.834,9.999],[35.803,10.001],[35.78,10.035],[35.761,10.031],[35.734,10.036],[35.735,9.97],[35.714,9.952],[35.675,9.945],[35.631,9.961],[35.627,9.973],[35.627,9.988],[35.614,10.005],[35.602,10.024],[35.596,10.042],[35.571,10.063],[35.54,10.072],[35.525,10.08],[35.498,10.081],[35.497,10.108],[35.482,10.127],[35.424,10.132],[35.38,10.145],[35.355,10.173],[35.334,10.179],[35.328,10.207],[35.331,10.229],[35.317,10.269],[35.334,10.285],[35.33,10.351],[35.319,10.411],[35.306,10.438],[35.302,10.455],[35.269,10.487],[35.242,10.498],[35.232,10.521],[35.207,10.539],[35.18,10.551],[35.155,10.556],[35.152,10.588],[35.171,10.602],[35.177,10.638],[35.157,10.666],[35.17,10.699],[35.189,10.727],[35.19,10.758],[35.184,10.799],[35.197,10.836],[35.212,10.859],[35.208,10.874],[35.216,10.9],[35.187,10.917],[35.179,10.942],[35.17,10.978],[35.179,11.023],[35.179,11.063],[35.19,11.107],[35.174,11.128],[35.132,11.139],[35.092,11.203],[35.065,11.208],[35.034,11.223],[35.015,11.23],[34.985,11.214],[34.997,11.199],[35.001,11.181],[34.985,11.099],[34.971,11.049],[34.961,10.992],[34.957,10.958],[34.983,10.899],[35.024,10.883],[35.082,10.848],[35.082,10.794],[35.078,10.732],[35.069,10.663],[35.052,10.61],[35.031,10.581],[35.016,10.552],[35.011,10.53],[35.038,10.532],[35.051,10.526],[35.04,10.507],[35.035,10.484],[35.063,10.481],[35.091,10.453],[35.106,10.423],[35.118,10.406],[35.145,10.396],[35.181,10.403],[35.196,10.317],[35.215,10.285],[35.193,10.264],[35.189,10.239],[35.201,10.211],[35.211,10.173],[35.221,10.147],[35.237,10.118],[35.243,10.077],[35.249,10.06],[35.276,10.043],[35.301,10.024],[35.332,10.023],[35.349,9.964],[35.35,9.92],[35.341,9.905],[35.325,9.886]]]]}},{"type":"Feature","properties":{"name":"Konta"},"geometry":{"type":"Polygon","coordinates":[[[36.965,7.226],[36.967,7.243],[36.956,7.262],[36.88,7.331],[36.842,7.327],[36.792,7.253],[36.785,7.256],[36.772,7.236],[36.767,7.219],[36.761,7.201],[36.749,7.18],[36.74,7.169],[36.732,7.161],[36.721,7.157],[36.7,7.148],[36.675,7.116],[36.665,7.115],[36.652,7.122],[36.622,7.131],[36.61,7.131],[36.597,7.125],[36.587,7.113],[36.586,7.084],[36.59,7.067],[36.587,7.058],[36.582,7.054],[36.554,7.021],[36.54,7.013],[36.525,6.991],[36.514,6.982],[36.505,6.982],[36.499,6.982],[36.491,6.981],[36.482,6.98],[36.476,6.973],[36.459,6.943],[36.45,6.917],[36.465,6.885],[36.472,6.868],[36.478,6.806],[36.451,6.782],[36.413,6.785],[36.406,6.771],[36.394,6.754],[36.385,6.745],[36.364,6.729],[36.346,6.703],[36.341,6.691],[36.339,6.679],[36.341,6.668],[36.346,6.64],[36.347,6.627],[36.344,6.613],[36.341,6.601],[36.331,6.577],[36.33,6.569],[36.329,6.552],[36.329,6.536],[36.325,6.507],[36.322,6.474],[36.322,6.458],[36.336,6.46],[36.348,6.459],[36.372,6.453],[36.403,6.481],[36.433,6.503],[36.437,6.508],[36.448,6.515],[36.47,6.527],[36.488,6.532],[36.514,6.547],[36.527,6.555],[36.559,6.592],[36.597,6.622],[36.618,6.634],[36.63,6.639],[36.642,6.644],[36.654,6.652],[36.666,6.663],[36.685,6.702],[36.683,6.708],[36.68,6.721],[36.684,6.756],[36.689,6.772],[36.696,6.787],[36.705,6.806],[36.707,6.814],[36.711,6.835],[36.719,6.849],[36.742,6.878],[36.751,6.892],[36.759,6.909],[36.763,6.924],[36.764,6.938],[36.778,6.955],[36.787,6.969],[36.793,6.986],[36.801,7.002],[36.811,7.012],[36.818,7.022],[36.818,7.036],[36.816,7.054],[36.82,7.076],[36.832,7.091],[36.841,7.107],[36.853,7.141],[36.855,7.158],[36.853,7.169],[36.856,7.183],[36.858,7.195],[36.863,7.205],[36.868,7.22],[36.899,7.222],[36.933,7.221],[36.965,7.226]]]}},{"type":"Feature","properties":{"name":"Korahe"},"geometry":{"type":"Polygon","coordinates":[[[44.518,7.652],[44.466,7.661],[44.43,7.67],[44.321,7.691],[44.242,7.7],[44.122,7.707],[44.097,7.706],[44.074,7.698],[44.038,7.69],[44.022,7.691],[44.012,7.686],[43.976,7.676],[43.897,7.645],[43.884,7.643],[43.873,7.635],[43.791,7.602],[43.753,7.584],[43.726,7.563],[43.705,7.557],[43.696,7.547],[43.686,7.541],[43.675,7.531],[43.655,7.518],[43.638,7.51],[43.6,7.48],[43.565,7.463],[43.552,7.454],[43.54,7.445],[43.511,7.441],[43.491,7.418],[43.468,7.402],[43.459,7.394],[43.453,7.385],[43.44,7.379],[43.426,7.368],[43.408,7.37],[43.388,7.355],[43.357,7.338],[43.344,7.328],[43.353,7.313],[43.362,7.276],[43.362,7.261],[43.355,7.231],[43.352,7.203],[43.346,7.17],[43.347,7.141],[43.343,7.111],[43.335,7.086],[43.337,7.044],[43.344,7.022],[43.349,6.999],[43.389,6.937],[43.399,6.904],[43.431,6.875],[43.444,6.859],[43.467,6.843],[43.482,6.822],[43.501,6.802],[43.523,6.784],[43.534,6.768],[43.548,6.755],[43.548,6.744],[43.556,6.729],[43.57,6.711],[43.584,6.696],[43.596,6.68],[43.604,6.675],[43.626,6.647],[43.629,6.631],[43.638,6.618],[43.641,6.61],[43.652,6.6],[43.658,6.58],[43.674,6.571],[43.68,6.565],[43.682,6.556],[43.697,6.55],[43.697,6.539],[43.709,6.531],[43.721,6.507],[43.734,6.464],[43.736,6.45],[43.755,6.42],[43.77,6.406],[43.786,6.387],[43.787,6.367],[43.809,6.357],[43.827,6.338],[43.831,6.318],[43.843,6.299],[43.85,6.276],[43.865,6.257],[43.872,6.231],[43.887,6.207],[43.891,6.187],[43.895,6.141],[43.908,6.123],[43.91,6.095],[43.905,6.071],[43.933,6.048],[43.955,6.045],[43.991,6.027],[44.012,6.014],[44.051,5.999],[44.067,5.983],[44.085,5.968],[44.107,5.959],[44.126,5.944],[44.154,5.933],[44.168,5.926],[44.198,5.918],[44.225,5.896],[44.264,5.88],[44.311,5.88],[44.361,5.868],[44.436,5.866],[44.471,5.845],[44.584,5.815],[44.628,5.811],[44.662,5.798],[44.688,5.799],[44.868,5.782],[44.887,5.783],[44.892,5.778],[44.909,5.779],[44.955,5.777],[45.099,5.757],[45.537,5.721],[45.669,5.624],[45.899,5.858],[45.946,5.911],[45.795,5.986],[45.596,6.069],[45.196,6.242],[45.157,6.301],[45.162,6.36],[45.151,6.38],[45.146,6.419],[45.128,6.454],[45.12,6.488],[45.122,6.516],[45.109,6.567],[45.111,6.593],[45.096,6.621],[45.09,6.651],[45.083,6.657],[45.075,6.68],[45.06,6.705],[45.036,6.736],[44.997,6.781],[44.973,6.806],[44.963,6.814],[44.951,6.852],[44.944,6.865],[44.932,6.877],[44.912,6.905],[44.891,6.926],[44.874,6.934],[44.853,6.975],[44.809,7.027],[44.798,7.048],[44.767,7.075],[44.752,7.112],[44.733,7.129],[44.73,7.158],[44.731,7.172],[44.707,7.2],[44.692,7.223],[44.674,7.247],[44.655,7.293],[44.639,7.314],[44.631,7.339],[44.626,7.366],[44.604,7.419],[44.589,7.45],[44.573,7.506],[44.564,7.523],[44.562,7.542],[44.544,7.579],[44.539,7.613],[44.539,7.621],[44.518,7.652]]]}},{"type":"Feature","properties":{"name":"KT"},"geometry":{"type":"Polygon","coordinates":[[[38.03,7.419],[38.011,7.411],[37.978,7.419],[37.968,7.425],[37.957,7.427],[37.934,7.412],[37.926,7.415],[37.901,7.448],[37.894,7.454],[37.878,7.462],[37.864,7.474],[37.857,7.471],[37.837,7.475],[37.828,7.447],[37.803,7.421],[37.787,7.417],[37.764,7.378],[37.758,7.37],[37.747,7.358],[37.72,7.307],[37.715,7.293],[37.703,7.275],[37.693,7.267],[37.668,7.278],[37.64,7.303],[37.632,7.304],[37.616,7.281],[37.605,7.269],[37.591,7.259],[37.582,7.261],[37.579,7.272],[37.58,7.279],[37.592,7.305],[37.592,7.311],[37.539,7.323],[37.503,7.324],[37.463,7.318],[37.434,7.327],[37.419,7.326],[37.402,7.323],[37.37,7.316],[37.361,7.312],[37.349,7.3],[37.348,7.279],[37.353,7.269],[37.383,7.25],[37.386,7.243],[37.391,7.236],[37.406,7.228],[37.427,7.219],[37.457,7.2],[37.475,7.187],[37.481,7.188],[37.508,7.201],[37.52,7.199],[37.536,7.189],[37.554,7.174],[37.566,7.171],[37.615,7.166],[37.645,7.165],[37.666,7.16],[37.686,7.154],[37.699,7.149],[37.708,7.144],[37.713,7.144],[37.777,7.158],[37.821,7.183],[37.851,7.197],[37.874,7.204],[37.895,7.208],[37.909,7.187],[37.945,7.187],[37.983,7.191],[38.006,7.214],[38.025,7.246],[38.044,7.273],[38.053,7.297],[38.0,7.293],[37.986,7.303],[38.006,7.335],[38.018,7.346],[38.024,7.36],[38.031,7.364],[38.04,7.379],[38.052,7.381],[38.059,7.383],[38.058,7.39],[38.03,7.419]]]}},{"type":"Feature","properties":{"name":"Liben"},"geometry":{"type":"Polygon","coordinates":[[[40.923,5.685],[40.866,5.67],[40.833,5.657],[40.812,5.636],[40.754,5.596],[40.695,5.569],[40.68,5.542],[40.634,5.531],[40.606,5.492],[40.582,5.477],[40.564,5.455],[40.55,5.429],[40.534,5.412],[40.37,5.388],[40.311,5.378],[40.278,5.37],[40.241,5.367],[40.209,5.357],[40.175,5.355],[40.135,5.359],[40.099,5.366],[40.064,5.38],[40.035,5.398],[39.943,5.286],[39.908,5.221],[39.879,5.142],[39.834,5.034],[39.814,5.003],[39.805,4.953],[39.785,4.892],[39.766,4.848],[39.759,4.802],[39.744,4.725],[39.747,4.668],[39.741,4.656],[39.726,4.634],[39.718,4.617],[39.711,4.599],[39.704,4.57],[39.691,4.545],[39.675,4.507],[39.656,4.47],[39.643,4.437],[39.62,4.37],[39.587,4.298],[39.568,4.266],[39.541,4.237],[39.53,4.168],[39.51,4.116],[39.479,4.042],[39.501,3.967],[39.484,3.943],[39.4,3.797],[39.286,3.625],[39.221,3.604],[39.094,3.536],[39.107,3.521],[39.136,3.512],[39.201,3.481],[39.281,3.474],[39.3,3.478],[39.329,3.48],[39.33,3.474],[39.333,3.468],[39.406,3.466],[39.416,3.464],[39.425,3.459],[39.468,3.458],[39.487,3.461],[39.495,3.459],[39.499,3.455],[39.505,3.438],[39.512,3.412],[39.517,3.406],[39.528,3.4],[39.545,3.403],[39.555,3.41],[39.56,3.414],[39.566,3.428],[39.579,3.474],[39.583,3.48],[39.61,3.504],[39.617,3.514],[39.707,3.606],[39.772,3.67],[39.837,3.815],[39.855,3.848],[39.863,3.866],[40.019,3.949],[40.107,3.991],[40.12,3.998],[40.127,4.004],[40.17,4.025],[40.192,4.038],[40.21,4.041],[40.232,4.048],[40.373,4.104],[40.385,4.103],[40.401,4.117],[40.44,4.136],[40.65,4.223],[40.671,4.231],[40.688,4.233],[40.707,4.244],[40.722,4.247],[40.745,4.259],[40.759,4.27],[40.776,4.279],[40.793,4.271],[40.806,4.255],[40.827,4.239],[40.882,4.187],[40.914,4.164],[40.938,4.15],[40.955,4.126],[40.982,4.094],[41.008,4.079],[41.026,4.063],[41.043,4.051],[41.058,4.028],[41.102,3.999],[41.114,3.988],[41.147,3.978],[41.173,3.963],[41.193,3.961],[41.216,3.976],[41.289,3.965],[41.333,3.961],[41.38,3.959],[41.434,3.961],[41.473,3.958],[41.498,3.963],[41.557,3.957],[41.579,3.962],[41.654,3.968],[41.678,3.968],[41.698,3.974],[41.725,3.971],[41.753,3.976],[41.768,3.982],[41.8,3.977],[41.845,3.982],[41.86,3.988],[41.884,3.988],[41.902,3.987],[41.915,3.998],[41.928,4.004],[41.939,4.02],[41.96,4.033],[41.973,4.044],[41.983,4.051],[41.995,4.076],[42.006,4.088],[42.015,4.099],[42.043,4.114],[42.058,4.12],[42.059,4.152],[42.066,4.176],[42.063,4.208],[42.058,4.233],[42.042,4.252],[42.028,4.26],[42.009,4.267],[41.982,4.27],[41.956,4.279],[41.927,4.287],[41.904,4.306],[41.894,4.327],[41.878,4.348],[41.865,4.369],[41.862,4.384],[41.843,4.398],[41.837,4.408],[41.825,4.419],[41.806,4.426],[41.793,4.442],[41.78,4.465],[41.769,4.476],[41.756,4.507],[41.741,4.53],[41.722,4.552],[41.697,4.586],[41.688,4.594],[41.68,4.612],[41.652,4.661],[41.643,4.675],[41.632,4.7],[41.589,4.771],[41.573,4.793],[41.561,4.831],[41.552,4.85],[41.539,4.867],[41.53,4.887],[41.515,4.911],[41.496,4.932],[41.478,4.963],[41.463,4.984],[41.437,4.998],[41.412,5.009],[41.405,5.016],[41.388,5.047],[41.36,5.092],[41.345,5.123],[41.328,5.152],[41.313,5.167],[41.312,5.184],[41.313,5.207],[41.305,5.262],[41.307,5.281],[41.302,5.302],[41.294,5.331],[41.286,5.354],[41.259,5.378],[41.24,5.403],[41.231,5.421],[41.213,5.448],[41.182,5.486],[41.178,5.507],[41.162,5.531],[41.166,5.549],[41.151,5.556],[41.129,5.616],[41.118,5.636],[41.074,5.642],[41.053,5.662],[41.042,5.68],[41.008,5.691],[40.983,5.693],[40.923,5.685]]]}},{"type":"Feature","properties":{"name":"Majang"},"geometry":{"type":"Polygon","coordinates":[[[34.971,7.235],[34.979,7.214],[35.012,7.196],[35.022,7.187],[35.055,7.185],[35.084,7.126],[35.115,7.103],[35.205,7.101],[35.219,7.109],[35.235,7.139],[35.265,7.137],[35.281,7.131],[35.301,7.117],[35.314,7.116],[35.332,7.128],[35.355,7.12],[35.373,7.118],[35.381,7.124],[35.369,7.145],[35.354,7.155],[35.335,7.181],[35.335,7.189],[35.341,7.188],[35.374,7.232],[35.347,7.24],[35.354,7.264],[35.371,7.279],[35.376,7.291],[35.384,7.335],[35.388,7.352],[35.393,7.397],[35.369,7.416],[35.374,7.429],[35.357,7.438],[35.346,7.454],[35.33,7.463],[35.321,7.464],[35.31,7.48],[35.273,7.473],[35.263,7.481],[35.254,7.48],[35.245,7.475],[35.21,7.473],[35.19,7.457],[35.162,7.473],[35.123,7.48],[35.121,7.485],[35.128,7.497],[35.139,7.513],[35.147,7.521],[35.173,7.534],[35.171,7.556],[35.165,7.582],[35.167,7.616],[35.146,7.631],[35.116,7.632],[35.117,7.646],[35.078,7.732],[34.996,7.749],[35.01,7.727],[35.012,7.674],[35.003,7.634],[34.922,7.623],[34.903,7.617],[34.884,7.589],[34.884,7.565],[34.869,7.551],[34.837,7.542],[34.862,7.523],[34.902,7.488],[34.925,7.435],[34.924,7.418],[34.914,7.379],[34.954,7.368],[34.972,7.339],[34.971,7.312],[34.974,7.29],[34.968,7.275],[34.971,7.235]]]}},{"type":"Feature","properties":{"name":"Metekel"},"geometry":{"type":"Polygon","coordinates":[[[35.967,11.985],[35.94,11.971],[35.936,11.967],[35.934,11.961],[35.941,11.955],[35.944,11.937],[35.937,11.922],[35.926,11.913],[35.919,11.906],[35.912,11.906],[35.888,11.892],[35.875,11.887],[35.871,11.866],[35.869,11.86],[35.861,11.851],[35.849,11.841],[35.824,11.828],[35.816,11.829],[35.804,11.839],[35.775,11.834],[35.764,11.838],[35.757,11.832],[35.738,11.834],[35.72,11.83],[35.706,11.823],[35.695,11.832],[35.684,11.826],[35.667,11.827],[35.662,11.794],[35.646,11.782],[35.624,11.777],[35.591,11.774],[35.577,11.768],[35.535,11.73],[35.518,11.719],[35.474,11.737],[35.462,11.736],[35.442,11.731],[35.423,11.73],[35.395,11.747],[35.365,11.754],[35.338,11.774],[35.336,11.783],[35.326,11.795],[35.314,11.793],[35.304,11.804],[35.297,11.8],[35.298,11.808],[35.297,11.82],[35.289,11.831],[35.285,11.847],[35.288,11.857],[35.288,11.871],[35.285,11.885],[35.276,11.905],[35.258,11.935],[35.203,11.892],[35.158,11.862],[35.098,11.815],[35.047,11.736],[35.056,11.693],[35.077,11.646],[35.08,11.594],[35.079,11.522],[35.067,11.5],[35.039,11.417],[35.025,11.386],[35.006,11.362],[34.991,11.338],[34.977,11.31],[34.964,11.286],[34.949,11.277],[34.938,11.252],[34.926,11.244],[34.93,11.237],[34.962,11.237],[34.985,11.214],[35.015,11.23],[35.034,11.223],[35.065,11.208],[35.092,11.203],[35.132,11.139],[35.174,11.128],[35.19,11.107],[35.179,11.063],[35.179,11.023],[35.17,10.978],[35.179,10.942],[35.187,10.917],[35.216,10.9],[35.208,10.874],[35.212,10.859],[35.197,10.836],[35.184,10.799],[35.19,10.758],[35.189,10.727],[35.17,10.699],[35.157,10.666],[35.177,10.638],[35.171,10.602],[35.152,10.588],[35.155,10.556],[35.18,10.551],[35.207,10.539],[35.232,10.521],[35.242,10.498],[35.269,10.487],[35.302,10.455],[35.306,10.438],[35.319,10.411],[35.33,10.351],[35.334,10.285],[35.317,10.269],[35.331,10.229],[35.328,10.207],[35.334,10.179],[35.355,10.173],[35.38,10.145],[35.424,10.132],[35.482,10.127],[35.497,10.108],[35.498,10.081],[35.525,10.08],[35.54,10.072],[35.571,10.063],[35.596,10.042],[35.602,10.024],[35.614,10.005],[35.627,9.988],[35.627,9.973],[35.631,9.961],[35.675,9.945],[35.714,9.952],[35.735,9.97],[35.734,10.036],[35.761,10.031],[35.78,10.035],[35.803,10.001],[35.834,9.999],[35.882,9.99],[35.895,10.015],[35.897,10.045],[35.918,10.067],[35.937,10.082],[35.956,10.101],[35.973,10.12],[35.982,10.134],[36.006,10.111],[36.046,10.129],[36.076,10.117],[36.109,10.118],[36.171,10.099],[36.213,10.103],[36.243,10.123],[36.26,10.149],[36.279,10.191],[36.316,10.203],[36.331,10.217],[36.34,10.247],[36.34,10.27],[36.374,10.314],[36.391,10.341],[36.416,10.354],[36.424,10.375],[36.427,10.405],[36.427,10.434],[36.429,10.456],[36.423,10.457],[36.418,10.455],[36.41,10.456],[36.392,10.469],[36.383,10.491],[36.372,10.506],[36.365,10.507],[36.364,10.519],[36.36,10.531],[36.356,10.528],[36.349,10.525],[36.344,10.522],[36.327,10.524],[36.319,10.529],[36.312,10.543],[36.312,10.549],[36.309,10.553],[36.303,10.555],[36.303,10.572],[36.307,10.579],[36.294,10.598],[36.285,10.6],[36.282,10.605],[36.287,10.616],[36.292,10.621],[36.298,10.621],[36.302,10.624],[36.308,10.625],[36.304,10.639],[36.307,10.645],[36.312,10.65],[36.319,10.653],[36.325,10.663],[36.321,10.668],[36.313,10.675],[36.312,10.68],[36.319,10.68],[36.323,10.686],[36.317,10.698],[36.318,10.705],[36.327,10.715],[36.332,10.727],[36.353,10.741],[36.36,10.743],[36.363,10.749],[36.375,10.759],[36.377,10.766],[36.374,10.774],[36.378,10.787],[36.358,10.791],[36.35,10.791],[36.342,10.79],[36.332,10.771],[36.326,10.77],[36.325,10.764],[36.314,10.754],[36.312,10.748],[36.295,10.744],[36.286,10.745],[36.286,10.752],[36.289,10.773],[36.284,10.797],[36.283,10.805],[36.293,10.807],[36.3,10.811],[36.296,10.816],[36.306,10.821],[36.311,10.828],[36.31,10.837],[36.315,10.852],[36.31,10.855],[36.31,10.863],[36.323,10.88],[36.328,10.883],[36.333,10.888],[36.331,10.893],[36.332,10.899],[36.346,10.912],[36.348,10.918],[36.354,10.922],[36.351,10.931],[36.355,10.938],[36.367,10.947],[36.418,11.002],[36.423,11.032],[36.428,11.036],[36.437,11.04],[36.445,11.051],[36.452,11.054],[36.471,11.056],[36.479,11.068],[36.486,11.067],[36.49,11.07],[36.492,11.077],[36.501,11.086],[36.516,11.106],[36.526,11.114],[36.533,11.114],[36.535,11.099],[36.547,11.095],[36.556,11.094],[36.56,11.101],[36.568,11.103],[36.576,11.102],[36.579,11.111],[36.574,11.113],[36.567,11.112],[36.561,11.114],[36.557,11.121],[36.554,11.128],[36.554,11.133],[36.55,11.139],[36.531,11.142],[36.512,11.138],[36.504,11.138],[36.49,11.147],[36.484,11.154],[36.476,11.158],[36.468,11.156],[36.469,11.179],[36.467,11.187],[36.469,11.198],[36.468,11.216],[36.461,11.227],[36.472,11.234],[36.477,11.246],[36.468,11.266],[36.484,11.273],[36.491,11.28],[36.496,11.29],[36.506,11.286],[36.516,11.29],[36.53,11.303],[36.538,11.306],[36.546,11.306],[36.558,11.303],[36.563,11.313],[36.563,11.319],[36.557,11.33],[36.548,11.338],[36.535,11.336],[36.54,11.346],[36.56,11.355],[36.564,11.359],[36.565,11.372],[36.552,11.387],[36.542,11.395],[36.534,11.395],[36.531,11.435],[36.522,11.445],[36.513,11.459],[36.504,11.459],[36.499,11.445],[36.49,11.441],[36.472,11.437],[36.468,11.429],[36.449,11.428],[36.411,11.415],[36.41,11.459],[36.42,11.468],[36.426,11.478],[36.436,11.488],[36.439,11.493],[36.445,11.494],[36.44,11.505],[36.435,11.512],[36.414,11.533],[36.415,11.546],[36.404,11.547],[36.391,11.572],[36.392,11.584],[36.38,11.597],[36.376,11.609],[36.366,11.601],[36.349,11.606],[36.339,11.652],[36.333,11.667],[36.348,11.697],[36.333,11.705],[36.335,11.718],[36.335,11.724],[36.34,11.738],[36.34,11.744],[36.341,11.749],[36.34,11.762],[36.342,11.769],[36.338,11.774],[36.342,11.782],[36.33,11.797],[36.31,11.804],[36.284,11.773],[36.262,11.754],[36.237,11.738],[36.232,11.723],[36.208,11.722],[36.202,11.707],[36.186,11.691],[36.177,11.685],[36.166,11.679],[36.158,11.687],[36.146,11.686],[36.119,11.707],[36.126,11.72],[36.117,11.724],[36.124,11.735],[36.118,11.775],[36.106,11.817],[36.096,11.814],[36.082,11.825],[36.085,11.836],[36.067,11.852],[36.055,11.85],[36.052,11.858],[36.05,11.867],[36.057,11.875],[36.046,11.877],[36.051,11.884],[36.039,11.886],[36.035,11.893],[36.043,11.896],[36.022,11.915],[35.997,11.928],[35.979,11.961],[35.97,11.959],[35.973,11.971],[35.967,11.985]]]}},{"type":"Feature","properties":{"name":"Nogob"},"geometry":{"type":"Polygon","coordinates":[[[42.204,7.196],[42.235,7.205],[42.255,7.205],[42.278,7.203],[42.323,7.181],[42.337,7.171],[42.388,7.148],[42.413,7.144],[42.43,7.139],[42.44,7.131],[42.455,7.123],[42.471,7.11],[42.495,7.106],[42.509,7.1],[42.521,7.092],[42.599,7.08],[42.616,7.074],[42.635,7.064],[42.731,7.054],[42.778,7.045],[42.808,7.054],[42.832,7.053],[42.853,7.055],[42.852,7.071],[42.854,7.09],[42.856,7.103],[42.862,7.117],[42.866,7.135],[42.875,7.143],[42.882,7.159],[42.885,7.172],[42.902,7.207],[42.911,7.234],[42.916,7.244],[42.924,7.252],[42.93,7.262],[42.942,7.276],[42.96,7.292],[42.963,7.305],[42.971,7.313],[42.976,7.33],[42.98,7.358],[42.992,7.368],[42.994,7.38],[43.001,7.393],[43.013,7.41],[43.025,7.423],[43.032,7.44],[43.033,7.455],[43.037,7.468],[43.052,7.478],[43.053,7.49],[43.071,7.523],[43.072,7.544],[43.088,7.565],[43.091,7.591],[43.103,7.599],[43.118,7.62],[43.125,7.631],[43.127,7.644],[43.138,7.679],[43.152,7.71],[43.093,7.713],[43.069,7.713],[43.06,7.709],[43.031,7.702],[43.014,7.702],[42.977,7.699],[42.923,7.71],[42.911,7.712],[42.893,7.717],[42.865,7.732],[42.84,7.739],[42.808,7.752],[42.789,7.755],[42.774,7.762],[42.756,7.777],[42.755,7.785],[42.745,7.798],[42.734,7.804],[42.73,7.812],[42.73,7.83],[42.733,7.847],[42.733,7.893],[42.736,7.919],[42.726,7.949],[42.723,7.983],[42.717,8.001],[42.714,8.047],[42.704,8.067],[42.702,8.091],[42.689,8.118],[42.685,8.138],[42.679,8.148],[42.662,8.131],[42.652,8.131],[42.632,8.142],[42.617,8.161],[42.579,8.23],[42.568,8.257],[42.551,8.352],[42.54,8.398],[42.531,8.456],[42.521,8.48],[42.503,8.493],[42.324,8.538],[42.308,8.561],[42.296,8.587],[42.276,8.616],[42.264,8.637],[42.241,8.641],[42.234,8.636],[42.217,8.612],[42.099,8.52],[42.071,8.495],[42.042,8.449],[42.027,8.427],[42.028,8.324],[41.949,8.202],[41.927,8.082],[41.923,7.979],[41.913,7.846],[41.958,7.776],[41.943,7.729],[41.906,7.637],[41.879,7.564],[41.869,7.539],[41.868,7.534],[41.897,7.412],[42.2,7.293],[42.211,7.265],[42.211,7.228],[42.204,7.196]]]}},{"type":"Feature","properties":{"name":"North Gonder"},"geometry":{"type":"Polygon","coordinates":[[[36.655,11.643],[36.663,11.643],[36.685,11.658],[36.697,11.677],[36.708,11.685],[36.713,11.687],[36.727,11.686],[36.741,11.684],[36.748,11.682],[36.753,11.678],[36.761,11.679],[36.766,11.676],[36.78,11.675],[36.786,11.678],[36.809,11.697],[36.811,11.705],[36.817,11.715],[36.835,11.724],[36.839,11.735],[36.843,11.74],[36.857,11.743],[36.87,11.742],[36.875,11.749],[36.877,11.755],[36.877,11.763],[36.872,11.766],[36.867,11.766],[36.861,11.771],[36.853,11.784],[36.853,11.789],[36.855,11.795],[36.863,11.808],[36.863,11.817],[36.867,11.823],[36.868,11.83],[36.867,11.839],[36.878,11.845],[36.889,11.854],[36.915,11.857],[36.926,11.864],[36.934,11.867],[36.945,11.875],[36.965,11.903],[36.971,11.905],[36.993,11.898],[36.998,11.908],[37.0,11.902],[37.021,11.93],[37.021,11.938],[37.016,11.957],[37.021,11.97],[37.019,11.98],[37.016,11.988],[37.017,11.993],[37.02,11.998],[37.021,12.005],[37.019,12.011],[37.013,12.016],[37.023,12.075],[37.033,12.087],[37.028,12.092],[37.026,12.097],[37.029,12.109],[37.034,12.118],[37.032,12.126],[37.034,12.136],[37.034,12.149],[37.036,12.156],[37.065,12.211],[37.071,12.217],[37.113,12.246],[37.118,12.243],[37.125,12.252],[37.144,12.266],[37.156,12.268],[37.161,12.265],[37.161,12.26],[37.158,12.254],[37.161,12.248],[37.168,12.243],[37.173,12.233],[37.172,12.219],[37.174,12.214],[37.173,12.203],[37.182,12.194],[37.188,12.191],[37.193,12.194],[37.199,12.194],[37.208,12.192],[37.205,12.203],[37.213,12.207],[37.224,12.206],[37.23,12.211],[37.243,12.208],[37.249,12.204],[37.254,12.196],[37.263,12.197],[37.277,12.202],[37.282,12.201],[37.287,12.205],[37.289,12.214],[37.301,12.231],[37.295,12.247],[37.304,12.263],[37.315,12.27],[37.327,12.275],[37.341,12.278],[37.346,12.274],[37.358,12.27],[37.362,12.265],[37.36,12.26],[37.374,12.258],[37.378,12.264],[37.383,12.266],[37.383,12.274],[37.385,12.278],[37.389,12.275],[37.403,12.273],[37.415,12.281],[37.42,12.28],[37.427,12.275],[37.435,12.278],[37.446,12.286],[37.464,12.292],[37.48,12.3],[37.485,12.297],[37.492,12.295],[37.499,12.288],[37.501,12.281],[37.507,12.278],[37.519,12.264],[37.521,12.256],[37.526,12.251],[37.527,12.245],[37.539,12.239],[37.541,12.234],[37.546,12.23],[37.554,12.228],[37.559,12.224],[37.562,12.212],[37.562,12.205],[37.56,12.197],[37.567,12.194],[37.569,12.185],[37.575,12.176],[37.576,12.16],[37.585,12.156],[37.593,12.143],[37.595,12.13],[37.6,12.127],[37.613,12.132],[37.627,12.135],[37.635,12.123],[37.643,12.122],[37.649,12.125],[37.638,12.141],[37.637,12.147],[37.642,12.149],[37.648,12.147],[37.652,12.14],[37.66,12.14],[37.667,12.142],[37.678,12.148],[37.685,12.15],[37.684,12.159],[37.687,12.165],[37.694,12.171],[37.708,12.173],[37.728,12.17],[37.734,12.172],[37.74,12.177],[37.743,12.184],[37.753,12.188],[37.757,12.213],[37.75,12.211],[37.737,12.213],[37.732,12.219],[37.726,12.221],[37.721,12.227],[37.713,12.231],[37.704,12.241],[37.699,12.243],[37.694,12.241],[37.689,12.255],[37.686,12.259],[37.666,12.256],[37.67,12.261],[37.671,12.269],[37.665,12.276],[37.656,12.277],[37.647,12.299],[37.661,12.315],[37.675,12.324],[37.68,12.33],[37.682,12.338],[37.686,12.342],[37.691,12.339],[37.694,12.331],[37.722,12.328],[37.727,12.331],[37.743,12.351],[37.745,12.357],[37.752,12.355],[37.757,12.358],[37.761,12.364],[37.767,12.365],[37.784,12.353],[37.789,12.348],[37.792,12.343],[37.796,12.319],[37.792,12.313],[37.791,12.308],[37.804,12.306],[37.815,12.292],[37.817,12.283],[37.815,12.266],[37.819,12.253],[37.81,12.241],[37.813,12.235],[37.82,12.234],[37.828,12.235],[37.836,12.244],[37.842,12.26],[37.854,12.272],[37.874,12.279],[37.878,12.282],[37.877,12.288],[37.884,12.29],[37.9,12.266],[37.906,12.26],[37.921,12.26],[37.932,12.233],[37.939,12.225],[37.947,12.221],[37.96,12.219],[37.959,12.227],[37.953,12.235],[37.952,12.242],[37.954,12.255],[37.953,12.263],[37.939,12.273],[37.934,12.281],[37.944,12.304],[37.958,12.305],[37.957,12.29],[37.963,12.289],[37.969,12.294],[37.972,12.3],[37.978,12.304],[37.985,12.301],[37.985,12.294],[37.992,12.293],[37.999,12.299],[38.005,12.309],[38.018,12.306],[38.023,12.308],[38.026,12.313],[38.033,12.313],[38.045,12.325],[38.063,12.333],[38.066,12.327],[38.07,12.305],[38.076,12.302],[38.091,12.301],[38.099,12.302],[38.109,12.306],[38.12,12.316],[38.126,12.328],[38.145,12.327],[38.166,12.335],[38.184,12.347],[38.197,12.361],[38.223,12.378],[38.234,12.381],[38.243,12.387],[38.256,12.391],[38.261,12.395],[38.272,12.406],[38.283,12.416],[38.287,12.422],[38.29,12.433],[38.293,12.438],[38.304,12.449],[38.311,12.461],[38.323,12.472],[38.342,12.485],[38.356,12.514],[38.365,12.525],[38.37,12.53],[38.391,12.54],[38.397,12.545],[38.403,12.549],[38.423,12.55],[38.429,12.552],[38.432,12.556],[38.435,12.569],[38.448,12.574],[38.451,12.581],[38.46,12.583],[38.464,12.588],[38.464,12.595],[38.478,12.608],[38.476,12.615],[38.473,12.621],[38.48,12.627],[38.475,12.635],[38.469,12.641],[38.468,12.649],[38.464,12.654],[38.458,12.657],[38.457,12.665],[38.45,12.672],[38.453,12.686],[38.449,12.693],[38.45,12.699],[38.458,12.712],[38.459,12.719],[38.454,12.727],[38.465,12.735],[38.464,12.741],[38.451,12.747],[38.443,12.745],[38.438,12.741],[38.425,12.739],[38.405,12.75],[38.397,12.751],[38.386,12.746],[38.379,12.746],[38.355,12.759],[38.339,12.757],[38.334,12.762],[38.332,12.77],[38.335,12.794],[38.341,12.804],[38.346,12.818],[38.352,12.829],[38.353,12.837],[38.336,12.858],[38.336,12.864],[38.342,12.865],[38.35,12.876],[38.347,12.9],[38.348,12.905],[38.359,12.912],[38.367,12.907],[38.37,12.902],[38.367,12.898],[38.371,12.894],[38.388,12.894],[38.384,12.9],[38.385,12.906],[38.382,12.912],[38.386,12.916],[38.388,12.923],[38.391,12.928],[38.384,12.934],[38.378,12.935],[38.372,12.939],[38.366,12.954],[38.361,12.951],[38.357,12.946],[38.352,12.945],[38.349,12.951],[38.343,12.947],[38.339,12.952],[38.336,12.957],[38.338,12.969],[38.347,12.976],[38.349,12.983],[38.342,12.988],[38.342,13.0],[38.345,13.006],[38.35,13.011],[38.358,13.015],[38.38,13.015],[38.385,13.018],[38.38,13.024],[38.381,13.051],[38.378,13.059],[38.382,13.064],[38.39,13.065],[38.405,13.061],[38.415,13.044],[38.421,13.038],[38.429,13.037],[38.441,13.042],[38.456,13.044],[38.462,13.046],[38.461,13.052],[38.456,13.057],[38.452,13.062],[38.455,13.068],[38.463,13.067],[38.466,13.073],[38.468,13.081],[38.463,13.089],[38.47,13.09],[38.482,13.087],[38.488,13.09],[38.491,13.103],[38.499,13.114],[38.512,13.109],[38.515,13.114],[38.506,13.128],[38.511,13.133],[38.516,13.134],[38.518,13.139],[38.518,13.147],[38.515,13.153],[38.516,13.16],[38.521,13.167],[38.53,13.177],[38.538,13.189],[38.552,13.188],[38.56,13.199],[38.558,13.219],[38.561,13.231],[38.559,13.239],[38.553,13.247],[38.556,13.262],[38.562,13.265],[38.627,13.269],[38.633,13.27],[38.645,13.267],[38.661,13.265],[38.682,13.284],[38.691,13.289],[38.701,13.29],[38.714,13.288],[38.72,13.288],[38.727,13.291],[38.734,13.291],[38.74,13.297],[38.736,13.303],[38.742,13.308],[38.739,13.313],[38.738,13.331],[38.743,13.334],[38.743,13.341],[38.735,13.35],[38.731,13.366],[38.738,13.378],[38.734,13.385],[38.734,13.399],[38.723,13.409],[38.72,13.404],[38.707,13.39],[38.697,13.39],[38.67,13.393],[38.649,13.397],[38.633,13.405],[38.623,13.412],[38.619,13.429],[38.617,13.452],[38.634,13.473],[38.649,13.482],[38.662,13.485],[38.677,13.484],[38.674,13.493],[38.677,13.498],[38.673,13.51],[38.663,13.532],[38.637,13.507],[38.623,13.496],[38.615,13.491],[38.606,13.491],[38.591,13.507],[38.58,13.504],[38.574,13.498],[38.568,13.487],[38.563,13.484],[38.546,13.484],[38.535,13.482],[38.513,13.474],[38.485,13.47],[38.462,13.46],[38.47,13.476],[38.466,13.48],[38.468,13.486],[38.499,13.485],[38.492,13.496],[38.498,13.507],[38.504,13.512],[38.509,13.512],[38.523,13.518],[38.533,13.519],[38.543,13.526],[38.552,13.539],[38.555,13.551],[38.55,13.553],[38.533,13.554],[38.502,13.559],[38.491,13.559],[38.478,13.553],[38.474,13.558],[38.474,13.565],[38.466,13.568],[38.459,13.56],[38.454,13.558],[38.444,13.561],[38.444,13.57],[38.452,13.585],[38.442,13.585],[38.434,13.58],[38.427,13.572],[38.425,13.562],[38.407,13.54],[38.4,13.54],[38.4,13.546],[38.392,13.554],[38.386,13.552],[38.381,13.545],[38.366,13.553],[38.361,13.554],[38.35,13.543],[38.342,13.538],[38.329,13.551],[38.326,13.544],[38.327,13.535],[38.321,13.525],[38.324,13.51],[38.321,13.503],[38.28,13.486],[38.269,13.488],[38.26,13.487],[38.251,13.497],[38.249,13.502],[38.244,13.497],[38.228,13.49],[38.221,13.49],[38.212,13.488],[38.202,13.481],[38.189,13.485],[38.175,13.494],[38.159,13.484],[38.156,13.477],[38.146,13.472],[38.136,13.479],[38.131,13.485],[38.129,13.493],[38.125,13.499],[38.122,13.507],[38.116,13.495],[38.084,13.484],[38.072,13.477],[38.067,13.472],[38.06,13.468],[38.053,13.469],[38.046,13.481],[38.038,13.483],[38.031,13.483],[38.025,13.486],[38.022,13.482],[38.016,13.487],[38.009,13.501],[38.002,13.502],[37.969,13.494],[37.963,13.49],[37.947,13.467],[37.905,13.448],[37.888,13.454],[37.876,13.468],[37.867,13.476],[37.818,13.464],[37.813,13.48],[37.81,13.52],[37.793,13.521],[37.786,13.54],[37.77,13.563],[37.775,13.575],[37.785,13.588],[37.785,13.598],[37.776,13.612],[37.777,13.634],[37.77,13.629],[37.765,13.619],[37.766,13.603],[37.762,13.597],[37.761,13.592],[37.755,13.592],[37.747,13.579],[37.747,13.572],[37.737,13.573],[37.728,13.564],[37.725,13.555],[37.721,13.547],[37.715,13.543],[37.716,13.535],[37.71,13.531],[37.709,13.522],[37.701,13.504],[37.7,13.496],[37.696,13.489],[37.692,13.485],[37.695,13.473],[37.686,13.466],[37.684,13.46],[37.68,13.457],[37.678,13.451],[37.667,13.447],[37.663,13.443],[37.657,13.442],[37.657,13.435],[37.638,13.415],[37.626,13.409],[37.618,13.409],[37.612,13.412],[37.605,13.41],[37.591,13.398],[37.583,13.398],[37.568,13.389],[37.562,13.388],[37.558,13.391],[37.553,13.389],[37.533,13.378],[37.527,13.372],[37.519,13.367],[37.511,13.367],[37.504,13.369],[37.496,13.368],[37.491,13.364],[37.484,13.365],[37.477,13.368],[37.472,13.368],[37.463,13.36],[37.451,13.356],[37.441,13.355],[37.438,13.359],[37.432,13.36],[37.426,13.364],[37.42,13.369],[37.417,13.375],[37.41,13.371],[37.404,13.362],[37.397,13.358],[37.389,13.357],[37.366,13.361],[37.36,13.358],[37.356,13.352],[37.353,13.343],[37.353,13.335],[37.351,13.327],[37.345,13.325],[37.34,13.319],[37.336,13.311],[37.323,13.298],[37.314,13.298],[37.281,13.286],[37.277,13.289],[37.265,13.291],[37.257,13.296],[37.251,13.296],[37.247,13.293],[37.242,13.284],[37.241,13.278],[37.225,13.275],[37.215,13.267],[37.212,13.26],[37.206,13.256],[37.187,13.283],[37.176,13.289],[37.164,13.293],[37.159,13.298],[37.151,13.301],[37.128,13.306],[37.116,13.312],[37.1,13.317],[37.085,13.315],[37.079,13.312],[37.077,13.319],[37.07,13.318],[37.066,13.331],[37.053,13.334],[37.041,13.352],[37.036,13.354],[37.026,13.355],[37.014,13.361],[37.003,13.357],[36.998,13.36],[36.983,13.362],[36.977,13.365],[36.971,13.366],[36.965,13.37],[36.961,13.368],[36.958,13.363],[36.952,13.365],[36.947,13.37],[36.939,13.381],[36.93,13.373],[36.928,13.378],[36.92,13.377],[36.916,13.383],[36.91,13.385],[36.906,13.389],[36.905,13.395],[36.896,13.408],[36.882,13.408],[36.875,13.414],[36.872,13.42],[36.862,13.426],[36.855,13.432],[36.845,13.436],[36.845,13.442],[36.839,13.445],[36.826,13.449],[36.818,13.447],[36.813,13.436],[36.809,13.419],[36.803,13.414],[36.789,13.408],[36.784,13.404],[36.773,13.39],[36.771,13.383],[36.768,13.379],[36.763,13.375],[36.75,13.372],[36.746,13.368],[36.735,13.364],[36.732,13.369],[36.723,13.367],[36.716,13.368],[36.706,13.373],[36.686,13.375],[36.673,13.369],[36.665,13.367],[36.657,13.37],[36.65,13.381],[36.645,13.379],[36.637,13.383],[36.629,13.383],[36.61,13.376],[36.606,13.378],[36.603,13.383],[36.593,13.39],[36.589,13.403],[36.58,13.412],[36.577,13.418],[36.57,13.426],[36.567,13.447],[36.572,13.45],[36.574,13.457],[36.572,13.468],[36.575,13.479],[36.58,13.483],[36.597,13.49],[36.602,13.499],[36.599,13.505],[36.58,13.521],[36.573,13.523],[36.566,13.534],[36.567,13.54],[36.565,13.548],[36.559,13.552],[36.563,13.556],[36.561,13.564],[36.555,13.572],[36.541,13.576],[36.539,13.583],[36.532,13.582],[36.52,13.586],[36.527,13.607],[36.514,13.632],[36.511,13.65],[36.507,13.653],[36.505,13.666],[36.499,13.666],[36.495,13.671],[36.483,13.689],[36.478,13.694],[36.477,13.701],[36.479,13.705],[36.479,13.721],[36.485,13.728],[36.481,13.735],[36.468,13.744],[36.456,13.755],[36.452,13.769],[36.446,13.765],[36.44,13.742],[36.403,13.644],[36.4,13.628],[36.385,13.568],[36.382,13.546],[36.379,13.538],[36.365,13.525],[36.351,13.501],[36.311,13.427],[36.289,13.388],[36.279,13.367],[36.261,13.299],[36.258,13.281],[36.238,13.216],[36.2,13.07],[36.18,13.009],[36.177,13.004],[36.169,12.979],[36.158,12.964],[36.158,12.956],[36.154,12.941],[36.154,12.934],[36.158,12.922],[36.162,12.916],[36.18,12.896],[36.182,12.874],[36.176,12.809],[36.177,12.778],[36.17,12.741],[36.157,12.707],[36.156,12.699],[36.158,12.687],[36.153,12.683],[36.109,12.687],[36.106,12.698],[36.103,12.704],[36.097,12.709],[36.074,12.72],[36.06,12.723],[36.052,12.723],[36.034,12.718],[36.016,12.72],[36.009,12.718],[36.003,12.714],[36.002,12.709],[35.773,12.661],[35.771,12.666],[35.762,12.67],[35.749,12.658],[35.737,12.66],[35.73,12.668],[35.722,12.671],[35.7,12.668],[35.686,12.649],[35.691,12.64],[35.692,12.632],[35.692,12.625],[35.684,12.61],[35.667,12.602],[35.661,12.601],[35.648,12.606],[35.431,12.237],[35.435,12.234],[35.439,12.229],[35.442,12.221],[35.443,12.212],[35.442,12.206],[35.438,12.198],[35.434,12.192],[35.424,12.186],[35.41,12.185],[35.401,12.187],[35.333,12.068],[35.338,12.064],[35.341,12.058],[35.344,12.048],[35.344,12.035],[35.341,12.024],[35.336,12.02],[35.324,12.014],[35.308,12.017],[35.303,12.016],[35.276,11.941],[35.258,11.935],[35.276,11.905],[35.285,11.885],[35.288,11.871],[35.288,11.857],[35.285,11.847],[35.289,11.831],[35.297,11.82],[35.298,11.808],[35.297,11.8],[35.304,11.804],[35.314,11.793],[35.326,11.795],[35.336,11.783],[35.338,11.774],[35.365,11.754],[35.395,11.747],[35.423,11.73],[35.442,11.731],[35.462,11.736],[35.474,11.737],[35.518,11.719],[35.535,11.73],[35.577,11.768],[35.591,11.774],[35.624,11.777],[35.646,11.782],[35.662,11.794],[35.667,11.827],[35.684,11.826],[35.695,11.832],[35.706,11.823],[35.72,11.83],[35.738,11.834],[35.757,11.832],[35.764,11.838],[35.775,11.834],[35.804,11.839],[35.816,11.829],[35.824,11.828],[35.849,11.841],[35.861,11.851],[35.869,11.86],[35.871,11.866],[35.875,11.887],[35.888,11.892],[35.912,11.906],[35.919,11.906],[35.926,11.913],[35.937,11.922],[35.944,11.937],[35.941,11.955],[35.934,11.961],[35.936,11.967],[35.94,11.971],[35.967,11.985],[35.962,12.001],[35.967,12.005],[35.972,12.004],[36.0,12.013],[36.008,12.011],[36.021,12.017],[36.026,12.022],[36.033,12.019],[36.041,12.018],[36.051,12.023],[36.058,12.021],[36.059,12.027],[36.053,12.032],[36.054,12.038],[36.057,12.046],[36.065,12.049],[36.071,12.043],[36.08,12.037],[36.084,12.029],[36.087,12.025],[36.093,12.028],[36.101,12.03],[36.11,12.025],[36.129,12.009],[36.137,12.013],[36.141,12.009],[36.146,12.01],[36.17,12.002],[36.176,12.007],[36.187,12.0],[36.194,12.002],[36.203,12.0],[36.21,12.004],[36.217,12.001],[36.226,12.002],[36.253,12.021],[36.26,12.023],[36.28,12.025],[36.282,12.032],[36.295,12.04],[36.324,12.047],[36.331,12.045],[36.337,12.047],[36.342,12.051],[36.348,12.05],[36.355,12.046],[36.367,12.034],[36.381,12.037],[36.384,12.029],[36.41,12.016],[36.433,12.01],[36.439,12.006],[36.446,12.005],[36.453,12.002],[36.475,11.997],[36.484,11.99],[36.509,11.988],[36.515,11.988],[36.526,11.981],[36.538,11.977],[36.545,11.966],[36.549,11.971],[36.588,11.958],[36.623,11.93],[36.623,11.923],[36.628,11.917],[36.628,11.91],[36.616,11.909],[36.61,11.912],[36.606,11.907],[36.61,11.882],[36.601,11.882],[36.586,11.879],[36.599,11.823],[36.599,11.81],[36.595,11.795],[36.592,11.789],[36.581,11.785],[36.584,11.778],[36.598,11.753],[36.612,11.742],[36.633,11.717],[36.64,11.716],[36.646,11.718],[36.662,11.727],[36.663,11.718],[36.663,11.696],[36.663,11.688],[36.659,11.681],[36.662,11.672],[36.662,11.665],[36.654,11.651],[36.655,11.643]]]}},{"type":"Feature","properties":{"name":"North Shewa(R3)"},"geometry":{"type":"Polygon","coordinates":[[[39.818,9.137],[39.816,9.155],[39.817,9.163],[39.814,9.172],[39.837,9.189],[39.849,9.203],[39.854,9.212],[39.866,9.221],[39.874,9.228],[39.874,9.235],[39.864,9.243],[39.858,9.271],[39.887,9.27],[39.861,9.308],[39.845,9.315],[39.835,9.316],[39.818,9.309],[39.79,9.305],[39.774,9.325],[39.771,9.334],[39.755,9.356],[39.752,9.362],[39.751,9.37],[39.792,9.371],[39.786,9.397],[39.801,9.401],[39.808,9.414],[39.822,9.418],[39.874,9.399],[39.88,9.401],[39.875,9.409],[39.872,9.443],[39.874,9.448],[39.873,9.46],[39.849,9.482],[39.838,9.503],[39.848,9.512],[39.849,9.526],[39.858,9.548],[39.858,9.557],[39.848,9.565],[39.878,9.578],[39.879,9.584],[39.882,9.594],[39.885,9.612],[39.88,9.625],[39.862,9.653],[39.859,9.656],[39.851,9.689],[39.854,9.7],[39.849,9.71],[39.84,9.725],[39.851,9.749],[39.857,9.754],[39.863,9.755],[39.877,9.754],[39.925,9.741],[39.95,9.732],[39.974,9.73],[40.01,9.734],[40.015,9.739],[40.007,9.742],[40.003,9.749],[39.992,9.758],[39.994,9.765],[40.009,9.783],[40.009,9.79],[40.005,9.796],[40.012,9.82],[40.018,9.821],[40.029,9.831],[40.036,9.844],[40.054,9.843],[40.072,9.858],[40.059,9.865],[40.064,9.903],[40.07,9.906],[40.079,9.906],[40.09,9.936],[40.081,9.949],[40.068,9.961],[40.067,9.967],[40.06,9.978],[40.044,9.992],[40.033,9.995],[40.011,9.992],[39.993,9.994],[39.948,9.994],[39.924,10.012],[39.942,10.044],[39.944,10.06],[39.938,10.063],[39.928,10.091],[39.949,10.085],[39.97,10.086],[39.981,10.089],[39.99,10.089],[39.988,10.098],[39.982,10.103],[39.964,10.11],[39.952,10.103],[39.932,10.109],[39.924,10.111],[39.917,10.116],[39.914,10.121],[39.913,10.133],[39.916,10.14],[39.93,10.15],[39.931,10.16],[39.924,10.166],[39.923,10.175],[39.931,10.19],[39.932,10.198],[39.921,10.216],[39.927,10.226],[39.933,10.232],[39.938,10.234],[39.923,10.271],[39.927,10.278],[39.938,10.285],[39.932,10.289],[39.924,10.29],[39.92,10.293],[39.917,10.3],[39.916,10.306],[39.919,10.313],[39.92,10.322],[39.933,10.33],[39.939,10.332],[39.952,10.326],[39.959,10.326],[39.977,10.336],[39.962,10.348],[39.956,10.352],[39.943,10.355],[39.939,10.359],[39.939,10.378],[39.943,10.399],[39.942,10.422],[39.944,10.434],[39.936,10.436],[39.938,10.45],[39.937,10.46],[39.931,10.468],[39.937,10.48],[39.933,10.486],[39.926,10.509],[39.918,10.507],[39.912,10.508],[39.904,10.516],[39.902,10.522],[39.906,10.527],[39.92,10.532],[39.916,10.544],[39.911,10.548],[39.905,10.549],[39.899,10.555],[39.892,10.556],[39.889,10.552],[39.883,10.549],[39.878,10.554],[39.877,10.56],[39.869,10.584],[39.866,10.599],[39.87,10.612],[39.866,10.616],[39.86,10.616],[39.853,10.623],[39.839,10.624],[39.829,10.645],[39.839,10.658],[39.839,10.664],[39.843,10.667],[39.854,10.672],[39.871,10.675],[39.871,10.683],[39.861,10.688],[39.852,10.684],[39.835,10.686],[39.832,10.682],[39.815,10.696],[39.813,10.718],[39.81,10.725],[39.8,10.733],[39.791,10.735],[39.784,10.735],[39.752,10.717],[39.744,10.714],[39.736,10.718],[39.728,10.715],[39.716,10.698],[39.714,10.693],[39.702,10.695],[39.696,10.7],[39.693,10.709],[39.696,10.725],[39.692,10.731],[39.694,10.745],[39.677,10.744],[39.662,10.738],[39.656,10.739],[39.65,10.735],[39.645,10.73],[39.632,10.721],[39.623,10.712],[39.604,10.704],[39.593,10.698],[39.588,10.681],[39.581,10.67],[39.575,10.67],[39.57,10.667],[39.555,10.661],[39.551,10.656],[39.531,10.64],[39.524,10.644],[39.521,10.649],[39.52,10.657],[39.516,10.666],[39.508,10.67],[39.498,10.677],[39.484,10.671],[39.48,10.667],[39.476,10.625],[39.475,10.6],[39.472,10.582],[39.471,10.562],[39.472,10.55],[39.475,10.545],[39.482,10.54],[39.486,10.535],[39.49,10.527],[39.494,10.516],[39.495,10.504],[39.487,10.487],[39.466,10.466],[39.461,10.451],[39.46,10.437],[39.456,10.432],[39.451,10.421],[39.449,10.412],[39.436,10.395],[39.439,10.389],[39.433,10.371],[39.422,10.359],[39.415,10.354],[39.399,10.331],[39.395,10.334],[39.378,10.323],[39.364,10.303],[39.355,10.296],[39.344,10.29],[39.335,10.29],[39.33,10.285],[39.324,10.283],[39.32,10.277],[39.319,10.271],[39.315,10.267],[39.309,10.264],[39.305,10.257],[39.299,10.253],[39.289,10.228],[39.282,10.216],[39.28,10.211],[39.277,10.207],[39.275,10.201],[39.256,10.186],[39.234,10.175],[39.23,10.168],[39.223,10.167],[39.219,10.16],[39.204,10.16],[39.199,10.165],[39.186,10.173],[39.182,10.181],[39.174,10.182],[39.175,10.188],[39.192,10.217],[39.194,10.225],[39.202,10.241],[39.219,10.252],[39.225,10.265],[39.233,10.273],[39.24,10.276],[39.245,10.282],[39.246,10.303],[39.222,10.308],[39.214,10.292],[39.203,10.282],[39.19,10.285],[39.181,10.289],[39.169,10.301],[39.166,10.318],[39.16,10.325],[39.136,10.338],[39.109,10.331],[39.103,10.323],[39.096,10.323],[39.088,10.336],[39.082,10.342],[39.068,10.346],[39.064,10.352],[39.063,10.367],[39.06,10.374],[39.055,10.377],[39.041,10.374],[39.031,10.374],[39.018,10.369],[39.013,10.359],[38.998,10.344],[38.978,10.332],[38.972,10.33],[38.956,10.335],[38.953,10.34],[38.94,10.348],[38.921,10.35],[38.912,10.348],[38.904,10.349],[38.89,10.358],[38.882,10.359],[38.877,10.357],[38.847,10.362],[38.846,10.356],[38.854,10.335],[38.857,10.296],[38.86,10.287],[38.862,10.279],[38.845,10.257],[38.845,10.252],[38.848,10.245],[38.845,10.239],[38.836,10.227],[38.834,10.213],[38.835,10.205],[38.839,10.199],[38.835,10.18],[38.835,10.163],[38.84,10.15],[38.845,10.145],[38.848,10.14],[38.849,10.125],[38.853,10.119],[38.843,10.111],[38.84,10.115],[38.83,10.111],[38.824,10.111],[38.812,10.095],[38.806,10.094],[38.8,10.091],[38.793,10.09],[38.778,10.084],[38.766,10.072],[38.759,10.069],[38.752,10.064],[38.742,10.062],[38.735,10.057],[38.722,10.052],[38.706,10.054],[38.702,10.05],[38.697,10.052],[38.69,10.051],[38.664,10.058],[38.658,10.052],[38.661,10.046],[38.662,10.035],[38.67,10.02],[38.675,10.016],[38.682,10.014],[38.687,10.009],[38.695,10.009],[38.711,9.999],[38.719,9.997],[38.726,9.992],[38.734,9.994],[38.741,9.988],[38.753,9.986],[38.759,9.982],[38.766,9.982],[38.772,9.979],[38.78,9.983],[38.786,9.979],[38.79,9.973],[38.798,9.969],[38.801,9.963],[38.804,9.955],[38.802,9.947],[38.798,9.942],[38.797,9.935],[38.799,9.929],[38.802,9.923],[38.803,9.91],[38.797,9.89],[38.792,9.884],[38.794,9.877],[38.804,9.863],[38.806,9.855],[38.809,9.836],[38.809,9.821],[38.815,9.807],[38.819,9.804],[38.822,9.785],[38.83,9.77],[38.841,9.758],[38.859,9.746],[38.867,9.735],[38.898,9.715],[38.91,9.71],[38.919,9.713],[38.929,9.726],[38.936,9.729],[38.941,9.726],[38.955,9.715],[38.961,9.712],[38.96,9.719],[38.954,9.734],[38.953,9.74],[38.965,9.75],[38.969,9.757],[38.975,9.762],[38.982,9.753],[38.991,9.747],[39.013,9.753],[39.017,9.759],[39.024,9.759],[39.031,9.756],[39.036,9.754],[39.037,9.748],[39.051,9.754],[39.07,9.754],[39.077,9.756],[39.083,9.758],[39.088,9.762],[39.093,9.764],[39.103,9.756],[39.105,9.75],[39.098,9.745],[39.099,9.736],[39.11,9.733],[39.118,9.734],[39.124,9.736],[39.134,9.742],[39.14,9.742],[39.144,9.736],[39.146,9.73],[39.145,9.722],[39.149,9.716],[39.147,9.709],[39.146,9.694],[39.157,9.69],[39.163,9.69],[39.167,9.694],[39.175,9.696],[39.179,9.69],[39.185,9.687],[39.185,9.721],[39.198,9.717],[39.201,9.71],[39.206,9.708],[39.209,9.712],[39.212,9.706],[39.218,9.709],[39.224,9.706],[39.226,9.7],[39.229,9.695],[39.234,9.7],[39.24,9.703],[39.246,9.703],[39.251,9.706],[39.261,9.73],[39.269,9.741],[39.281,9.734],[39.288,9.735],[39.293,9.746],[39.299,9.749],[39.309,9.745],[39.314,9.732],[39.321,9.725],[39.33,9.725],[39.343,9.728],[39.348,9.726],[39.342,9.718],[39.339,9.711],[39.34,9.705],[39.345,9.7],[39.365,9.702],[39.371,9.7],[39.371,9.691],[39.362,9.681],[39.372,9.671],[39.369,9.664],[39.363,9.663],[39.359,9.658],[39.358,9.649],[39.354,9.635],[39.353,9.623],[39.355,9.619],[39.363,9.62],[39.376,9.63],[39.387,9.632],[39.39,9.617],[39.386,9.612],[39.385,9.604],[39.381,9.597],[39.374,9.593],[39.374,9.584],[39.379,9.581],[39.379,9.574],[39.377,9.568],[39.373,9.565],[39.361,9.547],[39.354,9.55],[39.342,9.546],[39.331,9.528],[39.324,9.527],[39.314,9.537],[39.303,9.524],[39.303,9.513],[39.306,9.506],[39.294,9.502],[39.295,9.493],[39.302,9.489],[39.306,9.475],[39.311,9.469],[39.316,9.468],[39.339,9.476],[39.345,9.473],[39.351,9.473],[39.356,9.475],[39.364,9.475],[39.376,9.468],[39.378,9.464],[39.374,9.459],[39.374,9.448],[39.379,9.447],[39.389,9.451],[39.395,9.456],[39.412,9.448],[39.431,9.435],[39.449,9.433],[39.45,9.426],[39.448,9.42],[39.444,9.415],[39.45,9.406],[39.455,9.402],[39.453,9.395],[39.446,9.385],[39.441,9.382],[39.427,9.38],[39.421,9.372],[39.413,9.375],[39.405,9.381],[39.396,9.393],[39.377,9.385],[39.374,9.377],[39.358,9.37],[39.348,9.38],[39.338,9.382],[39.326,9.382],[39.321,9.375],[39.32,9.367],[39.307,9.367],[39.304,9.358],[39.294,9.35],[39.292,9.333],[39.286,9.317],[39.279,9.313],[39.265,9.325],[39.267,9.289],[39.286,9.279],[39.267,9.246],[39.261,9.251],[39.235,9.295],[39.208,9.293],[39.179,9.272],[39.195,9.253],[39.201,9.251],[39.215,9.229],[39.189,9.21],[39.215,9.174],[39.235,9.159],[39.25,9.137],[39.295,9.15],[39.324,9.15],[39.321,9.141],[39.33,9.138],[39.344,9.101],[39.349,9.089],[39.349,9.078],[39.355,9.072],[39.358,9.063],[39.348,9.065],[39.316,9.061],[39.298,9.054],[39.289,9.0],[39.27,8.982],[39.259,8.964],[39.266,8.923],[39.26,8.911],[39.242,8.89],[39.238,8.863],[39.261,8.852],[39.266,8.844],[39.245,8.838],[39.245,8.829],[39.255,8.814],[39.273,8.784],[39.274,8.768],[39.263,8.748],[39.271,8.726],[39.287,8.719],[39.3,8.72],[39.306,8.723],[39.325,8.748],[39.332,8.742],[39.343,8.728],[39.362,8.722],[39.378,8.732],[39.374,8.768],[39.375,8.781],[39.379,8.792],[39.387,8.8],[39.406,8.811],[39.419,8.816],[39.432,8.791],[39.441,8.769],[39.45,8.753],[39.471,8.743],[39.493,8.726],[39.502,8.716],[39.535,8.759],[39.553,8.77],[39.563,8.819],[39.592,8.798],[39.6,8.794],[39.618,8.788],[39.635,8.8],[39.651,8.804],[39.663,8.814],[39.68,8.817],[39.718,8.817],[39.734,8.827],[39.732,8.845],[39.738,8.858],[39.739,8.873],[39.749,8.911],[39.747,9.011],[39.747,9.016],[39.742,9.024],[39.741,9.041],[39.747,9.056],[39.748,9.064],[39.743,9.092],[39.765,9.096],[39.781,9.105],[39.795,9.114],[39.798,9.122],[39.803,9.127],[39.809,9.136],[39.818,9.137]]]}},{"type":"Feature","properties":{"name":"North Shewa(R4)"},"geometry":{"type":"Polygon","coordinates":[[[37.933,9.937],[37.937,9.932],[37.936,9.927],[37.94,9.916],[37.98,9.876],[38.002,9.858],[38.025,9.846],[38.041,9.832],[38.051,9.809],[38.058,9.784],[38.062,9.764],[38.064,9.745],[38.094,9.689],[38.105,9.666],[38.116,9.647],[38.127,9.635],[38.139,9.637],[38.189,9.675],[38.214,9.681],[38.252,9.678],[38.311,9.665],[38.351,9.636],[38.363,9.621],[38.388,9.607],[38.421,9.606],[38.451,9.602],[38.506,9.575],[38.522,9.565],[38.539,9.542],[38.55,9.517],[38.569,9.504],[38.586,9.495],[38.604,9.483],[38.61,9.464],[38.601,9.447],[38.578,9.432],[38.564,9.417],[38.556,9.388],[38.551,9.362],[38.55,9.337],[38.535,9.303],[38.524,9.284],[38.516,9.266],[38.518,9.244],[38.529,9.219],[38.553,9.21],[38.573,9.199],[38.596,9.183],[38.624,9.174],[38.686,9.177],[38.71,9.174],[38.71,9.157],[38.68,9.132],[38.674,9.122],[38.679,9.106],[38.695,9.079],[38.708,9.083],[38.717,9.089],[38.728,9.087],[38.739,9.088],[38.752,9.092],[38.766,9.099],[38.772,9.099],[38.779,9.095],[38.792,9.079],[38.801,9.08],[38.806,9.083],[38.826,9.077],[38.843,9.08],[38.85,9.079],[38.858,9.085],[38.869,9.086],[38.877,9.083],[38.883,9.07],[38.884,9.053],[38.894,9.038],[38.906,9.011],[38.907,8.999],[38.905,8.993],[38.907,8.978],[38.904,8.963],[38.919,8.98],[38.926,8.989],[38.937,8.981],[38.956,8.976],[38.988,8.955],[39.0,8.941],[39.007,8.923],[39.017,8.913],[39.032,8.911],[39.039,8.931],[39.047,8.965],[39.06,8.993],[39.081,9.014],[39.102,9.039],[39.115,9.065],[39.129,9.089],[39.147,9.109],[39.167,9.118],[39.19,9.122],[39.214,9.103],[39.232,9.116],[39.25,9.137],[39.235,9.159],[39.215,9.174],[39.189,9.21],[39.215,9.229],[39.201,9.251],[39.195,9.253],[39.179,9.272],[39.208,9.293],[39.235,9.295],[39.261,9.251],[39.267,9.246],[39.286,9.279],[39.267,9.289],[39.265,9.325],[39.279,9.313],[39.286,9.317],[39.292,9.333],[39.294,9.35],[39.304,9.358],[39.307,9.367],[39.32,9.367],[39.321,9.375],[39.326,9.382],[39.338,9.382],[39.348,9.38],[39.358,9.37],[39.374,9.377],[39.377,9.385],[39.396,9.393],[39.405,9.381],[39.413,9.375],[39.421,9.372],[39.427,9.38],[39.441,9.382],[39.446,9.385],[39.453,9.395],[39.455,9.402],[39.45,9.406],[39.444,9.415],[39.448,9.42],[39.45,9.426],[39.449,9.433],[39.431,9.435],[39.412,9.448],[39.395,9.456],[39.389,9.451],[39.379,9.447],[39.374,9.448],[39.374,9.459],[39.378,9.464],[39.376,9.468],[39.364,9.475],[39.356,9.475],[39.351,9.473],[39.345,9.473],[39.339,9.476],[39.316,9.468],[39.311,9.469],[39.306,9.475],[39.302,9.489],[39.295,9.493],[39.294,9.502],[39.306,9.506],[39.303,9.513],[39.303,9.524],[39.314,9.537],[39.324,9.527],[39.331,9.528],[39.342,9.546],[39.354,9.55],[39.361,9.547],[39.373,9.565],[39.377,9.568],[39.379,9.574],[39.379,9.581],[39.374,9.584],[39.374,9.593],[39.381,9.597],[39.385,9.604],[39.386,9.612],[39.39,9.617],[39.387,9.632],[39.376,9.63],[39.363,9.62],[39.355,9.619],[39.353,9.623],[39.354,9.635],[39.358,9.649],[39.359,9.658],[39.363,9.663],[39.369,9.664],[39.372,9.671],[39.362,9.681],[39.371,9.691],[39.371,9.7],[39.365,9.702],[39.345,9.7],[39.34,9.705],[39.339,9.711],[39.342,9.718],[39.348,9.726],[39.343,9.728],[39.33,9.725],[39.321,9.725],[39.314,9.732],[39.309,9.745],[39.299,9.749],[39.293,9.746],[39.288,9.735],[39.281,9.734],[39.269,9.741],[39.261,9.73],[39.251,9.706],[39.246,9.703],[39.24,9.703],[39.234,9.7],[39.229,9.695],[39.226,9.7],[39.224,9.706],[39.218,9.709],[39.212,9.706],[39.209,9.712],[39.206,9.708],[39.201,9.71],[39.198,9.717],[39.185,9.721],[39.185,9.687],[39.179,9.69],[39.175,9.696],[39.167,9.694],[39.163,9.69],[39.157,9.69],[39.146,9.694],[39.147,9.709],[39.149,9.716],[39.145,9.722],[39.146,9.73],[39.144,9.736],[39.14,9.742],[39.134,9.742],[39.124,9.736],[39.118,9.734],[39.11,9.733],[39.099,9.736],[39.098,9.745],[39.105,9.75],[39.103,9.756],[39.093,9.764],[39.088,9.762],[39.083,9.758],[39.077,9.756],[39.07,9.754],[39.051,9.754],[39.037,9.748],[39.036,9.754],[39.031,9.756],[39.024,9.759],[39.017,9.759],[39.013,9.753],[38.991,9.747],[38.982,9.753],[38.975,9.762],[38.969,9.757],[38.965,9.75],[38.953,9.74],[38.954,9.734],[38.96,9.719],[38.961,9.712],[38.955,9.715],[38.941,9.726],[38.936,9.729],[38.929,9.726],[38.919,9.713],[38.91,9.71],[38.898,9.715],[38.867,9.735],[38.859,9.746],[38.841,9.758],[38.83,9.77],[38.822,9.785],[38.819,9.804],[38.815,9.807],[38.809,9.821],[38.809,9.836],[38.806,9.855],[38.804,9.863],[38.794,9.877],[38.792,9.884],[38.797,9.89],[38.803,9.91],[38.802,9.923],[38.799,9.929],[38.797,9.935],[38.798,9.942],[38.802,9.947],[38.804,9.955],[38.801,9.963],[38.798,9.969],[38.79,9.973],[38.786,9.979],[38.78,9.983],[38.772,9.979],[38.766,9.982],[38.759,9.982],[38.753,9.986],[38.741,9.988],[38.734,9.994],[38.726,9.992],[38.719,9.997],[38.711,9.999],[38.695,10.009],[38.687,10.009],[38.682,10.014],[38.675,10.016],[38.67,10.02],[38.662,10.035],[38.661,10.046],[38.658,10.052],[38.664,10.058],[38.69,10.051],[38.697,10.052],[38.702,10.05],[38.706,10.054],[38.722,10.052],[38.735,10.057],[38.742,10.062],[38.752,10.064],[38.759,10.069],[38.766,10.072],[38.778,10.084],[38.793,10.09],[38.8,10.091],[38.806,10.094],[38.812,10.095],[38.824,10.111],[38.83,10.111],[38.84,10.115],[38.843,10.111],[38.853,10.119],[38.849,10.125],[38.848,10.14],[38.845,10.145],[38.84,10.15],[38.835,10.163],[38.835,10.18],[38.839,10.199],[38.835,10.205],[38.834,10.213],[38.836,10.227],[38.845,10.239],[38.848,10.245],[38.845,10.252],[38.845,10.257],[38.862,10.279],[38.86,10.287],[38.857,10.296],[38.854,10.335],[38.846,10.356],[38.847,10.362],[38.816,10.365],[38.807,10.37],[38.792,10.367],[38.773,10.367],[38.762,10.377],[38.747,10.385],[38.739,10.387],[38.713,10.388],[38.698,10.38],[38.683,10.38],[38.677,10.378],[38.672,10.375],[38.665,10.374],[38.657,10.375],[38.631,10.383],[38.625,10.379],[38.606,10.376],[38.593,10.375],[38.579,10.378],[38.567,10.375],[38.561,10.377],[38.542,10.371],[38.535,10.367],[38.525,10.369],[38.516,10.368],[38.504,10.364],[38.491,10.365],[38.484,10.366],[38.478,10.364],[38.477,10.357],[38.48,10.352],[38.482,10.345],[38.476,10.332],[38.476,10.323],[38.475,10.316],[38.469,10.312],[38.467,10.306],[38.473,10.293],[38.461,10.291],[38.459,10.283],[38.462,10.277],[38.464,10.269],[38.456,10.262],[38.457,10.255],[38.455,10.248],[38.449,10.241],[38.432,10.233],[38.425,10.224],[38.42,10.221],[38.42,10.214],[38.431,10.194],[38.422,10.182],[38.427,10.179],[38.427,10.173],[38.407,10.161],[38.403,10.156],[38.402,10.15],[38.398,10.145],[38.376,10.141],[38.367,10.141],[38.359,10.145],[38.358,10.152],[38.355,10.156],[38.349,10.16],[38.341,10.157],[38.334,10.152],[38.327,10.134],[38.325,10.124],[38.327,10.115],[38.323,10.108],[38.309,10.109],[38.303,10.104],[38.301,10.096],[38.296,10.09],[38.287,10.089],[38.282,10.092],[38.273,10.093],[38.259,10.089],[38.253,10.089],[38.252,10.097],[38.249,10.103],[38.241,10.104],[38.223,10.093],[38.217,10.087],[38.205,10.083],[38.185,10.068],[38.177,10.064],[38.171,10.059],[38.171,10.052],[38.168,10.047],[38.161,10.045],[38.151,10.036],[38.146,10.038],[38.143,10.044],[38.138,10.048],[38.132,10.048],[38.126,10.044],[38.119,10.03],[38.118,10.025],[38.119,10.019],[38.114,10.017],[38.102,10.023],[38.095,10.021],[38.088,10.021],[38.081,10.016],[38.084,10.008],[38.082,10.003],[38.071,10.002],[38.065,9.999],[38.061,9.983],[38.049,9.982],[38.044,9.971],[38.035,9.968],[38.026,9.969],[38.017,9.968],[38.009,9.965],[38.003,9.961],[38.0,9.955],[37.994,9.95],[37.979,9.95],[37.958,9.94],[37.953,9.939],[37.94,9.945],[37.934,9.942],[37.933,9.937]]]}},{"type":"Feature","properties":{"name":"North Western"},"geometry":{"type":"MultiPolygon","coordinates":[[[[38.677,13.484],[38.662,13.485],[38.649,13.482],[38.634,13.473],[38.617,13.452],[38.619,13.429],[38.623,13.412],[38.633,13.405],[38.649,13.397],[38.67,13.393],[38.697,13.39],[38.707,13.39],[38.72,13.404],[38.723,13.409],[38.717,13.424],[38.712,13.432],[38.711,13.439],[38.706,13.444],[38.702,13.454],[38.691,13.472],[38.683,13.481],[38.677,13.484]]],[[[38.677,13.498],[38.674,13.493],[38.677,13.484],[38.679,13.493],[38.677,13.498]]],[[[38.433,14.429],[38.422,14.464],[38.402,14.466],[38.4,14.471],[38.399,14.477],[38.396,14.482],[38.389,14.48],[38.374,14.481],[38.37,14.485],[38.363,14.487],[38.357,14.5],[38.357,14.507],[38.35,14.51],[38.344,14.508],[38.341,14.514],[38.342,14.523],[38.337,14.529],[38.331,14.532],[38.316,14.551],[38.314,14.569],[38.316,14.574],[38.311,14.579],[38.309,14.586],[38.294,14.595],[38.293,14.603],[38.287,14.608],[38.272,14.611],[38.265,14.615],[38.267,14.628],[38.27,14.635],[38.265,14.639],[38.262,14.668],[38.257,14.67],[38.252,14.676],[38.244,14.678],[38.238,14.684],[38.229,14.686],[38.216,14.683],[38.211,14.687],[38.204,14.686],[38.188,14.69],[38.184,14.68],[38.181,14.677],[38.175,14.68],[38.163,14.676],[38.157,14.677],[38.151,14.675],[38.147,14.669],[38.14,14.668],[38.135,14.673],[38.133,14.679],[38.128,14.682],[38.121,14.684],[38.116,14.688],[38.11,14.691],[38.106,14.698],[38.096,14.702],[38.092,14.707],[38.087,14.708],[38.079,14.708],[38.065,14.712],[38.054,14.711],[38.041,14.717],[38.031,14.728],[38.019,14.737],[38.018,14.743],[38.022,14.756],[38.021,14.761],[38.017,14.766],[38.006,14.767],[38.004,14.772],[38.0,14.776],[37.995,14.774],[37.993,14.78],[37.993,14.793],[37.989,14.808],[37.975,14.802],[37.976,14.819],[37.972,14.831],[37.96,14.834],[37.951,14.833],[37.946,14.835],[37.945,14.842],[37.941,14.846],[37.924,14.827],[37.903,14.811],[37.876,14.8],[37.85,14.813],[37.833,14.806],[37.806,14.769],[37.783,14.735],[37.774,14.699],[37.776,14.679],[37.784,14.654],[37.774,14.631],[37.754,14.643],[37.742,14.643],[37.725,14.624],[37.711,14.589],[37.701,14.579],[37.699,14.563],[37.68,14.528],[37.673,14.522],[37.672,14.505],[37.658,14.495],[37.596,14.478],[37.577,14.468],[37.573,14.456],[37.56,14.453],[37.55,14.447],[37.526,14.461],[37.508,14.462],[37.49,14.474],[37.472,14.469],[37.458,14.471],[37.444,14.471],[37.441,14.478],[37.431,14.481],[37.404,14.472],[37.399,14.462],[37.378,14.429],[37.36,14.418],[37.346,14.416],[37.345,14.41],[37.347,14.4],[37.357,14.394],[37.362,14.387],[37.368,14.382],[37.371,14.377],[37.372,14.371],[37.379,14.369],[37.381,14.363],[37.388,14.362],[37.385,14.355],[37.379,14.352],[37.379,14.345],[37.382,14.339],[37.389,14.34],[37.394,14.338],[37.399,14.334],[37.398,14.316],[37.401,14.311],[37.396,14.306],[37.392,14.297],[37.401,14.288],[37.415,14.283],[37.426,14.272],[37.433,14.269],[37.443,14.259],[37.446,14.249],[37.464,14.251],[37.469,14.245],[37.468,14.229],[37.464,14.218],[37.467,14.212],[37.476,14.208],[37.479,14.201],[37.49,14.196],[37.494,14.192],[37.494,14.184],[37.499,14.179],[37.508,14.179],[37.515,14.181],[37.522,14.179],[37.526,14.174],[37.524,14.168],[37.515,14.161],[37.519,14.144],[37.518,14.138],[37.525,14.117],[37.53,14.111],[37.543,14.11],[37.548,14.104],[37.556,14.1],[37.558,14.091],[37.567,14.094],[37.573,14.095],[37.58,14.078],[37.59,14.068],[37.588,14.054],[37.592,14.051],[37.598,14.053],[37.603,14.038],[37.615,14.038],[37.621,14.033],[37.608,14.009],[37.61,14.004],[37.616,13.999],[37.621,13.993],[37.63,13.976],[37.631,13.968],[37.628,13.953],[37.636,13.951],[37.643,13.953],[37.65,13.949],[37.654,13.941],[37.657,13.922],[37.66,13.916],[37.664,13.91],[37.676,13.905],[37.683,13.894],[37.694,13.888],[37.702,13.886],[37.707,13.889],[37.712,13.894],[37.717,13.897],[37.723,13.897],[37.729,13.894],[37.734,13.889],[37.735,13.879],[37.74,13.876],[37.751,13.874],[37.765,13.855],[37.763,13.847],[37.768,13.839],[37.764,13.832],[37.768,13.827],[37.778,13.826],[37.788,13.816],[37.795,13.813],[37.802,13.808],[37.798,13.775],[37.807,13.764],[37.808,13.755],[37.804,13.744],[37.799,13.74],[37.796,13.734],[37.793,13.721],[37.786,13.705],[37.786,13.697],[37.783,13.689],[37.778,13.683],[37.777,13.678],[37.777,13.664],[37.785,13.652],[37.777,13.64],[37.777,13.634],[37.776,13.612],[37.785,13.598],[37.785,13.588],[37.775,13.575],[37.77,13.563],[37.786,13.54],[37.793,13.521],[37.81,13.52],[37.813,13.48],[37.818,13.464],[37.867,13.476],[37.876,13.468],[37.888,13.454],[37.905,13.448],[37.947,13.467],[37.963,13.49],[37.969,13.494],[38.002,13.502],[38.009,13.501],[38.016,13.487],[38.022,13.482],[38.025,13.486],[38.031,13.483],[38.038,13.483],[38.046,13.481],[38.053,13.469],[38.06,13.468],[38.067,13.472],[38.072,13.477],[38.084,13.484],[38.116,13.495],[38.122,13.507],[38.125,13.499],[38.129,13.493],[38.131,13.485],[38.136,13.479],[38.146,13.472],[38.156,13.477],[38.159,13.484],[38.175,13.494],[38.189,13.485],[38.202,13.481],[38.212,13.488],[38.221,13.49],[38.228,13.49],[38.244,13.497],[38.249,13.502],[38.251,13.497],[38.26,13.487],[38.269,13.488],[38.28,13.486],[38.321,13.503],[38.324,13.51],[38.321,13.525],[38.327,13.535],[38.326,13.544],[38.329,13.551],[38.342,13.538],[38.35,13.543],[38.361,13.554],[38.366,13.553],[38.381,13.545],[38.386,13.552],[38.392,13.554],[38.4,13.546],[38.4,13.54],[38.407,13.54],[38.425,13.562],[38.427,13.572],[38.434,13.58],[38.442,13.585],[38.452,13.585],[38.444,13.57],[38.444,13.561],[38.454,13.558],[38.459,13.56],[38.466,13.568],[38.474,13.565],[38.474,13.558],[38.478,13.553],[38.491,13.559],[38.502,13.559],[38.533,13.554],[38.55,13.553],[38.555,13.551],[38.552,13.539],[38.543,13.526],[38.533,13.519],[38.523,13.518],[38.509,13.512],[38.504,13.512],[38.498,13.507],[38.492,13.496],[38.499,13.485],[38.468,13.486],[38.466,13.48],[38.47,13.476],[38.462,13.46],[38.485,13.47],[38.513,13.474],[38.535,13.482],[38.546,13.484],[38.563,13.484],[38.568,13.487],[38.574,13.498],[38.58,13.504],[38.591,13.507],[38.606,13.491],[38.615,13.491],[38.623,13.496],[38.637,13.507],[38.663,13.532],[38.673,13.51],[38.677,13.498],[38.679,13.512],[38.672,13.53],[38.663,13.545],[38.659,13.557],[38.641,13.573],[38.637,13.58],[38.635,13.597],[38.632,13.604],[38.623,13.611],[38.614,13.628],[38.602,13.641],[38.598,13.647],[38.593,13.65],[38.586,13.649],[38.577,13.649],[38.571,13.654],[38.566,13.66],[38.54,13.679],[38.528,13.684],[38.528,13.69],[38.526,13.695],[38.526,13.703],[38.52,13.715],[38.514,13.718],[38.51,13.741],[38.503,13.751],[38.499,13.763],[38.493,13.774],[38.495,13.779],[38.494,13.785],[38.507,13.801],[38.52,13.828],[38.528,13.833],[38.538,13.844],[38.544,13.848],[38.564,13.881],[38.56,13.886],[38.559,13.894],[38.555,13.9],[38.558,13.906],[38.527,13.934],[38.524,13.94],[38.518,13.945],[38.506,13.96],[38.498,13.967],[38.496,13.987],[38.492,13.998],[38.49,14.011],[38.488,14.017],[38.488,14.026],[38.494,14.03],[38.5,14.029],[38.504,14.033],[38.52,14.042],[38.518,14.047],[38.5,14.073],[38.497,14.081],[38.5,14.086],[38.495,14.09],[38.501,14.096],[38.503,14.101],[38.501,14.107],[38.503,14.116],[38.523,14.126],[38.528,14.131],[38.541,14.133],[38.546,14.136],[38.549,14.142],[38.543,14.162],[38.555,14.168],[38.561,14.176],[38.564,14.185],[38.568,14.189],[38.568,14.195],[38.574,14.204],[38.566,14.209],[38.559,14.207],[38.554,14.21],[38.547,14.21],[38.536,14.227],[38.543,14.227],[38.563,14.232],[38.567,14.236],[38.558,14.244],[38.553,14.242],[38.537,14.245],[38.532,14.25],[38.531,14.257],[38.528,14.262],[38.53,14.267],[38.529,14.273],[38.509,14.28],[38.503,14.286],[38.503,14.294],[38.501,14.301],[38.493,14.302],[38.487,14.3],[38.479,14.309],[38.474,14.309],[38.473,14.315],[38.475,14.322],[38.454,14.332],[38.451,14.341],[38.447,14.346],[38.446,14.351],[38.448,14.356],[38.446,14.377],[38.442,14.381],[38.43,14.409],[38.433,14.416],[38.432,14.422],[38.433,14.429]]]]}},{"type":"Feature","properties":{"name":"North Wollo"},"geometry":{"type":"Polygon","coordinates":[[[39.818,12.325],[39.801,12.317],[39.778,12.312],[39.762,12.304],[39.759,12.321],[39.74,12.314],[39.722,12.309],[39.707,12.307],[39.68,12.309],[39.66,12.307],[39.633,12.308],[39.622,12.301],[39.626,12.289],[39.615,12.276],[39.606,12.271],[39.598,12.271],[39.593,12.272],[39.573,12.257],[39.556,12.256],[39.544,12.266],[39.539,12.293],[39.524,12.327],[39.508,12.334],[39.471,12.322],[39.456,12.326],[39.442,12.316],[39.428,12.303],[39.42,12.297],[39.404,12.296],[39.389,12.301],[39.373,12.302],[39.351,12.299],[39.343,12.301],[39.335,12.301],[39.323,12.306],[39.306,12.298],[39.292,12.297],[39.286,12.3],[39.281,12.306],[39.264,12.331],[39.256,12.311],[39.248,12.3],[39.242,12.289],[39.22,12.263],[39.217,12.258],[39.211,12.238],[39.199,12.218],[39.196,12.205],[39.188,12.197],[39.186,12.191],[39.176,12.18],[39.167,12.173],[39.159,12.172],[39.156,12.166],[39.149,12.145],[39.138,12.127],[39.131,12.12],[39.121,12.118],[39.108,12.117],[39.102,12.118],[39.092,12.126],[39.09,12.132],[39.093,12.137],[39.094,12.143],[39.09,12.161],[39.09,12.17],[39.086,12.175],[39.081,12.176],[39.051,12.174],[39.014,12.164],[39.008,12.169],[39.005,12.213],[39.007,12.232],[39.006,12.242],[39.0,12.245],[38.982,12.249],[38.968,12.247],[38.957,12.247],[38.918,12.263],[38.901,12.267],[38.895,12.27],[38.88,12.27],[38.869,12.276],[38.862,12.274],[38.838,12.276],[38.821,12.267],[38.813,12.264],[38.805,12.265],[38.795,12.269],[38.781,12.278],[38.773,12.281],[38.768,12.285],[38.752,12.291],[38.738,12.292],[38.726,12.288],[38.703,12.274],[38.694,12.273],[38.689,12.27],[38.683,12.271],[38.671,12.269],[38.652,12.275],[38.64,12.276],[38.634,12.28],[38.628,12.282],[38.592,12.286],[38.584,12.289],[38.571,12.29],[38.565,12.293],[38.544,12.294],[38.532,12.286],[38.518,12.282],[38.498,12.287],[38.484,12.293],[38.479,12.3],[38.472,12.297],[38.464,12.288],[38.46,12.284],[38.455,12.265],[38.456,12.259],[38.453,12.248],[38.448,12.241],[38.446,12.229],[38.448,12.221],[38.458,12.212],[38.464,12.209],[38.463,12.204],[38.467,12.196],[38.472,12.164],[38.479,12.148],[38.485,12.128],[38.489,12.123],[38.495,12.121],[38.501,12.114],[38.507,12.113],[38.512,12.121],[38.52,12.122],[38.529,12.121],[38.552,12.106],[38.559,12.094],[38.564,12.087],[38.571,12.082],[38.585,12.078],[38.595,12.078],[38.606,12.073],[38.611,12.064],[38.618,12.049],[38.626,12.039],[38.636,12.032],[38.64,12.026],[38.641,12.018],[38.635,12.0],[38.634,11.977],[38.632,11.971],[38.629,11.966],[38.623,11.963],[38.607,11.956],[38.602,11.95],[38.601,11.944],[38.589,11.93],[38.586,11.923],[38.566,11.891],[38.563,11.883],[38.551,11.871],[38.548,11.865],[38.548,11.853],[38.546,11.846],[38.568,11.826],[38.57,11.821],[38.566,11.815],[38.565,11.807],[38.554,11.79],[38.559,11.773],[38.565,11.769],[38.571,11.767],[38.584,11.758],[38.599,11.751],[38.604,11.745],[38.607,11.728],[38.609,11.723],[38.617,11.719],[38.632,11.704],[38.633,11.699],[38.629,11.689],[38.627,11.676],[38.629,11.637],[38.631,11.629],[38.635,11.62],[38.643,11.611],[38.651,11.594],[38.67,11.59],[38.673,11.578],[38.683,11.569],[38.696,11.565],[38.707,11.557],[38.715,11.546],[38.719,11.538],[38.719,11.528],[38.716,11.522],[38.706,11.514],[38.705,11.507],[38.706,11.499],[38.703,11.475],[38.703,11.457],[38.702,11.45],[38.698,11.442],[38.698,11.435],[38.706,11.423],[38.706,11.415],[38.713,11.416],[38.721,11.419],[38.728,11.419],[38.738,11.407],[38.747,11.405],[38.762,11.391],[38.77,11.389],[38.78,11.381],[38.785,11.381],[38.791,11.379],[38.802,11.369],[38.824,11.372],[38.836,11.378],[38.841,11.383],[38.848,11.385],[38.854,11.381],[38.856,11.376],[38.862,11.378],[38.881,11.377],[38.891,11.375],[38.895,11.367],[38.897,11.355],[38.901,11.348],[38.916,11.349],[38.922,11.346],[38.929,11.352],[38.936,11.362],[38.942,11.363],[38.947,11.368],[38.949,11.379],[38.965,11.392],[38.974,11.391],[38.992,11.393],[38.998,11.397],[39.015,11.398],[39.019,11.396],[39.025,11.396],[39.03,11.401],[39.035,11.404],[39.039,11.409],[39.044,11.409],[39.056,11.419],[39.075,11.431],[39.081,11.428],[39.09,11.43],[39.099,11.435],[39.115,11.439],[39.121,11.445],[39.132,11.447],[39.153,11.455],[39.159,11.453],[39.174,11.456],[39.183,11.455],[39.199,11.463],[39.212,11.471],[39.218,11.473],[39.227,11.473],[39.24,11.482],[39.255,11.484],[39.261,11.487],[39.255,11.492],[39.257,11.497],[39.277,11.518],[39.282,11.536],[39.283,11.548],[39.303,11.581],[39.311,11.591],[39.336,11.595],[39.345,11.595],[39.354,11.591],[39.361,11.59],[39.376,11.589],[39.393,11.586],[39.414,11.588],[39.435,11.586],[39.465,11.594],[39.47,11.598],[39.478,11.603],[39.483,11.608],[39.481,11.615],[39.488,11.63],[39.49,11.641],[39.497,11.647],[39.504,11.658],[39.509,11.662],[39.522,11.665],[39.537,11.67],[39.542,11.676],[39.545,11.691],[39.544,11.709],[39.558,11.708],[39.577,11.704],[39.583,11.696],[39.586,11.658],[39.583,11.618],[39.587,11.607],[39.594,11.574],[39.6,11.562],[39.601,11.551],[39.6,11.545],[39.593,11.531],[39.594,11.522],[39.601,11.522],[39.612,11.524],[39.62,11.524],[39.629,11.518],[39.636,11.511],[39.641,11.513],[39.649,11.509],[39.652,11.504],[39.663,11.505],[39.668,11.502],[39.667,11.495],[39.67,11.485],[39.669,11.478],[39.67,11.469],[39.68,11.471],[39.684,11.473],[39.714,11.475],[39.723,11.471],[39.731,11.468],[39.738,11.469],[39.745,11.474],[39.763,11.476],[39.77,11.474],[39.796,11.481],[39.805,11.486],[39.817,11.497],[39.829,11.504],[39.854,11.514],[39.89,11.539],[39.907,11.553],[39.926,11.578],[39.937,11.587],[39.967,11.6],[39.973,11.605],[39.98,11.606],[39.992,11.612],[39.998,11.613],[40.016,11.646],[39.995,11.682],[39.971,11.665],[39.951,11.683],[39.925,11.702],[39.912,11.719],[39.903,11.737],[39.886,11.763],[39.88,11.768],[39.876,11.78],[39.874,11.799],[39.879,11.859],[39.879,11.883],[39.888,11.907],[39.877,11.975],[39.871,11.99],[39.868,11.996],[39.862,12.013],[39.855,12.03],[39.842,12.054],[39.844,12.066],[39.861,12.084],[39.863,12.089],[39.829,12.101],[39.82,12.124],[39.814,12.157],[39.808,12.171],[39.801,12.196],[39.804,12.212],[39.804,12.23],[39.808,12.24],[39.828,12.241],[39.825,12.292],[39.826,12.318],[39.818,12.325]]]}},{"type":"Feature","properties":{"name":"Nuer"},"geometry":{"type":"Polygon","coordinates":[[[34.043,8.519],[34.034,8.511],[34.028,8.498],[34.021,8.49],[34.016,8.488],[34.001,8.494],[33.992,8.489],[33.986,8.49],[33.973,8.499],[33.957,8.494],[33.947,8.499],[33.936,8.496],[33.926,8.488],[33.899,8.482],[33.894,8.474],[33.89,8.463],[33.882,8.461],[33.882,8.454],[33.876,8.447],[33.878,8.437],[33.866,8.436],[33.853,8.433],[33.841,8.432],[33.838,8.427],[33.828,8.421],[33.821,8.407],[33.814,8.401],[33.808,8.396],[33.8,8.395],[33.773,8.371],[33.756,8.373],[33.75,8.376],[33.738,8.367],[33.733,8.365],[33.717,8.367],[33.71,8.372],[33.701,8.374],[33.695,8.381],[33.693,8.393],[33.689,8.401],[33.684,8.407],[33.679,8.431],[33.681,8.442],[33.65,8.459],[33.621,8.47],[33.611,8.463],[33.598,8.448],[33.577,8.448],[33.569,8.455],[33.563,8.469],[33.557,8.47],[33.542,8.469],[33.534,8.47],[33.525,8.468],[33.52,8.469],[33.512,8.472],[33.499,8.472],[33.49,8.47],[33.483,8.458],[33.476,8.453],[33.461,8.45],[33.449,8.439],[33.438,8.441],[33.425,8.448],[33.412,8.44],[33.396,8.425],[33.388,8.426],[33.381,8.433],[33.373,8.432],[33.368,8.442],[33.361,8.441],[33.35,8.446],[33.336,8.444],[33.321,8.45],[33.315,8.461],[33.306,8.456],[33.3,8.443],[33.296,8.438],[33.29,8.438],[33.281,8.449],[33.275,8.454],[33.249,8.445],[33.247,8.436],[33.235,8.424],[33.218,8.434],[33.216,8.428],[33.218,8.416],[33.217,8.409],[33.209,8.406],[33.193,8.408],[33.191,8.403],[33.196,8.393],[33.191,8.388],[33.19,8.381],[33.194,8.352],[33.201,8.351],[33.217,8.356],[33.215,8.343],[33.211,8.336],[33.205,8.334],[33.193,8.334],[33.194,8.327],[33.202,8.314],[33.202,8.307],[33.196,8.299],[33.171,8.297],[33.177,8.285],[33.174,8.264],[33.176,8.256],[33.181,8.249],[33.19,8.25],[33.199,8.249],[33.203,8.235],[33.197,8.219],[33.191,8.212],[33.176,8.203],[33.167,8.196],[33.168,8.189],[33.173,8.189],[33.178,8.167],[33.185,8.161],[33.185,8.146],[33.19,8.136],[33.187,8.125],[33.174,8.128],[33.167,8.124],[33.164,8.115],[33.159,8.112],[33.137,8.113],[33.121,8.108],[33.118,8.102],[33.117,8.088],[33.119,8.064],[33.112,8.073],[33.105,8.077],[33.086,8.076],[33.084,8.071],[33.087,8.062],[33.08,8.055],[33.081,8.049],[33.078,8.026],[33.074,8.021],[33.06,8.015],[33.047,8.016],[33.037,8.006],[33.031,7.992],[33.037,7.975],[33.029,7.962],[33.01,7.95],[33.003,7.941],[33.006,7.928],[33.003,7.917],[33.005,7.907],[33.014,7.89],[33.005,7.886],[33.002,7.88],[33.005,7.873],[33.011,7.859],[33.038,7.821],[33.045,7.813],[33.046,7.803],[33.051,7.788],[33.057,7.792],[33.063,7.787],[33.074,7.792],[33.085,7.794],[33.089,7.801],[33.096,7.797],[33.106,7.788],[33.103,7.781],[33.11,7.78],[33.116,7.786],[33.124,7.784],[33.134,7.789],[33.138,7.785],[33.146,7.791],[33.157,7.793],[33.158,7.798],[33.166,7.797],[33.185,7.785],[33.2,7.78],[33.218,7.772],[33.225,7.771],[33.239,7.775],[33.248,7.765],[33.282,7.743],[33.296,7.747],[33.293,7.736],[33.3,7.741],[33.304,7.735],[33.304,7.727],[33.316,7.722],[33.32,7.713],[33.321,7.707],[33.343,7.712],[33.352,7.725],[33.36,7.721],[33.375,7.731],[33.382,7.731],[33.391,7.729],[33.408,7.736],[33.417,7.742],[33.425,7.749],[33.432,7.753],[33.449,7.741],[33.462,7.742],[33.465,7.748],[33.478,7.77],[33.486,7.824],[33.48,7.866],[33.485,7.881],[33.456,7.876],[33.441,7.891],[33.44,7.914],[33.45,7.938],[33.462,7.957],[33.481,7.965],[33.504,7.97],[33.491,8.001],[33.479,8.036],[33.478,8.073],[33.49,8.089],[33.494,8.139],[33.481,8.166],[33.465,8.184],[33.462,8.195],[33.461,8.24],[33.474,8.26],[33.514,8.29],[33.555,8.275],[33.546,8.23],[33.567,8.193],[33.611,8.13],[33.707,8.151],[33.745,8.157],[33.779,8.172],[33.798,8.167],[33.816,8.155],[33.835,8.151],[33.85,8.135],[33.86,8.16],[33.864,8.191],[33.884,8.256],[33.902,8.254],[33.922,8.236],[33.931,8.226],[33.932,8.208],[33.941,8.186],[33.974,8.173],[33.987,8.182],[34.005,8.183],[34.019,8.175],[34.048,8.177],[34.049,8.233],[34.033,8.233],[33.999,8.239],[33.997,8.265],[33.996,8.292],[34.011,8.296],[34.015,8.317],[34.023,8.33],[34.046,8.338],[34.052,8.35],[34.05,8.375],[34.069,8.384],[34.065,8.402],[34.051,8.425],[34.077,8.46],[34.083,8.476],[34.07,8.479],[34.047,8.506],[34.043,8.519]]]}},{"type":"Feature","properties":{"name":"Oromia"},"geometry":{"type":"Polygon","coordinates":[[[39.99,10.089],[39.994,10.078],[40.025,10.075],[40.07,10.08],[40.108,10.072],[40.133,10.072],[40.159,10.091],[40.138,10.146],[40.13,10.174],[40.151,10.234],[40.156,10.258],[40.148,10.278],[40.158,10.286],[40.161,10.302],[40.16,10.357],[40.164,10.376],[40.165,10.413],[40.162,10.436],[40.154,10.44],[40.152,10.471],[40.129,10.618],[40.11,10.725],[40.103,10.741],[40.103,10.756],[40.109,10.765],[40.123,10.769],[40.134,10.78],[40.141,10.783],[40.168,10.806],[40.165,10.829],[40.168,10.835],[40.169,10.843],[40.168,10.848],[40.171,10.874],[40.177,10.879],[40.179,10.885],[40.181,10.898],[40.15,10.897],[40.134,10.916],[40.125,10.939],[40.145,10.953],[40.17,11.002],[40.188,11.026],[40.194,11.049],[40.196,11.069],[40.195,11.097],[40.213,11.11],[40.174,11.241],[40.146,11.256],[40.124,11.297],[40.103,11.318],[40.08,11.323],[40.072,11.326],[40.066,11.339],[40.068,11.361],[40.071,11.374],[40.067,11.43],[40.052,11.425],[40.037,11.419],[40.02,11.414],[40.012,11.408],[40.009,11.401],[39.982,11.37],[39.973,11.362],[39.96,11.357],[39.949,11.348],[39.923,11.344],[39.915,11.341],[39.908,11.335],[39.902,11.335],[39.89,11.333],[39.858,11.315],[39.851,11.314],[39.849,11.31],[39.849,11.305],[39.865,11.304],[39.871,11.3],[39.885,11.277],[39.89,11.273],[39.896,11.271],[39.893,11.265],[39.89,11.253],[39.891,11.246],[39.896,11.24],[39.895,11.232],[39.909,11.229],[39.916,11.237],[39.922,11.239],[39.924,11.229],[39.931,11.209],[39.936,11.202],[39.951,11.19],[39.969,11.192],[39.977,11.183],[39.977,11.178],[39.974,11.172],[39.982,11.157],[39.976,11.152],[39.977,11.145],[39.967,11.129],[39.968,11.12],[39.966,11.113],[39.961,11.108],[39.964,11.102],[39.977,11.085],[39.98,11.072],[39.988,11.062],[39.99,11.055],[39.994,11.048],[39.993,11.041],[39.998,11.03],[40.001,11.025],[40.003,11.019],[40.014,11.005],[40.019,10.997],[40.03,10.994],[40.036,10.99],[40.039,10.982],[40.044,10.983],[40.05,10.982],[40.055,10.979],[40.057,10.974],[40.069,10.97],[40.072,10.963],[40.057,10.952],[40.047,10.951],[40.04,10.943],[40.041,10.934],[40.05,10.911],[40.056,10.909],[40.06,10.905],[40.077,10.899],[40.087,10.894],[40.091,10.889],[40.095,10.883],[40.105,10.876],[40.114,10.874],[40.105,10.868],[40.085,10.863],[40.078,10.864],[40.065,10.857],[40.058,10.856],[40.049,10.853],[40.039,10.853],[40.029,10.854],[40.013,10.848],[40.007,10.843],[39.992,10.836],[39.986,10.844],[39.979,10.848],[39.966,10.847],[39.958,10.845],[39.943,10.829],[39.932,10.824],[39.954,10.858],[39.957,10.865],[39.959,10.873],[39.951,10.885],[39.944,10.888],[39.933,10.89],[39.927,10.891],[39.914,10.886],[39.908,10.888],[39.907,10.895],[39.89,10.89],[39.88,10.883],[39.876,10.879],[39.881,10.875],[39.888,10.863],[39.867,10.859],[39.859,10.857],[39.853,10.851],[39.848,10.85],[39.838,10.854],[39.836,10.861],[39.836,10.869],[39.839,10.882],[39.839,10.887],[39.833,10.892],[39.829,10.899],[39.822,10.898],[39.814,10.894],[39.806,10.886],[39.796,10.879],[39.789,10.876],[39.788,10.882],[39.783,10.886],[39.779,10.891],[39.77,10.891],[39.766,10.886],[39.752,10.88],[39.744,10.883],[39.736,10.881],[39.726,10.873],[39.72,10.872],[39.695,10.879],[39.689,10.884],[39.683,10.886],[39.673,10.895],[39.667,10.891],[39.667,10.885],[39.68,10.871],[39.682,10.863],[39.679,10.858],[39.681,10.844],[39.701,10.833],[39.713,10.83],[39.715,10.824],[39.73,10.813],[39.733,10.806],[39.732,10.798],[39.728,10.793],[39.722,10.797],[39.709,10.81],[39.702,10.808],[39.695,10.805],[39.691,10.798],[39.697,10.79],[39.703,10.787],[39.708,10.781],[39.708,10.771],[39.714,10.763],[39.708,10.751],[39.704,10.747],[39.694,10.745],[39.692,10.731],[39.696,10.725],[39.693,10.709],[39.696,10.7],[39.702,10.695],[39.714,10.693],[39.716,10.698],[39.728,10.715],[39.736,10.718],[39.744,10.714],[39.752,10.717],[39.784,10.735],[39.791,10.735],[39.8,10.733],[39.81,10.725],[39.813,10.718],[39.815,10.696],[39.832,10.682],[39.835,10.686],[39.852,10.684],[39.861,10.688],[39.871,10.683],[39.871,10.675],[39.854,10.672],[39.843,10.667],[39.839,10.664],[39.839,10.658],[39.829,10.645],[39.839,10.624],[39.853,10.623],[39.86,10.616],[39.866,10.616],[39.87,10.612],[39.866,10.599],[39.869,10.584],[39.877,10.56],[39.878,10.554],[39.883,10.549],[39.889,10.552],[39.892,10.556],[39.899,10.555],[39.905,10.549],[39.911,10.548],[39.916,10.544],[39.92,10.532],[39.906,10.527],[39.902,10.522],[39.904,10.516],[39.912,10.508],[39.918,10.507],[39.926,10.509],[39.933,10.486],[39.937,10.48],[39.931,10.468],[39.937,10.46],[39.938,10.45],[39.936,10.436],[39.944,10.434],[39.942,10.422],[39.943,10.399],[39.939,10.378],[39.939,10.359],[39.943,10.355],[39.956,10.352],[39.962,10.348],[39.977,10.336],[39.959,10.326],[39.952,10.326],[39.939,10.332],[39.933,10.33],[39.92,10.322],[39.919,10.313],[39.916,10.306],[39.917,10.3],[39.92,10.293],[39.924,10.29],[39.932,10.289],[39.938,10.285],[39.927,10.278],[39.923,10.271],[39.938,10.234],[39.933,10.232],[39.927,10.226],[39.921,10.216],[39.932,10.198],[39.931,10.19],[39.923,10.175],[39.924,10.166],[39.931,10.16],[39.93,10.15],[39.916,10.14],[39.913,10.133],[39.914,10.121],[39.917,10.116],[39.924,10.111],[39.932,10.109],[39.952,10.103],[39.964,10.11],[39.982,10.103],[39.988,10.098],[39.99,10.089]]]}},{"type":"Feature","properties":{"name":"Region 14"},"geometry":{"type":"Polygon","coordinates":[[[38.904,8.963],[38.907,8.978],[38.905,8.993],[38.907,8.999],[38.906,9.011],[38.894,9.038],[38.884,9.053],[38.883,9.07],[38.877,9.083],[38.869,9.086],[38.858,9.085],[38.85,9.079],[38.843,9.08],[38.826,9.077],[38.806,9.083],[38.801,9.08],[38.792,9.079],[38.779,9.095],[38.772,9.099],[38.766,9.099],[38.752,9.092],[38.739,9.088],[38.728,9.087],[38.717,9.089],[38.708,9.083],[38.695,9.079],[38.686,9.074],[38.685,9.067],[38.684,9.051],[38.673,9.04],[38.673,9.034],[38.668,9.027],[38.668,9.011],[38.653,9.011],[38.652,9.004],[38.659,8.996],[38.66,8.986],[38.655,8.978],[38.64,8.975],[38.644,8.967],[38.677,8.959],[38.682,8.951],[38.681,8.942],[38.689,8.941],[38.695,8.943],[38.698,8.934],[38.703,8.927],[38.709,8.922],[38.72,8.921],[38.732,8.906],[38.737,8.902],[38.744,8.904],[38.745,8.893],[38.744,8.881],[38.748,8.878],[38.746,8.871],[38.746,8.864],[38.755,8.86],[38.757,8.854],[38.762,8.855],[38.774,8.859],[38.778,8.853],[38.779,8.843],[38.781,8.837],[38.793,8.837],[38.798,8.835],[38.813,8.841],[38.818,8.84],[38.825,8.842],[38.825,8.854],[38.83,8.87],[38.828,8.875],[38.827,8.881],[38.834,8.884],[38.842,8.881],[38.848,8.881],[38.859,8.885],[38.865,8.884],[38.87,8.874],[38.871,8.882],[38.878,8.897],[38.874,8.906],[38.88,8.919],[38.862,8.933],[38.856,8.939],[38.862,8.944],[38.892,8.935],[38.898,8.938],[38.902,8.947],[38.897,8.956],[38.904,8.963]]]}},{"type":"Feature","properties":{"name":"Segen Peoples'"},"geometry":{"type":"Polygon","coordinates":[[[37.805,5.994],[37.803,5.988],[37.798,5.981],[37.778,5.969],[37.768,5.96],[37.759,5.949],[37.717,5.918],[37.69,5.896],[37.681,5.886],[37.66,5.854],[37.652,5.846],[37.641,5.841],[37.608,5.836],[37.601,5.833],[37.581,5.824],[37.557,5.807],[37.546,5.797],[37.536,5.783],[37.504,5.747],[37.495,5.732],[37.487,5.712],[37.48,5.704],[37.472,5.7],[37.465,5.702],[37.443,5.712],[37.428,5.722],[37.415,5.741],[37.402,5.747],[37.391,5.759],[37.377,5.767],[37.367,5.764],[37.36,5.755],[37.35,5.748],[37.342,5.746],[37.332,5.746],[37.324,5.749],[37.312,5.754],[37.282,5.758],[37.273,5.751],[37.265,5.742],[37.253,5.732],[37.24,5.726],[37.225,5.724],[37.199,5.724],[37.162,5.722],[37.15,5.718],[37.137,5.719],[37.133,5.725],[37.127,5.727],[37.11,5.719],[37.105,5.708],[37.097,5.703],[37.091,5.702],[37.075,5.705],[37.069,5.71],[37.062,5.708],[37.056,5.705],[37.053,5.701],[37.048,5.686],[37.05,5.679],[37.047,5.656],[37.046,5.649],[37.042,5.644],[37.043,5.639],[37.038,5.632],[37.031,5.632],[37.033,5.625],[37.031,5.619],[37.025,5.616],[37.026,5.606],[37.016,5.597],[37.019,5.591],[37.018,5.584],[37.015,5.576],[37.016,5.565],[37.011,5.563],[37.014,5.558],[37.012,5.547],[37.013,5.54],[37.017,5.529],[37.023,5.52],[37.013,5.519],[37.032,5.509],[37.049,5.494],[37.055,5.474],[37.055,5.469],[37.062,5.454],[37.064,5.427],[37.062,5.413],[37.058,5.399],[37.05,5.387],[37.051,5.38],[37.044,5.379],[37.039,5.373],[37.032,5.356],[37.039,5.352],[37.04,5.347],[37.034,5.334],[37.019,5.295],[37.016,5.269],[37.004,5.2],[37.083,5.188],[37.113,5.188],[37.146,5.19],[37.183,5.195],[37.198,5.212],[37.218,5.214],[37.239,5.201],[37.293,5.196],[37.318,5.175],[37.342,5.161],[37.368,5.156],[37.418,5.168],[37.466,5.195],[37.492,5.204],[37.519,5.222],[37.552,5.235],[37.579,5.244],[37.581,5.249],[37.631,5.267],[37.638,5.285],[37.648,5.301],[37.675,5.309],[37.702,5.307],[37.73,5.294],[37.748,5.278],[37.774,5.285],[37.793,5.276],[37.811,5.27],[37.828,5.251],[37.853,5.236],[37.886,5.236],[37.902,5.246],[37.905,5.281],[37.906,5.305],[37.897,5.351],[37.902,5.375],[37.92,5.397],[37.936,5.424],[37.941,5.451],[37.948,5.476],[37.95,5.509],[37.949,5.539],[37.942,5.57],[37.942,5.586],[37.931,5.618],[37.944,5.641],[37.978,5.651],[38.009,5.651],[38.025,5.661],[38.042,5.675],[38.076,5.69],[38.088,5.723],[38.09,5.747],[38.073,5.764],[38.055,5.765],[38.04,5.774],[38.021,5.791],[38.013,5.806],[38.008,5.851],[37.983,5.889],[37.98,5.909],[37.978,5.929],[37.969,5.957],[37.954,5.965],[37.924,5.961],[37.905,5.962],[37.896,5.976],[37.881,5.986],[37.866,5.988],[37.857,6.0],[37.844,6.012],[37.828,6.011],[37.814,5.999],[37.805,5.994]]]}},{"type":"Feature","properties":{"name":"Selti"},"geometry":{"type":"Polygon","coordinates":[[[38.402,7.596],[38.409,7.606],[38.421,7.626],[38.419,7.644],[38.412,7.663],[38.413,7.683],[38.427,7.698],[38.439,7.72],[38.443,7.74],[38.446,7.761],[38.493,7.797],[38.501,7.812],[38.504,7.832],[38.514,7.85],[38.529,7.86],[38.52,7.867],[38.499,7.894],[38.489,7.903],[38.473,7.916],[38.462,7.927],[38.438,7.941],[38.432,7.948],[38.441,7.972],[38.44,7.98],[38.433,7.986],[38.425,7.99],[38.403,7.996],[38.404,8.009],[38.401,8.019],[38.391,8.041],[38.38,8.049],[38.368,8.048],[38.355,8.046],[38.304,8.022],[38.276,8.017],[38.263,8.021],[38.265,8.032],[38.265,8.046],[38.264,8.061],[38.26,8.071],[38.26,8.095],[38.255,8.101],[38.249,8.098],[38.234,8.095],[38.225,8.088],[38.21,8.071],[38.204,8.067],[38.19,8.06],[38.168,8.054],[38.134,7.994],[38.124,7.954],[38.072,7.919],[38.067,7.895],[38.061,7.885],[38.045,7.864],[38.032,7.845],[37.999,7.818],[37.984,7.836],[37.971,7.865],[37.943,7.844],[37.921,7.844],[37.93,7.819],[37.937,7.797],[37.926,7.784],[37.916,7.777],[37.899,7.779],[37.891,7.775],[37.889,7.768],[37.865,7.753],[37.881,7.684],[37.906,7.683],[37.929,7.672],[37.941,7.672],[37.95,7.685],[37.964,7.697],[37.978,7.704],[37.998,7.7],[38.034,7.7],[38.046,7.672],[38.045,7.643],[38.059,7.623],[38.087,7.613],[38.122,7.612],[38.113,7.564],[38.104,7.556],[38.102,7.551],[38.103,7.52],[38.094,7.512],[38.09,7.504],[38.097,7.492],[38.112,7.479],[38.115,7.471],[38.114,7.461],[38.107,7.451],[38.118,7.437],[38.118,7.41],[38.144,7.406],[38.163,7.439],[38.189,7.443],[38.196,7.472],[38.217,7.473],[38.217,7.518],[38.238,7.558],[38.247,7.593],[38.254,7.58],[38.263,7.575],[38.278,7.579],[38.306,7.591],[38.316,7.596],[38.335,7.609],[38.346,7.611],[38.367,7.602],[38.396,7.601],[38.402,7.596]]]}},{"type":"Feature","properties":{"name":"Shabelle"},"geometry":{"type":"Polygon","coordinates":[[[45.003,4.934],[45.081,5.012],[45.669,5.624],[45.537,5.721],[45.099,5.757],[44.955,5.777],[44.909,5.779],[44.892,5.778],[44.887,5.783],[44.868,5.782],[44.688,5.799],[44.662,5.798],[44.628,5.811],[44.584,5.815],[44.471,5.845],[44.436,5.866],[44.361,5.868],[44.311,5.88],[44.264,5.88],[44.225,5.896],[44.198,5.918],[44.168,5.926],[44.154,5.933],[44.126,5.944],[44.107,5.959],[44.085,5.968],[44.067,5.983],[44.051,5.999],[44.012,6.014],[43.991,6.027],[43.955,6.045],[43.933,6.048],[43.905,6.071],[43.91,6.095],[43.908,6.123],[43.895,6.141],[43.891,6.187],[43.887,6.207],[43.872,6.231],[43.865,6.257],[43.85,6.276],[43.843,6.299],[43.831,6.318],[43.827,6.338],[43.809,6.357],[43.787,6.367],[43.786,6.387],[43.77,6.406],[43.755,6.42],[43.736,6.45],[43.734,6.464],[43.721,6.507],[43.709,6.531],[43.697,6.539],[43.697,6.55],[43.682,6.556],[43.68,6.565],[43.674,6.571],[43.658,6.58],[43.652,6.6],[43.641,6.61],[43.638,6.618],[43.629,6.631],[43.626,6.647],[43.604,6.675],[43.596,6.68],[43.584,6.696],[43.57,6.711],[43.556,6.729],[43.548,6.744],[43.548,6.755],[43.534,6.768],[43.523,6.784],[43.501,6.802],[43.482,6.822],[43.467,6.843],[43.444,6.859],[43.431,6.875],[43.399,6.904],[43.389,6.937],[43.349,6.999],[43.344,7.022],[43.337,7.044],[43.335,7.086],[43.343,7.111],[43.347,7.141],[43.346,7.17],[43.352,7.203],[43.355,7.231],[43.362,7.261],[43.362,7.276],[43.353,7.313],[43.344,7.328],[43.329,7.32],[43.296,7.311],[43.27,7.29],[43.253,7.281],[43.229,7.274],[43.212,7.255],[43.179,7.235],[43.104,7.178],[43.088,7.17],[43.056,7.146],[43.033,7.132],[43.016,7.125],[42.997,7.108],[42.972,7.105],[42.952,7.097],[42.922,7.081],[42.916,7.08],[42.903,7.057],[42.879,7.055],[42.868,7.05],[42.853,7.055],[42.832,7.053],[42.808,7.054],[42.778,7.045],[42.731,7.054],[42.635,7.064],[42.616,7.074],[42.599,7.08],[42.521,7.092],[42.509,7.1],[42.495,7.106],[42.471,7.11],[42.455,7.123],[42.44,7.131],[42.43,7.139],[42.413,7.144],[42.388,7.148],[42.337,7.171],[42.323,7.181],[42.278,7.203],[42.255,7.205],[42.235,7.205],[42.204,7.196],[42.206,7.142],[42.188,7.098],[42.159,7.053],[42.164,7.008],[42.141,6.968],[42.135,6.955],[42.107,6.931],[42.1,6.917],[42.077,6.888],[42.076,6.865],[42.068,6.842],[42.064,6.827],[42.056,6.75],[42.026,6.708],[42.016,6.682],[42.014,6.66],[42.0,6.643],[42.001,6.63],[42.007,6.616],[42.005,6.599],[42.042,6.583],[42.102,6.545],[42.12,6.513],[42.122,6.5],[42.156,6.46],[42.196,6.432],[42.239,6.405],[42.254,6.394],[42.266,6.365],[42.298,6.338],[42.364,6.319],[42.453,6.311],[42.482,6.311],[42.51,6.301],[42.552,6.292],[42.565,6.286],[42.611,6.27],[42.645,6.266],[42.703,6.251],[42.743,6.249],[42.763,6.239],[42.781,6.205],[42.804,6.177],[42.825,6.139],[42.849,6.129],[42.911,6.106],[42.98,6.092],[43.005,6.092],[42.913,5.984],[42.727,5.757],[42.734,5.743],[42.758,5.734],[42.792,5.716],[42.831,5.704],[42.847,5.695],[42.862,5.693],[42.897,5.683],[42.916,5.674],[42.94,5.668],[42.988,5.657],[43.016,5.655],[43.052,5.643],[43.135,5.639],[43.152,5.649],[43.165,5.653],[43.19,5.665],[43.223,5.66],[43.277,5.655],[43.435,5.648],[43.473,5.659],[43.501,5.664],[43.521,5.672],[43.544,5.685],[43.58,5.696],[43.593,5.707],[43.626,5.721],[43.64,5.735],[43.656,5.748],[43.67,5.766],[43.673,5.778],[43.683,5.785],[43.694,5.799],[43.707,5.809],[43.723,5.82],[43.755,5.818],[43.78,5.812],[43.807,5.783],[43.827,5.771],[43.839,5.768],[43.871,5.737],[43.897,5.717],[43.912,5.696],[43.948,5.656],[43.993,5.634],[44.063,5.615],[44.094,5.61],[44.112,5.594],[44.178,5.573],[44.206,5.56],[44.25,5.551],[44.276,5.517],[44.287,5.499],[44.301,5.49],[44.314,5.474],[44.351,5.441],[44.362,5.428],[44.388,5.413],[44.416,5.392],[44.51,5.347],[44.586,5.305],[44.617,5.298],[44.653,5.282],[44.668,5.266],[44.747,5.204],[44.765,5.188],[44.806,5.142],[44.821,5.119],[44.85,5.079],[44.879,5.047],[44.916,5.019],[44.929,5.003],[44.95,4.986],[45.003,4.934]]]}},{"type":"Feature","properties":{"name":"Sheka"},"geometry":{"type":"Polygon","coordinates":[[[35.665,7.21],[35.659,7.229],[35.653,7.231],[35.632,7.232],[35.624,7.238],[35.619,7.236],[35.61,7.235],[35.603,7.243],[35.594,7.246],[35.584,7.24],[35.574,7.244],[35.567,7.252],[35.556,7.257],[35.545,7.251],[35.523,7.259],[35.501,7.253],[35.491,7.256],[35.485,7.262],[35.482,7.271],[35.484,7.289],[35.489,7.313],[35.487,7.358],[35.493,7.383],[35.5,7.397],[35.489,7.427],[35.51,7.441],[35.517,7.469],[35.525,7.485],[35.538,7.492],[35.576,7.503],[35.588,7.512],[35.583,7.558],[35.58,7.579],[35.576,7.594],[35.574,7.624],[35.575,7.634],[35.58,7.645],[35.591,7.652],[35.604,7.66],[35.613,7.672],[35.59,7.695],[35.59,7.708],[35.609,7.716],[35.613,7.728],[35.615,7.746],[35.613,7.759],[35.613,7.784],[35.607,7.811],[35.59,7.81],[35.571,7.814],[35.555,7.821],[35.545,7.832],[35.537,7.851],[35.531,7.881],[35.521,7.897],[35.513,7.893],[35.506,7.886],[35.498,7.881],[35.491,7.884],[35.475,7.875],[35.46,7.874],[35.434,7.884],[35.429,7.882],[35.419,7.865],[35.41,7.845],[35.401,7.831],[35.39,7.828],[35.373,7.834],[35.359,7.844],[35.351,7.836],[35.343,7.823],[35.342,7.778],[35.326,7.766],[35.312,7.762],[35.294,7.753],[35.291,7.748],[35.276,7.747],[35.249,7.728],[35.223,7.704],[35.221,7.681],[35.221,7.664],[35.213,7.653],[35.174,7.655],[35.117,7.646],[35.116,7.632],[35.146,7.631],[35.167,7.616],[35.165,7.582],[35.171,7.556],[35.173,7.534],[35.147,7.521],[35.139,7.513],[35.128,7.497],[35.121,7.485],[35.123,7.48],[35.162,7.473],[35.19,7.457],[35.21,7.473],[35.245,7.475],[35.254,7.48],[35.263,7.481],[35.273,7.473],[35.31,7.48],[35.321,7.464],[35.33,7.463],[35.346,7.454],[35.357,7.438],[35.374,7.429],[35.369,7.416],[35.393,7.397],[35.388,7.352],[35.384,7.335],[35.376,7.291],[35.371,7.279],[35.354,7.264],[35.347,7.24],[35.374,7.232],[35.341,7.188],[35.335,7.189],[35.335,7.181],[35.354,7.155],[35.369,7.145],[35.381,7.124],[35.399,7.124],[35.417,7.119],[35.434,7.128],[35.431,7.142],[35.431,7.16],[35.437,7.164],[35.455,7.169],[35.517,7.162],[35.531,7.167],[35.547,7.178],[35.569,7.184],[35.608,7.189],[35.62,7.193],[35.634,7.194],[35.647,7.199],[35.665,7.21]]]}},{"type":"Feature","properties":{"name":"Sidama"},"geometry":{"type":"Polygon","coordinates":[[[38.297,6.417],[38.304,6.416],[38.311,6.417],[38.317,6.409],[38.328,6.408],[38.341,6.411],[38.359,6.406],[38.385,6.407],[38.393,6.403],[38.395,6.393],[38.399,6.388],[38.398,6.382],[38.392,6.357],[38.395,6.352],[38.404,6.347],[38.41,6.352],[38.419,6.364],[38.425,6.367],[38.428,6.387],[38.442,6.407],[38.454,6.418],[38.476,6.432],[38.505,6.438],[38.538,6.438],[38.567,6.442],[38.584,6.438],[38.607,6.424],[38.628,6.418],[38.646,6.424],[38.662,6.42],[38.673,6.41],[38.691,6.407],[38.708,6.394],[38.739,6.41],[38.759,6.41],[38.772,6.401],[38.813,6.357],[38.833,6.344],[38.853,6.322],[38.875,6.302],[38.886,6.286],[38.899,6.26],[38.922,6.23],[38.937,6.202],[38.951,6.182],[38.961,6.161],[38.989,6.148],[39.035,6.139],[39.056,6.147],[39.081,6.154],[39.104,6.159],[39.133,6.16],[39.131,6.167],[39.114,6.178],[39.104,6.204],[39.101,6.22],[39.087,6.253],[39.092,6.272],[39.11,6.289],[39.12,6.3],[39.127,6.323],[39.128,6.337],[39.128,6.346],[39.122,6.382],[39.108,6.439],[39.101,6.457],[39.096,6.473],[39.097,6.523],[39.087,6.546],[39.071,6.555],[39.053,6.558],[39.049,6.571],[39.054,6.585],[39.065,6.6],[39.06,6.61],[39.033,6.613],[38.96,6.602],[38.943,6.612],[38.945,6.632],[38.95,6.645],[38.935,6.657],[38.919,6.66],[38.903,6.667],[38.878,6.669],[38.856,6.67],[38.839,6.676],[38.834,6.693],[38.819,6.705],[38.811,6.703],[38.78,6.701],[38.755,6.698],[38.743,6.702],[38.728,6.713],[38.722,6.731],[38.706,6.743],[38.689,6.746],[38.679,6.75],[38.673,6.764],[38.659,6.771],[38.644,6.77],[38.637,6.773],[38.637,6.801],[38.641,6.814],[38.668,6.834],[38.699,6.85],[38.715,6.862],[38.706,6.887],[38.701,6.905],[38.705,6.932],[38.702,6.946],[38.696,6.959],[38.701,6.97],[38.712,6.975],[38.715,6.993],[38.711,7.014],[38.698,7.015],[38.69,7.002],[38.678,7.007],[38.675,7.018],[38.679,7.03],[38.685,7.035],[38.682,7.05],[38.669,7.061],[38.654,7.063],[38.638,7.067],[38.647,7.097],[38.631,7.112],[38.612,7.125],[38.584,7.128],[38.567,7.114],[38.547,7.092],[38.529,7.092],[38.506,7.089],[38.481,7.092],[38.465,7.101],[38.461,7.119],[38.443,7.128],[38.422,7.124],[38.401,7.123],[38.379,7.131],[38.358,7.147],[38.343,7.166],[38.323,7.163],[38.314,7.148],[38.306,7.123],[38.29,7.108],[38.255,7.061],[38.239,7.021],[38.217,7.016],[38.195,7.014],[38.171,7.002],[38.147,6.979],[38.13,6.975],[38.127,6.962],[38.13,6.943],[38.129,6.93],[38.121,6.883],[38.111,6.855],[38.094,6.829],[38.077,6.791],[38.063,6.737],[38.053,6.713],[38.052,6.701],[38.048,6.692],[38.032,6.678],[38.033,6.672],[38.029,6.667],[38.022,6.663],[38.016,6.663],[38.011,6.661],[38.006,6.655],[37.997,6.653],[37.984,6.634],[37.974,6.628],[37.97,6.623],[37.963,6.61],[37.949,6.6],[37.942,6.6],[37.938,6.605],[37.932,6.607],[37.924,6.621],[37.918,6.623],[37.912,6.621],[37.906,6.609],[37.909,6.602],[37.913,6.598],[37.913,6.592],[37.919,6.576],[37.934,6.558],[37.953,6.551],[37.97,6.55],[37.984,6.558],[37.998,6.577],[38.017,6.577],[38.034,6.563],[38.052,6.536],[38.092,6.527],[38.102,6.514],[38.115,6.501],[38.14,6.507],[38.151,6.498],[38.144,6.459],[38.156,6.441],[38.171,6.451],[38.216,6.465],[38.222,6.462],[38.246,6.469],[38.261,6.453],[38.284,6.439],[38.297,6.417]]]}},{"type":"Feature","properties":{"name":"Siti"},"geometry":{"type":"Polygon","coordinates":[[[42.341,9.721],[42.347,9.722],[42.357,9.719],[42.377,9.715],[42.449,9.723],[42.5,9.722],[42.569,9.738],[42.619,9.759],[42.648,9.776],[42.665,9.778],[42.663,9.792],[42.677,9.805],[42.688,9.827],[42.703,9.842],[42.731,9.867],[42.737,9.902],[42.747,9.923],[42.76,9.966],[42.758,9.996],[42.747,10.018],[42.729,10.043],[42.721,10.059],[42.715,10.085],[42.748,10.104],[42.771,10.111],[42.803,10.125],[42.831,10.15],[42.885,10.187],[42.857,10.226],[42.841,10.267],[42.82,10.292],[42.805,10.316],[42.787,10.36],[42.777,10.406],[42.751,10.451],[42.737,10.499],[42.717,10.532],[42.706,10.576],[42.708,10.62],[42.723,10.661],[42.742,10.687],[42.769,10.735],[42.797,10.793],[42.898,10.925],[42.934,10.959],[42.944,10.986],[42.918,10.996],[42.853,11.003],[42.761,11.068],[42.702,11.082],[42.656,11.075],[42.611,11.074],[42.58,11.068],[42.536,11.055],[42.513,11.041],[42.475,11.033],[42.44,11.016],[42.405,11.005],[42.334,11.001],[42.239,11.001],[42.187,10.992],[42.079,10.982],[42.035,10.964],[41.905,10.953],[41.817,10.984],[41.77,10.992],[41.764,10.992],[41.761,10.983],[41.74,10.969],[41.719,10.966],[41.7,10.97],[41.682,10.965],[41.635,10.966],[41.583,10.963],[41.485,10.968],[41.411,10.959],[41.393,10.967],[41.349,10.963],[41.301,10.965],[41.269,10.959],[41.242,10.922],[41.234,10.892],[41.233,10.865],[41.221,10.835],[41.208,10.821],[41.192,10.797],[41.167,10.781],[41.15,10.761],[41.134,10.745],[41.116,10.721],[41.091,10.698],[41.078,10.682],[41.08,10.66],[41.079,10.64],[41.083,10.633],[41.088,10.601],[41.072,10.542],[41.062,10.518],[41.058,10.501],[41.048,10.479],[41.033,10.423],[41.031,10.401],[41.016,10.344],[41.006,10.32],[40.991,10.241],[40.98,10.196],[40.976,10.158],[40.955,10.097],[40.95,10.069],[40.937,10.036],[40.947,10.002],[40.954,9.988],[40.967,9.973],[40.982,9.97],[41.0,9.969],[41.014,9.961],[41.02,9.95],[41.015,9.94],[40.997,9.93],[40.948,9.881],[40.848,9.791],[40.826,9.764],[40.764,9.668],[40.75,9.652],[40.736,9.623],[40.731,9.608],[40.723,9.591],[40.715,9.567],[40.7,9.534],[40.694,9.5],[40.694,9.445],[40.699,9.449],[40.72,9.445],[40.784,9.449],[40.817,9.454],[40.843,9.465],[40.863,9.464],[40.891,9.45],[40.918,9.423],[40.928,9.406],[40.915,9.398],[40.892,9.391],[40.859,9.386],[40.829,9.394],[40.799,9.397],[40.79,9.388],[40.794,9.368],[40.801,9.346],[40.809,9.328],[40.813,9.312],[40.826,9.306],[40.845,9.306],[40.875,9.31],[40.904,9.319],[40.928,9.324],[40.954,9.337],[40.972,9.353],[41.015,9.358],[41.031,9.373],[41.057,9.392],[41.084,9.405],[41.146,9.426],[41.171,9.442],[41.196,9.463],[41.212,9.482],[41.221,9.492],[41.24,9.5],[41.253,9.501],[41.268,9.5],[41.281,9.503],[41.31,9.504],[41.337,9.496],[41.36,9.491],[41.394,9.487],[41.434,9.477],[41.48,9.461],[41.492,9.458],[41.523,9.486],[41.542,9.501],[41.565,9.508],[41.599,9.512],[41.634,9.514],[41.643,9.516],[41.655,9.482],[41.671,9.472],[41.703,9.468],[41.723,9.469],[41.736,9.472],[41.729,9.49],[41.75,9.602],[41.75,9.637],[41.775,9.655],[41.792,9.65],[41.802,9.643],[41.81,9.642],[41.854,9.675],[41.874,9.685],[41.907,9.68],[41.997,9.632],[42.009,9.623],[42.02,9.619],[42.032,9.619],[42.187,9.775],[42.214,9.785],[42.252,9.784],[42.294,9.758],[42.341,9.721]]]}},{"type":"Feature","properties":{"name":"South Gonder"},"geometry":{"type":"Polygon","coordinates":[[[38.474,11.036],[38.48,11.041],[38.48,11.057],[38.467,11.074],[38.471,11.08],[38.477,11.085],[38.478,11.093],[38.482,11.099],[38.487,11.103],[38.495,11.114],[38.504,11.121],[38.513,11.131],[38.517,11.137],[38.517,11.145],[38.53,11.148],[38.546,11.157],[38.552,11.167],[38.556,11.171],[38.563,11.175],[38.564,11.184],[38.572,11.185],[38.576,11.191],[38.576,11.195],[38.579,11.201],[38.58,11.215],[38.57,11.227],[38.574,11.231],[38.585,11.236],[38.59,11.25],[38.595,11.255],[38.606,11.265],[38.61,11.27],[38.609,11.28],[38.618,11.291],[38.617,11.298],[38.626,11.299],[38.632,11.319],[38.633,11.327],[38.64,11.332],[38.642,11.338],[38.635,11.344],[38.635,11.351],[38.639,11.354],[38.644,11.364],[38.649,11.369],[38.651,11.378],[38.656,11.385],[38.67,11.389],[38.675,11.392],[38.678,11.398],[38.701,11.409],[38.706,11.415],[38.706,11.423],[38.698,11.435],[38.698,11.442],[38.702,11.45],[38.703,11.457],[38.703,11.475],[38.706,11.499],[38.705,11.507],[38.706,11.514],[38.716,11.522],[38.719,11.528],[38.719,11.538],[38.715,11.546],[38.707,11.557],[38.696,11.565],[38.683,11.569],[38.673,11.578],[38.67,11.59],[38.651,11.594],[38.643,11.611],[38.635,11.62],[38.631,11.629],[38.629,11.637],[38.627,11.676],[38.629,11.689],[38.633,11.699],[38.632,11.704],[38.617,11.719],[38.609,11.723],[38.607,11.728],[38.604,11.745],[38.599,11.751],[38.584,11.758],[38.571,11.767],[38.565,11.769],[38.559,11.773],[38.554,11.79],[38.565,11.807],[38.566,11.815],[38.57,11.821],[38.568,11.826],[38.546,11.846],[38.548,11.853],[38.548,11.865],[38.551,11.871],[38.563,11.883],[38.566,11.891],[38.586,11.923],[38.589,11.93],[38.601,11.944],[38.602,11.95],[38.607,11.956],[38.623,11.963],[38.629,11.966],[38.632,11.971],[38.634,11.977],[38.635,12.0],[38.641,12.018],[38.64,12.026],[38.636,12.032],[38.626,12.039],[38.618,12.049],[38.611,12.064],[38.606,12.073],[38.595,12.078],[38.585,12.078],[38.571,12.082],[38.564,12.087],[38.559,12.094],[38.552,12.106],[38.529,12.121],[38.52,12.122],[38.512,12.121],[38.507,12.113],[38.501,12.114],[38.495,12.121],[38.489,12.123],[38.485,12.128],[38.479,12.148],[38.472,12.164],[38.467,12.196],[38.463,12.204],[38.464,12.209],[38.458,12.212],[38.448,12.221],[38.446,12.229],[38.448,12.241],[38.453,12.248],[38.456,12.259],[38.455,12.265],[38.46,12.284],[38.464,12.288],[38.472,12.297],[38.479,12.3],[38.477,12.307],[38.484,12.317],[38.486,12.324],[38.485,12.334],[38.489,12.341],[38.482,12.353],[38.482,12.362],[38.461,12.38],[38.448,12.397],[38.445,12.402],[38.444,12.409],[38.436,12.422],[38.437,12.433],[38.429,12.452],[38.435,12.465],[38.436,12.473],[38.431,12.479],[38.428,12.487],[38.431,12.498],[38.427,12.507],[38.423,12.523],[38.419,12.529],[38.425,12.531],[38.426,12.539],[38.423,12.55],[38.403,12.549],[38.397,12.545],[38.391,12.54],[38.37,12.53],[38.365,12.525],[38.356,12.514],[38.342,12.485],[38.323,12.472],[38.311,12.461],[38.304,12.449],[38.293,12.438],[38.29,12.433],[38.287,12.422],[38.283,12.416],[38.272,12.406],[38.261,12.395],[38.256,12.391],[38.243,12.387],[38.234,12.381],[38.223,12.378],[38.197,12.361],[38.184,12.347],[38.166,12.335],[38.145,12.327],[38.126,12.328],[38.12,12.316],[38.109,12.306],[38.099,12.302],[38.091,12.301],[38.076,12.302],[38.07,12.305],[38.066,12.327],[38.063,12.333],[38.045,12.325],[38.033,12.313],[38.026,12.313],[38.023,12.308],[38.018,12.306],[38.005,12.309],[37.999,12.299],[37.992,12.293],[37.985,12.294],[37.985,12.301],[37.978,12.304],[37.972,12.3],[37.969,12.294],[37.963,12.289],[37.957,12.29],[37.958,12.305],[37.944,12.304],[37.934,12.281],[37.939,12.273],[37.953,12.263],[37.954,12.255],[37.952,12.242],[37.953,12.235],[37.959,12.227],[37.96,12.219],[37.947,12.221],[37.939,12.225],[37.932,12.233],[37.921,12.26],[37.906,12.26],[37.9,12.266],[37.884,12.29],[37.877,12.288],[37.878,12.282],[37.874,12.279],[37.854,12.272],[37.842,12.26],[37.836,12.244],[37.828,12.235],[37.82,12.234],[37.813,12.235],[37.81,12.241],[37.819,12.253],[37.815,12.266],[37.817,12.283],[37.815,12.292],[37.804,12.306],[37.791,12.308],[37.792,12.313],[37.796,12.319],[37.792,12.343],[37.789,12.348],[37.784,12.353],[37.767,12.365],[37.761,12.364],[37.757,12.358],[37.752,12.355],[37.745,12.357],[37.743,12.351],[37.727,12.331],[37.722,12.328],[37.694,12.331],[37.691,12.339],[37.686,12.342],[37.682,12.338],[37.68,12.33],[37.675,12.324],[37.661,12.315],[37.647,12.299],[37.656,12.277],[37.665,12.276],[37.671,12.269],[37.67,12.261],[37.666,12.256],[37.686,12.259],[37.689,12.255],[37.694,12.241],[37.699,12.243],[37.704,12.241],[37.713,12.231],[37.721,12.227],[37.726,12.221],[37.732,12.219],[37.737,12.213],[37.75,12.211],[37.757,12.213],[37.753,12.188],[37.743,12.184],[37.74,12.177],[37.734,12.172],[37.728,12.17],[37.708,12.173],[37.694,12.171],[37.687,12.165],[37.684,12.159],[37.685,12.15],[37.678,12.148],[37.667,12.142],[37.66,12.14],[37.652,12.14],[37.648,12.147],[37.642,12.149],[37.637,12.147],[37.638,12.141],[37.649,12.125],[37.643,12.122],[37.635,12.123],[37.627,12.135],[37.613,12.132],[37.6,12.127],[37.603,12.123],[37.608,12.119],[37.614,12.111],[37.618,12.101],[37.617,12.09],[37.608,12.067],[37.601,12.052],[37.601,12.045],[37.591,12.035],[37.592,12.027],[37.591,12.02],[37.58,11.995],[37.574,11.989],[37.572,11.981],[37.573,11.974],[37.571,11.968],[37.549,11.922],[37.541,11.913],[37.523,11.896],[37.515,11.897],[37.513,11.904],[37.499,11.894],[37.503,11.884],[37.501,11.876],[37.501,11.87],[37.507,11.864],[37.51,11.852],[37.516,11.853],[37.515,11.838],[37.508,11.831],[37.5,11.833],[37.497,11.827],[37.482,11.826],[37.479,11.82],[37.473,11.83],[37.47,11.821],[37.47,11.815],[37.46,11.808],[37.462,11.801],[37.454,11.799],[37.45,11.795],[37.456,11.79],[37.457,11.775],[37.455,11.77],[37.449,11.766],[37.447,11.753],[37.441,11.753],[37.436,11.748],[37.436,11.742],[37.426,11.731],[37.437,11.717],[37.444,11.719],[37.456,11.726],[37.462,11.724],[37.466,11.717],[37.473,11.718],[37.494,11.726],[37.501,11.716],[37.499,11.708],[37.502,11.687],[37.522,11.665],[37.529,11.653],[37.542,11.645],[37.541,11.637],[37.536,11.632],[37.528,11.628],[37.524,11.622],[37.518,11.624],[37.513,11.621],[37.512,11.615],[37.52,11.605],[37.518,11.591],[37.536,11.583],[37.541,11.579],[37.543,11.574],[37.531,11.551],[37.524,11.544],[37.515,11.531],[37.514,11.524],[37.515,11.509],[37.529,11.5],[37.537,11.499],[37.548,11.504],[37.564,11.495],[37.574,11.487],[37.585,11.488],[37.591,11.485],[37.598,11.488],[37.605,11.488],[37.611,11.485],[37.622,11.482],[37.632,11.472],[37.632,11.463],[37.635,11.455],[37.653,11.428],[37.654,11.421],[37.658,11.418],[37.671,11.398],[37.676,11.383],[37.682,11.381],[37.688,11.363],[37.691,11.358],[37.703,11.348],[37.71,11.336],[37.718,11.33],[37.726,11.314],[37.732,11.31],[37.736,11.304],[37.751,11.291],[37.768,11.282],[37.787,11.264],[37.798,11.259],[37.806,11.259],[37.81,11.255],[37.816,11.254],[37.827,11.255],[37.832,11.253],[37.837,11.247],[37.856,11.235],[37.862,11.231],[37.872,11.218],[37.877,11.214],[37.909,11.21],[37.916,11.211],[37.926,11.208],[37.932,11.202],[37.94,11.199],[37.945,11.192],[37.951,11.192],[37.962,11.196],[37.976,11.199],[37.995,11.2],[38.002,11.194],[38.006,11.179],[38.013,11.175],[38.025,11.17],[38.042,11.17],[38.057,11.168],[38.074,11.156],[38.108,11.155],[38.116,11.152],[38.122,11.156],[38.129,11.156],[38.136,11.159],[38.156,11.161],[38.166,11.149],[38.178,11.141],[38.199,11.139],[38.205,11.139],[38.212,11.14],[38.236,11.152],[38.253,11.149],[38.265,11.143],[38.271,11.142],[38.279,11.143],[38.286,11.147],[38.292,11.149],[38.298,11.147],[38.31,11.137],[38.325,11.128],[38.332,11.122],[38.343,11.107],[38.366,11.104],[38.373,11.102],[38.385,11.09],[38.39,11.082],[38.41,11.077],[38.416,11.077],[38.421,11.079],[38.426,11.083],[38.433,11.083],[38.439,11.081],[38.451,11.067],[38.474,11.036]]]}},{"type":"Feature","properties":{"name":"South Omo"},"geometry":{"type":"Polygon","coordinates":[[[36.471,6.285],[36.466,6.292],[36.446,6.295],[36.439,6.297],[36.438,6.323],[36.421,6.334],[36.41,6.346],[36.407,6.352],[36.406,6.368],[36.403,6.379],[36.393,6.387],[36.385,6.398],[36.379,6.443],[36.372,6.453],[36.348,6.459],[36.336,6.46],[36.322,6.458],[36.313,6.45],[36.293,6.423],[36.284,6.415],[36.265,6.4],[36.247,6.392],[36.237,6.39],[36.221,6.399],[36.196,6.417],[36.19,6.423],[36.18,6.429],[36.165,6.431],[36.133,6.425],[36.121,6.417],[36.098,6.399],[36.087,6.389],[36.058,6.352],[36.04,6.339],[36.037,6.331],[36.043,6.302],[36.04,6.288],[36.029,6.273],[36.021,6.265],[36.014,6.261],[35.997,6.254],[35.987,6.245],[35.971,6.239],[35.965,6.215],[35.965,6.203],[35.968,6.19],[35.976,6.171],[35.969,6.162],[35.94,6.141],[35.936,6.128],[35.938,6.12],[35.956,6.093],[35.979,6.078],[35.974,6.049],[35.994,6.0],[35.997,5.973],[35.968,5.948],[35.977,5.919],[35.962,5.878],[35.953,5.827],[35.953,5.783],[35.969,5.749],[35.956,5.718],[35.955,5.671],[35.938,5.656],[35.915,5.663],[35.845,5.672],[35.795,5.661],[35.747,5.606],[35.737,5.545],[35.742,5.407],[35.741,5.371],[35.763,5.353],[35.786,5.344],[35.809,5.341],[35.814,5.338],[35.82,5.333],[35.829,5.333],[35.836,5.329],[35.84,5.322],[35.848,5.32],[35.855,5.316],[35.858,5.311],[35.86,5.304],[35.858,5.296],[35.854,5.285],[35.847,5.282],[35.843,5.275],[35.833,5.268],[35.828,5.262],[35.825,5.257],[35.823,5.249],[35.823,5.238],[35.825,5.229],[35.828,5.224],[35.837,5.204],[35.85,5.197],[35.853,5.19],[35.859,5.176],[35.859,5.166],[35.855,5.15],[35.846,5.143],[35.833,5.121],[35.815,5.105],[35.81,5.095],[35.809,5.088],[35.811,5.071],[35.81,4.995],[35.805,4.947],[35.805,4.924],[35.799,4.88],[35.794,4.805],[35.787,4.751],[35.787,4.733],[35.827,4.682],[35.847,4.653],[35.874,4.626],[35.904,4.591],[35.966,4.513],[35.998,4.493],[36.04,4.456],[36.05,4.451],[36.089,4.45],[36.115,4.451],[36.156,4.448],[36.21,4.446],[36.245,4.456],[36.266,4.445],[36.354,4.444],[36.398,4.441],[36.455,4.445],[36.544,4.441],[36.618,4.451],[36.641,4.451],[36.657,4.441],[36.713,4.441],[36.658,4.582],[36.682,4.606],[36.647,4.712],[36.829,4.711],[36.856,4.737],[36.864,4.794],[36.862,4.936],[36.866,4.946],[36.861,4.98],[36.883,5.076],[36.894,5.111],[36.922,5.147],[36.95,5.196],[36.984,5.194],[37.004,5.2],[37.016,5.269],[37.019,5.295],[37.034,5.334],[37.04,5.347],[37.039,5.352],[37.032,5.356],[37.039,5.373],[37.044,5.379],[37.051,5.38],[37.05,5.387],[37.058,5.399],[37.062,5.413],[37.064,5.427],[37.062,5.454],[37.055,5.469],[37.055,5.474],[37.049,5.494],[37.032,5.509],[37.013,5.519],[37.023,5.52],[37.017,5.529],[37.013,5.54],[37.012,5.547],[37.014,5.558],[37.011,5.563],[37.016,5.565],[37.015,5.576],[37.018,5.584],[37.019,5.591],[37.016,5.597],[37.026,5.606],[37.025,5.616],[37.031,5.619],[37.025,5.629],[37.016,5.651],[37.004,5.673],[37.001,5.694],[37.004,5.712],[37.01,5.781],[37.008,5.801],[37.009,5.832],[37.012,5.876],[37.01,5.891],[37.005,5.914],[36.966,5.984],[36.933,6.005],[36.923,6.008],[36.912,6.009],[36.906,6.004],[36.897,5.999],[36.888,5.998],[36.877,5.994],[36.871,5.986],[36.865,5.976],[36.856,5.969],[36.846,5.964],[36.838,5.955],[36.824,5.922],[36.817,5.913],[36.807,5.912],[36.795,5.912],[36.766,5.905],[36.754,5.906],[36.739,5.915],[36.732,5.925],[36.728,5.939],[36.726,5.955],[36.726,5.967],[36.724,5.976],[36.719,5.987],[36.718,6.034],[36.715,6.063],[36.712,6.072],[36.684,6.09],[36.688,6.096],[36.721,6.124],[36.728,6.133],[36.736,6.153],[36.736,6.166],[36.733,6.179],[36.709,6.212],[36.7,6.22],[36.684,6.227],[36.671,6.229],[36.617,6.22],[36.612,6.219],[36.564,6.206],[36.558,6.202],[36.547,6.188],[36.539,6.179],[36.53,6.175],[36.522,6.175],[36.517,6.176],[36.505,6.179],[36.494,6.184],[36.482,6.183],[36.461,6.17],[36.45,6.162],[36.438,6.156],[36.42,6.146],[36.411,6.143],[36.404,6.143],[36.399,6.152],[36.4,6.161],[36.406,6.172],[36.414,6.176],[36.42,6.182],[36.424,6.19],[36.425,6.198],[36.423,6.217],[36.427,6.221],[36.441,6.228],[36.446,6.234],[36.449,6.246],[36.457,6.263],[36.468,6.276],[36.471,6.285]]]}},{"type":"Feature","properties":{"name":"South West Shewa"},"geometry":{"type":"Polygon","coordinates":[[[38.762,8.855],[38.757,8.854],[38.755,8.86],[38.746,8.864],[38.746,8.871],[38.748,8.878],[38.744,8.881],[38.745,8.893],[38.744,8.904],[38.737,8.902],[38.732,8.906],[38.72,8.921],[38.709,8.922],[38.703,8.927],[38.698,8.934],[38.695,8.943],[38.689,8.941],[38.681,8.942],[38.682,8.951],[38.677,8.959],[38.644,8.967],[38.64,8.975],[38.655,8.978],[38.66,8.986],[38.659,8.996],[38.652,9.004],[38.653,9.011],[38.644,9.015],[38.62,9.008],[38.604,8.992],[38.534,8.901],[38.508,8.877],[38.489,8.865],[38.473,8.87],[38.46,8.887],[38.443,8.877],[38.434,8.878],[38.425,8.857],[38.417,8.85],[38.408,8.847],[38.365,8.883],[38.344,8.893],[38.318,8.9],[38.278,8.93],[38.269,8.933],[38.264,8.937],[38.239,8.918],[38.219,8.92],[38.212,8.919],[38.192,8.905],[38.173,8.896],[38.15,8.895],[38.124,8.89],[38.096,8.877],[38.095,8.855],[38.131,8.833],[38.142,8.809],[38.148,8.765],[38.132,8.752],[38.113,8.746],[38.088,8.749],[38.069,8.754],[38.05,8.752],[38.033,8.742],[38.019,8.727],[38.024,8.721],[38.016,8.716],[38.01,8.721],[37.993,8.719],[37.979,8.726],[37.973,8.745],[37.955,8.758],[37.937,8.769],[37.916,8.789],[37.892,8.804],[37.868,8.793],[37.839,8.789],[37.824,8.791],[37.811,8.783],[37.815,8.777],[37.784,8.761],[37.759,8.742],[37.73,8.734],[37.703,8.716],[37.678,8.698],[37.634,8.686],[37.624,8.664],[37.605,8.638],[37.593,8.58],[37.568,8.508],[37.543,8.475],[37.536,8.459],[37.536,8.425],[37.559,8.427],[37.577,8.415],[37.599,8.366],[37.613,8.355],[37.667,8.385],[37.68,8.379],[37.693,8.355],[37.705,8.338],[37.718,8.335],[37.732,8.344],[37.749,8.353],[37.766,8.348],[37.78,8.341],[37.797,8.336],[37.817,8.333],[37.84,8.333],[37.864,8.337],[37.888,8.351],[37.911,8.372],[37.929,8.379],[37.949,8.369],[37.989,8.361],[38.009,8.374],[38.029,8.391],[38.04,8.39],[38.068,8.377],[38.078,8.382],[38.087,8.391],[38.104,8.39],[38.111,8.391],[38.123,8.408],[38.14,8.411],[38.165,8.409],[38.181,8.394],[38.218,8.41],[38.239,8.41],[38.267,8.408],[38.283,8.401],[38.29,8.382],[38.302,8.377],[38.312,8.371],[38.313,8.354],[38.309,8.331],[38.308,8.301],[38.323,8.273],[38.334,8.26],[38.348,8.255],[38.376,8.267],[38.383,8.275],[38.402,8.281],[38.422,8.29],[38.431,8.3],[38.433,8.313],[38.442,8.336],[38.453,8.386],[38.462,8.401],[38.469,8.436],[38.479,8.448],[38.502,8.445],[38.528,8.459],[38.549,8.454],[38.577,8.446],[38.585,8.434],[38.592,8.427],[38.605,8.433],[38.618,8.432],[38.64,8.413],[38.655,8.396],[38.662,8.377],[38.668,8.352],[38.667,8.328],[38.688,8.331],[38.717,8.368],[38.736,8.384],[38.753,8.394],[38.762,8.413],[38.763,8.429],[38.76,8.451],[38.755,8.473],[38.754,8.494],[38.764,8.537],[38.761,8.555],[38.747,8.565],[38.73,8.57],[38.723,8.584],[38.718,8.614],[38.723,8.622],[38.748,8.641],[38.751,8.662],[38.749,8.682],[38.742,8.704],[38.738,8.725],[38.737,8.744],[38.741,8.772],[38.746,8.791],[38.755,8.814],[38.753,8.833],[38.756,8.846],[38.768,8.848],[38.762,8.855]]]}},{"type":"Feature","properties":{"name":"South Wollo"},"geometry":{"type":"Polygon","coordinates":[[[38.491,10.365],[38.504,10.364],[38.516,10.368],[38.525,10.369],[38.535,10.367],[38.542,10.371],[38.561,10.377],[38.567,10.375],[38.579,10.378],[38.593,10.375],[38.606,10.376],[38.625,10.379],[38.631,10.383],[38.657,10.375],[38.665,10.374],[38.672,10.375],[38.677,10.378],[38.683,10.38],[38.698,10.38],[38.713,10.388],[38.739,10.387],[38.747,10.385],[38.762,10.377],[38.773,10.367],[38.792,10.367],[38.807,10.37],[38.816,10.365],[38.847,10.362],[38.877,10.357],[38.882,10.359],[38.89,10.358],[38.904,10.349],[38.912,10.348],[38.921,10.35],[38.94,10.348],[38.953,10.34],[38.956,10.335],[38.972,10.33],[38.978,10.332],[38.998,10.344],[39.013,10.359],[39.018,10.369],[39.031,10.374],[39.041,10.374],[39.055,10.377],[39.06,10.374],[39.063,10.367],[39.064,10.352],[39.068,10.346],[39.082,10.342],[39.088,10.336],[39.096,10.323],[39.103,10.323],[39.109,10.331],[39.136,10.338],[39.16,10.325],[39.166,10.318],[39.169,10.301],[39.181,10.289],[39.19,10.285],[39.203,10.282],[39.214,10.292],[39.222,10.308],[39.246,10.303],[39.245,10.282],[39.24,10.276],[39.233,10.273],[39.225,10.265],[39.219,10.252],[39.202,10.241],[39.194,10.225],[39.192,10.217],[39.175,10.188],[39.174,10.182],[39.182,10.181],[39.186,10.173],[39.199,10.165],[39.204,10.16],[39.219,10.16],[39.223,10.167],[39.23,10.168],[39.234,10.175],[39.256,10.186],[39.275,10.201],[39.277,10.207],[39.28,10.211],[39.282,10.216],[39.289,10.228],[39.299,10.253],[39.305,10.257],[39.309,10.264],[39.315,10.267],[39.319,10.271],[39.32,10.277],[39.324,10.283],[39.33,10.285],[39.335,10.29],[39.344,10.29],[39.355,10.296],[39.364,10.303],[39.378,10.323],[39.395,10.334],[39.399,10.331],[39.415,10.354],[39.422,10.359],[39.433,10.371],[39.439,10.389],[39.436,10.395],[39.449,10.412],[39.451,10.421],[39.456,10.432],[39.46,10.437],[39.461,10.451],[39.466,10.466],[39.487,10.487],[39.495,10.504],[39.494,10.516],[39.49,10.527],[39.486,10.535],[39.482,10.54],[39.475,10.545],[39.472,10.55],[39.471,10.562],[39.472,10.582],[39.475,10.6],[39.476,10.625],[39.48,10.667],[39.484,10.671],[39.498,10.677],[39.508,10.67],[39.516,10.666],[39.52,10.657],[39.521,10.649],[39.524,10.644],[39.531,10.64],[39.551,10.656],[39.555,10.661],[39.57,10.667],[39.575,10.67],[39.581,10.67],[39.588,10.681],[39.593,10.698],[39.604,10.704],[39.623,10.712],[39.632,10.721],[39.645,10.73],[39.65,10.735],[39.656,10.739],[39.662,10.738],[39.677,10.744],[39.694,10.745],[39.704,10.747],[39.708,10.751],[39.714,10.763],[39.708,10.771],[39.708,10.781],[39.703,10.787],[39.697,10.79],[39.691,10.798],[39.695,10.805],[39.702,10.808],[39.709,10.81],[39.722,10.797],[39.728,10.793],[39.732,10.798],[39.733,10.806],[39.73,10.813],[39.715,10.824],[39.713,10.83],[39.701,10.833],[39.681,10.844],[39.679,10.858],[39.682,10.863],[39.68,10.871],[39.667,10.885],[39.667,10.891],[39.673,10.895],[39.683,10.886],[39.689,10.884],[39.695,10.879],[39.72,10.872],[39.726,10.873],[39.736,10.881],[39.744,10.883],[39.752,10.88],[39.766,10.886],[39.77,10.891],[39.779,10.891],[39.783,10.886],[39.788,10.882],[39.789,10.876],[39.796,10.879],[39.806,10.886],[39.814,10.894],[39.822,10.898],[39.829,10.899],[39.833,10.892],[39.839,10.887],[39.839,10.882],[39.836,10.869],[39.836,10.861],[39.838,10.854],[39.848,10.85],[39.853,10.851],[39.859,10.857],[39.867,10.859],[39.888,10.863],[39.881,10.875],[39.876,10.879],[39.88,10.883],[39.89,10.89],[39.889,10.906],[39.891,10.914],[39.89,10.934],[39.89,10.943],[39.896,10.95],[39.89,10.957],[39.882,10.957],[39.874,10.96],[39.867,10.966],[39.878,10.978],[39.884,10.981],[39.893,10.981],[39.903,10.977],[39.912,10.979],[39.92,10.984],[39.924,10.994],[39.931,10.997],[39.938,11.0],[39.953,11.016],[39.941,11.029],[39.937,11.035],[39.943,11.04],[39.948,11.047],[39.952,11.05],[39.972,11.033],[39.983,11.029],[39.991,11.028],[39.998,11.03],[39.993,11.041],[39.994,11.048],[39.99,11.055],[39.988,11.062],[39.98,11.072],[39.977,11.085],[39.964,11.102],[39.961,11.108],[39.966,11.113],[39.968,11.12],[39.967,11.129],[39.977,11.145],[39.976,11.152],[39.982,11.157],[39.974,11.172],[39.977,11.178],[39.977,11.183],[39.969,11.192],[39.951,11.19],[39.936,11.202],[39.931,11.209],[39.924,11.229],[39.922,11.239],[39.916,11.237],[39.909,11.229],[39.895,11.232],[39.896,11.24],[39.891,11.246],[39.89,11.253],[39.893,11.265],[39.896,11.271],[39.89,11.273],[39.885,11.277],[39.871,11.3],[39.865,11.304],[39.849,11.305],[39.849,11.31],[39.851,11.314],[39.858,11.315],[39.89,11.333],[39.902,11.335],[39.908,11.335],[39.915,11.341],[39.923,11.344],[39.949,11.348],[39.96,11.357],[39.973,11.362],[39.982,11.37],[40.009,11.401],[40.012,11.408],[40.02,11.414],[40.037,11.419],[40.052,11.425],[40.067,11.43],[40.068,11.444],[40.062,11.475],[40.056,11.489],[40.025,11.532],[40.007,11.559],[39.994,11.585],[39.993,11.598],[39.998,11.613],[39.992,11.612],[39.98,11.606],[39.973,11.605],[39.967,11.6],[39.937,11.587],[39.926,11.578],[39.907,11.553],[39.89,11.539],[39.854,11.514],[39.829,11.504],[39.817,11.497],[39.805,11.486],[39.796,11.481],[39.77,11.474],[39.763,11.476],[39.745,11.474],[39.738,11.469],[39.731,11.468],[39.723,11.471],[39.714,11.475],[39.684,11.473],[39.68,11.471],[39.67,11.469],[39.669,11.478],[39.67,11.485],[39.667,11.495],[39.668,11.502],[39.663,11.505],[39.652,11.504],[39.649,11.509],[39.641,11.513],[39.636,11.511],[39.629,11.518],[39.62,11.524],[39.612,11.524],[39.601,11.522],[39.594,11.522],[39.593,11.531],[39.6,11.545],[39.601,11.551],[39.6,11.562],[39.594,11.574],[39.587,11.607],[39.583,11.618],[39.586,11.658],[39.583,11.696],[39.577,11.704],[39.558,11.708],[39.544,11.709],[39.545,11.691],[39.542,11.676],[39.537,11.67],[39.522,11.665],[39.509,11.662],[39.504,11.658],[39.497,11.647],[39.49,11.641],[39.488,11.63],[39.481,11.615],[39.483,11.608],[39.478,11.603],[39.47,11.598],[39.465,11.594],[39.435,11.586],[39.414,11.588],[39.393,11.586],[39.376,11.589],[39.361,11.59],[39.354,11.591],[39.345,11.595],[39.336,11.595],[39.311,11.591],[39.303,11.581],[39.283,11.548],[39.282,11.536],[39.277,11.518],[39.257,11.497],[39.255,11.492],[39.261,11.487],[39.255,11.484],[39.24,11.482],[39.227,11.473],[39.218,11.473],[39.212,11.471],[39.199,11.463],[39.183,11.455],[39.174,11.456],[39.159,11.453],[39.153,11.455],[39.132,11.447],[39.121,11.445],[39.115,11.439],[39.099,11.435],[39.09,11.43],[39.081,11.428],[39.075,11.431],[39.056,11.419],[39.044,11.409],[39.039,11.409],[39.035,11.404],[39.03,11.401],[39.025,11.396],[39.019,11.396],[39.015,11.398],[38.998,11.397],[38.992,11.393],[38.974,11.391],[38.965,11.392],[38.949,11.379],[38.947,11.368],[38.942,11.363],[38.936,11.362],[38.929,11.352],[38.922,11.346],[38.916,11.349],[38.901,11.348],[38.897,11.355],[38.895,11.367],[38.891,11.375],[38.881,11.377],[38.862,11.378],[38.856,11.376],[38.854,11.381],[38.848,11.385],[38.841,11.383],[38.836,11.378],[38.824,11.372],[38.802,11.369],[38.791,11.379],[38.785,11.381],[38.78,11.381],[38.77,11.389],[38.762,11.391],[38.747,11.405],[38.738,11.407],[38.728,11.419],[38.721,11.419],[38.713,11.416],[38.706,11.415],[38.701,11.409],[38.678,11.398],[38.675,11.392],[38.67,11.389],[38.656,11.385],[38.651,11.378],[38.649,11.369],[38.644,11.364],[38.639,11.354],[38.635,11.351],[38.635,11.344],[38.642,11.338],[38.64,11.332],[38.633,11.327],[38.632,11.319],[38.626,11.299],[38.617,11.298],[38.618,11.291],[38.609,11.28],[38.61,11.27],[38.606,11.265],[38.595,11.255],[38.59,11.25],[38.585,11.236],[38.574,11.231],[38.57,11.227],[38.58,11.215],[38.579,11.201],[38.576,11.195],[38.576,11.191],[38.572,11.185],[38.564,11.184],[38.563,11.175],[38.556,11.171],[38.552,11.167],[38.546,11.157],[38.53,11.148],[38.517,11.145],[38.517,11.137],[38.513,11.131],[38.504,11.121],[38.495,11.114],[38.487,11.103],[38.482,11.099],[38.478,11.093],[38.477,11.085],[38.471,11.08],[38.467,11.074],[38.48,11.057],[38.48,11.041],[38.474,11.036],[38.478,11.029],[38.49,10.994],[38.498,10.979],[38.499,10.972],[38.493,10.964],[38.499,10.956],[38.504,10.939],[38.51,10.934],[38.518,10.917],[38.518,10.908],[38.524,10.894],[38.527,10.88],[38.524,10.871],[38.519,10.865],[38.517,10.851],[38.509,10.84],[38.509,10.834],[38.52,10.806],[38.527,10.801],[38.523,10.794],[38.529,10.789],[38.53,10.783],[38.522,10.777],[38.513,10.762],[38.509,10.75],[38.508,10.736],[38.51,10.731],[38.511,10.724],[38.509,10.716],[38.51,10.704],[38.514,10.698],[38.515,10.692],[38.513,10.687],[38.507,10.682],[38.506,10.667],[38.497,10.658],[38.491,10.644],[38.487,10.64],[38.482,10.638],[38.476,10.631],[38.469,10.597],[38.464,10.593],[38.463,10.586],[38.468,10.566],[38.464,10.552],[38.464,10.543],[38.469,10.536],[38.471,10.525],[38.48,10.513],[38.481,10.505],[38.478,10.5],[38.479,10.492],[38.487,10.483],[38.486,10.475],[38.48,10.461],[38.483,10.456],[38.481,10.451],[38.482,10.445],[38.486,10.44],[38.485,10.428],[38.482,10.418],[38.483,10.406],[38.49,10.394],[38.487,10.373],[38.491,10.365]]]}},{"type":"Feature","properties":{"name":"Southern"},"geometry":{"type":"Polygon","coordinates":[[[39.037,13.171],[39.042,13.162],[39.043,13.156],[39.038,13.135],[39.027,13.129],[39.021,13.128],[39.011,13.115],[38.979,13.1],[38.991,13.082],[38.991,13.064],[38.995,13.046],[39.001,13.04],[39.005,13.024],[38.995,13.012],[39.001,13.004],[39.01,13.005],[39.015,13.002],[39.035,13.001],[39.045,12.994],[39.054,12.991],[39.075,12.977],[39.084,12.96],[39.101,12.959],[39.12,12.962],[39.143,12.957],[39.151,12.954],[39.156,12.951],[39.164,12.949],[39.176,12.939],[39.194,12.929],[39.204,12.93],[39.216,12.923],[39.233,12.917],[39.252,12.919],[39.26,12.915],[39.264,12.895],[39.28,12.857],[39.296,12.872],[39.304,12.871],[39.308,12.867],[39.311,12.853],[39.291,12.839],[39.279,12.827],[39.308,12.812],[39.304,12.794],[39.297,12.786],[39.277,12.789],[39.269,12.772],[39.28,12.759],[39.282,12.744],[39.275,12.727],[39.27,12.724],[39.286,12.705],[39.281,12.689],[39.267,12.678],[39.24,12.664],[39.232,12.667],[39.213,12.662],[39.2,12.661],[39.188,12.657],[39.182,12.653],[39.175,12.644],[39.184,12.631],[39.184,12.613],[39.205,12.577],[39.21,12.561],[39.21,12.55],[39.215,12.544],[39.218,12.537],[39.219,12.531],[39.224,12.523],[39.223,12.517],[39.231,12.502],[39.232,12.494],[39.232,12.487],[39.237,12.474],[39.237,12.45],[39.242,12.426],[39.243,12.404],[39.241,12.395],[39.245,12.366],[39.247,12.361],[39.246,12.354],[39.252,12.345],[39.264,12.335],[39.264,12.331],[39.281,12.306],[39.286,12.3],[39.292,12.297],[39.306,12.298],[39.323,12.306],[39.335,12.301],[39.343,12.301],[39.351,12.299],[39.373,12.302],[39.389,12.301],[39.404,12.296],[39.42,12.297],[39.428,12.303],[39.442,12.316],[39.456,12.326],[39.471,12.322],[39.508,12.334],[39.524,12.327],[39.539,12.293],[39.544,12.266],[39.556,12.256],[39.573,12.257],[39.593,12.272],[39.598,12.271],[39.606,12.271],[39.615,12.276],[39.626,12.289],[39.622,12.301],[39.633,12.308],[39.66,12.307],[39.68,12.309],[39.707,12.307],[39.722,12.309],[39.74,12.314],[39.759,12.321],[39.762,12.304],[39.778,12.312],[39.801,12.317],[39.818,12.325],[39.818,12.343],[39.832,12.358],[39.83,12.366],[39.826,12.373],[39.824,12.385],[39.821,12.391],[39.822,12.396],[39.816,12.408],[39.822,12.416],[39.834,12.434],[39.848,12.45],[39.864,12.464],[39.883,12.458],[39.883,12.468],[39.872,12.47],[39.867,12.473],[39.882,12.485],[39.869,12.495],[39.864,12.507],[39.863,12.518],[39.865,12.524],[39.864,12.532],[39.853,12.548],[39.841,12.547],[39.834,12.551],[39.827,12.562],[39.828,12.573],[39.816,12.582],[39.808,12.597],[39.81,12.604],[39.82,12.619],[39.825,12.623],[39.833,12.635],[39.824,12.646],[39.821,12.66],[39.827,12.694],[39.84,12.714],[39.868,12.724],[39.871,12.735],[39.89,12.756],[39.9,12.763],[39.92,12.768],[39.928,12.768],[39.944,12.772],[39.964,12.783],[39.979,12.793],[39.973,12.798],[39.97,12.815],[39.966,12.823],[39.953,12.838],[39.942,12.862],[39.93,12.875],[39.93,12.882],[39.926,12.894],[39.917,12.905],[39.907,12.915],[39.905,12.922],[39.899,12.927],[39.887,12.932],[39.874,12.943],[39.863,12.963],[39.861,12.97],[39.863,12.995],[39.861,13.004],[39.864,13.02],[39.859,13.037],[39.849,13.053],[39.836,13.084],[39.834,13.089],[39.832,13.113],[39.825,13.133],[39.817,13.147],[39.813,13.156],[39.81,13.177],[39.805,13.19],[39.808,13.203],[39.809,13.218],[39.801,13.22],[39.8,13.228],[39.788,13.246],[39.786,13.253],[39.787,13.263],[39.778,13.276],[39.768,13.286],[39.763,13.284],[39.76,13.28],[39.743,13.283],[39.737,13.287],[39.731,13.287],[39.726,13.289],[39.721,13.295],[39.729,13.309],[39.736,13.315],[39.739,13.322],[39.737,13.328],[39.74,13.334],[39.743,13.352],[39.743,13.358],[39.741,13.364],[39.733,13.374],[39.73,13.379],[39.747,13.375],[39.742,13.383],[39.744,13.39],[39.739,13.4],[39.735,13.404],[39.729,13.423],[39.727,13.442],[39.72,13.476],[39.724,13.51],[39.729,13.517],[39.73,13.525],[39.735,13.529],[39.741,13.548],[39.74,13.564],[39.745,13.571],[39.735,13.582],[39.723,13.588],[39.717,13.595],[39.684,13.612],[39.683,13.604],[39.671,13.597],[39.66,13.587],[39.655,13.582],[39.649,13.57],[39.644,13.565],[39.634,13.56],[39.62,13.588],[39.619,13.593],[39.608,13.602],[39.602,13.599],[39.598,13.595],[39.592,13.584],[39.586,13.578],[39.573,13.576],[39.557,13.583],[39.555,13.59],[39.543,13.601],[39.534,13.594],[39.529,13.595],[39.516,13.602],[39.515,13.61],[39.506,13.619],[39.497,13.62],[39.492,13.616],[39.484,13.619],[39.477,13.626],[39.477,13.634],[39.475,13.64],[39.464,13.641],[39.444,13.621],[39.432,13.62],[39.425,13.613],[39.413,13.62],[39.408,13.624],[39.402,13.623],[39.397,13.616],[39.39,13.612],[39.392,13.605],[39.385,13.605],[39.38,13.603],[39.377,13.598],[39.381,13.595],[39.371,13.586],[39.364,13.568],[39.358,13.565],[39.363,13.556],[39.355,13.551],[39.349,13.55],[39.349,13.544],[39.353,13.54],[39.355,13.532],[39.351,13.528],[39.343,13.514],[39.344,13.505],[39.342,13.498],[39.337,13.493],[39.338,13.486],[39.331,13.481],[39.325,13.467],[39.318,13.464],[39.314,13.467],[39.307,13.467],[39.302,13.47],[39.295,13.471],[39.291,13.476],[39.285,13.488],[39.273,13.492],[39.267,13.496],[39.256,13.494],[39.243,13.488],[39.237,13.482],[39.228,13.484],[39.219,13.484],[39.205,13.487],[39.198,13.485],[39.193,13.479],[39.186,13.483],[39.181,13.479],[39.176,13.478],[39.17,13.474],[39.157,13.475],[39.152,13.479],[39.149,13.474],[39.139,13.48],[39.123,13.477],[39.115,13.479],[39.11,13.485],[39.105,13.481],[39.1,13.485],[39.091,13.484],[39.091,13.477],[39.082,13.475],[39.08,13.471],[39.081,13.466],[39.075,13.466],[39.07,13.468],[39.057,13.454],[39.045,13.448],[39.041,13.451],[39.032,13.452],[39.023,13.459],[39.022,13.449],[39.02,13.444],[39.021,13.431],[39.024,13.419],[39.027,13.403],[39.027,13.391],[39.03,13.387],[39.03,13.381],[39.028,13.375],[39.036,13.364],[39.041,13.36],[39.045,13.346],[39.051,13.341],[39.055,13.335],[39.062,13.329],[39.063,13.322],[39.056,13.318],[39.051,13.31],[39.047,13.295],[39.043,13.289],[39.05,13.285],[39.062,13.285],[39.071,13.294],[39.081,13.282],[39.09,13.281],[39.095,13.276],[39.091,13.262],[39.093,13.247],[39.097,13.242],[39.099,13.236],[39.093,13.223],[39.074,13.218],[39.07,13.213],[39.07,13.207],[39.067,13.2],[39.053,13.202],[39.048,13.198],[39.044,13.188],[39.045,13.182],[39.042,13.175],[39.037,13.171]]]}},{"type":"Feature","properties":{"name":"Special Woreda"},"geometry":{"type":"Polygon","coordinates":[[[39.998,11.03],[39.991,11.028],[39.983,11.029],[39.972,11.033],[39.952,11.05],[39.948,11.047],[39.943,11.04],[39.937,11.035],[39.941,11.029],[39.953,11.016],[39.938,11.0],[39.931,10.997],[39.924,10.994],[39.92,10.984],[39.912,10.979],[39.903,10.977],[39.893,10.981],[39.884,10.981],[39.878,10.978],[39.867,10.966],[39.874,10.96],[39.882,10.957],[39.89,10.957],[39.896,10.95],[39.89,10.943],[39.89,10.934],[39.891,10.914],[39.889,10.906],[39.89,10.89],[39.907,10.895],[39.908,10.888],[39.914,10.886],[39.927,10.891],[39.933,10.89],[39.944,10.888],[39.951,10.885],[39.959,10.873],[39.957,10.865],[39.954,10.858],[39.932,10.824],[39.943,10.829],[39.958,10.845],[39.966,10.847],[39.979,10.848],[39.986,10.844],[39.992,10.836],[40.007,10.843],[40.013,10.848],[40.029,10.854],[40.039,10.853],[40.049,10.853],[40.058,10.856],[40.065,10.857],[40.078,10.864],[40.085,10.863],[40.105,10.868],[40.114,10.874],[40.105,10.876],[40.095,10.883],[40.091,10.889],[40.087,10.894],[40.077,10.899],[40.06,10.905],[40.056,10.909],[40.05,10.911],[40.041,10.934],[40.04,10.943],[40.047,10.951],[40.057,10.952],[40.072,10.963],[40.069,10.97],[40.057,10.974],[40.055,10.979],[40.05,10.982],[40.044,10.983],[40.039,10.982],[40.036,10.99],[40.03,10.994],[40.019,10.997],[40.014,11.005],[40.003,11.019],[40.001,11.025],[39.998,11.03]]]}},{"type":"Feature","properties":{"name":"Wag Himra"},"geometry":{"type":"Polygon","coordinates":[[[38.74,13.297],[38.734,13.291],[38.727,13.291],[38.72,13.288],[38.714,13.288],[38.701,13.29],[38.691,13.289],[38.682,13.284],[38.661,13.265],[38.645,13.267],[38.633,13.27],[38.627,13.269],[38.562,13.265],[38.556,13.262],[38.553,13.247],[38.559,13.239],[38.561,13.231],[38.558,13.219],[38.56,13.199],[38.552,13.188],[38.538,13.189],[38.53,13.177],[38.521,13.167],[38.516,13.16],[38.515,13.153],[38.518,13.147],[38.518,13.139],[38.516,13.134],[38.511,13.133],[38.506,13.128],[38.515,13.114],[38.512,13.109],[38.499,13.114],[38.491,13.103],[38.488,13.09],[38.482,13.087],[38.47,13.09],[38.463,13.089],[38.468,13.081],[38.466,13.073],[38.463,13.067],[38.455,13.068],[38.452,13.062],[38.456,13.057],[38.461,13.052],[38.462,13.046],[38.456,13.044],[38.441,13.042],[38.429,13.037],[38.421,13.038],[38.415,13.044],[38.405,13.061],[38.39,13.065],[38.382,13.064],[38.378,13.059],[38.381,13.051],[38.38,13.024],[38.385,13.018],[38.38,13.015],[38.358,13.015],[38.35,13.011],[38.345,13.006],[38.342,13.0],[38.342,12.988],[38.349,12.983],[38.347,12.976],[38.338,12.969],[38.336,12.957],[38.339,12.952],[38.343,12.947],[38.349,12.951],[38.352,12.945],[38.357,12.946],[38.361,12.951],[38.366,12.954],[38.372,12.939],[38.378,12.935],[38.384,12.934],[38.391,12.928],[38.388,12.923],[38.386,12.916],[38.382,12.912],[38.385,12.906],[38.384,12.9],[38.388,12.894],[38.371,12.894],[38.367,12.898],[38.37,12.902],[38.367,12.907],[38.359,12.912],[38.348,12.905],[38.347,12.9],[38.35,12.876],[38.342,12.865],[38.336,12.864],[38.336,12.858],[38.353,12.837],[38.352,12.829],[38.346,12.818],[38.341,12.804],[38.335,12.794],[38.332,12.77],[38.334,12.762],[38.339,12.757],[38.355,12.759],[38.379,12.746],[38.386,12.746],[38.397,12.751],[38.405,12.75],[38.425,12.739],[38.438,12.741],[38.443,12.745],[38.451,12.747],[38.464,12.741],[38.465,12.735],[38.454,12.727],[38.459,12.719],[38.458,12.712],[38.45,12.699],[38.449,12.693],[38.453,12.686],[38.45,12.672],[38.457,12.665],[38.458,12.657],[38.464,12.654],[38.468,12.649],[38.469,12.641],[38.475,12.635],[38.48,12.627],[38.473,12.621],[38.476,12.615],[38.478,12.608],[38.464,12.595],[38.464,12.588],[38.46,12.583],[38.451,12.581],[38.448,12.574],[38.435,12.569],[38.432,12.556],[38.429,12.552],[38.423,12.55],[38.426,12.539],[38.425,12.531],[38.419,12.529],[38.423,12.523],[38.427,12.507],[38.431,12.498],[38.428,12.487],[38.431,12.479],[38.436,12.473],[38.435,12.465],[38.429,12.452],[38.437,12.433],[38.436,12.422],[38.444,12.409],[38.445,12.402],[38.448,12.397],[38.461,12.38],[38.482,12.362],[38.482,12.353],[38.489,12.341],[38.485,12.334],[38.486,12.324],[38.484,12.317],[38.477,12.307],[38.479,12.3],[38.484,12.293],[38.498,12.287],[38.518,12.282],[38.532,12.286],[38.544,12.294],[38.565,12.293],[38.571,12.29],[38.584,12.289],[38.592,12.286],[38.628,12.282],[38.634,12.28],[38.64,12.276],[38.652,12.275],[38.671,12.269],[38.683,12.271],[38.689,12.27],[38.694,12.273],[38.703,12.274],[38.726,12.288],[38.738,12.292],[38.752,12.291],[38.768,12.285],[38.773,12.281],[38.781,12.278],[38.795,12.269],[38.805,12.265],[38.813,12.264],[38.821,12.267],[38.838,12.276],[38.862,12.274],[38.869,12.276],[38.88,12.27],[38.895,12.27],[38.901,12.267],[38.918,12.263],[38.957,12.247],[38.968,12.247],[38.982,12.249],[39.0,12.245],[39.006,12.242],[39.007,12.232],[39.005,12.213],[39.008,12.169],[39.014,12.164],[39.051,12.174],[39.081,12.176],[39.086,12.175],[39.09,12.17],[39.09,12.161],[39.094,12.143],[39.093,12.137],[39.09,12.132],[39.092,12.126],[39.102,12.118],[39.108,12.117],[39.121,12.118],[39.131,12.12],[39.138,12.127],[39.149,12.145],[39.156,12.166],[39.159,12.172],[39.167,12.173],[39.176,12.18],[39.186,12.191],[39.188,12.197],[39.196,12.205],[39.199,12.218],[39.211,12.238],[39.217,12.258],[39.22,12.263],[39.242,12.289],[39.248,12.3],[39.256,12.311],[39.264,12.331],[39.264,12.335],[39.252,12.345],[39.246,12.354],[39.247,12.361],[39.245,12.366],[39.241,12.395],[39.243,12.404],[39.242,12.426],[39.237,12.45],[39.237,12.474],[39.232,12.487],[39.232,12.494],[39.231,12.502],[39.223,12.517],[39.224,12.523],[39.219,12.531],[39.218,12.537],[39.215,12.544],[39.21,12.55],[39.21,12.561],[39.205,12.577],[39.184,12.613],[39.184,12.631],[39.175,12.644],[39.182,12.653],[39.188,12.657],[39.2,12.661],[39.213,12.662],[39.232,12.667],[39.24,12.664],[39.267,12.678],[39.281,12.689],[39.286,12.705],[39.27,12.724],[39.275,12.727],[39.282,12.744],[39.28,12.759],[39.269,12.772],[39.277,12.789],[39.297,12.786],[39.304,12.794],[39.308,12.812],[39.279,12.827],[39.291,12.839],[39.311,12.853],[39.308,12.867],[39.304,12.871],[39.296,12.872],[39.28,12.857],[39.264,12.895],[39.26,12.915],[39.252,12.919],[39.233,12.917],[39.216,12.923],[39.204,12.93],[39.194,12.929],[39.176,12.939],[39.164,12.949],[39.156,12.951],[39.151,12.954],[39.143,12.957],[39.12,12.962],[39.101,12.959],[39.084,12.96],[39.075,12.977],[39.054,12.991],[39.045,12.994],[39.035,13.001],[39.015,13.002],[39.01,13.005],[39.001,13.004],[38.995,13.012],[39.005,13.024],[39.001,13.04],[38.995,13.046],[38.991,13.064],[38.991,13.082],[38.979,13.1],[39.011,13.115],[39.021,13.128],[39.027,13.129],[39.038,13.135],[39.043,13.156],[39.042,13.162],[39.037,13.171],[39.018,13.179],[38.998,13.204],[38.986,13.203],[38.966,13.208],[38.957,13.213],[38.957,13.22],[38.954,13.224],[38.953,13.238],[38.93,13.236],[38.919,13.231],[38.914,13.225],[38.894,13.224],[38.877,13.221],[38.868,13.216],[38.864,13.21],[38.851,13.215],[38.839,13.23],[38.835,13.233],[38.82,13.235],[38.802,13.248],[38.791,13.251],[38.78,13.25],[38.744,13.266],[38.732,13.263],[38.731,13.27],[38.736,13.283],[38.741,13.287],[38.74,13.297]]]}},{"type":"Feature","properties":{"name":"West Arsi"},"geometry":{"type":"Polygon","coordinates":[[[38.101,7.208],[38.088,7.196],[38.079,7.181],[38.077,7.155],[38.07,7.124],[38.067,7.089],[38.062,7.073],[38.064,7.067],[38.065,7.045],[38.074,7.031],[38.089,7.024],[38.103,7.012],[38.11,7.001],[38.118,6.982],[38.13,6.975],[38.147,6.979],[38.171,7.002],[38.195,7.014],[38.217,7.016],[38.239,7.021],[38.255,7.061],[38.29,7.108],[38.306,7.123],[38.314,7.148],[38.323,7.163],[38.343,7.166],[38.358,7.147],[38.379,7.131],[38.401,7.123],[38.422,7.124],[38.443,7.128],[38.461,7.119],[38.465,7.101],[38.481,7.092],[38.506,7.089],[38.529,7.092],[38.547,7.092],[38.567,7.114],[38.584,7.128],[38.612,7.125],[38.631,7.112],[38.647,7.097],[38.638,7.067],[38.654,7.063],[38.669,7.061],[38.682,7.05],[38.685,7.035],[38.679,7.03],[38.675,7.018],[38.678,7.007],[38.69,7.002],[38.698,7.015],[38.711,7.014],[38.715,6.993],[38.712,6.975],[38.701,6.97],[38.696,6.959],[38.702,6.946],[38.705,6.932],[38.701,6.905],[38.706,6.887],[38.715,6.862],[38.699,6.85],[38.668,6.834],[38.641,6.814],[38.637,6.801],[38.637,6.773],[38.644,6.77],[38.659,6.771],[38.673,6.764],[38.679,6.75],[38.689,6.746],[38.706,6.743],[38.722,6.731],[38.728,6.713],[38.743,6.702],[38.755,6.698],[38.78,6.701],[38.811,6.703],[38.819,6.705],[38.834,6.693],[38.839,6.676],[38.856,6.67],[38.878,6.669],[38.903,6.667],[38.919,6.66],[38.935,6.657],[38.95,6.645],[38.945,6.632],[38.943,6.612],[38.96,6.602],[39.033,6.613],[39.06,6.61],[39.065,6.6],[39.054,6.585],[39.049,6.571],[39.053,6.558],[39.071,6.555],[39.087,6.546],[39.097,6.523],[39.096,6.473],[39.101,6.457],[39.108,6.439],[39.122,6.382],[39.128,6.346],[39.128,6.337],[39.157,6.332],[39.2,6.302],[39.218,6.292],[39.226,6.307],[39.241,6.329],[39.257,6.342],[39.254,6.355],[39.26,6.369],[39.293,6.384],[39.317,6.401],[39.315,6.445],[39.323,6.476],[39.338,6.506],[39.353,6.542],[39.38,6.559],[39.401,6.559],[39.42,6.555],[39.432,6.565],[39.427,6.584],[39.433,6.598],[39.45,6.612],[39.472,6.613],[39.487,6.624],[39.499,6.641],[39.493,6.668],[39.495,6.679],[39.511,6.689],[39.517,6.67],[39.533,6.66],[39.579,6.703],[39.6,6.718],[39.626,6.73],[39.637,6.744],[39.628,6.776],[39.638,6.793],[39.66,6.808],[39.726,6.842],[39.751,6.863],[39.772,6.886],[39.759,6.916],[39.747,6.93],[39.732,6.954],[39.731,6.978],[39.697,6.998],[39.685,7.014],[39.656,7.058],[39.645,7.077],[39.637,7.084],[39.62,7.094],[39.612,7.112],[39.627,7.129],[39.67,7.15],[39.684,7.166],[39.683,7.172],[39.671,7.169],[39.648,7.169],[39.643,7.19],[39.644,7.246],[39.633,7.283],[39.608,7.32],[39.59,7.334],[39.562,7.338],[39.548,7.354],[39.543,7.379],[39.542,7.388],[39.523,7.403],[39.513,7.387],[39.5,7.353],[39.492,7.31],[39.483,7.282],[39.47,7.264],[39.453,7.229],[39.439,7.204],[39.44,7.181],[39.403,7.163],[39.395,7.154],[39.368,7.193],[39.335,7.228],[39.317,7.249],[39.293,7.266],[39.269,7.279],[39.239,7.286],[39.207,7.286],[39.197,7.304],[39.193,7.331],[39.171,7.342],[39.151,7.348],[39.129,7.364],[39.067,7.356],[39.042,7.343],[39.002,7.328],[38.971,7.319],[38.919,7.326],[38.911,7.334],[38.909,7.339],[38.916,7.343],[38.914,7.349],[38.905,7.355],[38.897,7.353],[38.89,7.355],[38.893,7.362],[38.9,7.365],[38.899,7.374],[38.902,7.387],[38.894,7.385],[38.89,7.402],[38.89,7.417],[38.883,7.432],[38.883,7.449],[38.87,7.454],[38.863,7.467],[38.855,7.467],[38.848,7.475],[38.861,7.506],[38.867,7.506],[38.887,7.573],[38.876,7.576],[38.872,7.58],[38.89,7.6],[38.884,7.606],[38.879,7.617],[38.887,7.642],[38.897,7.656],[38.898,7.666],[38.887,7.663],[38.877,7.664],[38.865,7.679],[38.863,7.69],[38.857,7.707],[38.845,7.705],[38.827,7.696],[38.786,7.687],[38.786,7.668],[38.755,7.669],[38.724,7.675],[38.697,7.684],[38.668,7.679],[38.61,7.661],[38.587,7.659],[38.566,7.67],[38.536,7.67],[38.513,7.65],[38.499,7.634],[38.475,7.623],[38.458,7.61],[38.45,7.591],[38.434,7.579],[38.42,7.571],[38.426,7.555],[38.43,7.535],[38.428,7.516],[38.415,7.505],[38.393,7.503],[38.342,7.48],[38.328,7.463],[38.329,7.458],[38.326,7.435],[38.32,7.415],[38.31,7.403],[38.293,7.393],[38.28,7.382],[38.278,7.362],[38.282,7.34],[38.276,7.32],[38.266,7.308],[38.247,7.298],[38.234,7.289],[38.221,7.277],[38.207,7.267],[38.199,7.263],[38.182,7.259],[38.145,7.233],[38.105,7.212],[38.101,7.208]]]}},{"type":"Feature","properties":{"name":"West Gojam"},"geometry":{"type":"Polygon","coordinates":[[[36.528,10.484],[36.538,10.474],[36.547,10.458],[36.544,10.45],[36.533,10.432],[36.524,10.411],[36.521,10.407],[36.521,10.4],[36.524,10.395],[36.532,10.383],[36.533,10.377],[36.54,10.366],[36.549,10.362],[36.558,10.364],[36.574,10.364],[36.59,10.37],[36.606,10.366],[36.618,10.356],[36.638,10.348],[36.656,10.323],[36.663,10.317],[36.669,10.315],[36.686,10.319],[36.687,10.324],[36.682,10.336],[36.689,10.346],[36.692,10.358],[36.719,10.359],[36.724,10.362],[36.732,10.362],[36.747,10.361],[36.753,10.367],[36.763,10.368],[36.767,10.363],[36.777,10.347],[36.793,10.344],[36.8,10.339],[36.807,10.336],[36.813,10.338],[36.818,10.343],[36.834,10.343],[36.84,10.342],[36.87,10.342],[36.877,10.335],[36.884,10.322],[36.89,10.316],[36.899,10.314],[36.92,10.315],[36.925,10.315],[36.932,10.312],[36.954,10.313],[36.966,10.313],[36.972,10.316],[36.981,10.315],[36.998,10.304],[37.008,10.29],[37.014,10.286],[37.041,10.286],[37.047,10.289],[37.059,10.293],[37.068,10.298],[37.09,10.316],[37.094,10.318],[37.107,10.319],[37.113,10.324],[37.123,10.328],[37.136,10.334],[37.144,10.335],[37.15,10.329],[37.172,10.328],[37.197,10.319],[37.231,10.318],[37.236,10.32],[37.247,10.322],[37.253,10.325],[37.259,10.333],[37.26,10.341],[37.266,10.35],[37.277,10.36],[37.273,10.383],[37.285,10.392],[37.288,10.398],[37.289,10.405],[37.288,10.41],[37.292,10.423],[37.305,10.434],[37.306,10.439],[37.302,10.452],[37.307,10.459],[37.326,10.468],[37.332,10.468],[37.335,10.463],[37.34,10.463],[37.353,10.468],[37.376,10.472],[37.392,10.479],[37.405,10.48],[37.412,10.484],[37.421,10.487],[37.429,10.486],[37.436,10.483],[37.445,10.483],[37.454,10.486],[37.456,10.492],[37.461,10.498],[37.47,10.505],[37.48,10.509],[37.487,10.519],[37.5,10.524],[37.511,10.532],[37.516,10.535],[37.523,10.536],[37.531,10.538],[37.545,10.55],[37.546,10.559],[37.543,10.576],[37.553,10.581],[37.555,10.595],[37.559,10.602],[37.566,10.602],[37.571,10.6],[37.575,10.596],[37.581,10.583],[37.586,10.583],[37.591,10.597],[37.605,10.612],[37.611,10.623],[37.615,10.636],[37.616,10.647],[37.62,10.654],[37.629,10.666],[37.648,10.679],[37.651,10.687],[37.643,10.696],[37.657,10.701],[37.676,10.703],[37.691,10.707],[37.694,10.712],[37.72,10.719],[37.745,10.734],[37.751,10.738],[37.759,10.739],[37.766,10.737],[37.772,10.734],[37.776,10.737],[37.776,10.744],[37.774,10.75],[37.769,10.755],[37.762,10.752],[37.755,10.754],[37.749,10.758],[37.743,10.76],[37.739,10.754],[37.732,10.754],[37.716,10.766],[37.716,10.773],[37.711,10.78],[37.707,10.791],[37.708,10.798],[37.705,10.816],[37.701,10.821],[37.696,10.824],[37.693,10.831],[37.691,10.841],[37.691,10.855],[37.694,10.87],[37.694,10.885],[37.696,10.892],[37.696,10.905],[37.707,10.926],[37.711,10.951],[37.716,10.966],[37.715,10.973],[37.71,10.98],[37.711,10.987],[37.721,11.002],[37.727,11.007],[37.74,11.012],[37.745,11.016],[37.745,11.032],[37.749,11.035],[37.75,11.042],[37.757,11.056],[37.752,11.061],[37.749,11.056],[37.738,11.047],[37.731,11.044],[37.725,11.045],[37.721,11.042],[37.715,11.048],[37.71,11.056],[37.708,11.049],[37.699,11.039],[37.695,11.033],[37.684,11.022],[37.667,11.015],[37.653,11.011],[37.629,11.003],[37.604,11.004],[37.58,11.011],[37.565,11.01],[37.558,11.014],[37.556,11.021],[37.563,11.041],[37.558,11.054],[37.559,11.069],[37.555,11.073],[37.556,11.079],[37.551,11.09],[37.539,11.099],[37.531,11.101],[37.523,11.113],[37.526,11.119],[37.543,11.128],[37.545,11.133],[37.544,11.141],[37.551,11.143],[37.567,11.143],[37.565,11.136],[37.565,11.129],[37.569,11.123],[37.577,11.12],[37.585,11.119],[37.598,11.122],[37.622,11.122],[37.633,11.125],[37.639,11.125],[37.679,11.135],[37.699,11.13],[37.713,11.129],[37.726,11.134],[37.735,11.133],[37.745,11.135],[37.752,11.139],[37.784,11.147],[37.79,11.146],[37.796,11.148],[37.798,11.155],[37.803,11.162],[37.818,11.163],[37.819,11.183],[37.817,11.194],[37.82,11.2],[37.823,11.217],[37.826,11.224],[37.838,11.227],[37.844,11.231],[37.856,11.235],[37.837,11.247],[37.832,11.253],[37.827,11.255],[37.816,11.254],[37.81,11.255],[37.806,11.259],[37.798,11.259],[37.787,11.264],[37.768,11.282],[37.751,11.291],[37.736,11.304],[37.732,11.31],[37.726,11.314],[37.718,11.33],[37.71,11.336],[37.703,11.348],[37.691,11.358],[37.688,11.363],[37.682,11.381],[37.676,11.383],[37.671,11.398],[37.658,11.418],[37.654,11.421],[37.653,11.428],[37.635,11.455],[37.632,11.463],[37.632,11.472],[37.622,11.482],[37.611,11.485],[37.605,11.488],[37.598,11.488],[37.591,11.485],[37.585,11.488],[37.574,11.487],[37.564,11.495],[37.548,11.504],[37.537,11.499],[37.529,11.5],[37.515,11.509],[37.514,11.524],[37.515,11.531],[37.524,11.544],[37.531,11.551],[37.543,11.574],[37.541,11.579],[37.536,11.583],[37.518,11.591],[37.52,11.605],[37.512,11.615],[37.513,11.621],[37.518,11.624],[37.524,11.622],[37.528,11.628],[37.536,11.632],[37.541,11.637],[37.542,11.645],[37.529,11.653],[37.522,11.665],[37.502,11.687],[37.499,11.708],[37.501,11.716],[37.494,11.726],[37.473,11.718],[37.466,11.717],[37.462,11.724],[37.456,11.726],[37.444,11.719],[37.437,11.717],[37.426,11.731],[37.425,11.723],[37.434,11.712],[37.434,11.707],[37.432,11.701],[37.421,11.687],[37.418,11.68],[37.417,11.673],[37.422,11.666],[37.422,11.656],[37.419,11.65],[37.412,11.641],[37.41,11.636],[37.411,11.627],[37.405,11.614],[37.408,11.608],[37.407,11.603],[37.408,11.596],[37.407,11.578],[37.404,11.571],[37.399,11.574],[37.392,11.573],[37.385,11.575],[37.38,11.578],[37.376,11.583],[37.381,11.595],[37.376,11.603],[37.374,11.613],[37.371,11.608],[37.366,11.613],[37.36,11.617],[37.346,11.614],[37.336,11.63],[37.329,11.634],[37.324,11.641],[37.318,11.643],[37.31,11.653],[37.304,11.649],[37.293,11.652],[37.292,11.66],[37.298,11.663],[37.304,11.673],[37.312,11.674],[37.314,11.687],[37.319,11.689],[37.324,11.679],[37.343,11.687],[37.349,11.685],[37.354,11.689],[37.357,11.694],[37.353,11.704],[37.343,11.713],[37.332,11.714],[37.325,11.711],[37.32,11.711],[37.32,11.717],[37.318,11.724],[37.314,11.728],[37.307,11.731],[37.302,11.736],[37.305,11.743],[37.305,11.771],[37.311,11.768],[37.311,11.776],[37.31,11.78],[37.293,11.798],[37.281,11.804],[37.277,11.81],[37.271,11.813],[37.252,11.814],[37.24,11.825],[37.234,11.828],[37.207,11.813],[37.179,11.803],[37.17,11.803],[37.16,11.801],[37.136,11.801],[37.124,11.808],[37.12,11.813],[37.117,11.825],[37.12,11.832],[37.126,11.835],[37.128,11.841],[37.126,11.847],[37.119,11.839],[37.111,11.835],[37.107,11.839],[37.103,11.831],[37.103,11.823],[37.106,11.816],[37.105,11.805],[37.112,11.808],[37.109,11.801],[37.099,11.796],[37.092,11.799],[37.088,11.805],[37.081,11.806],[37.08,11.822],[37.074,11.827],[37.055,11.831],[37.048,11.836],[37.046,11.851],[37.047,11.858],[37.035,11.87],[37.03,11.881],[37.019,11.887],[37.013,11.883],[37.005,11.883],[36.998,11.886],[36.993,11.898],[36.971,11.905],[36.965,11.903],[36.945,11.875],[36.934,11.867],[36.926,11.864],[36.915,11.857],[36.889,11.854],[36.878,11.845],[36.867,11.839],[36.868,11.83],[36.867,11.823],[36.863,11.817],[36.863,11.808],[36.855,11.795],[36.853,11.789],[36.853,11.784],[36.861,11.771],[36.867,11.766],[36.872,11.766],[36.877,11.763],[36.877,11.755],[36.875,11.749],[36.87,11.742],[36.857,11.743],[36.843,11.74],[36.839,11.735],[36.835,11.724],[36.817,11.715],[36.811,11.705],[36.809,11.697],[36.786,11.678],[36.78,11.675],[36.766,11.676],[36.761,11.679],[36.753,11.678],[36.748,11.682],[36.741,11.684],[36.727,11.686],[36.713,11.687],[36.708,11.685],[36.697,11.677],[36.685,11.658],[36.663,11.643],[36.655,11.643],[36.638,11.628],[36.606,11.595],[36.588,11.581],[36.582,11.573],[36.564,11.544],[36.547,11.537],[36.544,11.526],[36.545,11.519],[36.538,11.509],[36.539,11.503],[36.536,11.496],[36.532,11.492],[36.527,11.489],[36.525,11.484],[36.512,11.475],[36.517,11.472],[36.543,11.464],[36.561,11.463],[36.576,11.463],[36.603,11.46],[36.624,11.453],[36.636,11.447],[36.655,11.443],[36.659,11.441],[36.657,11.425],[36.653,11.421],[36.648,11.418],[36.64,11.407],[36.644,11.403],[36.655,11.406],[36.67,11.405],[36.679,11.408],[36.687,11.413],[36.693,11.412],[36.705,11.415],[36.714,11.419],[36.719,11.425],[36.731,11.431],[36.736,11.432],[36.741,11.427],[36.751,11.424],[36.762,11.415],[36.775,11.408],[36.789,11.4],[36.796,11.401],[36.802,11.4],[36.805,11.396],[36.806,11.39],[36.809,11.383],[36.821,11.368],[36.836,11.359],[36.85,11.35],[36.854,11.346],[36.864,11.339],[36.866,11.326],[36.879,11.316],[36.889,11.31],[36.897,11.31],[36.91,11.315],[36.92,11.298],[36.928,11.298],[36.934,11.3],[36.942,11.299],[36.948,11.294],[36.943,11.284],[36.939,11.28],[36.938,11.275],[36.93,11.269],[36.93,11.263],[36.927,11.258],[36.932,11.252],[36.948,11.25],[36.955,11.25],[36.961,11.253],[36.967,11.254],[36.974,11.253],[36.98,11.249],[36.982,11.24],[36.983,11.231],[36.988,11.223],[36.994,11.218],[36.995,11.21],[37.002,11.207],[37.007,11.207],[37.01,11.195],[37.005,11.191],[37.006,11.183],[37.021,11.187],[37.027,11.187],[37.038,11.178],[37.045,11.187],[37.049,11.182],[37.069,11.174],[37.072,11.169],[37.069,11.165],[37.076,11.161],[37.079,11.157],[37.079,11.138],[37.073,11.114],[37.083,11.102],[37.086,11.096],[37.071,11.078],[37.072,11.055],[37.08,11.043],[37.087,11.024],[37.086,11.018],[37.089,11.013],[37.093,11.023],[37.099,11.029],[37.106,11.033],[37.11,11.026],[37.106,11.022],[37.105,11.016],[37.105,11.008],[37.116,10.996],[37.119,10.989],[37.121,10.98],[37.131,10.97],[37.132,10.961],[37.129,10.957],[37.123,10.957],[37.107,10.956],[37.095,10.958],[37.091,10.956],[37.083,10.946],[37.087,10.943],[37.089,10.936],[37.093,10.931],[37.103,10.924],[37.113,10.912],[37.11,10.902],[37.109,10.896],[37.112,10.884],[37.115,10.877],[37.112,10.87],[37.111,10.863],[37.118,10.851],[37.125,10.85],[37.121,10.842],[37.121,10.828],[37.119,10.821],[37.106,10.825],[37.098,10.826],[37.091,10.817],[37.091,10.81],[37.094,10.798],[37.099,10.791],[37.077,10.779],[37.074,10.785],[37.065,10.784],[37.066,10.76],[37.054,10.764],[37.04,10.754],[37.035,10.749],[37.027,10.747],[37.026,10.734],[37.021,10.731],[37.014,10.732],[37.012,10.739],[37.013,10.745],[37.016,10.751],[37.01,10.752],[37.006,10.748],[37.003,10.741],[36.998,10.738],[36.983,10.735],[36.981,10.729],[36.98,10.722],[36.976,10.719],[36.971,10.72],[36.963,10.729],[36.959,10.723],[36.961,10.717],[36.966,10.71],[36.959,10.708],[36.954,10.705],[36.949,10.705],[36.935,10.723],[36.929,10.721],[36.925,10.714],[36.921,10.7],[36.921,10.687],[36.928,10.682],[36.92,10.671],[36.913,10.667],[36.905,10.67],[36.898,10.675],[36.893,10.675],[36.883,10.669],[36.877,10.67],[36.872,10.672],[36.866,10.672],[36.861,10.676],[36.853,10.676],[36.836,10.666],[36.829,10.664],[36.825,10.66],[36.82,10.66],[36.816,10.655],[36.829,10.647],[36.821,10.632],[36.828,10.629],[36.829,10.624],[36.798,10.6],[36.796,10.595],[36.787,10.586],[36.783,10.58],[36.777,10.577],[36.754,10.58],[36.748,10.577],[36.748,10.56],[36.752,10.55],[36.747,10.532],[36.741,10.525],[36.725,10.52],[36.7,10.535],[36.687,10.55],[36.681,10.552],[36.662,10.546],[36.643,10.544],[36.627,10.538],[36.607,10.534],[36.598,10.522],[36.567,10.508],[36.548,10.498],[36.535,10.493],[36.531,10.49],[36.528,10.484]]]}},{"type":"Feature","properties":{"name":"West Harerge"},"geometry":{"type":"Polygon","coordinates":[[[40.717,7.891],[40.73,7.917],[40.754,7.943],[40.767,7.948],[40.808,7.956],[40.878,7.956],[40.906,7.954],[40.93,7.956],[40.961,7.959],[40.973,7.964],[40.983,7.973],[41.019,7.991],[41.036,8.007],[41.054,8.02],[41.087,8.055],[41.105,8.066],[41.168,8.114],[41.194,8.127],[41.253,8.133],[41.299,8.149],[41.328,8.148],[41.396,8.134],[41.428,8.124],[41.474,8.133],[41.504,8.121],[41.521,8.101],[41.528,8.075],[41.532,8.044],[41.533,8.012],[41.519,7.979],[41.52,7.973],[41.525,7.958],[41.535,7.965],[41.547,7.981],[41.549,7.989],[41.564,8.007],[41.564,8.038],[41.571,8.082],[41.569,8.104],[41.553,8.128],[41.534,8.151],[41.485,8.194],[41.469,8.21],[41.442,8.253],[41.425,8.273],[41.407,8.308],[41.384,8.33],[41.361,8.343],[41.323,8.345],[41.313,8.349],[41.276,8.385],[41.266,8.404],[41.26,8.427],[41.26,8.449],[41.269,8.495],[41.276,8.514],[41.275,8.533],[41.27,8.551],[41.267,8.571],[41.267,8.608],[41.265,8.635],[41.256,8.656],[41.242,8.672],[41.221,8.692],[41.195,8.71],[41.18,8.724],[41.175,8.746],[41.179,8.766],[41.222,8.855],[41.252,8.894],[41.275,8.936],[41.291,8.962],[41.3,8.982],[41.307,9.009],[41.309,9.04],[41.313,9.066],[41.313,9.091],[41.299,9.114],[41.279,9.134],[41.254,9.157],[41.247,9.181],[41.299,9.25],[41.292,9.269],[41.278,9.286],[41.268,9.309],[41.267,9.327],[41.26,9.35],[41.234,9.403],[41.218,9.478],[41.212,9.482],[41.196,9.463],[41.171,9.442],[41.146,9.426],[41.084,9.405],[41.057,9.392],[41.031,9.373],[41.015,9.358],[40.972,9.353],[40.954,9.337],[40.928,9.324],[40.904,9.319],[40.875,9.31],[40.845,9.306],[40.826,9.306],[40.813,9.312],[40.809,9.328],[40.801,9.346],[40.794,9.368],[40.79,9.388],[40.799,9.397],[40.829,9.394],[40.859,9.386],[40.892,9.391],[40.915,9.398],[40.928,9.406],[40.918,9.423],[40.891,9.45],[40.863,9.464],[40.843,9.465],[40.817,9.454],[40.784,9.449],[40.72,9.445],[40.699,9.449],[40.694,9.445],[40.676,9.419],[40.66,9.405],[40.637,9.397],[40.607,9.392],[40.529,9.386],[40.5,9.376],[40.472,9.356],[40.427,9.305],[40.409,9.282],[40.37,9.219],[40.328,9.156],[40.301,9.129],[40.255,9.087],[40.246,9.076],[40.245,9.057],[40.247,9.036],[40.243,9.014],[40.239,8.998],[40.223,8.989],[40.188,8.975],[40.171,8.966],[40.153,8.933],[40.121,8.897],[40.095,8.863],[40.097,8.858],[40.096,8.842],[40.084,8.799],[40.078,8.767],[40.069,8.74],[40.035,8.705],[40.026,8.689],[40.028,8.67],[40.037,8.648],[40.046,8.636],[40.063,8.629],[40.094,8.63],[40.157,8.626],[40.178,8.62],[40.189,8.605],[40.187,8.576],[40.183,8.56],[40.191,8.551],[40.211,8.55],[40.248,8.571],[40.272,8.591],[40.287,8.606],[40.3,8.613],[40.316,8.604],[40.319,8.575],[40.32,8.554],[40.326,8.534],[40.329,8.511],[40.323,8.424],[40.328,8.371],[40.338,8.345],[40.368,8.306],[40.384,8.277],[40.395,8.256],[40.402,8.233],[40.406,8.203],[40.404,8.182],[40.39,8.158],[40.38,8.134],[40.38,8.114],[40.386,8.099],[40.394,8.089],[40.401,8.07],[40.397,8.042],[40.409,8.022],[40.437,8.015],[40.446,8.005],[40.446,7.998],[40.441,7.968],[40.462,7.941],[40.479,7.928],[40.563,7.883],[40.59,7.879],[40.616,7.882],[40.68,7.894],[40.704,7.895],[40.717,7.891]]]}},{"type":"Feature","properties":{"name":"West Shewa"},"geometry":{"type":"MultiPolygon","coordinates":[[[[37.675,9.863],[37.672,9.855],[37.663,9.848],[37.649,9.827],[37.647,9.782],[37.651,9.76],[37.64,9.731],[37.628,9.712],[37.622,9.69],[37.626,9.646],[37.625,9.623],[37.619,9.582],[37.621,9.563],[37.629,9.525],[37.644,9.475],[37.646,9.441],[37.655,9.418],[37.661,9.394],[37.66,9.384],[37.646,9.366],[37.6,9.335],[37.577,9.329],[37.543,9.327],[37.517,9.323],[37.482,9.303],[37.402,9.231],[37.358,9.187],[37.338,9.171],[37.314,9.158],[37.262,9.163],[37.248,9.172],[37.233,9.191],[37.218,9.214],[37.176,9.237],[37.156,9.237],[37.115,9.21],[37.088,9.199],[37.067,9.187],[37.051,9.166],[37.031,9.12],[37.028,9.097],[37.033,9.078],[37.028,9.036],[37.035,9.016],[37.088,8.974],[37.126,8.954],[37.137,8.945],[37.145,8.929],[37.178,8.909],[37.185,8.895],[37.188,8.884],[37.188,8.873],[37.202,8.867],[37.21,8.857],[37.206,8.839],[37.213,8.822],[37.222,8.802],[37.227,8.786],[37.226,8.771],[37.216,8.76],[37.196,8.746],[37.16,8.725],[37.145,8.711],[37.137,8.695],[37.142,8.683],[37.166,8.678],[37.18,8.669],[37.182,8.65],[37.191,8.632],[37.203,8.617],[37.211,8.6],[37.226,8.586],[37.263,8.586],[37.287,8.551],[37.306,8.531],[37.325,8.495],[37.357,8.452],[37.375,8.41],[37.389,8.39],[37.434,8.332],[37.45,8.316],[37.464,8.313],[37.467,8.332],[37.472,8.352],[37.499,8.405],[37.513,8.418],[37.536,8.425],[37.536,8.459],[37.543,8.475],[37.568,8.508],[37.593,8.58],[37.605,8.638],[37.624,8.664],[37.634,8.686],[37.678,8.698],[37.703,8.716],[37.73,8.734],[37.759,8.742],[37.784,8.761],[37.815,8.777],[37.811,8.783],[37.824,8.791],[37.839,8.789],[37.868,8.793],[37.892,8.804],[37.916,8.789],[37.937,8.769],[37.955,8.758],[37.973,8.745],[37.979,8.726],[37.993,8.719],[38.01,8.721],[38.016,8.716],[38.024,8.721],[38.019,8.727],[38.033,8.742],[38.05,8.752],[38.069,8.754],[38.088,8.749],[38.113,8.746],[38.132,8.752],[38.148,8.765],[38.142,8.809],[38.131,8.833],[38.095,8.855],[38.096,8.877],[38.124,8.89],[38.15,8.895],[38.173,8.896],[38.192,8.905],[38.212,8.919],[38.219,8.92],[38.239,8.918],[38.264,8.937],[38.269,8.933],[38.278,8.93],[38.318,8.9],[38.344,8.893],[38.365,8.883],[38.408,8.847],[38.417,8.85],[38.425,8.857],[38.434,8.878],[38.443,8.877],[38.46,8.887],[38.473,8.87],[38.489,8.865],[38.508,8.877],[38.534,8.901],[38.604,8.992],[38.62,9.008],[38.644,9.015],[38.653,9.011],[38.668,9.011],[38.668,9.027],[38.673,9.034],[38.673,9.04],[38.684,9.051],[38.685,9.067],[38.686,9.074],[38.695,9.079],[38.679,9.106],[38.674,9.122],[38.68,9.132],[38.71,9.157],[38.71,9.174],[38.686,9.177],[38.624,9.174],[38.596,9.183],[38.573,9.199],[38.553,9.21],[38.529,9.219],[38.518,9.244],[38.516,9.266],[38.524,9.284],[38.535,9.303],[38.55,9.337],[38.551,9.362],[38.556,9.388],[38.564,9.417],[38.578,9.432],[38.601,9.447],[38.61,9.464],[38.604,9.483],[38.586,9.495],[38.569,9.504],[38.55,9.517],[38.539,9.542],[38.522,9.565],[38.506,9.575],[38.451,9.602],[38.421,9.606],[38.388,9.607],[38.363,9.621],[38.351,9.636],[38.311,9.665],[38.252,9.678],[38.214,9.681],[38.189,9.675],[38.139,9.637],[38.127,9.635],[38.116,9.647],[38.105,9.666],[38.094,9.689],[38.064,9.745],[38.062,9.764],[38.058,9.784],[38.051,9.809],[38.041,9.832],[38.025,9.846],[38.002,9.858],[37.98,9.876],[37.94,9.916],[37.936,9.927],[37.936,9.92],[37.931,9.916],[37.924,9.916],[37.91,9.931],[37.902,9.931],[37.894,9.928],[37.881,9.922],[37.877,9.917],[37.875,9.912],[37.871,9.909],[37.865,9.914],[37.861,9.914],[37.86,9.907],[37.86,9.901],[37.857,9.897],[37.849,9.899],[37.844,9.898],[37.837,9.889],[37.832,9.886],[37.824,9.875],[37.817,9.868],[37.808,9.866],[37.801,9.863],[37.775,9.857],[37.77,9.852],[37.762,9.853],[37.755,9.858],[37.749,9.857],[37.749,9.848],[37.744,9.842],[37.737,9.842],[37.732,9.846],[37.725,9.846],[37.718,9.844],[37.711,9.844],[37.701,9.838],[37.695,9.844],[37.686,9.858],[37.681,9.863],[37.675,9.863]]],[[[37.936,9.927],[37.937,9.932],[37.933,9.937],[37.932,9.931],[37.936,9.927]]]]}},{"type":"Feature","properties":{"name":"West Wellega"},"geometry":{"type":"Polygon","coordinates":[[[34.394,9.117],[34.425,9.123],[34.458,9.126],[34.48,9.131],[34.496,9.142],[34.507,9.148],[34.53,9.147],[34.542,9.136],[34.558,9.12],[34.572,9.117],[34.587,9.129],[34.594,9.154],[34.617,9.164],[34.653,9.161],[34.695,9.188],[34.75,9.187],[34.774,9.204],[34.8,9.218],[34.827,9.228],[34.851,9.244],[34.874,9.301],[34.887,9.326],[34.89,9.33],[34.903,9.358],[34.916,9.369],[34.927,9.347],[34.925,9.338],[34.939,9.329],[34.966,9.325],[34.984,9.314],[34.999,9.299],[35.017,9.293],[35.038,9.29],[35.056,9.28],[35.087,9.253],[35.091,9.235],[35.103,9.223],[35.119,9.212],[35.125,9.189],[35.125,9.166],[35.131,9.149],[35.145,9.138],[35.154,9.123],[35.157,9.106],[35.165,9.083],[35.158,9.072],[35.177,9.075],[35.194,9.073],[35.225,9.063],[35.26,9.045],[35.258,9.02],[35.255,9.01],[35.256,9.003],[35.261,9.002],[35.266,8.996],[35.273,8.996],[35.277,9.001],[35.292,9.003],[35.303,9.01],[35.309,9.008],[35.313,9.004],[35.315,8.986],[35.326,8.964],[35.333,8.941],[35.343,8.925],[35.358,8.915],[35.398,8.901],[35.409,8.894],[35.421,8.885],[35.43,8.876],[35.418,8.853],[35.431,8.842],[35.428,8.829],[35.423,8.815],[35.424,8.8],[35.422,8.78],[35.446,8.776],[35.459,8.761],[35.471,8.739],[35.483,8.723],[35.501,8.71],[35.57,8.675],[35.594,8.666],[35.612,8.662],[35.639,8.665],[35.666,8.695],[35.684,8.705],[35.707,8.711],[35.731,8.711],[35.746,8.701],[35.75,8.688],[35.769,8.676],[35.807,8.668],[35.836,8.665],[35.86,8.667],[35.864,8.682],[35.87,8.694],[35.908,8.714],[35.905,8.742],[35.89,8.768],[35.883,8.796],[35.908,8.818],[35.929,8.833],[35.942,8.855],[35.966,8.886],[35.977,8.894],[35.982,8.895],[35.999,8.893],[36.011,8.896],[36.008,8.903],[36.01,8.929],[36.013,8.938],[36.018,8.943],[36.018,8.951],[36.037,8.973],[36.037,8.99],[36.035,8.998],[36.036,9.005],[36.043,9.016],[36.043,9.033],[36.029,9.057],[36.035,9.108],[36.054,9.12],[36.045,9.196],[36.032,9.234],[35.976,9.244],[35.95,9.25],[35.932,9.268],[35.919,9.287],[35.912,9.317],[35.861,9.326],[35.809,9.31],[35.798,9.31],[35.775,9.325],[35.758,9.325],[35.751,9.332],[35.75,9.35],[35.756,9.366],[35.751,9.404],[35.755,9.418],[35.767,9.429],[35.779,9.432],[35.778,9.441],[35.766,9.474],[35.754,9.483],[35.733,9.483],[35.712,9.488],[35.687,9.511],[35.672,9.518],[35.648,9.554],[35.644,9.596],[35.651,9.614],[35.654,9.636],[35.635,9.652],[35.626,9.652],[35.595,9.657],[35.579,9.667],[35.562,9.693],[35.554,9.697],[35.54,9.699],[35.535,9.697],[35.534,9.691],[35.506,9.69],[35.469,9.671],[35.456,9.673],[35.412,9.715],[35.39,9.721],[35.369,9.72],[35.366,9.728],[35.376,9.751],[35.384,9.76],[35.38,9.766],[35.42,9.786],[35.409,9.796],[35.388,9.803],[35.365,9.814],[35.351,9.867],[35.325,9.886],[35.312,9.912],[35.298,9.923],[35.279,9.908],[35.232,9.894],[35.224,9.911],[35.222,9.926],[35.16,9.949],[35.089,9.951],[35.082,9.94],[35.082,9.923],[35.049,9.919],[35.02,9.93],[35.016,9.996],[34.989,9.998],[34.944,9.935],[34.928,9.936],[34.905,9.957],[34.889,9.909],[34.868,9.903],[34.898,9.883],[34.893,9.866],[34.878,9.846],[34.87,9.822],[34.855,9.818],[34.832,9.804],[34.808,9.762],[34.797,9.737],[34.811,9.703],[34.812,9.631],[34.793,9.604],[34.784,9.554],[34.736,9.546],[34.687,9.565],[34.633,9.589],[34.586,9.631],[34.549,9.631],[34.533,9.592],[34.524,9.542],[34.499,9.515],[34.514,9.449],[34.453,9.45],[34.467,9.367],[34.452,9.31],[34.453,9.259],[34.44,9.217],[34.402,9.188],[34.342,9.17],[34.394,9.117]]]}},{"type":"Feature","properties":{"name":"Western"},"geometry":{"type":"Polygon","coordinates":[[[37.777,13.634],[37.777,13.64],[37.785,13.652],[37.777,13.664],[37.777,13.678],[37.778,13.683],[37.783,13.689],[37.786,13.697],[37.786,13.705],[37.793,13.721],[37.796,13.734],[37.799,13.74],[37.804,13.744],[37.808,13.755],[37.807,13.764],[37.798,13.775],[37.802,13.808],[37.795,13.813],[37.788,13.816],[37.778,13.826],[37.768,13.827],[37.764,13.832],[37.768,13.839],[37.763,13.847],[37.765,13.855],[37.751,13.874],[37.74,13.876],[37.735,13.879],[37.734,13.889],[37.729,13.894],[37.723,13.897],[37.717,13.897],[37.712,13.894],[37.707,13.889],[37.702,13.886],[37.694,13.888],[37.683,13.894],[37.676,13.905],[37.664,13.91],[37.66,13.916],[37.657,13.922],[37.654,13.941],[37.65,13.949],[37.643,13.953],[37.636,13.951],[37.628,13.953],[37.631,13.968],[37.63,13.976],[37.621,13.993],[37.616,13.999],[37.61,14.004],[37.608,14.009],[37.621,14.033],[37.615,14.038],[37.603,14.038],[37.598,14.053],[37.592,14.051],[37.588,14.054],[37.59,14.068],[37.58,14.078],[37.573,14.095],[37.567,14.094],[37.558,14.091],[37.556,14.1],[37.548,14.104],[37.543,14.11],[37.53,14.111],[37.525,14.117],[37.518,14.138],[37.519,14.144],[37.515,14.161],[37.524,14.168],[37.526,14.174],[37.522,14.179],[37.515,14.181],[37.508,14.179],[37.499,14.179],[37.494,14.184],[37.494,14.192],[37.49,14.196],[37.479,14.201],[37.476,14.208],[37.467,14.212],[37.464,14.218],[37.468,14.229],[37.469,14.245],[37.464,14.251],[37.446,14.249],[37.443,14.259],[37.433,14.269],[37.426,14.272],[37.415,14.283],[37.401,14.288],[37.392,14.297],[37.396,14.306],[37.401,14.311],[37.398,14.316],[37.399,14.334],[37.394,14.338],[37.389,14.34],[37.382,14.339],[37.379,14.345],[37.379,14.352],[37.385,14.355],[37.388,14.362],[37.381,14.363],[37.379,14.369],[37.372,14.371],[37.371,14.377],[37.368,14.382],[37.362,14.387],[37.357,14.394],[37.347,14.4],[37.345,14.41],[37.338,14.412],[37.328,14.423],[37.315,14.429],[37.313,14.435],[37.309,14.443],[37.3,14.445],[37.291,14.443],[37.284,14.439],[37.259,14.435],[37.254,14.431],[37.249,14.43],[37.239,14.433],[37.228,14.441],[37.22,14.44],[37.213,14.438],[37.201,14.425],[37.194,14.421],[37.181,14.415],[37.172,14.414],[37.165,14.418],[37.153,14.414],[37.142,14.407],[37.135,14.406],[37.127,14.394],[37.123,14.38],[37.115,14.368],[37.114,14.362],[37.109,14.357],[37.103,14.344],[37.1,14.334],[37.101,14.327],[37.105,14.321],[37.104,14.307],[37.104,14.291],[37.102,14.287],[37.097,14.283],[37.095,14.272],[37.09,14.269],[37.072,14.267],[37.066,14.263],[37.058,14.263],[37.051,14.267],[37.044,14.267],[37.039,14.265],[37.034,14.259],[37.018,14.251],[37.009,14.25],[36.998,14.258],[36.991,14.26],[36.987,14.264],[36.982,14.275],[36.975,14.281],[36.97,14.288],[36.963,14.29],[36.957,14.291],[36.945,14.29],[36.938,14.292],[36.933,14.296],[36.916,14.3],[36.901,14.305],[36.895,14.311],[36.879,14.312],[36.864,14.318],[36.849,14.317],[36.841,14.309],[36.833,14.307],[36.828,14.31],[36.826,14.314],[36.809,14.314],[36.779,14.317],[36.766,14.316],[36.759,14.318],[36.747,14.318],[36.735,14.316],[36.729,14.31],[36.713,14.307],[36.692,14.297],[36.687,14.297],[36.652,14.305],[36.637,14.308],[36.63,14.308],[36.622,14.307],[36.619,14.293],[36.6,14.29],[36.585,14.284],[36.579,14.288],[36.565,14.283],[36.554,14.277],[36.557,14.271],[36.562,14.267],[36.563,14.261],[36.55,14.251],[36.544,14.251],[36.541,14.199],[36.464,13.972],[36.5,13.847],[36.452,13.769],[36.456,13.755],[36.468,13.744],[36.481,13.735],[36.485,13.728],[36.479,13.721],[36.479,13.705],[36.477,13.701],[36.478,13.694],[36.483,13.689],[36.495,13.671],[36.499,13.666],[36.505,13.666],[36.507,13.653],[36.511,13.65],[36.514,13.632],[36.527,13.607],[36.52,13.586],[36.532,13.582],[36.539,13.583],[36.541,13.576],[36.555,13.572],[36.561,13.564],[36.563,13.556],[36.559,13.552],[36.565,13.548],[36.567,13.54],[36.566,13.534],[36.573,13.523],[36.58,13.521],[36.599,13.505],[36.602,13.499],[36.597,13.49],[36.58,13.483],[36.575,13.479],[36.572,13.468],[36.574,13.457],[36.572,13.45],[36.567,13.447],[36.57,13.426],[36.577,13.418],[36.58,13.412],[36.589,13.403],[36.593,13.39],[36.603,13.383],[36.606,13.378],[36.61,13.376],[36.629,13.383],[36.637,13.383],[36.645,13.379],[36.65,13.381],[36.657,13.37],[36.665,13.367],[36.673,13.369],[36.686,13.375],[36.706,13.373],[36.716,13.368],[36.723,13.367],[36.732,13.369],[36.735,13.364],[36.746,13.368],[36.75,13.372],[36.763,13.375],[36.768,13.379],[36.771,13.383],[36.773,13.39],[36.784,13.404],[36.789,13.408],[36.803,13.414],[36.809,13.419],[36.813,13.436],[36.818,13.447],[36.826,13.449],[36.839,13.445],[36.845,13.442],[36.845,13.436],[36.855,13.432],[36.862,13.426],[36.872,13.42],[36.875,13.414],[36.882,13.408],[36.896,13.408],[36.905,13.395],[36.906,13.389],[36.91,13.385],[36.916,13.383],[36.92,13.377],[36.928,13.378],[36.93,13.373],[36.939,13.381],[36.947,13.37],[36.952,13.365],[36.958,13.363],[36.961,13.368],[36.965,13.37],[36.971,13.366],[36.977,13.365],[36.983,13.362],[36.998,13.36],[37.003,13.357],[37.014,13.361],[37.026,13.355],[37.036,13.354],[37.041,13.352],[37.053,13.334],[37.066,13.331],[37.07,13.318],[37.077,13.319],[37.079,13.312],[37.085,13.315],[37.1,13.317],[37.116,13.312],[37.128,13.306],[37.151,13.301],[37.159,13.298],[37.164,13.293],[37.176,13.289],[37.187,13.283],[37.206,13.256],[37.212,13.26],[37.215,13.267],[37.225,13.275],[37.241,13.278],[37.242,13.284],[37.247,13.293],[37.251,13.296],[37.257,13.296],[37.265,13.291],[37.277,13.289],[37.281,13.286],[37.314,13.298],[37.323,13.298],[37.336,13.311],[37.34,13.319],[37.345,13.325],[37.351,13.327],[37.353,13.335],[37.353,13.343],[37.356,13.352],[37.36,13.358],[37.366,13.361],[37.389,13.357],[37.397,13.358],[37.404,13.362],[37.41,13.371],[37.417,13.375],[37.42,13.369],[37.426,13.364],[37.432,13.36],[37.438,13.359],[37.441,13.355],[37.451,13.356],[37.463,13.36],[37.472,13.368],[37.477,13.368],[37.484,13.365],[37.491,13.364],[37.496,13.368],[37.504,13.369],[37.511,13.367],[37.519,13.367],[37.527,13.372],[37.533,13.378],[37.553,13.389],[37.558,13.391],[37.562,13.388],[37.568,13.389],[37.583,13.398],[37.591,13.398],[37.605,13.41],[37.612,13.412],[37.618,13.409],[37.626,13.409],[37.638,13.415],[37.657,13.435],[37.657,13.442],[37.663,13.443],[37.667,13.447],[37.678,13.451],[37.68,13.457],[37.684,13.46],[37.686,13.466],[37.695,13.473],[37.692,13.485],[37.696,13.489],[37.7,13.496],[37.701,13.504],[37.709,13.522],[37.71,13.531],[37.716,13.535],[37.715,13.543],[37.721,13.547],[37.725,13.555],[37.728,13.564],[37.737,13.573],[37.747,13.572],[37.747,13.579],[37.755,13.592],[37.761,13.592],[37.762,13.597],[37.766,13.603],[37.765,13.619],[37.77,13.629],[37.777,13.634]]]}},{"type":"Feature","properties":{"name":"Wolayita"},"geometry":{"type":"Polygon","coordinates":[[[37.913,6.592],[37.913,6.598],[37.909,6.602],[37.906,6.609],[37.912,6.621],[37.918,6.623],[37.924,6.621],[37.932,6.607],[37.938,6.605],[37.942,6.6],[37.949,6.6],[37.963,6.61],[37.97,6.623],[37.974,6.628],[37.984,6.634],[37.997,6.653],[38.006,6.655],[38.011,6.661],[38.016,6.663],[38.022,6.663],[38.029,6.667],[38.033,6.672],[38.032,6.678],[38.048,6.692],[38.052,6.701],[38.053,6.713],[38.063,6.737],[38.077,6.791],[38.094,6.829],[38.111,6.855],[38.121,6.883],[38.129,6.93],[38.13,6.943],[38.127,6.962],[38.13,6.975],[38.118,6.982],[38.11,7.001],[38.103,7.012],[38.089,7.024],[38.074,7.031],[38.065,7.045],[38.064,7.067],[38.062,7.073],[38.049,7.074],[38.029,7.067],[38.021,7.067],[37.998,7.063],[37.992,7.065],[37.983,7.089],[37.978,7.097],[37.967,7.104],[37.96,7.11],[37.945,7.11],[37.931,7.099],[37.922,7.104],[37.914,7.114],[37.907,7.113],[37.887,7.094],[37.879,7.094],[37.851,7.106],[37.84,7.106],[37.819,7.094],[37.809,7.095],[37.794,7.099],[37.755,7.111],[37.714,7.138],[37.708,7.144],[37.699,7.149],[37.686,7.154],[37.666,7.16],[37.645,7.165],[37.615,7.166],[37.566,7.171],[37.554,7.174],[37.536,7.189],[37.528,7.182],[37.514,7.163],[37.507,7.156],[37.468,7.138],[37.46,7.131],[37.452,7.114],[37.449,7.103],[37.452,7.091],[37.451,7.072],[37.442,7.052],[37.435,7.029],[37.419,7.008],[37.415,6.987],[37.418,6.971],[37.416,6.945],[37.418,6.936],[37.426,6.915],[37.426,6.895],[37.418,6.881],[37.404,6.87],[37.389,6.863],[37.376,6.862],[37.321,6.864],[37.295,6.852],[37.285,6.845],[37.285,6.836],[37.282,6.826],[37.272,6.807],[37.264,6.783],[37.243,6.754],[37.239,6.746],[37.236,6.724],[37.226,6.703],[37.225,6.694],[37.235,6.671],[37.257,6.688],[37.27,6.695],[37.281,6.7],[37.296,6.702],[37.33,6.696],[37.348,6.691],[37.392,6.676],[37.407,6.673],[37.435,6.664],[37.45,6.668],[37.466,6.665],[37.481,6.657],[37.502,6.644],[37.519,6.626],[37.526,6.616],[37.537,6.613],[37.547,6.619],[37.569,6.637],[37.577,6.636],[37.586,6.632],[37.593,6.631],[37.602,6.615],[37.622,6.61],[37.632,6.611],[37.655,6.618],[37.665,6.616],[37.679,6.616],[37.694,6.621],[37.709,6.622],[37.72,6.613],[37.734,6.592],[37.764,6.566],[37.775,6.564],[37.794,6.563],[37.804,6.561],[37.816,6.555],[37.819,6.545],[37.815,6.512],[37.843,6.543],[37.872,6.583],[37.894,6.597],[37.913,6.592]]]}},{"type":"Feature","properties":{"name":"Yem"},"geometry":{"type":"Polygon","coordinates":[[[37.604,7.966],[37.574,7.953],[37.558,7.949],[37.55,7.95],[37.54,7.955],[37.534,7.961],[37.529,7.967],[37.526,7.973],[37.523,7.978],[37.521,7.985],[37.519,7.993],[37.515,8.001],[37.508,8.009],[37.498,8.016],[37.492,8.018],[37.478,8.015],[37.46,8.009],[37.417,8.002],[37.41,7.999],[37.405,7.995],[37.393,7.994],[37.389,7.976],[37.391,7.963],[37.4,7.955],[37.417,7.945],[37.43,7.932],[37.438,7.92],[37.435,7.899],[37.413,7.855],[37.406,7.828],[37.401,7.742],[37.402,7.711],[37.402,7.684],[37.408,7.659],[37.421,7.635],[37.436,7.585],[37.446,7.565],[37.451,7.568],[37.482,7.593],[37.499,7.61],[37.516,7.633],[37.523,7.647],[37.53,7.655],[37.536,7.666],[37.544,7.685],[37.548,7.702],[37.549,7.727],[37.556,7.749],[37.562,7.762],[37.579,7.829],[37.583,7.843],[37.59,7.852],[37.595,7.869],[37.601,7.909],[37.604,7.916],[37.607,7.94],[37.608,7.958],[37.604,7.966]]]}},{"type":"Feature","properties":{"name":"Zone 1"},"geometry":{"type":"Polygon","coordinates":[[[39.998,11.613],[39.993,11.598],[39.994,11.585],[40.007,11.559],[40.025,11.532],[40.056,11.489],[40.062,11.475],[40.068,11.444],[40.067,11.43],[40.071,11.374],[40.068,11.361],[40.066,11.339],[40.072,11.326],[40.08,11.323],[40.103,11.318],[40.124,11.297],[40.146,11.256],[40.174,11.241],[40.216,11.25],[40.253,11.247],[40.298,11.239],[40.351,11.241],[40.392,11.232],[40.443,11.217],[40.518,11.188],[40.547,11.15],[40.567,11.118],[40.617,11.123],[40.673,11.133],[40.704,11.141],[40.729,11.144],[40.752,11.163],[40.781,11.184],[40.809,11.199],[40.851,11.185],[40.908,11.161],[40.973,11.127],[41.011,11.091],[41.026,11.065],[41.032,11.034],[41.042,11.015],[41.068,11.002],[41.093,10.98],[41.118,10.933],[41.149,10.828],[41.167,10.781],[41.192,10.797],[41.208,10.821],[41.221,10.835],[41.233,10.865],[41.234,10.892],[41.242,10.922],[41.269,10.959],[41.301,10.965],[41.349,10.963],[41.393,10.967],[41.411,10.959],[41.485,10.968],[41.583,10.963],[41.635,10.966],[41.682,10.965],[41.7,10.97],[41.719,10.966],[41.74,10.969],[41.761,10.983],[41.765,11.086],[41.77,11.117],[41.778,11.286],[41.774,11.323],[41.777,11.43],[41.776,11.54],[41.789,11.584],[41.798,11.647],[41.804,11.668],[41.827,11.708],[41.835,11.726],[41.854,11.743],[41.867,11.764],[41.92,11.803],[41.943,11.825],[41.965,11.857],[41.981,11.871],[41.998,11.896],[42.042,11.98],[42.064,12.019],[42.079,12.041],[42.091,12.065],[42.113,12.095],[42.125,12.108],[42.181,12.177],[42.2,12.208],[42.212,12.214],[42.23,12.236],[42.245,12.261],[42.267,12.29],[42.282,12.317],[42.296,12.346],[42.312,12.37],[42.32,12.388],[42.338,12.404],[42.356,12.446],[42.342,12.465],[42.336,12.48],[42.311,12.522],[42.281,12.557],[42.243,12.616],[42.235,12.624],[42.228,12.634],[42.22,12.641],[42.197,12.673],[42.137,12.747],[42.114,12.765],[42.097,12.784],[42.096,12.794],[42.051,12.844],[42.044,12.856],[42.011,12.921],[41.999,12.936],[41.973,12.984],[41.931,13.03],[41.885,13.084],[41.9,12.838],[41.807,12.795],[41.726,12.776],[41.608,12.745],[41.519,12.74],[41.467,12.733],[41.39,12.714],[41.278,12.72],[41.2,12.71],[41.143,12.722],[41.079,12.766],[41.093,12.873],[41.078,12.998],[41.019,12.996],[40.911,12.987],[40.81,12.994],[40.709,12.993],[40.623,12.944],[40.628,12.843],[40.616,12.797],[40.614,12.758],[40.622,12.716],[40.629,12.696],[40.646,12.662],[40.673,12.646],[40.679,12.607],[40.679,12.56],[40.683,12.504],[40.693,12.487],[40.709,12.469],[40.75,12.449],[40.739,12.415],[40.726,12.382],[40.727,12.355],[40.719,12.321],[40.716,12.317],[40.714,12.245],[40.72,12.164],[40.727,12.097],[40.727,12.053],[40.721,12.009],[40.71,11.971],[40.689,11.945],[40.657,11.927],[40.597,11.901],[40.51,11.882],[40.452,11.877],[40.387,11.868],[40.326,11.863],[40.302,11.854],[40.281,11.852],[40.235,11.841],[40.158,11.826],[40.092,11.792],[40.051,11.76],[40.016,11.718],[39.995,11.682],[40.016,11.646],[39.998,11.613]]]}},{"type":"Feature","properties":{"name":"Zone 2"},"geometry":{"type":"Polygon","coordinates":[[[39.745,13.571],[39.74,13.564],[39.741,13.548],[39.735,13.529],[39.73,13.525],[39.729,13.517],[39.724,13.51],[39.72,13.476],[39.727,13.442],[39.729,13.423],[39.735,13.404],[39.739,13.4],[39.744,13.39],[39.742,13.383],[39.747,13.375],[39.73,13.379],[39.733,13.374],[39.741,13.364],[39.743,13.358],[39.743,13.352],[39.74,13.334],[39.737,13.328],[39.739,13.322],[39.736,13.315],[39.729,13.309],[39.721,13.295],[39.726,13.289],[39.731,13.287],[39.737,13.287],[39.743,13.283],[39.76,13.28],[39.763,13.284],[39.768,13.286],[39.778,13.276],[39.787,13.263],[39.786,13.253],[39.788,13.246],[39.8,13.228],[39.801,13.22],[39.809,13.218],[39.808,13.203],[39.805,13.19],[39.81,13.177],[39.813,13.156],[39.817,13.147],[39.825,13.133],[39.832,13.113],[39.834,13.089],[39.836,13.084],[39.849,13.053],[39.859,13.037],[39.864,13.02],[39.861,13.004],[39.863,12.995],[39.861,12.97],[39.863,12.963],[39.874,12.943],[39.887,12.932],[39.899,12.927],[39.905,12.922],[39.907,12.915],[39.917,12.905],[39.926,12.894],[39.93,12.882],[39.93,12.875],[39.942,12.862],[39.953,12.838],[39.966,12.823],[39.97,12.815],[39.973,12.798],[39.979,12.793],[39.989,12.777],[40.029,12.777],[40.063,12.775],[40.109,12.805],[40.138,12.828],[40.17,12.843],[40.197,12.871],[40.286,12.921],[40.391,12.961],[40.445,12.98],[40.471,12.997],[40.525,13.013],[40.569,13.005],[40.593,12.989],[40.622,12.962],[40.623,12.944],[40.709,12.993],[40.81,12.994],[40.911,12.987],[41.019,12.996],[41.078,12.998],[41.093,12.873],[41.079,12.766],[41.143,12.722],[41.2,12.71],[41.278,12.72],[41.39,12.714],[41.467,12.733],[41.519,12.74],[41.608,12.745],[41.726,12.776],[41.807,12.795],[41.9,12.838],[41.885,13.084],[41.787,13.176],[41.738,13.232],[41.613,13.348],[41.579,13.386],[41.483,13.481],[41.441,13.52],[41.379,13.571],[41.351,13.598],[41.315,13.631],[41.292,13.663],[41.251,13.713],[41.217,13.748],[41.192,13.768],[41.17,13.79],[41.078,13.879],[40.838,14.085],[40.651,14.23],[40.546,14.302],[40.445,14.364],[40.386,14.39],[40.332,14.425],[40.269,14.454],[40.223,14.479],[40.141,14.499],[40.09,14.491],[40.076,14.495],[40.056,14.487],[40.011,14.44],[39.985,14.433],[39.985,14.424],[39.98,14.41],[39.983,14.394],[39.989,14.389],[39.992,14.383],[39.981,14.372],[39.973,14.371],[39.951,14.361],[39.939,14.362],[39.917,14.371],[39.909,14.366],[39.902,14.367],[39.896,14.371],[39.891,14.37],[39.885,14.371],[39.879,14.369],[39.854,14.368],[39.856,14.374],[39.848,14.376],[39.839,14.381],[39.828,14.383],[39.821,14.383],[39.802,14.388],[39.797,14.387],[39.789,14.379],[39.773,14.374],[39.776,14.352],[39.781,14.336],[39.78,14.331],[39.772,14.32],[39.764,14.319],[39.751,14.313],[39.746,14.309],[39.734,14.307],[39.727,14.304],[39.728,14.295],[39.735,14.289],[39.743,14.282],[39.758,14.278],[39.757,14.251],[39.758,14.24],[39.754,14.238],[39.743,14.236],[39.707,14.243],[39.695,14.242],[39.689,14.232],[39.687,14.217],[39.677,14.208],[39.673,14.201],[39.665,14.198],[39.659,14.199],[39.657,14.193],[39.651,14.189],[39.659,14.183],[39.674,14.178],[39.683,14.165],[39.716,14.157],[39.722,14.158],[39.75,14.152],[39.768,14.141],[39.776,14.14],[39.792,14.143],[39.799,14.143],[39.81,14.152],[39.828,14.156],[39.839,14.155],[39.839,14.127],[39.844,14.11],[39.843,14.098],[39.844,14.09],[39.849,14.079],[39.845,14.061],[39.845,14.051],[39.856,14.032],[39.862,14.029],[39.867,14.022],[39.883,14.017],[39.887,14.013],[39.869,13.993],[39.87,13.984],[39.859,13.974],[39.86,13.966],[39.837,13.976],[39.83,13.975],[39.817,13.969],[39.814,13.961],[39.803,13.946],[39.813,13.945],[39.819,13.943],[39.829,13.932],[39.826,13.927],[39.827,13.922],[39.834,13.919],[39.834,13.908],[39.83,13.9],[39.829,13.889],[39.83,13.869],[39.839,13.865],[39.837,13.855],[39.842,13.848],[39.843,13.839],[39.835,13.822],[39.837,13.812],[39.842,13.804],[39.849,13.801],[39.853,13.796],[39.855,13.787],[39.854,13.767],[39.865,13.756],[39.875,13.75],[39.885,13.749],[39.877,13.739],[39.875,13.723],[39.875,13.711],[39.879,13.707],[39.879,13.689],[39.877,13.681],[39.868,13.659],[39.869,13.644],[39.867,13.628],[39.87,13.621],[39.87,13.61],[39.866,13.603],[39.866,13.591],[39.868,13.584],[39.866,13.564],[39.864,13.559],[39.865,13.549],[39.854,13.555],[39.844,13.557],[39.837,13.556],[39.817,13.558],[39.805,13.554],[39.795,13.556],[39.784,13.564],[39.764,13.572],[39.745,13.571]]]}},{"type":"Feature","properties":{"name":"Zone 3"},"geometry":{"type":"Polygon","coordinates":[[[40.095,8.863],[40.121,8.897],[40.153,8.933],[40.171,8.966],[40.188,8.975],[40.223,8.989],[40.239,8.998],[40.243,9.014],[40.247,9.036],[40.245,9.057],[40.246,9.076],[40.255,9.087],[40.301,9.129],[40.328,9.156],[40.37,9.219],[40.409,9.282],[40.427,9.305],[40.472,9.356],[40.5,9.376],[40.529,9.386],[40.607,9.392],[40.637,9.397],[40.66,9.405],[40.676,9.419],[40.694,9.445],[40.694,9.5],[40.7,9.534],[40.715,9.567],[40.723,9.591],[40.731,9.608],[40.736,9.623],[40.75,9.652],[40.764,9.668],[40.826,9.764],[40.848,9.791],[40.948,9.881],[40.997,9.93],[41.015,9.94],[41.02,9.95],[41.014,9.961],[41.0,9.969],[40.982,9.97],[40.967,9.973],[40.954,9.988],[40.947,10.002],[40.937,10.036],[40.95,10.069],[40.955,10.097],[40.976,10.158],[40.98,10.196],[40.991,10.241],[41.006,10.32],[41.016,10.344],[41.031,10.401],[41.033,10.423],[41.048,10.479],[41.058,10.501],[41.062,10.518],[41.072,10.542],[41.088,10.601],[41.083,10.633],[41.079,10.64],[41.08,10.66],[41.078,10.682],[41.091,10.698],[41.116,10.721],[41.134,10.745],[41.15,10.761],[41.167,10.781],[41.149,10.828],[41.118,10.933],[41.093,10.98],[41.068,11.002],[41.042,11.015],[41.032,11.034],[41.026,11.065],[41.011,11.091],[40.973,11.127],[40.908,11.161],[40.851,11.185],[40.809,11.199],[40.781,11.184],[40.752,11.163],[40.729,11.144],[40.704,11.141],[40.673,11.133],[40.617,11.123],[40.567,11.118],[40.569,11.095],[40.602,11.06],[40.617,11.034],[40.636,10.996],[40.646,10.967],[40.649,10.937],[40.647,10.924],[40.633,10.916],[40.606,10.918],[40.546,10.945],[40.522,10.964],[40.494,10.969],[40.469,10.969],[40.455,10.958],[40.441,10.944],[40.433,10.92],[40.422,10.835],[40.426,10.79],[40.424,10.757],[40.429,10.74],[40.44,10.724],[40.453,10.7],[40.465,10.671],[40.467,10.642],[40.455,10.631],[40.454,10.618],[40.439,10.587],[40.415,10.561],[40.386,10.509],[40.38,10.492],[40.382,10.476],[40.378,10.42],[40.394,10.372],[40.393,10.362],[40.4,10.31],[40.405,10.289],[40.408,10.262],[40.402,10.242],[40.385,10.207],[40.378,10.189],[40.372,10.177],[40.372,10.159],[40.366,10.143],[40.363,10.128],[40.362,10.11],[40.365,10.089],[40.364,10.037],[40.36,10.01],[40.321,9.946],[40.292,9.919],[40.28,9.904],[40.26,9.89],[40.237,9.861],[40.226,9.822],[40.228,9.79],[40.233,9.768],[40.24,9.741],[40.249,9.723],[40.244,9.686],[40.222,9.68],[40.199,9.684],[40.185,9.694],[40.166,9.698],[40.148,9.687],[40.137,9.69],[40.118,9.687],[40.08,9.696],[40.063,9.704],[40.033,9.714],[40.006,9.71],[39.982,9.721],[39.974,9.73],[39.95,9.732],[39.925,9.741],[39.877,9.754],[39.863,9.755],[39.857,9.754],[39.851,9.749],[39.84,9.725],[39.849,9.71],[39.854,9.7],[39.851,9.689],[39.859,9.656],[39.862,9.653],[39.88,9.625],[39.885,9.612],[39.882,9.594],[39.879,9.584],[39.878,9.578],[39.848,9.565],[39.858,9.557],[39.858,9.548],[39.849,9.526],[39.848,9.512],[39.838,9.503],[39.849,9.482],[39.873,9.46],[39.874,9.448],[39.872,9.443],[39.875,9.409],[39.88,9.401],[39.874,9.399],[39.822,9.418],[39.808,9.414],[39.801,9.401],[39.786,9.397],[39.792,9.371],[39.751,9.37],[39.752,9.362],[39.755,9.356],[39.771,9.334],[39.774,9.325],[39.79,9.305],[39.818,9.309],[39.835,9.316],[39.845,9.315],[39.861,9.308],[39.887,9.27],[39.858,9.271],[39.864,9.243],[39.874,9.235],[39.874,9.228],[39.866,9.221],[39.854,9.212],[39.849,9.203],[39.837,9.189],[39.814,9.172],[39.817,9.163],[39.816,9.155],[39.818,9.137],[39.85,9.139],[39.879,9.146],[39.899,9.14],[39.91,9.133],[39.916,9.098],[39.92,9.069],[39.929,9.055],[39.943,9.049],[39.953,9.031],[39.948,9.005],[39.969,9.005],[40.0,9.008],[40.023,9.003],[40.036,8.995],[40.048,8.979],[40.052,8.962],[40.045,8.943],[40.037,8.908],[40.02,8.89],[40.012,8.872],[40.011,8.857],[40.025,8.846],[40.041,8.842],[40.052,8.842],[40.068,8.845],[40.082,8.852],[40.095,8.863]]]}},{"type":"Feature","properties":{"name":"Zone 4"},"geometry":{"type":"Polygon","coordinates":[[[39.995,11.682],[40.016,11.718],[40.051,11.76],[40.092,11.792],[40.158,11.826],[40.235,11.841],[40.281,11.852],[40.302,11.854],[40.326,11.863],[40.387,11.868],[40.452,11.877],[40.51,11.882],[40.597,11.901],[40.657,11.927],[40.689,11.945],[40.71,11.971],[40.721,12.009],[40.727,12.053],[40.727,12.097],[40.72,12.164],[40.714,12.245],[40.716,12.317],[40.719,12.321],[40.727,12.355],[40.726,12.382],[40.739,12.415],[40.75,12.449],[40.709,12.469],[40.693,12.487],[40.683,12.504],[40.679,12.56],[40.679,12.607],[40.673,12.646],[40.646,12.662],[40.629,12.696],[40.622,12.716],[40.614,12.758],[40.616,12.797],[40.628,12.843],[40.623,12.944],[40.622,12.962],[40.593,12.989],[40.569,13.005],[40.525,13.013],[40.471,12.997],[40.445,12.98],[40.391,12.961],[40.286,12.921],[40.197,12.871],[40.17,12.843],[40.138,12.828],[40.109,12.805],[40.063,12.775],[40.029,12.777],[39.989,12.777],[39.979,12.793],[39.964,12.783],[39.944,12.772],[39.928,12.768],[39.92,12.768],[39.9,12.763],[39.89,12.756],[39.871,12.735],[39.868,12.724],[39.84,12.714],[39.827,12.694],[39.821,12.66],[39.824,12.646],[39.833,12.635],[39.825,12.623],[39.82,12.619],[39.81,12.604],[39.808,12.597],[39.816,12.582],[39.828,12.573],[39.827,12.562],[39.834,12.551],[39.841,12.547],[39.853,12.548],[39.864,12.532],[39.865,12.524],[39.863,12.518],[39.864,12.507],[39.869,12.495],[39.882,12.485],[39.867,12.473],[39.872,12.47],[39.883,12.468],[39.883,12.458],[39.864,12.464],[39.848,12.45],[39.834,12.434],[39.822,12.416],[39.816,12.408],[39.822,12.396],[39.821,12.391],[39.824,12.385],[39.826,12.373],[39.83,12.366],[39.832,12.358],[39.818,12.343],[39.818,12.325],[39.826,12.318],[39.825,12.292],[39.828,12.241],[39.808,12.24],[39.804,12.23],[39.804,12.212],[39.801,12.196],[39.808,12.171],[39.814,12.157],[39.82,12.124],[39.829,12.101],[39.863,12.089],[39.861,12.084],[39.844,12.066],[39.842,12.054],[39.855,12.03],[39.862,12.013],[39.868,11.996],[39.871,11.99],[39.877,11.975],[39.888,11.907],[39.879,11.883],[39.879,11.859],[39.874,11.799],[39.876,11.78],[39.88,11.768],[39.886,11.763],[39.903,11.737],[39.912,11.719],[39.925,11.702],[39.951,11.683],[39.971,11.665],[39.995,11.682]]]}},{"type":"Feature","properties":{"name":"Zone 5"},"geometry":{"type":"Polygon","coordinates":[[[39.974,9.73],[39.982,9.721],[40.006,9.71],[40.033,9.714],[40.063,9.704],[40.08,9.696],[40.118,9.687],[40.137,9.69],[40.148,9.687],[40.166,9.698],[40.185,9.694],[40.199,9.684],[40.222,9.68],[40.244,9.686],[40.249,9.723],[40.24,9.741],[40.233,9.768],[40.228,9.79],[40.226,9.822],[40.237,9.861],[40.26,9.89],[40.28,9.904],[40.292,9.919],[40.321,9.946],[40.36,10.01],[40.364,10.037],[40.365,10.089],[40.362,10.11],[40.363,10.128],[40.366,10.143],[40.372,10.159],[40.372,10.177],[40.378,10.189],[40.385,10.207],[40.402,10.242],[40.408,10.262],[40.405,10.289],[40.4,10.31],[40.393,10.362],[40.394,10.372],[40.378,10.42],[40.382,10.476],[40.38,10.492],[40.386,10.509],[40.415,10.561],[40.439,10.587],[40.454,10.618],[40.455,10.631],[40.467,10.642],[40.465,10.671],[40.453,10.7],[40.44,10.724],[40.429,10.74],[40.424,10.757],[40.426,10.79],[40.422,10.835],[40.433,10.92],[40.441,10.944],[40.455,10.958],[40.469,10.969],[40.494,10.969],[40.522,10.964],[40.546,10.945],[40.606,10.918],[40.633,10.916],[40.647,10.924],[40.649,10.937],[40.646,10.967],[40.636,10.996],[40.617,11.034],[40.602,11.06],[40.569,11.095],[40.567,11.118],[40.547,11.15],[40.518,11.188],[40.443,11.217],[40.392,11.232],[40.351,11.241],[40.298,11.239],[40.253,11.247],[40.216,11.25],[40.174,11.241],[40.213,11.11],[40.195,11.097],[40.196,11.069],[40.194,11.049],[40.188,11.026],[40.17,11.002],[40.145,10.953],[40.125,10.939],[40.134,10.916],[40.15,10.897],[40.181,10.898],[40.179,10.885],[40.177,10.879],[40.171,10.874],[40.168,10.848],[40.169,10.843],[40.168,10.835],[40.165,10.829],[40.168,10.806],[40.141,10.783],[40.134,10.78],[40.123,10.769],[40.109,10.765],[40.103,10.756],[40.103,10.741],[40.11,10.725],[40.129,10.618],[40.152,10.471],[40.154,10.44],[40.162,10.436],[40.165,10.413],[40.164,10.376],[40.16,10.357],[40.161,10.302],[40.158,10.286],[40.148,10.278],[40.156,10.258],[40.151,10.234],[40.13,10.174],[40.138,10.146],[40.159,10.091],[40.133,10.072],[40.108,10.072],[40.07,10.08],[40.025,10.075],[39.994,10.078],[39.99,10.089],[39.981,10.089],[39.97,10.086],[39.949,10.085],[39.928,10.091],[39.938,10.063],[39.944,10.06],[39.942,10.044],[39.924,10.012],[39.948,9.994],[39.993,9.994],[40.011,9.992],[40.033,9.995],[40.044,9.992],[40.06,9.978],[40.067,9.967],[40.068,9.961],[40.081,9.949],[40.09,9.936],[40.079,9.906],[40.07,9.906],[40.064,9.903],[40.059,9.865],[40.072,9.858],[40.054,9.843],[40.036,9.844],[40.029,9.831],[40.018,9.821],[40.012,9.82],[40.005,9.796],[40.009,9.79],[40.009,9.783],[39.994,9.765],[39.992,9.758],[40.003,9.749],[40.007,9.742],[40.015,9.739],[40.01,9.734],[39.974,9.73]]]}}]}